{"type":"FeatureCollection","name":"fakems-toulon-coast-east","bbox":[5.65,42.8,6.5,43.5],"features":[{"type":"Feature","properties":{},"geometry":{"type":"LineString","coordinates":[[6.0389944,43.0789566],[6.0392757,43.0790215],[6.0394657,43.0788772],[6.0397044,43.0789391],[6.0401106,43.0789638],[6.0404718,43.0789302],[6.0407312,43.0789061],[6.0418481,43.0788072],[6.04248,43.0789226],[6.0429877,43.0788402],[6.0437549,43.0790297],[6.0438564,43.0792275],[6.0443078,43.0793099],[6.0452781,43.0792358],[6.0457632,43.0793182],[6.0461243,43.0793264],[6.0463273,43.0793841],[6.0468802,43.0793429],[6.0474105,43.0794253],[6.0481213,43.0793923],[6.0491593,43.0795654],[6.049667,43.0796561],[6.0503327,43.0793511],[6.0511441,43.0792242],[6.0517509,43.0794896],[6.0519463,43.0795292],[6.0520144,43.0797813],[6.0520653,43.0798548],[6.0521083,43.0797891],[6.0521539,43.0797882],[6.0522048,43.0797343],[6.0523148,43.0797617],[6.0524301,43.0798469],[6.0524234,43.0799762],[6.0525884,43.0800752],[6.0528874,43.080178],[6.0533248,43.0802527],[6.0540208,43.0804872],[6.0544773,43.0804774],[6.0547491,43.0806547],[6.0553374,43.0808682],[6.0559934,43.0809562],[6.0564896,43.0812175],[6.0566961,43.0813395],[6.0565163,43.0814389],[6.0564951,43.0815753],[6.0565715,43.0818236],[6.0566841,43.0819598],[6.0568068,43.0820719],[6.0568377,43.0820411],[6.0569644,43.0820783],[6.0569751,43.0820994],[6.0569577,43.0821106],[6.0569409,43.0820915],[6.0568424,43.0820661],[6.0567552,43.08214],[6.0568015,43.0821812],[6.0569014,43.082117],[6.0569141,43.0821253],[6.0569121,43.0821317],[6.056788,43.0822096],[6.0568249,43.0823418],[6.0569496,43.0825015],[6.057128,43.0826278],[6.0573158,43.0826934],[6.0573506,43.0827062],[6.057456,43.0826946],[6.0575019,43.0827122],[6.0576114,43.0827958],[6.057832,43.0827833],[6.0580443,43.0827007],[6.0581814,43.0825865],[6.0586461,43.0825348],[6.0588768,43.082569],[6.0590977,43.0825296],[6.060194,43.082224],[6.0615511,43.0824632],[6.0616651,43.0827388],[6.0620418,43.0829412],[6.0624066,43.083047],[6.0629319,43.083437],[6.0632381,43.0834761],[6.0635745,43.0834527],[6.0638743,43.0831554],[6.0641366,43.0830808],[6.0655325,43.0831505],[6.066513,43.0831302],[6.0675262,43.0832679],[6.0678171,43.0831722],[6.0688982,43.083301],[6.0693416,43.0836039],[6.0698036,43.0839698],[6.0700573,43.0840886],[6.0700794,43.0842511],[6.069927,43.0843636],[6.0698477,43.0844786],[6.0697804,43.0845882],[6.0697683,43.0847553],[6.069825,43.0848642],[6.0699021,43.0849141],[6.0699602,43.08494],[6.0700711,43.0849895],[6.070326,43.0851031],[6.0707798,43.0852072],[6.0711211,43.0851798],[6.0712893,43.0850247],[6.0716019,43.0850077],[6.0721729,43.0850174],[6.0725214,43.0849708],[6.0727685,43.0847614],[6.0731219,43.0845971],[6.0735259,43.0841887],[6.0739807,43.0840316],[6.0744352,43.0839702],[6.0745653,43.084146],[6.0745638,43.0843646],[6.0746011,43.0845552],[6.0747564,43.0845328],[6.0751836,43.0844089],[6.075264,43.0844784],[6.0746295,43.0847009],[6.0746682,43.084911],[6.0748058,43.0851162],[6.0748408,43.0851583],[6.0749689,43.0853126],[6.0751462,43.0853884],[6.0754277,43.085293],[6.0755303,43.0853294],[6.0755883,43.0854017],[6.0755655,43.0854644],[6.0754696,43.0854638],[6.075396,43.085422],[6.0751833,43.0854863],[6.0752269,43.0856896],[6.0753218,43.0858263],[6.0753614,43.0858834],[6.0754209,43.0859321],[6.0755009,43.0859974],[6.0756869,43.0860988],[6.0758942,43.085978],[6.0760619,43.0858847],[6.0761817,43.0859504],[6.0761367,43.0860289],[6.0760208,43.0860408],[6.075796,43.0861719],[6.0760237,43.0864451],[6.0762934,43.0866191],[6.0773795,43.086541],[6.0774033,43.0865356],[6.0787869,43.0862231],[6.0791191,43.0861714],[6.0791583,43.0862137],[6.0791141,43.086292],[6.0787862,43.086364],[6.0787678,43.0864001],[6.0788268,43.0865287],[6.0787942,43.086583],[6.0787198,43.086626],[6.0786675,43.0866348],[6.0786198,43.0866233],[6.078591,43.0865976],[6.0783161,43.0864561],[6.0775597,43.0866343],[6.0775691,43.0866583],[6.0775571,43.0866603],[6.0775767,43.0867062],[6.0775017,43.0867225],[6.0773794,43.0866745],[6.0763849,43.0867494],[6.0763246,43.0870942],[6.0764525,43.0872032],[6.0767397,43.0874481],[6.0770857,43.087744],[6.0775356,43.0877171],[6.0780285,43.0874115],[6.0780848,43.08746],[6.0776751,43.0877974],[6.077669,43.0878121],[6.0776744,43.0878268],[6.0777452,43.087852],[6.0778474,43.0878885],[6.0778675,43.0878738],[6.0780647,43.0876289],[6.0781196,43.0875971],[6.078172,43.0875956],[6.0782363,43.0876324],[6.0785351,43.0878268],[6.0785615,43.0878334],[6.0787369,43.08783],[6.078829,43.087757],[6.0788634,43.0877234],[6.0789098,43.0876819],[6.0789692,43.0877215],[6.0790973,43.0876201],[6.0790316,43.0875809],[6.0790828,43.0875366],[6.0791114,43.0875119],[6.0791228,43.0875183],[6.0792884,43.0873782],[6.0791074,43.0872582],[6.0791644,43.0872166],[6.0788506,43.0869815],[6.0788371,43.0869879],[6.0787976,43.0869585],[6.0787641,43.0869086],[6.0787807,43.0868801],[6.0788415,43.0868795],[6.0796789,43.0872632],[6.0797807,43.0872617],[6.0798544,43.0872274],[6.0801025,43.0872852],[6.0802741,43.0873145],[6.0804056,43.0872558],[6.0804217,43.0872009],[6.0805692,43.0871676],[6.0806403,43.0871843],[6.0806389,43.0873136],[6.0807838,43.0873919],[6.0810573,43.0874468],[6.0813202,43.0874761],[6.081516,43.0874428],[6.0817306,43.0873155],[6.0818177,43.0873224],[6.0818727,43.0873704],[6.0820712,43.0873929],[6.0823059,43.0873792],[6.0825057,43.0872666],[6.0825218,43.0872068],[6.0824883,43.0871735],[6.0824548,43.0871265],[6.082503,43.0870765],[6.0827632,43.0869864],[6.0829765,43.0869629],[6.083018,43.0870021],[6.0831857,43.0869492],[6.0832817,43.0869062],[6.0835907,43.086809],[6.0844879,43.0867724],[6.0846855,43.0867002],[6.0854257,43.08658],[6.0853556,43.0866711],[6.0852496,43.0867014],[6.0853395,43.0868571],[6.0854575,43.0868444],[6.0854642,43.0868611],[6.085388,43.0868952],[6.0855211,43.0870758],[6.0856521,43.0872535],[6.085986,43.0873886],[6.0864859,43.0873592],[6.0873423,43.0870557],[6.0885978,43.0865622],[6.0897066,43.0864566],[6.0912649,43.0861451],[6.0928118,43.085584],[6.0938025,43.0853079],[6.0950376,43.0847934],[6.0978931,43.0838465],[6.098516,43.0836826],[6.0991674,43.0835856],[6.0995912,43.0835417],[6.0999422,43.0834585],[6.1003469,43.0833846],[6.1004766,43.0834539],[6.1006031,43.0834793],[6.1007201,43.0835948],[6.1008719,43.0836826],[6.1012703,43.0837426],[6.1014363,43.083687],[6.101634,43.0837357],[6.101713,43.0837057],[6.1020006,43.0837556],[6.1028332,43.083735],[6.1031011,43.0837104],[6.104804,43.0839473],[6.1059767,43.0838824],[6.1069217,43.0837116],[6.1070766,43.0837164],[6.1075601,43.0837771],[6.1076114,43.083948],[6.1081703,43.0840689],[6.1088541,43.0841296],[6.1091387,43.08409],[6.1096259,43.083992]]}},{"type":"Feature","properties":{},"geometry":{"type":"LineString","coordinates":[[6.1637468,43.0927407],[6.1638858,43.0929567],[6.1640776,43.0933312],[6.1643181,43.0935728],[6.1643922,43.0936802],[6.1644891,43.0938912],[6.1645245,43.0939241],[6.1653751,43.0947989],[6.1654967,43.094836],[6.1659482,43.0953562],[6.1671197,43.0965188],[6.1673065,43.0965427],[6.1674357,43.0965104],[6.167578,43.0964291],[6.1676872,43.0964685],[6.167709,43.0965481],[6.1676352,43.0965913],[6.1675066,43.096634],[6.1675207,43.0967665],[6.1678401,43.0971237],[6.1681039,43.0974355],[6.1682856,43.0975565],[6.1683743,43.0975241],[6.1684402,43.097473],[6.1685297,43.0974252],[6.1685876,43.0974702],[6.1686045,43.0975432],[6.1685114,43.0975872],[6.1684358,43.097623],[6.1683481,43.0976652],[6.1685083,43.0978447],[6.1691322,43.0985025],[6.1693967,43.0987972],[6.1695453,43.0988487],[6.1696965,43.0987584],[6.1697737,43.0987328],[6.1698317,43.098742],[6.1698613,43.0987738],[6.1698456,43.0988397],[6.169724,43.0989204],[6.1696826,43.0989479],[6.170166,43.0994456],[6.1706406,43.0999342],[6.1708336,43.0998448],[6.1708882,43.0998523],[6.1709174,43.099883],[6.1709027,43.099929],[6.1707471,43.100012],[6.170881,43.1001801],[6.1714287,43.1004849],[6.1719519,43.1007803],[6.172427,43.1009461],[6.1728415,43.1009515],[6.1729026,43.1007352],[6.1729645,43.1005402],[6.1730313,43.100516],[6.1730882,43.1005603],[6.1729263,43.1011253],[6.1727565,43.1014077],[6.1728897,43.1014901],[6.1729934,43.1015519],[6.1732737,43.1012089],[6.1732856,43.1011397],[6.1733402,43.1010708],[6.1732955,43.1005175],[6.1732895,43.1003358],[6.1733884,43.1002193],[6.1734671,43.1001886],[6.1735086,43.1001925],[6.1735164,43.100222],[6.1735872,43.1002486],[6.1736227,43.1002732],[6.1736785,43.1003419],[6.1739309,43.1006285],[6.1742328,43.1009141],[6.1743357,43.1010754],[6.1744013,43.1011644],[6.175349,43.1023955],[6.1774517,43.104309],[6.1787791,43.1055508],[6.1791919,43.105937],[6.179798,43.1064236],[6.1814336,43.1077495],[6.182735,43.1084919],[6.1832985,43.1086105],[6.1840347,43.1088429],[6.184992,43.1089071],[6.1865776,43.1094375],[6.1867116,43.1094776],[6.1868261,43.1095119],[6.1870447,43.1094322],[6.1871765,43.1095491],[6.1876973,43.1097278],[6.1880303,43.1098747],[6.1884614,43.1099522],[6.1888729,43.109955],[6.1894802,43.109933],[6.1914466,43.1101307],[6.1918519,43.1102664],[6.1921971,43.1104874],[6.1923606,43.1112004],[6.1925295,43.1113306],[6.1927558,43.1113581],[6.1929723,43.1114311],[6.193028,43.111477],[6.1933343,43.1113201],[6.1938646,43.1110486],[6.1939224,43.1110784],[6.1935033,43.1112909],[6.1935143,43.1113244],[6.1936057,43.1116028],[6.1942263,43.1122872],[6.1949842,43.1129574],[6.1953838,43.1133086],[6.1958565,43.1134388],[6.1964438,43.1130527],[6.1966853,43.1132339],[6.197812,43.1125058],[6.1978791,43.1125605],[6.1979193,43.1125933],[6.1965245,43.1134996],[6.1966602,43.1136552],[6.1968918,43.1139208],[6.1971326,43.1141969],[6.1977521,43.1146706],[6.1986824,43.1149142],[6.1988696,43.1148916],[6.1998768,43.1154406],[6.2001279,43.1154059],[6.2005874,43.1154411],[6.2008101,43.115292],[6.2010868,43.1151886],[6.2014218,43.1151305],[6.2014321,43.1151625],[6.2011061,43.1152309],[6.2008414,43.1153313],[6.200634,43.1154648],[6.200533,43.1155598],[6.2007712,43.1158511],[6.2011902,43.1160469],[6.2012706,43.116073],[6.2016822,43.1161154],[6.2017052,43.1161136],[6.2017277,43.1161133],[6.2017653,43.1161133],[6.2018053,43.1161135],[6.2018314,43.1161136],[6.2018277,43.1159236],[6.2020485,43.1159015],[6.2018507,43.1150418],[6.2018296,43.1149416],[6.2017374,43.1148118],[6.2016917,43.1148126],[6.2016406,43.1147485],[6.2016639,43.1147051],[6.2017709,43.1146792],[6.2018386,43.1147133],[6.2018537,43.1147885],[6.2019673,43.1149657],[6.2020376,43.1151512],[6.2025772,43.1153664],[6.2031955,43.115613],[6.2036886,43.1157609],[6.2040732,43.1158643],[6.2047869,43.1160054],[6.2056349,43.1161482],[6.2067005,43.1162597],[6.2071058,43.116356],[6.2071246,43.1163605],[6.2074231,43.1163944],[6.2078047,43.1164379],[6.2080359,43.1164642],[6.2081,43.1164594],[6.2088773,43.1164009],[6.2091944,43.1163771],[6.2092865,43.1163702],[6.2092976,43.1163697],[6.2100209,43.1163358],[6.2105861,43.1162956],[6.2119099,43.1161314],[6.2123141,43.1161428],[6.2128474,43.1161608],[6.2131017,43.1161518],[6.2134052,43.1160889],[6.2141773,43.1159014],[6.2146337,43.1158507],[6.2155463,43.1155393],[6.2160579,43.1153235],[6.2162904,43.1152855],[6.217527,43.115108],[6.218837,43.1150579],[6.2193253,43.1149891],[6.2194947,43.1150052],[6.2197613,43.1150688],[6.2200539,43.1150946],[6.2212531,43.115065],[6.2217096,43.1150455],[6.2226153,43.1147764],[6.2226934,43.1147567],[6.2228582,43.1146898],[6.2229364,43.1146134],[6.2230211,43.1145831],[6.2231076,43.1145685],[6.2231492,43.114459],[6.2240126,43.1142886],[6.2241093,43.1142927],[6.224189,43.1142458],[6.2242426,43.1142346],[6.2243838,43.1142332],[6.2244328,43.1142093],[6.2244908,43.1141738],[6.2248207,43.1141771],[6.2250959,43.1142192],[6.2254946,43.1142106],[6.226088,43.1141914],[6.2264345,43.1141912],[6.2270249,43.1141495],[6.2274164,43.1141183],[6.2277557,43.1139334],[6.2281295,43.1137653],[6.2287928,43.1136481],[6.2297431,43.1134221],[6.2311479,43.1134288],[6.233734,43.1132755],[6.2340003,43.1133327],[6.234067,43.1133917],[6.2341106,43.1133755],[6.234145,43.113357]]}},{"type":"Feature","properties":{},"geometry":{"type":"LineString","coordinates":[[6.2886804,43.1132763],[6.288602,43.1131907],[6.2884685,43.1131586],[6.2884549,43.1130873],[6.2885892,43.1129677],[6.2886295,43.112865],[6.2886667,43.1127735],[6.2886498,43.1125165],[6.2885683,43.1122617],[6.2882617,43.1118638],[6.2880856,43.1117187],[6.2879099,43.1116799],[6.28771,43.1117572],[6.2874108,43.1119369],[6.2871897,43.111994],[6.2869943,43.1119461],[6.286707,43.1116563],[6.2865982,43.1115446],[6.2864637,43.1114921],[6.2863649,43.1114186],[6.2863739,43.1113226],[6.2864795,43.1112643],[6.2865528,43.111225],[6.2865536,43.1111465],[6.2865174,43.1110611],[6.2864263,43.1108373],[6.2864939,43.1107117],[6.2866546,43.110556],[6.2866838,43.1105416],[6.2869878,43.1103916],[6.2870832,43.1102935],[6.2871035,43.1102726],[6.2871575,43.1100444],[6.2872344,43.1099762],[6.2873603,43.1099541],[6.2878133,43.1099692],[6.2881278,43.1097973],[6.2883848,43.1096012],[6.2885796,43.1095292],[6.2887665,43.1094776],[6.2889232,43.1094604],[6.2890262,43.1093972],[6.2889724,43.1092643],[6.2888883,43.1091655],[6.2888449,43.1089049],[6.2889593,43.1088131],[6.2889248,43.1087936],[6.2888932,43.1087773],[6.2887647,43.1087815],[6.2887296,43.108752],[6.2887272,43.1087105],[6.2888648,43.1086437],[6.2890593,43.1086368],[6.2890513,43.1084397],[6.289097,43.1082682],[6.2892438,43.1081773],[6.2892167,43.1081252],[6.2890506,43.1081404],[6.2890008,43.1080793],[6.2890141,43.1080046],[6.2891477,43.1079453],[6.2892556,43.1078859],[6.2893742,43.1079029],[6.2894994,43.1079015],[6.2894832,43.1077322],[6.2893772,43.1077187],[6.2893505,43.1076722],[6.2893938,43.1075796],[6.2895007,43.1075238],[6.289476,43.107501],[6.2894524,43.1074841],[6.2893938,43.1075024],[6.2893224,43.1074773],[6.2892789,43.1074369],[6.2892727,43.1073079],[6.2893281,43.1071487],[6.2894159,43.1071981],[6.2894594,43.1071913],[6.2895524,43.1071036],[6.2895777,43.1070449],[6.2895987,43.1070188],[6.2898197,43.1069623],[6.2899676,43.1068538],[6.2900902,43.1068577],[6.2901778,43.1069561],[6.2900302,43.1070949],[6.2903243,43.1070012],[6.2903604,43.1070839],[6.2904852,43.1071546],[6.2904505,43.1072092],[6.2904205,43.1072672],[6.2905649,43.1073726],[6.2905503,43.1074809],[6.2905753,43.1076181],[6.2906672,43.1076189],[6.2907053,43.1075804],[6.2907668,43.1075203],[6.29077,43.1074499],[6.2909097,43.107417],[6.2910144,43.1073807],[6.2910668,43.1074134],[6.2910772,43.1075296],[6.2910413,43.1076941],[6.2911398,43.1078273],[6.2910618,43.1079238],[6.2910282,43.1079981],[6.2911059,43.1080286],[6.2913129,43.1079901],[6.2914288,43.1079193],[6.2916013,43.1079254],[6.291635,43.1079816],[6.2915496,43.1080498],[6.2914828,43.1080929],[6.2913841,43.1081783],[6.2911021,43.1085714],[6.2911499,43.1087681],[6.2912386,43.1090433],[6.2913456,43.1091289],[6.2914595,43.1091735],[6.2916287,43.1091897],[6.2917512,43.1091786],[6.2918684,43.1091264],[6.291912,43.109081],[6.2920035,43.1090619],[6.292046,43.1090744],[6.2920616,43.1091076],[6.2919627,43.1091613],[6.2920018,43.1091932],[6.2920802,43.1091923],[6.2925173,43.1092076],[6.2928136,43.109113],[6.2931047,43.1089339],[6.2932544,43.108728],[6.2933222,43.1085606],[6.2932014,43.1084663],[6.2931622,43.1084661],[6.2931109,43.1084658],[6.2931367,43.1082745],[6.2935886,43.108133],[6.2936968,43.1081328],[6.2938723,43.1080403],[6.2941403,43.1080223],[6.2942026,43.1080923],[6.2941962,43.1082787],[6.2941864,43.1083447],[6.2941675,43.1084714],[6.2944071,43.1085271],[6.2944919,43.108582],[6.2945779,43.1086564],[6.2946726,43.1085848],[6.29476,43.1085559],[6.2948099,43.1085578],[6.2948551,43.1085777],[6.2947544,43.1086285],[6.2947169,43.1086422],[6.2947241,43.1086678],[6.2947498,43.1086698],[6.2948651,43.1086442],[6.2949846,43.1085681],[6.2950293,43.1086036],[6.2950647,43.1086818],[6.295076,43.1088116],[6.2952406,43.1090893],[6.2951542,43.1093618],[6.295237,43.1094428],[6.2951968,43.1096328],[6.2952794,43.1099502],[6.2954977,43.1100674],[6.2956854,43.1102892],[6.2958285,43.1103698],[6.2960053,43.1104175],[6.2963167,43.1104677],[6.2966929,43.1104417],[6.2969652,43.110364],[6.2975478,43.1101735],[6.2980832,43.1099553],[6.2985901,43.1096106],[6.2988774,43.1093316],[6.299243,43.1088709],[6.2992977,43.1083646],[6.2992921,43.1082418],[6.2991871,43.1079584],[6.2991532,43.1076778],[6.2991468,43.1076245],[6.2991449,43.1076097],[6.2991199,43.1074106],[6.2990666,43.1072608],[6.2989633,43.1071887],[6.2987953,43.10721],[6.2984786,43.1071613],[6.2980108,43.107276],[6.2978755,43.1071349],[6.2977967,43.1070564],[6.2977373,43.1069419],[6.2978118,43.1068093],[6.2979152,43.1065703],[6.2979756,43.1065298],[6.2979488,43.1065107],[6.2979636,43.1064711],[6.2979481,43.1064711],[6.2979475,43.1064456],[6.2979783,43.1064354],[6.298032,43.1063693],[6.2981889,43.106312],[6.2982097,43.1063972],[6.2982727,43.1064309],[6.298274,43.1064833],[6.2982868,43.1065196],[6.298321,43.1064995],[6.2983585,43.1064794],[6.2983511,43.1064603],[6.2983223,43.1064554],[6.2983002,43.106428],[6.2982935,43.1063105],[6.2983766,43.1063012],[6.2983793,43.1063888],[6.2983605,43.10645],[6.298388,43.1064505],[6.2983974,43.1064667],[6.2984289,43.1064667],[6.2984459,43.1064539],[6.2984524,43.1064745],[6.2984457,43.1064936],[6.2985,43.1065568],[6.2986093,43.1065832],[6.2987334,43.1065705],[6.2988118,43.1064652],[6.2988494,43.1064652],[6.2988795,43.1064451],[6.2988547,43.1064172],[6.2988688,43.1064001],[6.2989151,43.1063986],[6.2989687,43.1063463],[6.2989379,43.1063409],[6.2989365,43.1063262],[6.2989714,43.106313],[6.2990291,43.1062777],[6.299135,43.1062552],[6.2992275,43.1062787],[6.299249,43.1062718],[6.2992282,43.1062493],[6.2991889,43.1062348],[6.2993623,43.1061789],[6.2995422,43.1063053],[6.2997407,43.1063575],[6.2998689,43.1063703],[6.2999725,43.1063562],[6.3002241,43.1062332],[6.3004546,43.1062234],[6.3005203,43.1062407],[6.3005581,43.1063082],[6.3005462,43.1064864],[6.3006761,43.1067044],[6.3006826,43.1067088],[6.3009153,43.1068662],[6.3012191,43.1069088],[6.3014151,43.1068826],[6.3015622,43.1069155],[6.3017227,43.1071418],[6.3018166,43.1070243],[6.3018936,43.1070036],[6.3017683,43.1072162],[6.301771,43.107319],[6.3017724,43.1074051],[6.3018596,43.1074921],[6.3020281,43.1076985],[6.3023993,43.1078645],[6.3029197,43.1079761],[6.3034124,43.1080073],[6.3038541,43.1079745],[6.3040214,43.1079972],[6.3044979,43.108062],[6.3052315,43.10798],[6.3061581,43.1082167],[6.3067189,43.10836],[6.307835,43.1084612],[6.3091593,43.10843],[6.3104365,43.1083031],[6.3121641,43.108036],[6.3134483,43.10756],[6.313468,43.1075148],[6.3134593,43.1072516],[6.3136392,43.1070952],[6.3138755,43.1071169],[6.3143159,43.1072002],[6.3143224,43.1072018],[6.3145667,43.107264],[6.3146745,43.1072915],[6.3149064,43.1072533],[6.3153096,43.1070984],[6.3159484,43.1068531],[6.3163542,43.1066259],[6.3164987,43.1065486],[6.3168129,43.1063805],[6.3169467,43.10619],[6.3169318,43.1061255],[6.3168411,43.106022],[6.3168506,43.105924],[6.3170605,43.1058133],[6.3171149,43.1057144],[6.3171151,43.1054348],[6.3171842,43.1052343],[6.3173029,43.1049938],[6.3175959,43.1048296],[6.3179211,43.1046804],[6.3182717,43.1046574],[6.3189738,43.1046115],[6.3194282,43.1043879],[6.3196304,43.1041565],[6.3196979,43.1040663],[6.3198304,43.1038893],[6.3199222,43.1035376],[6.3198327,43.1031933],[6.3196759,43.10303],[6.3194687,43.102921],[6.3193628,43.1028967],[6.3192812,43.102858],[6.3192307,43.1029089],[6.3191151,43.1028533],[6.3190967,43.1028473],[6.3189992,43.1028078],[6.3189014,43.1027666],[6.3188787,43.1025286],[6.3190179,43.1023759],[6.3191804,43.1022404],[6.3194687,43.1021948],[6.3196289,43.1021343],[6.319756,43.1020133],[6.3197397,43.1018471],[6.3199532,43.1015367],[6.3203505,43.10127],[6.3207021,43.1008547],[6.3208842,43.1006073],[6.3211528,43.1005544],[6.3217778,43.1005734],[6.3223701,43.1006844],[6.3228878,43.1008116],[6.3231638,43.1008619],[6.3233885,43.1008235],[6.3239677,43.1004647],[6.324245,43.1001149],[6.3244388,43.0998955],[6.3248744,43.0992693],[6.3250622,43.0986467],[6.3250571,43.0982464],[6.3249812,43.0979195],[6.3246246,43.0978086],[6.3241422,43.0978681],[6.3239645,43.0977718],[6.3241465,43.0975973],[6.3244323,43.0975352],[6.3250388,43.0971632],[6.3251932,43.0969894],[6.3250856,43.0968473],[6.3251375,43.0966797],[6.3252164,43.0964124],[6.3253628,43.0959167],[6.325335,43.0954032],[6.3252255,43.0950464],[6.325066,43.0947269],[6.3249109,43.0944845],[6.3246034,43.0943433],[6.3242252,43.0941646],[6.3234759,43.0940071],[6.3229043,43.0938866],[6.3225998,43.0938741],[6.3223432,43.0936626],[6.3222025,43.0936539],[6.3221839,43.0936751],[6.3221403,43.0936873],[6.3220773,43.0936707],[6.3219941,43.0936937],[6.3219143,43.0936741],[6.3218205,43.0936986],[6.3218057,43.093679],[6.3217594,43.0936927],[6.3217259,43.0936785],[6.3217816,43.093657],[6.3217871,43.0936096],[6.3215994,43.0934844],[6.3216599,43.0933008],[6.3216902,43.0932913],[6.3217266,43.0932799],[6.3217773,43.0932885],[6.3217841,43.0931307],[6.3216515,43.0929587],[6.3215185,43.0928574],[6.3213663,43.0929132],[6.3213114,43.0931113],[6.321326,43.0933754],[6.3212746,43.0933877],[6.3212134,43.0933414],[6.3211899,43.0931063],[6.321292,43.0928929],[6.3214463,43.0928343],[6.3214155,43.092804],[6.3213336,43.0928128],[6.3212585,43.0928432],[6.3212787,43.092803],[6.3212907,43.0927462],[6.3212773,43.0927041],[6.3212237,43.0927452],[6.3211191,43.0927609],[6.3211888,43.0926267],[6.3212585,43.0925631],[6.3212036,43.0925552],[6.3210976,43.0926306],[6.3210306,43.0926228],[6.3209467,43.0926512],[6.3208931,43.0926732],[6.3208844,43.0926497],[6.3209233,43.0925934],[6.3209327,43.0925577],[6.321052,43.0924715],[6.3211285,43.0924485],[6.3211566,43.0924142],[6.3211016,43.0924289],[6.3210829,43.0924216],[6.3211211,43.0923848],[6.3211204,43.0923657],[6.3211177,43.0923329],[6.3212009,43.0922707],[6.3211801,43.092259],[6.3211171,43.0922698],[6.3210406,43.0922957],[6.3210507,43.0922281],[6.3211365,43.0921679],[6.3211224,43.0921214],[6.3211627,43.0920563],[6.3212478,43.0920318],[6.3213336,43.0919573],[6.321335,43.0919157],[6.3212699,43.0919167],[6.3211861,43.0919353],[6.3211606,43.0919172],[6.3212458,43.0918721],[6.3212807,43.0918041],[6.3213209,43.091761],[6.3213611,43.0917448],[6.3214034,43.0916968],[6.3213772,43.0917027],[6.3213417,43.0917218],[6.3213363,43.0916924],[6.3214067,43.0916327],[6.3214537,43.0916253],[6.3214946,43.0915822],[6.3215757,43.0915793],[6.3215402,43.0916263],[6.3215402,43.0916459],[6.321514,43.091664],[6.3214959,43.09169],[6.3214537,43.0917086],[6.321396,43.0918016],[6.3213957,43.0918169],[6.3214126,43.0918208],[6.3215177,43.0917257],[6.3215985,43.0917179],[6.321628,43.0916772],[6.3216629,43.0916728],[6.321748,43.0915822],[6.3217822,43.0916087],[6.3217279,43.0916728],[6.3217024,43.0917556],[6.3217124,43.091761],[6.3217353,43.0917326],[6.3217467,43.0917595],[6.3217366,43.0917727],[6.3217816,43.0917894],[6.3218138,43.0917864],[6.321852,43.0917233],[6.3218875,43.0916959],[6.3219351,43.0917522],[6.321978,43.0917825],[6.3220149,43.0917742],[6.3219921,43.0917409],[6.3220538,43.0917556],[6.3221437,43.091784],[6.3220974,43.0918521],[6.322084,43.0919108],[6.3221021,43.0919441],[6.3221303,43.0919666],[6.3221504,43.0919652],[6.3221678,43.091975],[6.3222208,43.0919397],[6.3222557,43.0919461],[6.3222436,43.0919789],[6.3223696,43.0920298],[6.3224045,43.091997],[6.3224669,43.0920039],[6.3224692,43.092045],[6.322501,43.0920569],[6.3226238,43.0919147],[6.3226426,43.0918932],[6.3226915,43.091927],[6.3226908,43.0919764],[6.322668,43.0919965],[6.3227036,43.0920871],[6.322658,43.0921566],[6.3226131,43.0921924],[6.3226345,43.0922227],[6.3227076,43.0922462],[6.3227727,43.0922301],[6.3228638,43.0922649],[6.3229349,43.092258],[6.3229457,43.0923109],[6.3229128,43.0923515],[6.3230489,43.092423],[6.3232199,43.0924754],[6.3233252,43.092446],[6.3234211,43.0923902],[6.3234848,43.0923853],[6.3234821,43.092429],[6.3234325,43.0924617],[6.3234372,43.0925317],[6.3234036,43.0925866],[6.3234164,43.0926076],[6.3233601,43.0927227],[6.3233668,43.0928383],[6.3233708,43.0929675],[6.3233212,43.0931399],[6.3232709,43.0932721],[6.3232675,43.0933539],[6.3233111,43.0935199],[6.3234238,43.0937045],[6.3235652,43.0938489],[6.3236819,43.0939145],[6.3238616,43.0939371],[6.3239864,43.0939106],[6.3240588,43.093868],[6.3240943,43.0937916],[6.3240943,43.0936403],[6.3240745,43.0935706],[6.3243241,43.0934405],[6.3247388,43.0933195],[6.3249316,43.0929618],[6.3252953,43.0930145],[6.3254651,43.0930963],[6.3255702,43.0930664],[6.3257164,43.0931086],[6.3259036,43.0930936],[6.325994,43.0932192],[6.3261402,43.0932192],[6.3262507,43.0931308],[6.3263373,43.0930625],[6.3262998,43.0929763],[6.3263373,43.0929372],[6.3264577,43.0929531],[6.3265398,43.0930283],[6.3266283,43.0928676],[6.3267739,43.0928439],[6.3267661,43.0929845],[6.3268375,43.0931115],[6.3269139,43.0931074],[6.3269789,43.0928807],[6.3270815,43.0927471],[6.3273326,43.0926641],[6.3275784,43.0926711],[6.3277742,43.0927537],[6.327809,43.0928516],[6.3277058,43.0929622],[6.3279238,43.0931164],[6.3281617,43.0931595],[6.3282913,43.0931918],[6.3284764,43.0931663],[6.328585,43.0932143],[6.3288103,43.0931732],[6.3290877,43.0931778],[6.3293683,43.0931304],[6.3296258,43.0930311],[6.3300398,43.0929022],[6.3301423,43.0927991],[6.3300774,43.0926758],[6.3303266,43.0922496],[6.3304572,43.0922507],[6.3309302,43.091989],[6.3310658,43.0920154],[6.33129,43.0921292],[6.3314265,43.0920814],[6.3315958,43.0920029],[6.3317995,43.0920759],[6.3319579,43.092044],[6.3320779,43.0918328],[6.3322775,43.0915005],[6.3323758,43.091197],[6.3323038,43.0908419],[6.3321426,43.0905902],[6.3320562,43.0905584],[6.3319855,43.0906304],[6.3317701,43.0907035],[6.3317418,43.0906853],[6.3317794,43.0906743],[6.3319343,43.0905959],[6.3319229,43.0905749],[6.3320416,43.0905316],[6.3322687,43.0904492],[6.3322018,43.0903287],[6.332113,43.0902199],[6.3319645,43.0901556],[6.3319243,43.0901886],[6.3319129,43.0901754],[6.331856,43.0901852],[6.3318197,43.0901568],[6.3317768,43.090172],[6.3317406,43.0901391],[6.3317011,43.0901377],[6.3316984,43.0901225],[6.3316635,43.090076],[6.3316488,43.0900618],[6.3316005,43.0900735],[6.3315452,43.0900899],[6.3315012,43.0901374],[6.3314308,43.0901832],[6.3313876,43.0902483],[6.3313815,43.090275],[6.3314043,43.0903086],[6.3314043,43.0903262],[6.3314868,43.0904574],[6.3315294,43.0905414],[6.3315435,43.0905769],[6.3315656,43.0905713],[6.3315769,43.0906243],[6.3315515,43.0907146],[6.331456,43.0907146],[6.3314161,43.0905691],[6.3314268,43.0904907],[6.3312947,43.0902596],[6.3313164,43.0902157],[6.3313638,43.0902292],[6.3313718,43.0901959],[6.3313671,43.0901578],[6.3313597,43.090144],[6.3313725,43.0901333],[6.3314147,43.0901298],[6.3314416,43.090144],[6.3314462,43.0901524],[6.3314684,43.0901362],[6.3314664,43.0901186],[6.3314711,43.0900755],[6.3315032,43.0899766],[6.331522,43.0898463],[6.3315609,43.0897004],[6.3316065,43.0896896],[6.3316414,43.0897053],[6.3317071,43.0897797],[6.3317299,43.0898326],[6.3317956,43.0897895],[6.3317621,43.0897317],[6.3317648,43.0896622],[6.3318459,43.0896536],[6.3318734,43.0896984],[6.3319901,43.0896739],[6.3321416,43.089718],[6.3323173,43.0897278],[6.3324219,43.0898424],[6.3325024,43.0898825],[6.3325801,43.089954],[6.3325681,43.0901636],[6.3326217,43.0901764],[6.332611,43.0901235],[6.3326244,43.0899834],[6.3326727,43.0899266],[6.332792,43.0898679],[6.3329329,43.0899286],[6.3329624,43.0899844],[6.3328658,43.0900069],[6.3329074,43.0900647],[6.3329503,43.0901147],[6.3328899,43.0901626],[6.3327894,43.090194],[6.3327719,43.090243],[6.3328162,43.0902763],[6.3328148,43.0903145],[6.3327397,43.0903575],[6.3327411,43.0903987],[6.3326472,43.0905113],[6.3327263,43.0906004],[6.3329624,43.0905074],[6.3330589,43.0904339],[6.3331743,43.0904153],[6.3331904,43.0903791],[6.3332172,43.090385],[6.3332252,43.0904046],[6.3333043,43.0903673],[6.3333714,43.0903752],[6.3333647,43.0904408],[6.3332963,43.09048],[6.3333566,43.0905035],[6.3335404,43.0904614],[6.3334693,43.0904134],[6.3335162,43.090383],[6.3334773,43.090336],[6.3335833,43.0903027],[6.3336436,43.0902488],[6.3337201,43.090241],[6.3337684,43.0902439],[6.3337925,43.0902028],[6.333822,43.0902136],[6.3338113,43.0903007],[6.3336906,43.0903468],[6.3336101,43.0903732],[6.3336168,43.0903987],[6.3337255,43.0903742],[6.3337831,43.0904281],[6.3338381,43.090432],[6.3338877,43.0904604],[6.3339964,43.0904388],[6.3340379,43.0904476],[6.3340688,43.0904349],[6.334101,43.090431],[6.3341305,43.0904442],[6.3341653,43.0904741],[6.3341432,43.0904849],[6.3341003,43.0904418],[6.3340701,43.0904633],[6.3340668,43.0904878],[6.3340821,43.090538],[6.3340125,43.0907735],[6.3340705,43.0909269],[6.3343824,43.0910924],[6.3347856,43.0911878],[6.3351859,43.0911489],[6.3353083,43.0910865],[6.3353576,43.0910373],[6.3354984,43.0909491],[6.3354944,43.0908844],[6.3354152,43.090859],[6.3353982,43.0908094],[6.3357089,43.0906073],[6.3359592,43.0903463],[6.3368857,43.0899025],[6.3370943,43.0898483],[6.3372485,43.0898776],[6.3374267,43.0898883],[6.337494,43.0899756],[6.3377742,43.0900921],[6.3381819,43.0902026],[6.3383833,43.090297],[6.3388364,43.0903507],[6.3387962,43.090289],[6.3388605,43.0902576],[6.338941,43.0902743],[6.338933,43.0902155],[6.3389759,43.0902048],[6.3390443,43.0902684],[6.3391458,43.0902776],[6.3395619,43.0901186],[6.3396166,43.0900221],[6.3395761,43.0899168],[6.3398115,43.0898726],[6.3398708,43.0897532],[6.3405128,43.0894173],[6.3407342,43.0893673],[6.3408856,43.0893174],[6.3410256,43.0892257],[6.3410264,43.0891216],[6.3409755,43.0891118],[6.341064,43.0890305],[6.341068,43.0889815],[6.3412227,43.0888126],[6.3413295,43.0888385],[6.3413241,43.0889247],[6.3413939,43.0889237],[6.341477,43.0888767],[6.3414502,43.0889521],[6.3414811,43.0889972],[6.3416393,43.0889462],[6.3417876,43.0889839],[6.3418056,43.089103],[6.3416648,43.0893116],[6.3418596,43.0892599],[6.3420269,43.0892881],[6.3420281,43.0894216],[6.3420846,43.089432],[6.3419746,43.0895515],[6.3420966,43.0895231],[6.3420604,43.0896015],[6.3421731,43.0895535],[6.3422254,43.0895633],[6.3420832,43.0896886],[6.3421154,43.0897347],[6.3423756,43.0895789],[6.3423783,43.0897047],[6.3423112,43.0898326],[6.3423863,43.0898022],[6.342389,43.0899394],[6.3428003,43.0901028],[6.343269,43.0900955],[6.3433251,43.0902518],[6.3434585,43.0902719],[6.3434832,43.0903283],[6.3432209,43.0904788],[6.3431937,43.0906474],[6.3432097,43.0907102],[6.343367,43.0908242],[6.3436587,43.0909395],[6.3439459,43.0909798],[6.3442504,43.0909422],[6.3444418,43.0908613],[6.3445418,43.0907833],[6.3446561,43.090661],[6.3447839,43.0908261],[6.3450497,43.090953],[6.3454305,43.0909938],[6.3456042,43.0909839],[6.3459054,43.0908318],[6.3458523,43.0906345],[6.3459939,43.0905975],[6.3460717,43.0905045],[6.3459044,43.090171],[6.3461698,43.090008],[6.3463053,43.0898427],[6.3465085,43.089692],[6.3465906,43.0895497],[6.3467355,43.0894467],[6.3470346,43.0894448],[6.347103,43.089384],[6.3470808,43.0893398],[6.3472378,43.0893322],[6.3474154,43.0894115],[6.3474736,43.0894024],[6.3475832,43.089416],[6.3477732,43.0893082],[6.3478476,43.0892303],[6.3478692,43.0890423],[6.3479342,43.0887694],[6.348137,43.0886505],[6.3483286,43.0886045],[6.348546,43.0884982],[6.3488253,43.0884558],[6.3491072,43.0884773],[6.3491699,43.0885892],[6.3490342,43.0887278],[6.3491648,43.0887846],[6.3492798,43.0888064],[6.349403,43.0887758],[6.3494003,43.0887024],[6.3494781,43.088626],[6.3494821,43.0885173],[6.3495825,43.0884646],[6.3497782,43.0885018],[6.3499084,43.0884169],[6.3499649,43.08848],[6.3499796,43.0885946],[6.350103,43.0886328],[6.3501834,43.0886224],[6.350271,43.0887402],[6.3505396,43.0889118],[6.3507013,43.0889503],[6.350873,43.0890797],[6.3512172,43.0891523],[6.3518626,43.0889943],[6.3522109,43.0888708],[6.3527134,43.0889261],[6.3532153,43.0888987],[6.3535372,43.0888262],[6.3537659,43.0890173],[6.353724,43.0891314],[6.3539063,43.0892162],[6.3544291,43.0893666],[6.3547619,43.0893954],[6.3550037,43.089479],[6.3553654,43.0894578],[6.3554396,43.089387],[6.3558053,43.089312],[6.3560008,43.0892891],[6.3561517,43.0892259],[6.3563514,43.0891989],[6.3568131,43.0891219],[6.3569722,43.0890179],[6.3569427,43.0888728],[6.3572381,43.0887825],[6.3573597,43.0887876],[6.3574443,43.0888555],[6.3575283,43.089035],[6.357838,43.0892762],[6.3582632,43.0894054],[6.35878,43.0894014],[6.3591137,43.0893475],[6.3595212,43.0891948],[6.3596055,43.0891039],[6.3597402,43.0889833],[6.3597147,43.0888082],[6.3597858,43.0887964],[6.3599344,43.0888547],[6.3601238,43.0887523],[6.3604747,43.0886812],[6.360756,43.0885114],[6.3611913,43.0883431],[6.3614605,43.0882161],[6.3614844,43.0879996],[6.3615158,43.0878199],[6.3616213,43.0877285],[6.3616794,43.0877886],[6.3617626,43.0877426],[6.3618427,43.0877452],[6.3619128,43.0876652],[6.3619409,43.0875408],[6.3618243,43.0875241],[6.3617706,43.0874419],[6.3618068,43.0873302],[6.3619097,43.0873099],[6.3620415,43.0872695],[6.362244,43.0873713],[6.3623728,43.0873028],[6.3626745,43.0872807],[6.3628556,43.0871853],[6.3629945,43.0871097],[6.3631627,43.0870746],[6.3631707,43.0869952],[6.3632311,43.0869629],[6.3633604,43.0869883],[6.3634108,43.086958],[6.363396,43.0869022],[6.3635313,43.0867196],[6.3637447,43.0865535],[6.3639583,43.0864757],[6.3639875,43.0865653],[6.3640733,43.0864526],[6.3641551,43.0864135],[6.3643616,43.0864655],[6.3644682,43.0864271],[6.3645307,43.0864868],[6.3644877,43.0865427],[6.3645079,43.0865786],[6.3646173,43.0865783],[6.3646713,43.0866496],[6.3645405,43.0867841],[6.3644166,43.0868028],[6.3643439,43.0868554],[6.3644362,43.0868795],[6.3646406,43.0868621],[6.3646164,43.0870215],[6.3644774,43.0871278],[6.364631,43.0872501],[6.3645602,43.0873996],[6.3642544,43.0873498],[6.3643135,43.0874959],[6.3640469,43.0875935],[6.3642167,43.087654],[6.3642523,43.087738],[6.3640355,43.0878665],[6.3640264,43.0879796],[6.364069,43.0880724],[6.3643446,43.0879684],[6.3644511,43.0879017],[6.3642908,43.088145],[6.3643419,43.0883383],[6.3646287,43.0880081],[6.3647275,43.0880092],[6.3646111,43.0881813],[6.3646441,43.0883378],[6.3645454,43.0886603],[6.3643643,43.088908],[6.3645346,43.0888023],[6.3645993,43.0888514],[6.3641994,43.0891833],[6.3640727,43.0893061],[6.364132,43.0894645],[6.3645217,43.0894534],[6.3645896,43.0896113],[6.3644381,43.0897063],[6.3646172,43.0899465],[6.3645735,43.0901607],[6.3647184,43.090145],[6.3645843,43.0903399],[6.3647357,43.0903833],[6.3647385,43.0905593],[6.3649148,43.0906448],[6.3653449,43.0907084],[6.3657743,43.0903597],[6.3659192,43.0903269],[6.3659172,43.0904606],[6.366398,43.0905513],[6.3669425,43.090381],[6.3670952,43.0902164],[6.3672794,43.0902351],[6.367469,43.0902146],[6.3676625,43.0901454],[6.3675454,43.0900422],[6.3675991,43.089954],[6.3676554,43.0899315],[6.3677385,43.0899668],[6.3677989,43.0899237],[6.368002,43.0895434],[6.3683058,43.0895123],[6.3685542,43.0893828],[6.3686542,43.0894538],[6.3686264,43.0895868],[6.3686948,43.0896015],[6.3687927,43.0895016],[6.3688592,43.0894878],[6.3689496,43.0894683],[6.368912,43.0895848],[6.3689531,43.0896207],[6.3689349,43.0897042],[6.3688097,43.0898984],[6.3687131,43.0901009],[6.3686475,43.0903166],[6.3685834,43.0904046],[6.3684131,43.0904663],[6.3683179,43.0904751],[6.3683369,43.0905876],[6.3684394,43.0906884],[6.3687846,43.0906935],[6.3688825,43.0906308],[6.3689643,43.0906486],[6.368853,43.0907669],[6.3688502,43.0908132],[6.3689509,43.0908423],[6.3690059,43.0909266],[6.3690729,43.0908472],[6.3691541,43.0908506],[6.3690696,43.0910525],[6.3692744,43.0910002],[6.3693611,43.0907985],[6.3693868,43.0907895],[6.3694042,43.0908884],[6.3696389,43.0907816],[6.3695651,43.0909031],[6.3697462,43.0909442],[6.3698883,43.0908531],[6.3699339,43.0909648],[6.3700949,43.0908414],[6.3701887,43.0908512],[6.3701772,43.0909415],[6.37041,43.0908541],[6.3702048,43.0911048],[6.3703642,43.0910367],[6.370457,43.0910411],[6.3704956,43.0909825],[6.3706002,43.0909871],[6.3705681,43.0912291],[6.370457,43.0913408],[6.3706098,43.0913075],[6.3706239,43.0913803],[6.3705723,43.0915269],[6.3707265,43.0913673],[6.3708594,43.0913473],[6.3707952,43.0915069],[6.370656,43.091592],[6.3704742,43.0916009],[6.3703797,43.0917699],[6.3701197,43.0917889],[6.3699135,43.0919069],[6.3697076,43.0918531],[6.3694731,43.0917679],[6.369486,43.0918196],[6.369606,43.0919353],[6.3696231,43.092012],[6.3697501,43.0920209],[6.3696676,43.0921199],[6.3695258,43.0921297],[6.369493,43.0922269],[6.3693026,43.0922655],[6.369247,43.0922244],[6.3692334,43.0919972],[6.3691641,43.0920137],[6.3690779,43.0919805],[6.3690884,43.0921389],[6.3690275,43.0923004],[6.3687571,43.0924739],[6.3688523,43.0924901],[6.3688131,43.0925448],[6.3686585,43.0925195],[6.3686418,43.0923941],[6.3685948,43.0922213],[6.3685169,43.0923841],[6.3684894,43.0924941],[6.3682805,43.0926917],[6.3681412,43.0927049],[6.3681593,43.0927802],[6.367959,43.092913],[6.3678867,43.0928731],[6.3678745,43.0928134],[6.3677501,43.09277],[6.3678341,43.0925133],[6.367553,43.0923285],[6.3674792,43.0923229],[6.367449,43.0924084],[6.3673914,43.09247],[6.3673134,43.0925057],[6.3672516,43.0925033],[6.3671921,43.092501],[6.3668722,43.0925691],[6.3668256,43.092607],[6.3666027,43.092654],[6.366452,43.0926728],[6.3664019,43.0926493],[6.3663766,43.0925953],[6.366462,43.0925564],[6.3666871,43.0925057],[6.3669942,43.0924044],[6.3668715,43.0922007],[6.3668447,43.0920607],[6.3667964,43.0919999],[6.3667193,43.0920021],[6.3667012,43.0919737],[6.3667059,43.0918966],[6.3666657,43.0919103],[6.3665845,43.0918574],[6.3665078,43.0918507],[6.366325,43.0918344],[6.3662574,43.0918789],[6.366207,43.0919471],[6.3661258,43.0920048],[6.3660334,43.0922135],[6.3659857,43.0924671],[6.3660595,43.0924612],[6.3662191,43.0924524],[6.3661869,43.0925278],[6.3659763,43.0925445],[6.3659535,43.0926052],[6.3657315,43.0927096],[6.3657323,43.092757],[6.3658087,43.0927873],[6.3658084,43.0929122],[6.3656786,43.0929235],[6.3654721,43.0931037],[6.3652928,43.0931456],[6.3650641,43.0933396],[6.3649397,43.0933358],[6.3649209,43.0932545],[6.3649182,43.0931649],[6.3648518,43.0932471],[6.3647539,43.0932908],[6.3646648,43.0932423],[6.364591,43.0932995],[6.3644233,43.0933152],[6.3641611,43.0933798],[6.3638453,43.0933828],[6.3637702,43.0934552],[6.3637912,43.0936385],[6.3638064,43.0937715],[6.3639314,43.0938469],[6.3640639,43.0937833],[6.3642403,43.0937659],[6.3642691,43.0938372],[6.3644404,43.0939768],[6.3642961,43.0940616],[6.3643536,43.0941995],[6.3644689,43.0942837],[6.3645279,43.0941711],[6.3646097,43.0941476],[6.3646929,43.094202],[6.3649075,43.0940938],[6.3649843,43.0941103],[6.3648632,43.0942984],[6.364945,43.094321],[6.3651125,43.0941605],[6.3651922,43.0942102],[6.365338,43.0942779],[6.3654461,43.0942406],[6.3655686,43.0943484],[6.3656366,43.0942993],[6.365696,43.0943905],[6.3658917,43.0945164],[6.365787,43.0946377],[6.3656442,43.0946386],[6.3655365,43.0945971],[6.3654774,43.0944933],[6.3654211,43.0945207],[6.3654359,43.0946265],[6.3651878,43.0946245],[6.3650751,43.0947166],[6.3648933,43.0946435],[6.3648136,43.0947225],[6.3646996,43.0946706],[6.364426,43.0947303],[6.36443,43.0947675],[6.3646151,43.0947734],[6.3648123,43.0949144],[6.3647272,43.0950271],[6.3649803,43.095064],[6.3649276,43.0951955],[6.364804,43.0952344],[6.3649558,43.0952836],[6.3649475,43.0953472],[6.3648721,43.0954701],[6.3647962,43.0954702],[6.3647157,43.095522],[6.3646814,43.0955914],[6.3648669,43.0955506],[6.3648456,43.0955991],[6.3647242,43.0956269],[6.3646419,43.0957478],[6.364485,43.0958477],[6.364612,43.095975],[6.3650671,43.0958526],[6.365204,43.095955],[6.3655116,43.0958974],[6.3657827,43.0959873],[6.3659571,43.0959936],[6.3660057,43.0960759],[6.3661013,43.0962899],[6.3664199,43.0962142],[6.3664015,43.0963324],[6.3664334,43.096376],[6.366456,43.0965187],[6.3665128,43.0966008],[6.3666784,43.096585],[6.3666266,43.0967884],[6.3665021,43.0967805],[6.3664015,43.0968093],[6.3664028,43.0970277],[6.3664992,43.0970395],[6.3666727,43.0972124],[6.366711,43.0974235],[6.3666976,43.0975037],[6.3665709,43.0977377],[6.36638,43.0980452],[6.3663156,43.0981999],[6.3664773,43.0982193],[6.3665999,43.0982733],[6.3666107,43.0983488],[6.3668447,43.0984195],[6.3669674,43.0984447],[6.3669889,43.098386],[6.3670322,43.0983794],[6.3670881,43.0984594],[6.3669406,43.098575],[6.3669915,43.0986533],[6.3670908,43.0985867],[6.3671377,43.098619],[6.3670807,43.0987174],[6.367135,43.0987125],[6.3672209,43.09862],[6.3674529,43.0986699],[6.3674636,43.0987081],[6.3675481,43.0986895],[6.3676339,43.0986308],[6.3677627,43.0986944],[6.3678633,43.0987026],[6.3680298,43.0988011],[6.3679739,43.0989847],[6.3677938,43.0990462],[6.3676017,43.0990107],[6.3675696,43.0991106],[6.3673121,43.0991498],[6.3672011,43.0992273],[6.3671002,43.0992888],[6.3669774,43.0995043],[6.3670977,43.0998189],[6.3672339,43.1000549],[6.3671659,43.1001035],[6.3671122,43.1000693],[6.3670117,43.1002279],[6.3671626,43.1003093],[6.3671418,43.1004326],[6.3671954,43.1005266],[6.3671153,43.1007637],[6.3669379,43.10079],[6.3669084,43.1008517],[6.3670023,43.1009241],[6.3668199,43.101165],[6.3668916,43.1013466],[6.3670539,43.1013414],[6.3671029,43.1015635],[6.3672817,43.1017247],[6.3671008,43.1017104],[6.3669983,43.1016879],[6.3669687,43.101825],[6.3670718,43.102039],[6.3674937,43.1023732],[6.3681378,43.1024438],[6.3684048,43.1025182],[6.3684328,43.1025896],[6.3686626,43.1025045],[6.3689047,43.1024533],[6.3691333,43.1025195],[6.369144,43.1026348],[6.3690532,43.1027224],[6.3690372,43.1028546],[6.3688946,43.1028629],[6.3688329,43.1028962],[6.3689214,43.102907],[6.3689496,43.1029501],[6.3687486,43.1029744],[6.3686411,43.1030069],[6.3685338,43.1029413],[6.3683555,43.1030069],[6.3683104,43.1029285],[6.3681664,43.103001],[6.3679169,43.102861],[6.3676892,43.1028188],[6.3674851,43.1028943],[6.3673033,43.1028273],[6.3671082,43.1028081],[6.3669419,43.1029471],[6.3667582,43.1031097],[6.3668844,43.1032686],[6.3667869,43.1033702],[6.3663871,43.1035801],[6.36627,43.1035337],[6.3659977,43.1036244],[6.3658084,43.1036396],[6.3656518,43.1036521],[6.3652883,43.1035532],[6.3651294,43.1036653],[6.3652615,43.1037256],[6.365228,43.1038083],[6.3649051,43.1039146],[6.3647839,43.1038119],[6.3646097,43.1037785],[6.3643429,43.1038607],[6.3641321,43.1038205],[6.36343,43.1040088],[6.3633232,43.1041434],[6.3630794,43.104179],[6.3628067,43.1040253],[6.3624223,43.1039161],[6.3621377,43.1039709],[6.3620392,43.1039953],[6.361138,43.1042486],[6.3604182,43.1046868],[6.3600275,43.1050279],[6.3598457,43.1051395],[6.3596705,43.105257],[6.3595364,43.1054461],[6.359476,43.1056496],[6.359535,43.1056663],[6.3594665,43.1057939],[6.3592909,43.105772],[6.3592038,43.1058758],[6.3591595,43.1058856],[6.3590884,43.105867],[6.3589795,43.1059547],[6.3589261,43.1060892],[6.3589476,43.1061764],[6.3589436,43.1062283],[6.3590348,43.1062557],[6.359122,43.1062041],[6.3592279,43.1062371],[6.3592857,43.1062054],[6.3593084,43.1063368],[6.3591273,43.106382],[6.3590172,43.1064532],[6.3589597,43.1064496],[6.3589597,43.1064094],[6.3588476,43.1064457],[6.358788,43.1064907],[6.3587987,43.1066287],[6.3586767,43.106756],[6.358729,43.1069127],[6.3587371,43.1069787],[6.3586552,43.1070566],[6.3586668,43.1072443],[6.3587364,43.1074405],[6.358742,43.107655],[6.358569,43.1077657],[6.3585104,43.1077968],[6.3585434,43.1079986],[6.3586483,43.1085067],[6.3587947,43.1087279],[6.3589987,43.1088871],[6.3589972,43.1090824],[6.3592002,43.1095575],[6.359452,43.1097922],[6.3595766,43.1098499],[6.3596597,43.10999],[6.3597157,43.1100033],[6.35982,43.110028],[6.3598569,43.1101603],[6.3600218,43.1102886],[6.3601248,43.1103122],[6.3601472,43.1103923],[6.3603128,43.1105],[6.3605693,43.1106192],[6.3610276,43.1106502],[6.3614698,43.1107459],[6.3621906,43.1107693],[6.3624305,43.1109125],[6.3626625,43.1109455],[6.3626356,43.1109142],[6.3627376,43.1108691],[6.3629468,43.1108819],[6.3631317,43.1108569],[6.363502,43.1109269],[6.3638396,43.110903],[6.3638802,43.1109406],[6.363958,43.1109161],[6.3640344,43.110967],[6.3640961,43.1109201],[6.3642088,43.1109778],[6.364168,43.1110731],[6.3641202,43.1111159],[6.3640115,43.1111199],[6.363907,43.1111599],[6.3639789,43.1112205],[6.3638681,43.1112852],[6.3637233,43.1112794],[6.3636581,43.1113393],[6.3637756,43.1113949],[6.3638251,43.111506],[6.3635501,43.111838],[6.363333,43.1119451],[6.3630845,43.1121811],[6.3627845,43.1122692],[6.3626394,43.1123632],[6.362578,43.1124288],[6.3624412,43.1124258],[6.3624305,43.1124943],[6.3623146,43.1125912],[6.3620361,43.1125841],[6.3618927,43.1125864],[6.3616781,43.1127019],[6.3616043,43.1126902],[6.3613927,43.1127474],[6.3613106,43.1127322],[6.36121,43.112836],[6.3613066,43.1128448],[6.3612717,43.1129398],[6.3611712,43.1129731],[6.3612307,43.1130537],[6.3611202,43.1131679],[6.3609834,43.1132198],[6.3606482,43.1137859],[6.3604447,43.1142786],[6.3602936,43.114359],[6.3602227,43.114518],[6.3600758,43.1145513],[6.3600151,43.1146955],[6.3599239,43.1147361],[6.3598834,43.1151613],[6.3596706,43.1154202],[6.3596706,43.1155902],[6.3595102,43.1157012],[6.3595841,43.1170123],[6.3598311,43.1186629],[6.3602888,43.1192264],[6.3605326,43.119236],[6.3607786,43.119266],[6.3608763,43.1192488],[6.3609317,43.1193133],[6.3608897,43.1193391],[6.360811,43.1193583],[6.3605504,43.1193479],[6.360355,43.1193776],[6.3601273,43.1196415],[6.3601157,43.1202265],[6.3602832,43.1205764],[6.3603161,43.1205991],[6.3607469,43.1208963],[6.3614189,43.1212964],[6.3622667,43.121617],[6.3620911,43.1218353],[6.3622564,43.1220804],[6.3622641,43.1220895],[6.3622186,43.1221354],[6.3622468,43.1221481],[6.3622972,43.1221694],[6.3623306,43.122184],[6.3625419,43.1222742],[6.3626857,43.1220947],[6.3624464,43.1219173],[6.3624977,43.1218609],[6.3627864,43.1219992],[6.3629235,43.1218367],[6.3630707,43.1216633],[6.3628565,43.1214949],[6.3629071,43.1214332],[6.3630564,43.1215004],[6.3632442,43.1212703],[6.3630255,43.1211658],[6.3633051,43.120819],[6.363252,43.1207985],[6.3633561,43.1206705],[6.3634322,43.120577],[6.3636395,43.1203223],[6.3638453,43.1204112],[6.3638941,43.1204174],[6.363913,43.1203936],[6.3638837,43.1203656],[6.3636935,43.120276],[6.3637507,43.1202071],[6.3635237,43.1201034],[6.3635409,43.1200408],[6.3634886,43.1199951],[6.3635167,43.1199145],[6.3635392,43.1198845],[6.3636502,43.1198648],[6.3649263,43.1201783],[6.3651192,43.1201903],[6.365296,43.1202516],[6.3653827,43.1203394],[6.3657507,43.1209723],[6.3665911,43.1222972],[6.3669897,43.1232355],[6.3672389,43.1241647],[6.3672653,43.1245717],[6.3672294,43.1249738],[6.3671028,43.125111],[6.3670726,43.1254144],[6.3669974,43.1255182],[6.3668978,43.1255445],[6.3667184,43.1255228],[6.3666459,43.1254363],[6.3664654,43.1250594],[6.3663496,43.125052],[6.3663573,43.1248275],[6.3662913,43.1248137],[6.3662303,43.1248059],[6.366213,43.1247596],[6.3664555,43.1247734],[6.3668097,43.1247935],[6.3668427,43.1244401],[6.3668362,43.1242623],[6.3667299,43.123821],[6.3665902,43.1233797],[6.3665819,43.1233596],[6.3665629,43.1233134],[6.3665543,43.1232925],[6.366452,43.1230177],[6.36628,43.1226078],[6.3661498,43.1223445],[6.3659182,43.1219364],[6.3656732,43.121544],[6.3653006,43.1216079],[6.3653405,43.1217301],[6.3653255,43.1217321],[6.3647945,43.1218415],[6.3646577,43.1218587],[6.3645608,43.1216138],[6.364857,43.1215554],[6.3647577,43.1212085],[6.3645428,43.1212454],[6.3644798,43.1210812],[6.3640137,43.1211742],[6.3640501,43.1213034],[6.3638474,43.1213469],[6.363981,43.1217158],[6.3641562,43.1216908],[6.3642873,43.1220816],[6.3644011,43.1220621],[6.3645249,43.122431],[6.3645101,43.1224333],[6.3641595,43.1224861],[6.3642317,43.1227123],[6.364216,43.1227234],[6.3638414,43.1227921],[6.3636307,43.122826],[6.3634313,43.1222339],[6.3636326,43.1221995],[6.3635559,43.1219784],[6.3634975,43.1219885],[6.3631885,43.1217521],[6.3629437,43.1220557],[6.363363,43.1222483],[6.3634906,43.1226384],[6.3632931,43.1226727],[6.3631348,43.1227047],[6.3631048,43.1226337],[6.3629134,43.1226667],[6.3627361,43.1228777],[6.3626865,43.1229368],[6.3626716,43.1229545],[6.3627991,43.123315],[6.3628039,43.1233297],[6.3624487,43.1234001],[6.3625194,43.1235835],[6.3623239,43.1238481],[6.3623794,43.1239471],[6.3623926,43.1239576],[6.3624152,43.1239929],[6.3624349,43.1240221],[6.3624995,43.1239938],[6.3626078,43.1239032],[6.3628254,43.1238715],[6.3632722,43.1237651],[6.3635743,43.1237408],[6.3641184,43.1238081],[6.3645504,43.1239537],[6.3646037,43.124076],[6.3653037,43.1241445],[6.3652823,43.1241935],[6.3648826,43.1241739],[6.3646359,43.1243422],[6.3646113,43.1244969],[6.3643999,43.1247119],[6.3641162,43.1249573],[6.3638686,43.1252594]]}},{"type":"Feature","properties":{},"geometry":{"type":"LineString","coordinates":[[6.1409366,43.0208321],[6.1408719,43.0208675],[6.1408035,43.02087],[6.1407626,43.0208945],[6.1407358,43.0208862],[6.140717,43.0209092],[6.1406332,43.0209121],[6.1405937,43.0208945],[6.1406151,43.0208533],[6.1405615,43.0208533],[6.1405662,43.0208308],[6.1406138,43.0207915],[6.1406238,43.0207572],[6.1405695,43.0207543],[6.1405139,43.0207322],[6.1404998,43.0207724],[6.1405206,43.0208337],[6.1404924,43.020845],[6.1403751,43.0208313],[6.1403442,43.0208543],[6.1402865,43.0208577],[6.1402597,43.0208347],[6.1402483,43.0208077],[6.1401726,43.020796],[6.1401437,43.0208077],[6.1401209,43.0208028],[6.1401605,43.0207499],[6.1401249,43.0207259],[6.1400887,43.0207175],[6.1400492,43.0207391],[6.140013,43.0207303],[6.1399788,43.0206969],[6.140013,43.0206592],[6.1399808,43.0206293],[6.1399184,43.0206489],[6.1398768,43.0206734],[6.1398219,43.0206518],[6.1398219,43.02062],[6.1398829,43.0205812],[6.139958,43.0205734],[6.1399633,43.0205543],[6.140021,43.0205298],[6.1400418,43.0205342],[6.1400686,43.0205298],[6.140074,43.0205131],[6.1400478,43.0204925],[6.14007,43.0204386],[6.1401799,43.0203763],[6.14019,43.0203636],[6.1401551,43.0203621],[6.1401377,43.0203479],[6.1401015,43.0203675],[6.1400344,43.0203748],[6.1399627,43.0203464],[6.1399412,43.0202841],[6.1400096,43.0202439],[6.14008,43.0202204],[6.1401229,43.0201998],[6.1400894,43.020193],[6.1401068,43.0201768],[6.1400572,43.0201635],[6.1399861,43.0201748],[6.1399479,43.0202086],[6.1399245,43.0202047],[6.1398675,43.0201606],[6.1398835,43.0201439],[6.1399372,43.0201238],[6.1399633,43.0201371],[6.140017,43.0201346],[6.1401028,43.0201042],[6.1401994,43.0200861],[6.140247,43.0200689],[6.1402329,43.0200611],[6.1402396,43.0200375],[6.1402161,43.0200321],[6.1401799,43.0199689],[6.1401363,43.0199929],[6.1401021,43.0200032],[6.1400619,43.0200429],[6.1400291,43.0200385],[6.1400284,43.0200184],[6.1400498,43.0200101],[6.1400371,43.0199944],[6.1399915,43.019987],[6.1399379,43.0199934],[6.1398554,43.0199802],[6.1398276,43.0199513],[6.1398302,43.0199378],[6.1398614,43.0199174],[6.1399519,43.0198934],[6.1400096,43.0198929],[6.1400659,43.0199042],[6.1401102,43.0198939],[6.1401102,43.0198792],[6.1400673,43.0198645],[6.1400559,43.0198517],[6.1400069,43.019837],[6.1400029,43.0198238],[6.13997,43.0198106],[6.1399258,43.0198081],[6.139897,43.019787],[6.139911,43.0197664],[6.1399057,43.0197434],[6.1399291,43.0196836],[6.1399989,43.019638],[6.1400431,43.0196478],[6.1400519,43.0196718],[6.140074,43.0196821],[6.1401243,43.0196806],[6.1401477,43.019714],[6.1402182,43.019715],[6.1402296,43.0197355],[6.1402879,43.0197458],[6.1403187,43.0197341],[6.1403154,43.0197081],[6.1403047,43.0196963],[6.1402778,43.0197071],[6.140243,43.0196998],[6.1402188,43.0196733],[6.1401793,43.0196615],[6.140141,43.0196404],[6.140141,43.0196238],[6.1401223,43.019613],[6.1401209,43.019587],[6.1401571,43.0195591],[6.1402329,43.0195331],[6.1402617,43.0194894],[6.1403415,43.0194649],[6.1403777,43.0194801],[6.1404307,43.0194595],[6.1403958,43.019409],[6.1404549,43.0193424],[6.1404911,43.0193433],[6.1405025,43.019386],[6.1404696,43.0194223],[6.1405206,43.0194188],[6.140603,43.0193654],[6.1406466,43.019359],[6.140654,43.0193806],[6.140707,43.0193742],[6.1406869,43.0193502],[6.1406989,43.0193002],[6.1407217,43.0192556],[6.1407747,43.0192428],[6.1408458,43.0192095],[6.1408056,43.0191919],[6.1407546,43.0191992],[6.1407237,43.0191825],[6.1407103,43.0191904],[6.1406661,43.0191855],[6.1407231,43.0191178],[6.1407727,43.0191139],[6.14077,43.0191222],[6.1407821,43.019133],[6.1408156,43.0191335],[6.1408103,43.0191502],[6.1408431,43.0191654],[6.1408793,43.019132],[6.1409558,43.0191556],[6.1409685,43.0191718],[6.1410094,43.0191977],[6.1410389,43.0192208],[6.1411227,43.0192301],[6.1412039,43.0192242],[6.1412293,43.019211],[6.1412072,43.0191948],[6.1411784,43.0191575],[6.1411422,43.0191374],[6.1411435,43.0191115],[6.1411221,43.0190811],[6.1411509,43.0190811],[6.1411677,43.0190938],[6.1411824,43.0190806],[6.1411784,43.0190629],[6.1411549,43.0190551],[6.1411361,43.0190325],[6.1410892,43.0190335],[6.1410577,43.0190423],[6.1409759,43.0190325],[6.1409611,43.019007],[6.1409216,43.0190222],[6.1409014,43.0190183],[6.1408659,43.0189825],[6.1409289,43.018958],[6.1409765,43.0189492],[6.1410128,43.0189575],[6.141055,43.0189502],[6.141061,43.0189286],[6.1411053,43.0188952],[6.1411898,43.0188693],[6.1411978,43.0188281],[6.1411455,43.0188394],[6.141057,43.0188796],[6.1409987,43.0188884],[6.1409397,43.0189212],[6.1409175,43.0189497],[6.1408753,43.0189575],[6.1408384,43.0189575],[6.140819,43.018931],[6.1408545,43.01888],[6.1409249,43.0188394],[6.1409967,43.0187104],[6.1410751,43.0186526],[6.1411609,43.0186408],[6.1412602,43.0185913],[6.1412314,43.0185712],[6.1412401,43.0185516],[6.1411496,43.0185075],[6.1411314,43.0185045],[6.1410577,43.0184937],[6.140996,43.0185339],[6.1409356,43.0185364],[6.1408887,43.0185192],[6.1408693,43.0184967],[6.1408471,43.0184893],[6.1408203,43.0184972],[6.1407814,43.0184923],[6.1407667,43.0184663],[6.1407848,43.018453],[6.1408196,43.0184643],[6.1408585,43.0184594],[6.1408773,43.0184839],[6.1409115,43.0184859],[6.1409524,43.0184668],[6.1409752,43.0184771],[6.1410382,43.0184785],[6.1410356,43.0184658],[6.141057,43.0184378],[6.1410349,43.0184079],[6.1409953,43.018404],[6.140945,43.0183692],[6.1409014,43.0183447],[6.1408257,43.0183555],[6.1407546,43.018356],[6.1407479,43.0183373],[6.1408351,43.0183015],[6.1408391,43.0182726],[6.1409303,43.0182148],[6.1409873,43.0182197],[6.1410349,43.0182452],[6.1410624,43.018277],[6.1411026,43.0182819],[6.1411469,43.0182099],[6.1411636,43.0182216],[6.1412213,43.0182162],[6.1412461,43.0181809],[6.141232,43.0181525],[6.141344,43.0180741],[6.1413907,43.0180496],[6.141397,43.0180667],[6.1413849,43.0180858],[6.1414151,43.0180873],[6.1414251,43.0180731],[6.1416793,43.0180054],[6.1416847,43.0180191],[6.1416317,43.0180633],[6.1416612,43.0180687],[6.1417155,43.018029],[6.1417906,43.0179887],[6.1417832,43.0179535],[6.1417765,43.0179137],[6.1417202,43.0178843],[6.1416444,43.017877],[6.1416055,43.0178549],[6.1415458,43.0178368],[6.1415284,43.017824],[6.1415324,43.0178113],[6.1415599,43.0178034],[6.141633,43.0178132],[6.1416491,43.0178024],[6.1415961,43.0177931],[6.1415747,43.0177828],[6.1414808,43.0177647],[6.1414345,43.0177397],[6.1414117,43.0176951],[6.1413856,43.0176794],[6.1414171,43.0176627],[6.1414319,43.0176411],[6.1414124,43.0176137],[6.1414513,43.0176009],[6.1414721,43.0176108],[6.1414956,43.017621],[6.1415217,43.0176088],[6.1415552,43.0175627],[6.1416826,43.0174911],[6.1416833,43.0174666],[6.1417316,43.0174509],[6.1417349,43.0174166],[6.141914,43.017373],[6.1420327,43.0173259],[6.1420722,43.0173318],[6.1420856,43.0173705],[6.1420662,43.0173994],[6.1420877,43.017423],[6.1421151,43.0174235],[6.1421192,43.0173999],[6.142152,43.017373],[6.1421373,43.0173548],[6.1421587,43.0173288],[6.1421882,43.0173396],[6.1422399,43.01732],[6.142256,43.0172818],[6.1422426,43.0172783],[6.1422452,43.0172514],[6.1422875,43.0172519],[6.142327,43.0172357],[6.1423304,43.0172122],[6.1423814,43.0172043],[6.1424209,43.0172308],[6.1424001,43.0172465],[6.1424062,43.0172681],[6.142427,43.0172793],[6.1424665,43.0172715],[6.1425175,43.0172681],[6.1425584,43.0172891],[6.1425463,43.0172999],[6.1424913,43.0173117],[6.1424705,43.0173465],[6.1424544,43.0173671],[6.1424685,43.0173882],[6.1424511,43.0174078],[6.1424591,43.0174151],[6.1425034,43.0173941],[6.1425591,43.0173828],[6.1426147,43.017347],[6.1426362,43.0173489],[6.1426368,43.017369],[6.1426596,43.0173735],[6.1426844,43.0173911],[6.1426972,43.0173735],[6.1426898,43.017344],[6.142722,43.0173357],[6.1427475,43.0173524],[6.1427401,43.017372],[6.1427569,43.0173764],[6.1427857,43.0173553],[6.1428393,43.0173264],[6.1428943,43.0173205],[6.1428997,43.0173342],[6.1429232,43.0173367],[6.1429701,43.0173215],[6.143015,43.0173308],[6.1430465,43.0173632],[6.1430465,43.017399],[6.1431109,43.0173999],[6.1430942,43.0173656],[6.1431076,43.0173421],[6.1431625,43.0173195],[6.1432142,43.0173377],[6.1432584,43.0173274],[6.1432718,43.0172916],[6.1432142,43.0172617],[6.1431659,43.0172357],[6.1431183,43.0172538],[6.1430392,43.0172357],[6.1430164,43.0171965],[6.1430392,43.0171734],[6.1430331,43.0171519],[6.1430834,43.017143],[6.1431713,43.0171474],[6.1431666,43.0171391],[6.1430828,43.0171303],[6.1430284,43.0171082],[6.1430646,43.0170504],[6.1430492,43.0170391],[6.1430579,43.0170234],[6.1430123,43.0170107],[6.1429788,43.0170244],[6.1429667,43.0170165],[6.1429413,43.0170009],[6.1429131,43.0170161],[6.142889,43.0170043],[6.1429171,43.0169607],[6.1428253,43.0169415],[6.1427481,43.0169371],[6.142673,43.0169234],[6.1426228,43.0168793],[6.1426107,43.0168464],[6.1426147,43.0168209],[6.1425316,43.0167954],[6.1424705,43.0167979],[6.1424477,43.0167768],[6.1424692,43.0167508],[6.1426697,43.016739],[6.1426865,43.0167503],[6.1427267,43.016765],[6.1427669,43.0167528],[6.1428286,43.0166993],[6.1429869,43.0167018],[6.1430603,43.0167355],[6.1430351,43.0167552],[6.1430358,43.0167846],[6.1430083,43.0168092],[6.1429647,43.0168807],[6.1429889,43.0168876],[6.1430392,43.0168631],[6.1430734,43.0168337],[6.1431304,43.0168165],[6.1431894,43.0168366],[6.1432075,43.0168239],[6.1432645,43.0168195],[6.1434455,43.0169062],[6.143524,43.0169013],[6.1435582,43.0169131],[6.1435655,43.0169479],[6.1437137,43.016945],[6.143707,43.0169023],[6.1436702,43.0168945],[6.1436192,43.0169028],[6.143581,43.0168891],[6.1435528,43.0168513],[6.143477,43.0168224],[6.1434623,43.0168062],[6.143353,43.0167469],[6.1433423,43.0167317],[6.1433148,43.0167033],[6.143351,43.0166416],[6.1434214,43.0166179],[6.1434321,43.0165871],[6.1435099,43.0165719],[6.1435461,43.016513],[6.1435474,43.0164817],[6.1434965,43.0164885],[6.1433972,43.0165331],[6.1433637,43.0165228],[6.1433476,43.0165096],[6.1433248,43.0165116],[6.1432967,43.0165037],[6.143241,43.0165179],[6.1431867,43.0165091],[6.1431967,43.0164856],[6.1432209,43.0164743],[6.1431847,43.0164625],[6.1431907,43.0164493],[6.1432249,43.0164419],[6.1432578,43.0164218],[6.1432102,43.016411],[6.1431397,43.0164277],[6.1431203,43.0164222],[6.1433007,43.0162032],[6.143513,43.0161413],[6.1432537,43.0159173],[6.1435214,43.015638],[6.1438156,43.0155493],[6.1440996,43.0156274],[6.1440996,43.0160405],[6.1445811,43.0159602],[6.1445466,43.0162875],[6.144725,43.0163236],[6.1446431,43.0165032],[6.1448792,43.0165307],[6.1449641,43.0166199],[6.1446592,43.016817],[6.1447999,43.0169803],[6.1445099,43.017156],[6.1444232,43.0171043],[6.1443682,43.0170817],[6.1442918,43.0171494],[6.1442555,43.0172308],[6.1442783,43.0172475],[6.1442354,43.0172651],[6.1441818,43.0173759],[6.1442046,43.0175034],[6.1442636,43.017522],[6.1443132,43.0175132],[6.1443253,43.0174936],[6.1443957,43.0174862],[6.1444292,43.0175544],[6.1443447,43.0175853],[6.144277,43.0175951],[6.1442562,43.0176181],[6.1443058,43.0176348],[6.1443541,43.0176328],[6.1443521,43.017647],[6.1442857,43.0176809],[6.1442294,43.0177117],[6.1442924,43.017777],[6.1443313,43.0177823],[6.1443521,43.0178255],[6.1443803,43.0178235],[6.1444379,43.0177985],[6.1444627,43.0177755],[6.1445848,43.0177667],[6.1446123,43.0178255],[6.1445318,43.0178657],[6.1444882,43.0179074],[6.1443856,43.0179378],[6.1443407,43.0179309],[6.144328,43.0179471],[6.1443648,43.0179623],[6.1444902,43.0179588],[6.1444815,43.0179804],[6.1445251,43.0179858],[6.1445311,43.0180236],[6.1445063,43.0180736],[6.1445526,43.0181],[6.14457,43.018129],[6.1446646,43.0180888],[6.1446874,43.018104],[6.1447397,43.0180716],[6.1448074,43.0180991],[6.1447759,43.0181608],[6.1448061,43.0181902],[6.14479,43.0182461],[6.1448604,43.0182378],[6.1448709,43.0182093],[6.1450932,43.0184026],[6.1450562,43.0184133],[6.1450294,43.0184496],[6.1450267,43.0185261],[6.1450642,43.0185878],[6.1451058,43.018631],[6.1451377,43.0186374],[6.1451756,43.018663],[6.145146,43.0186722],[6.1451393,43.0186987],[6.1452265,43.0187428],[6.1453272,43.0187654],[6.1453877,43.0188063],[6.1454156,43.0188045],[6.145421,43.0187879],[6.1454558,43.0187702],[6.1454988,43.018784],[6.1455242,43.0188173],[6.1455028,43.0188467],[6.1455028,43.0189026],[6.1455685,43.0189663],[6.145661,43.0190085],[6.145767,43.0190271],[6.1458488,43.0190183],[6.1458756,43.0189781],[6.1458756,43.0189428],[6.1459208,43.0189499],[6.1459628,43.0189644],[6.1460768,43.0189624],[6.1461411,43.0189193],[6.1461452,43.0188575],[6.146117,43.0188477],[6.1461291,43.0188163],[6.146172,43.0188193],[6.1462471,43.0187791],[6.1462967,43.0188016],[6.1462967,43.0188222],[6.1463611,43.0188349],[6.1463463,43.0188732],[6.1463701,43.0189432],[6.1463691,43.0189673],[6.1463584,43.0190222],[6.1464147,43.0190624],[6.1465555,43.019083],[6.1466856,43.0190948],[6.1467588,43.0190703],[6.1467916,43.0190928],[6.146927,43.0190948],[6.1470353,43.0190271],[6.1471416,43.0190575],[6.1472999,43.0190173],[6.1473468,43.0189732],[6.1473387,43.0189134],[6.1473213,43.0188261],[6.1473937,43.0187643],[6.1473461,43.0187158],[6.1473488,43.0186898],[6.1473227,43.0186781],[6.1472992,43.0187045],[6.147265,43.0187212],[6.1472362,43.0186957],[6.1472046,43.0187065],[6.1471731,43.0186619],[6.1471912,43.0186393],[6.1471885,43.0186178],[6.1471409,43.0186158],[6.1471349,43.0185839],[6.1472174,43.018553],[6.1471946,43.0185388],[6.1471476,43.0185432],[6.1471503,43.0185217],[6.1471074,43.0184731],[6.1471302,43.0184476],[6.1471773,43.0184521],[6.1472918,43.0184653],[6.147328,43.0184937],[6.1473937,43.0184839],[6.1474206,43.0185084],[6.1474058,43.0185467],[6.1474152,43.0185633],[6.1474822,43.0185192],[6.1475319,43.0185359],[6.1475439,43.0185614],[6.1475936,43.018582],[6.1476083,43.0185388],[6.1476405,43.0185437],[6.1477317,43.0185143],[6.1477451,43.018479],[6.1476713,43.0183927],[6.1477196,43.0183457],[6.1477894,43.0183564],[6.147784,43.0183888],[6.1478175,43.0183957],[6.1478229,43.0184241],[6.147902,43.0183947],[6.147902,43.0183182],[6.1479959,43.0183212],[6.1480589,43.0183074],[6.1480656,43.0182711],[6.1479852,43.0182437],[6.1479798,43.0182143],[6.148138,43.0181868],[6.1481971,43.018228],[6.148185,43.0182898],[6.1481394,43.0183212],[6.1481689,43.0183506],[6.1482494,43.0183702],[6.1482172,43.0184133],[6.1482359,43.0184516],[6.1483379,43.0184604],[6.1483365,43.0184898],[6.1482359,43.0185535],[6.1482467,43.0186065],[6.1481903,43.0185908],[6.1481608,43.0185614],[6.1480898,43.0185731],[6.1479677,43.0185408],[6.1479476,43.0185506],[6.1479798,43.0185692],[6.1479811,43.0185928],[6.1480468,43.0186143],[6.1480589,43.0186369],[6.1480938,43.0186183],[6.1481327,43.018631],[6.1481018,43.0186761],[6.14813,43.0186869],[6.1481917,43.0186535],[6.1482199,43.0186526],[6.1481836,43.0187192],[6.1482199,43.0187369],[6.1482775,43.0187379],[6.1482909,43.0187624],[6.1482775,43.0188124],[6.1482936,43.0188193],[6.1483419,43.018783],[6.148366,43.0188075],[6.1482185,43.0189487],[6.1481649,43.0189526],[6.1480696,43.0190046],[6.1479878,43.0189958],[6.1479208,43.0190487],[6.1478671,43.0191085],[6.1477612,43.0191575],[6.1476539,43.0191634],[6.1476244,43.019185],[6.1475238,43.0191634],[6.1475185,43.0191781],[6.1475721,43.0192252],[6.1475614,43.0192644],[6.1474849,43.0192497],[6.1474313,43.0192605],[6.1474206,43.0192164],[6.1473951,43.0192056],[6.1473696,43.0192762],[6.1472918,43.019286],[6.1472408,43.019284],[6.1472194,43.0192997],[6.1472462,43.0193968],[6.147218,43.019487],[6.1471657,43.0195272],[6.147159,43.0195772],[6.1470826,43.0196223],[6.1470222,43.0196086],[6.1469914,43.0196605],[6.1468761,43.019698],[6.1462123,43.0197252],[6.1461265,43.019803],[6.1460781,43.0199145],[6.1460821,43.0200018],[6.1459936,43.0200527],[6.1459011,43.0200459],[6.1456972,43.0200214],[6.1456127,43.0200469],[6.1455402,43.0201021],[6.1454666,43.0201214],[6.1453325,43.0201214],[6.1451675,43.0201586],[6.145083,43.0202332],[6.1450414,43.0203106],[6.1451809,43.020339],[6.1451702,43.0203851],[6.1448966,43.0204783],[6.1448751,43.020442],[6.144973,43.0204332],[6.1449797,43.0203959],[6.1449207,43.0203734],[6.1448993,43.0203508],[6.1448845,43.0203067],[6.1449315,43.0202547],[6.144682,43.0201763],[6.1445855,43.0201802],[6.1444232,43.0202116],[6.1443602,43.0203018],[6.1442073,43.0203606],[6.1440906,43.0203714],[6.1439766,43.0203449],[6.1438747,43.0204342],[6.1439002,43.0204734],[6.1437513,43.0205675],[6.143754,43.0205957],[6.143567,43.0206783],[6.1434562,43.0206508],[6.1432578,43.020645],[6.143247,43.0206705],[6.1433543,43.0206803],[6.1433718,43.0207028],[6.1434093,43.020695],[6.1434978,43.0207548],[6.1434227,43.0207862],[6.1433262,43.0207391],[6.1432698,43.0207597],[6.1432189,43.0207234],[6.1431894,43.0207165],[6.1432014,43.0207479],[6.1431827,43.0207783],[6.1430874,43.0207901],[6.1430739,43.0208072],[6.1426616,43.0208279],[6.142661,43.0207097],[6.1428756,43.0205713],[6.1424571,43.0203881],[6.1419683,43.0203836],[6.1417287,43.0206089],[6.1414633,43.0206026],[6.1416003,43.0203774],[6.1414976,43.0203023],[6.1413243,43.0205306],[6.1409366,43.0208321]]}},{"type":"Feature","properties":{},"geometry":{"type":"LineString","coordinates":[[6.4544054,43.015818],[6.4544794,43.0157571],[6.4545417,43.0157605],[6.4545464,43.0158315],[6.454484,43.0158974],[6.454484,43.0159328],[6.4545256,43.0159328],[6.454551,43.0159176],[6.4545648,43.0158669],[6.4546087,43.0158517],[6.454685,43.0158669],[6.4547035,43.0158467],[6.4546942,43.0158044],[6.4547589,43.0158027],[6.4548121,43.015769],[6.4548282,43.0157115],[6.4548883,43.0157048],[6.4549438,43.015671],[6.4549831,43.0156271],[6.4550316,43.0156389],[6.4550778,43.0156896],[6.4551055,43.0156879],[6.455124,43.0156591],[6.4551795,43.0156744],[6.4552187,43.0157554],[6.4552742,43.0157723],[6.4553551,43.0157554],[6.4553874,43.0157014],[6.4553712,43.0155781],[6.4553319,43.0155595],[6.4553366,43.0155223],[6.4554105,43.0155037],[6.4553851,43.0152621],[6.4554267,43.01523],[6.4554636,43.0152351],[6.4554937,43.0152655],[6.4555353,43.0152604],[6.4556023,43.0151996],[6.4555977,43.0151591],[6.4555376,43.0150712],[6.4555653,43.0150391],[6.4556323,43.0150493],[6.4556832,43.0150273],[6.455697,43.0149226],[6.4556947,43.0148803],[6.4557247,43.0148668],[6.4557941,43.0148685],[6.4558541,43.0148077],[6.4559003,43.014806],[6.455935,43.0148398],[6.455905,43.0149817],[6.4559373,43.0150239],[6.4559997,43.0150628],[6.4560413,43.015051],[6.4560736,43.0149986],[6.4561198,43.0149952],[6.4561406,43.0150121],[6.4561476,43.0150763],[6.456203,43.0151371],[6.4562123,43.0153061],[6.45627,43.0153399],[6.4563879,43.0153213],[6.4565265,43.0152503],[6.4565843,43.0151878],[6.4566513,43.015203],[6.4567552,43.0151016],[6.4568061,43.0151033],[6.4568662,43.0151557],[6.4569101,43.0151337],[6.4568615,43.0150611],[6.4569147,43.015056],[6.4569563,43.0150679],[6.4569932,43.0150476],[6.4569863,43.0149885],[6.4570487,43.0149783],[6.4570348,43.0148938],[6.4570972,43.0148601],[6.4571249,43.0147097],[6.4573606,43.0146252],[6.4574392,43.0146185],[6.4574761,43.01473],[6.4575478,43.0147266],[6.457594,43.0147013],[6.4577095,43.0147046],[6.4577465,43.0146556],[6.4578389,43.0146607],[6.4579313,43.0146996],[6.4580792,43.0148398],[6.4582548,43.0149411],[6.4583031,43.015035],[6.458673,43.0149725],[6.458999,43.0146073],[6.4591993,43.0143086],[6.4591993,43.013954],[6.4597421,43.0136837],[6.4601747,43.013872],[6.4607573,43.0137051],[6.4609522,43.0138278],[6.4612423,43.0137201],[6.4617582,43.0139012],[6.4619749,43.0141426],[6.4620982,43.0141984],[6.4621447,43.014373],[6.4629135,43.0149602],[6.4633048,43.0156475],[6.4635633,43.0154317],[6.4638687,43.0152868],[6.4640091,43.0154075],[6.4641741,43.0153592],[6.4641989,43.0151661],[6.4643441,43.01503],[6.4646764,43.0150992],[6.4648042,43.0156209],[6.4649092,43.0156806],[6.4649148,43.0158272],[6.4650535,43.0158648],[6.4651097,43.0157757],[6.4652046,43.0157877],[6.4652333,43.015873],[6.4653122,43.0159054],[6.4655043,43.015873],[6.4655967,43.0160263],[6.4655671,43.0161315],[6.4656277,43.0162673],[6.4657403,43.0163319],[6.4657488,43.0165552],[6.4658364,43.0167616],[6.4658798,43.0172103],[6.4659896,43.0172535],[6.4660187,43.01736],[6.4660842,43.0173802],[6.4661392,43.0172007],[6.4664677,43.0169342],[6.466586,43.0169339],[6.466641,43.0168357],[6.4667973,43.0168456],[6.4670115,43.0169944],[6.4672851,43.0171291],[6.4672816,43.0172299],[6.4673983,43.0172979],[6.467409,43.0174139],[6.4675613,43.0174689],[6.4675437,43.0176303],[6.4676775,43.0176617],[6.4676558,43.0177653],[6.4677063,43.0177997],[6.4677916,43.0176543],[6.4679019,43.0176633],[6.4680911,43.0177713],[6.4680281,43.017639],[6.4680763,43.0173964],[6.4682515,43.0175488],[6.468243,43.0176924],[6.4683849,43.0176717],[6.4685066,43.0177504],[6.4686156,43.0176958],[6.4686982,43.0177234],[6.4686378,43.0175052],[6.4687971,43.0175398],[6.4688228,43.0174476],[6.4689015,43.0174488],[6.4689829,43.0175156],[6.4690535,43.017494],[6.4692534,43.0176634],[6.4692744,43.0176097],[6.4691957,43.0174924],[6.469203,43.0174037],[6.4693014,43.0174203],[6.4693987,43.017388],[6.4693153,43.0172321],[6.469227,43.0169854],[6.4693023,43.0169034],[6.4693858,43.0169645],[6.4695249,43.0168972],[6.4695278,43.0168211],[6.4696826,43.0166536],[6.4697896,43.0166894],[6.4698141,43.0165899],[6.4699782,43.0166736],[6.4700818,43.016631],[6.4701986,43.0167331],[6.4702257,43.0167974],[6.4703013,43.0168775],[6.4703861,43.0169005],[6.4704619,43.016988],[6.4705316,43.0170244],[6.4705679,43.016851],[6.4707172,43.016694],[6.4708247,43.0166904],[6.470995,43.0167778],[6.4710974,43.0168991],[6.4710981,43.0169823],[6.4712855,43.0171644],[6.4713011,43.017272],[6.4714355,43.017365],[6.4716622,43.0174658],[6.4719028,43.0178435],[6.4719888,43.017969],[6.4719046,43.0182516],[6.4719386,43.0183937],[6.4718869,43.0184432],[6.4718872,43.0185765],[6.4719184,43.0186328],[6.4718681,43.0188318],[6.4721452,43.0186718],[6.4724216,43.0187052],[6.4728934,43.018883],[6.4729112,43.019],[6.4730242,43.0191283],[6.4729698,43.0192087],[6.4728711,43.0192051],[6.472819,43.0192477],[6.4727307,43.0192298],[6.4725481,43.0192875],[6.4721842,43.0192017],[6.4721334,43.0192538],[6.4722789,43.0193843],[6.4722894,43.0194772],[6.4723829,43.0196073],[6.4725165,43.0196064],[6.4726694,43.0199389],[6.4729676,43.0205831],[6.4729762,43.0206741],[6.4730911,43.0208718],[6.4730981,43.021148],[6.4730128,43.0211276],[6.4728896,43.0209852],[6.4729059,43.0211292],[6.4728611,43.0212388],[6.4726682,43.0211908],[6.4725654,43.0211222],[6.4727884,43.0216254],[6.4729049,43.0220701],[6.4728934,43.0221825],[6.472957,43.0224982],[6.4730662,43.0225773],[6.47316,43.0224274],[6.4732577,43.0225145],[6.4732354,43.0226555],[6.4732818,43.0229581],[6.47284,43.0227058],[6.472797,43.0226439],[6.4727841,43.0227439],[6.4728506,43.022873],[6.4725684,43.0228494],[6.4725698,43.0229226],[6.4728567,43.0231511],[6.4728446,43.0232491],[6.472507,43.0231459],[6.4721212,43.0229736],[6.4720593,43.0229887],[6.4723959,43.0231483],[6.4724709,43.0232179],[6.4726359,43.0232765],[6.4729525,43.0235429],[6.4729648,43.0235987],[6.472917,43.0236419],[6.4729414,43.023738],[6.4730652,43.0237508],[6.4730517,43.0239455],[6.4729206,43.0240989],[6.4729545,43.0241958],[6.4730155,43.02418],[6.4730646,43.0240966],[6.4731778,43.0240976],[6.4734063,43.0243407],[6.4735119,43.0245172],[6.473627,43.0245905],[6.4736326,43.0246795],[6.4732227,43.024605],[6.4730666,43.0244857],[6.47254,43.0243582],[6.4724638,43.0244346],[6.4726701,43.0245468],[6.4726412,43.0246161],[6.4728302,43.0246738],[6.4727891,43.0247418],[6.4728715,43.0248166],[6.4728322,43.0249246],[6.4729067,43.0250702],[6.4728109,43.0254165],[6.4729362,43.025477],[6.4730686,43.0254476],[6.4730765,43.0255939],[6.4732458,43.0257184],[6.4733329,43.0257139],[6.4734332,43.025663],[6.4735263,43.0257105],[6.4737718,43.0257486],[6.4740458,43.0259828],[6.4741982,43.0259523],[6.474433,43.0261553],[6.4745026,43.0262616],[6.4744923,43.0261375],[6.4746459,43.026168],[6.4746412,43.0263636],[6.474556,43.0264683],[6.4745095,43.0267184],[6.4744449,43.026807],[6.47458,43.0268928],[6.4746057,43.0270211],[6.4746975,43.0269727],[6.4747852,43.0270325],[6.4748344,43.026984],[6.4748088,43.0268652],[6.4748804,43.0267436],[6.4748282,43.0266757],[6.4749609,43.0264974],[6.4750284,43.0265189],[6.4750207,43.0265804],[6.4752385,43.0266211],[6.4755245,43.0267598],[6.4756098,43.0267018],[6.475715,43.0267436],[6.4757247,43.0267959],[6.4760869,43.0267812],[6.4761714,43.0268837],[6.4762784,43.0268937],[6.4767522,43.0271878],[6.4769942,43.0271776],[6.4772961,43.0274232],[6.4773415,43.0275777],[6.47748,43.0276298],[6.4777087,43.0279236],[6.4779633,43.0279226],[6.47819,43.028142],[6.4782221,43.0283027],[6.4783571,43.0283797],[6.4784841,43.0287198],[6.4787036,43.0286902],[6.4787846,43.0287972],[6.4788041,43.0289257],[6.4788695,43.0290652],[6.478905,43.0293655],[6.4790065,43.0293279],[6.4790884,43.0294346],[6.479095,43.0296056],[6.479299,43.0296848],[6.4793803,43.0296046],[6.4796698,43.0298585],[6.4797973,43.0298891],[6.4798916,43.0297495],[6.4801212,43.0299302],[6.4803604,43.0303894],[6.4803278,43.0305601],[6.4804658,43.0307488],[6.4805771,43.0311953],[6.4807092,43.0314525],[6.4807015,43.0315633],[6.4808447,43.0317952],[6.4807596,43.0319338],[6.4806173,43.0318832],[6.4805322,43.031839],[6.4805951,43.0320584],[6.4807836,43.0322227],[6.4807963,43.0323488],[6.4809893,43.032502],[6.4812102,43.0325674],[6.48124,43.032681],[6.4811689,43.0327593],[6.4811974,43.0328487],[6.4814156,43.032765],[6.4815812,43.0328488],[6.4816132,43.0329706],[6.4817566,43.0331145],[6.4818588,43.0331337],[6.4819801,43.0332395],[6.4822292,43.0333045],[6.4822395,43.0333769],[6.4822007,43.0334581],[6.4823425,43.0336193],[6.4822264,43.0336882],[6.482191,43.0338047],[6.4820228,43.0340803],[6.4819411,43.0341228],[6.4818885,43.0341955],[6.4815791,43.0341968],[6.4813956,43.0343216],[6.4816263,43.0344045],[6.4819108,43.0343093],[6.4820207,43.0343971],[6.4821186,43.0343254],[6.4823082,43.0344193],[6.4825218,43.0344506],[6.4825368,43.0345625],[6.4827445,43.0346028],[6.4828203,43.0347601],[6.4827707,43.0349729],[6.4827034,43.0350832],[6.4828231,43.0350777],[6.4829327,43.035267],[6.482967,43.03553],[6.4830833,43.0355704],[6.4831377,43.0356361],[6.4832127,43.0359216],[6.483259,43.0360224],[6.4833608,43.0361163],[6.4835478,43.035974],[6.4838231,43.0360868],[6.4838668,43.0361676],[6.4838487,43.036238],[6.4839021,43.0363231],[6.4840873,43.0363726],[6.4842487,43.0365239],[6.4842314,43.0366524],[6.4843291,43.036835],[6.4841929,43.0368695],[6.4840548,43.0368605],[6.4841736,43.0369384],[6.4843728,43.0369307],[6.4844392,43.0370826],[6.4845662,43.0371179],[6.484781,43.0375072],[6.4848884,43.0376376],[6.4849083,43.0374716],[6.4850319,43.0374873],[6.4851613,43.0377926],[6.4850625,43.037892],[6.4849349,43.0378027],[6.485001,43.0380109],[6.4848891,43.038103],[6.4847488,43.0380735],[6.4845631,43.0381522],[6.4844449,43.037901],[6.4842808,43.0378525],[6.4840658,43.0379857],[6.4840809,43.0380774],[6.4842136,43.0381762],[6.4841679,43.0384364],[6.4840749,43.0384742],[6.4840545,43.0387119],[6.4842608,43.0387465],[6.4844369,43.0386664],[6.484484,43.0385911],[6.4845889,43.038597],[6.4846625,43.0385345],[6.4847914,43.0386062],[6.4849165,43.0385615],[6.4849201,43.0388622],[6.4850582,43.0389262],[6.4850739,43.0390397],[6.4851898,43.0389472],[6.4853861,43.0391513],[6.485312,43.0391985],[6.4851602,43.0391638],[6.4851385,43.0395229],[6.4852379,43.0396136],[6.4852151,43.0397273],[6.485321,43.0398053],[6.4855243,43.0401317],[6.4856808,43.0402125],[6.4857553,43.0399146],[6.4859122,43.0398844],[6.4859617,43.0398115],[6.4861774,43.0397837],[6.4863786,43.0398714],[6.4864291,43.0400349],[6.4865362,43.0400087],[6.486688,43.0401522],[6.4868135,43.0401137],[6.4868852,43.0403042],[6.4869516,43.0403619],[6.4870735,43.0403503],[6.487249,43.0405255],[6.4873434,43.0404408],[6.4873073,43.0402848],[6.4876754,43.0402915],[6.4877699,43.0402063],[6.4879461,43.0403194],[6.4879673,43.0404601],[6.4880574,43.0405474],[6.4881281,43.0403899],[6.4880888,43.0402523],[6.4882171,43.0400871],[6.4882075,43.0399256],[6.4884082,43.0398756],[6.4884611,43.0396692],[6.48863,43.0396658],[6.4886584,43.0395059],[6.4887728,43.039501],[6.4887738,43.0396106],[6.4890315,43.0397426],[6.4890606,43.0400451],[6.4890226,43.0401252],[6.4890593,43.0402927],[6.4889301,43.0403456],[6.4889603,43.0404015],[6.4891377,43.0404453],[6.4891408,43.0405991],[6.4889882,43.0406751],[6.4889198,43.0407535],[6.4888448,43.0407321],[6.4888191,43.0406231],[6.4883456,43.0406952],[6.4882086,43.0409352],[6.4876762,43.0412401],[6.4876947,43.0414644],[6.4879713,43.0416982],[6.4877273,43.0421658],[6.4882834,43.0428009],[6.4888574,43.0428079],[6.4890575,43.0429491],[6.4893901,43.0428774],[6.489629,43.0426787],[6.4893091,43.0424896],[6.489307,43.0423022],[6.4894427,43.0422267],[6.489951,43.0422329],[6.4907728,43.0420223],[6.4911541,43.0422019],[6.4916624,43.0417932],[6.4915414,43.0413335],[6.4915731,43.0411633],[6.4920437,43.0410006],[6.4922859,43.0408008],[6.4927808,43.0411245],[6.4928147,43.0414836],[6.4930858,43.0417127],[6.4932467,43.041979],[6.4936868,43.0421672],[6.4938398,43.0423691],[6.4945141,43.0430359],[6.4951869,43.0427592],[6.4955888,43.0424194],[6.4957641,43.0426797],[6.495941,43.0430812],[6.4963137,43.0430688],[6.4963646,43.0428025],[6.496695,43.0427654],[6.4965892,43.0421983],[6.4969915,43.0419826],[6.4970237,43.0421983],[6.4969071,43.0424897],[6.4970364,43.0425018],[6.4974961,43.0421892],[6.4976996,43.0422414],[6.4978402,43.041904],[6.4980501,43.0421693],[6.4982414,43.0421748],[6.4984131,43.0420532],[6.4986606,43.0421957],[6.4989995,43.0423691],[6.4990842,43.0425796],[6.4993213,43.0427216],[6.4994807,43.0422932],[6.4996705,43.0423084],[6.5,43.04237236992283]]}},{"type":"Feature","properties":{},"geometry":{"type":"LineString","coordinates":[[6.5,43.05082441448819],[6.4999336,43.050942],[6.4999726,43.0511884],[6.4999433,43.0514062],[6.4997283,43.0515133],[6.4992739,43.0511348],[6.4989445,43.0506692],[6.4987023,43.050635],[6.4985166,43.0505207],[6.4982235,43.0503351],[6.4978472,43.0502387],[6.4975101,43.049978],[6.496958,43.0500816],[6.4965574,43.0497102],[6.4965026,43.0495369],[6.4964987,43.0493342],[6.4964123,43.0493494],[6.4962984,43.0496995],[6.4961665,43.0497352],[6.4959515,43.0496495],[6.4959564,43.0501815],[6.4957609,43.0501887],[6.4954884,43.0499926],[6.4952441,43.0499426],[6.4949754,43.0496284],[6.4945747,43.0496177],[6.4943598,43.0492428],[6.4938467,43.0492928],[6.4937686,43.04915],[6.4934949,43.0490428],[6.4929282,43.0491071],[6.4925666,43.0489607],[6.4925275,43.0491357],[6.4921457,43.0491812],[6.4916871,43.0489607],[6.4913793,43.0491428],[6.4910471,43.0491714],[6.4905194,43.0489643],[6.4901676,43.0490357],[6.4895764,43.0488179],[6.4894396,43.0483966],[6.4892246,43.0483037],[6.4891513,43.0486037],[6.488824,43.0486822],[6.4884087,43.0481324],[6.4879934,43.0480145],[6.4877735,43.0485394],[6.487451,43.0487144],[6.4870992,43.0484466],[6.4869868,43.0486822],[6.4865789,43.0483609],[6.4863773,43.0481422],[6.4860048,43.0478922],[6.4856811,43.0475441],[6.485565,43.0478074],[6.485223,43.0479145],[6.4851131,43.0477237],[6.4849604,43.04762],[6.4851054,43.0473555],[6.4848459,43.0473165],[6.4846168,43.0473946],[6.4842031,43.0473343],[6.4837694,43.0473946],[6.4834689,43.0472964],[6.4831053,43.0474225],[6.482777,43.047283],[6.4824105,43.0473165],[6.4823495,43.0475675],[6.4812501,43.0476512],[6.4805859,43.0473778],[6.4799599,43.0473109],[6.4789783,43.0471265],[6.4786086,43.0472495],[6.4784712,43.0475787],[6.4780742,43.047562],[6.4771581,43.0473723],[6.4764787,43.0472272],[6.4758869,43.047375],[6.4761886,43.0478911],[6.4762649,43.0485104],[6.4762649,43.0487726],[6.4760193,43.049064],[6.475024,43.0483977],[6.4744104,43.0479384],[6.4739212,43.0474382],[6.4733961,43.0471445],[6.473301,43.0466693],[6.4736998,43.0466581],[6.4735215,43.0462618],[6.4729974,43.0458462],[6.4721973,43.0459261],[6.4713713,43.045771],[6.4706613,43.0455535],[6.4704094,43.0451127],[6.470104,43.0450904],[6.4698521,43.0450904],[6.4693864,43.0447556],[6.4691955,43.0449397],[6.4688596,43.0452299],[6.4688062,43.0455088],[6.4686933,43.0457134],[6.4683992,43.0455385],[6.4680076,43.0445663],[6.4680379,43.0442617],[6.4676429,43.0437469],[6.4675659,43.0424562],[6.4668454,43.0415409],[6.4658911,43.0409568],[6.4650426,43.040394],[6.4649845,43.0397973],[6.4645789,43.0398932],[6.4642449,43.0395009],[6.4633488,43.0390927],[6.4623833,43.0375043],[6.4625138,43.0367005],[6.4611945,43.03567],[6.4610958,43.0350194],[6.4613463,43.0343219],[6.4616087,43.0339121],[6.4617291,43.033543],[6.4612628,43.0330053],[6.4613224,43.0321072],[6.4605949,43.0308131],[6.4604993,43.0300581],[6.4598552,43.029875],[6.4593303,43.0292297],[6.4589128,43.0290204],[6.4586743,43.0284623],[6.4578631,43.0276514],[6.4572377,43.0279988],[6.457052,43.0284187],[6.4567776,43.0287501],[6.4564588,43.0285367],[6.456384,43.0280176],[6.456504,43.0277077],[6.4560261,43.0271543],[6.4554177,43.0270322],[6.455215,43.0267357],[6.4546706,43.026599],[6.4542477,43.0264996],[6.4542129,43.0259509],[6.4538383,43.0259407],[6.4534562,43.0259653],[6.4532476,43.0259649],[6.452885,43.0268081],[6.4526629,43.0270089],[6.4526466,43.0272159],[6.4524833,43.0275293],[6.452011,43.027744],[6.4513727,43.0275355],[6.4508952,43.0271864],[6.4503315,43.0265491],[6.4496464,43.0263182],[6.4489852,43.0258886],[6.4481772,43.025629],[6.4478833,43.0257454],[6.4472344,43.0257275],[6.4466978,43.0255422],[6.4461325,43.0251457],[6.4455326,43.0250473],[6.4448103,43.0250562],[6.444394,43.0248861],[6.4442651,43.0248084]]}},{"type":"Feature","properties":{},"geometry":{"type":"LineString","coordinates":[[6.3829449,43.0091761],[6.3832708,43.0088342],[6.3833993,43.0085183],[6.3834041,43.0084357],[6.3834578,43.008365],[6.3835069,43.0082365],[6.3835344,43.0080145],[6.383578,43.0078368],[6.3835181,43.0076072],[6.3835457,43.0075056],[6.3834001,43.007164],[6.3834724,43.0071124],[6.3834163,43.0069974],[6.3832676,43.0068601],[6.3829885,43.0066751],[6.3827103,43.0065713],[6.3824251,43.0065334],[6.3822315,43.0065738],[6.3820541,43.0066396],[6.3819585,43.0067379],[6.3819857,43.0069616],[6.3818789,43.007101],[6.3817397,43.0071331],[6.3817355,43.00723],[6.3816831,43.0072856],[6.3815369,43.0073446],[6.3812335,43.007413],[6.3811285,43.0073996],[6.3809484,43.0075746],[6.3806995,43.0076862],[6.3805962,43.007656],[6.3804459,43.0079241],[6.3803439,43.0079884],[6.3802285,43.007992],[6.3800269,43.0079455],[6.379969,43.0079689],[6.3798333,43.007955],[6.3797725,43.0079714],[6.3795586,43.0079506],[6.3795203,43.0079723],[6.379396,43.007935],[6.3792393,43.0078724],[6.3791152,43.0078849],[6.3790634,43.0080164],[6.3788898,43.0079907],[6.378691,43.0078945],[6.3786152,43.0077483],[6.3785059,43.0077985],[6.3782063,43.0077902],[6.3779892,43.0078025],[6.3778865,43.00774],[6.3778592,43.0076378],[6.3778394,43.0076235],[6.3777969,43.0076425],[6.3777157,43.0076102],[6.3776872,43.0076409],[6.3775714,43.0075725],[6.3775012,43.0076209],[6.3774179,43.007572],[6.377361,43.0076759],[6.377235,43.0076974],[6.3771729,43.0076277],[6.3770207,43.0075541],[6.3768967,43.0074534],[6.376879,43.0073888],[6.3769724,43.0071533],[6.3770779,43.0065486],[6.3770907,43.0064223],[6.3769147,43.0063843],[6.3768575,43.0062577],[6.3766051,43.0060161],[6.3765598,43.0058665],[6.376659,43.0057799],[6.3766216,43.005622],[6.3766623,43.0055099],[6.3766728,43.0053638],[6.3766028,43.0052333],[6.3765148,43.0052122],[6.3764971,43.005208],[6.376419,43.0052123],[6.3763174,43.005218],[6.3762938,43.0053864],[6.3759569,43.0053532],[6.3758643,43.0053763],[6.3756716,43.0053585],[6.3756117,43.0054744],[6.375483,43.0055129],[6.3752605,43.0055444],[6.3751847,43.0054737],[6.375138,43.0055377],[6.3749234,43.005563],[6.3747506,43.0055168],[6.3746146,43.0054184],[6.3745789,43.0052364],[6.3744993,43.0052467],[6.3744407,43.0049598],[6.3744158,43.0045276],[6.3745051,43.0045256],[6.3744845,43.004255],[6.3743915,43.0041803],[6.3743241,43.0039881],[6.3741728,43.0040398],[6.3740878,43.0040256],[6.3740867,43.0040779],[6.3740041,43.0040339],[6.3739983,43.0040683],[6.3737398,43.0040567],[6.3736303,43.0041388],[6.3734324,43.0041565],[6.3729979,43.0040549],[6.3727478,43.0039948],[6.3727179,43.0039261],[6.3725759,43.0039163],[6.372501,43.0037816],[6.3723135,43.0036962],[6.3724033,43.0035768],[6.3725969,43.0036138],[6.3724468,43.0034549],[6.3726229,43.0033386],[6.3726149,43.0031982],[6.3726253,43.0030485],[6.3727352,43.0029161],[6.3727158,43.0028055],[6.3728328,43.0028101],[6.3728464,43.0026928],[6.3729584,43.0026807],[6.3730518,43.0026055],[6.3729563,43.0025557],[6.3731333,43.0025297],[6.3732465,43.0022751],[6.3732191,43.0022052],[6.3731707,43.0021302],[6.3731236,43.0020559],[6.3730486,43.0019902],[6.3728906,43.0019069],[6.3727303,43.0018534],[6.3725989,43.0018181],[6.3724559,43.0017888],[6.372412,43.0018485],[6.372313,43.0018048],[6.372261,43.0018804],[6.3720182,43.0019176],[6.3717194,43.0019238],[6.3715222,43.0021476],[6.3712952,43.0021889],[6.3710994,43.0020795],[6.3710162,43.0019677],[6.3708987,43.0018869],[6.3707238,43.0018657],[6.3706195,43.0019327],[6.370599,43.0020611],[6.3704995,43.0022166],[6.3705077,43.0023967],[6.370454,43.0024567],[6.3704434,43.0025938],[6.3703778,43.0025549],[6.3701504,43.002629],[6.3698654,43.0025263],[6.369626,43.0025163],[6.3694847,43.0025956],[6.3692968,43.0024851],[6.3691735,43.0024762],[6.36904,43.002431],[6.3689951,43.0023718],[6.3689149,43.0023778],[6.3686858,43.0020993],[6.3688454,43.0021343],[6.3688853,43.002048],[6.3688701,43.0019355],[6.3689787,43.0018286],[6.3692062,43.0018161],[6.3691758,43.0016313],[6.3692755,43.0014995],[6.3692507,43.0013589],[6.36909,43.0010523],[6.369726,43.0013043],[6.36997,43.0013556],[6.3703073,43.0014683],[6.3700886,43.0012271],[6.3701944,43.0011356],[6.3701535,43.0010068],[6.3702059,43.0009813],[6.3700976,43.000748],[6.3699504,43.0007104],[6.369983,43.0005555],[6.3703127,43.0007559],[6.3703577,43.0007254],[6.3701873,43.0005833],[6.3701492,43.0001421],[6.3703303,43.0001695],[6.3702513,42.9999762],[6.3700669,42.9998519],[6.3698669,42.9996698],[6.3701082,42.9995743],[6.3699987,42.9995524],[6.3699227,42.9994552],[6.36988,42.9993102],[6.370158,42.9993253],[6.3701449,42.9992549],[6.3699563,42.9992338],[6.3698661,42.99911],[6.3698549,42.9989775],[6.369985,42.9989325],[6.3700768,42.9988053],[6.3702455,42.9987576],[6.370134,42.9986969],[6.3702092,42.998638],[6.3701873,42.9985358],[6.3701267,42.998457],[6.3703407,42.998394],[6.3704134,42.9980893],[6.3704975,42.9980689],[6.3705362,42.9979854],[6.3706114,42.9980342],[6.3707124,42.9979772],[6.370756,42.9978816],[6.3710936,42.997954],[6.371381,42.9981513],[6.3714743,42.9982821],[6.3714638,42.9983549],[6.3715491,42.9983734],[6.3717388,42.9986056],[6.3717632,42.9984717],[6.3718283,42.9984061],[6.3717593,42.9982283],[6.3719787,42.9984005],[6.3720608,42.9983692],[6.3720899,42.9982406],[6.3720164,42.9981627],[6.372022,42.998062],[6.3721241,42.9980636],[6.3725592,42.9982578],[6.3727119,42.9981391],[6.3723117,42.9979702],[6.3725605,42.9978661],[6.3724071,42.9978428],[6.3725447,42.9977856],[6.3724812,42.9977337],[6.3726044,42.997685],[6.3725504,42.997624],[6.3727035,42.997516],[6.3726679,42.9974826],[6.3727591,42.9974369],[6.3724819,42.9973683],[6.3727416,42.9972697],[6.3726658,42.9971728],[6.3725517,42.9972091],[6.3724818,42.9971315],[6.3723535,42.9971593],[6.3723078,42.997089],[6.3724799,42.9970567],[6.3725705,42.9969455],[6.3724845,42.9968641],[6.3723217,42.996932],[6.37239,42.9968144],[6.3722727,42.9965733],[6.3720069,42.9966739],[6.3718861,42.9965301],[6.3719737,42.9961866],[6.372062,42.9961841],[6.3720114,42.9960608],[6.3723015,42.9957815],[6.372388,42.9957843],[6.3724355,42.9957432],[6.3724518,42.9957499],[6.3724662,42.9958044],[6.3725596,42.9958066],[6.3725476,42.9960835],[6.3726219,42.9960714],[6.3728063,42.9957878],[6.372871,42.9957917],[6.372879,42.9956982],[6.3730019,42.9955976],[6.3731382,42.9956809],[6.3734445,42.995773],[6.3735837,42.9958991],[6.3733753,42.9959574],[6.3735479,42.9960577],[6.3735443,42.9964154],[6.3735815,42.996577],[6.3737863,42.9965154],[6.3737804,42.9967139],[6.373855,42.9967009],[6.3739434,42.9966105],[6.3739192,42.9964885],[6.374096,42.9964128],[6.3743366,42.9965438],[6.3745532,42.9968018],[6.3745609,42.9969926],[6.3746787,42.9972063],[6.3747765,42.9972118],[6.3749523,42.9973259],[6.3751037,42.9972436],[6.3751054,42.9973978],[6.375167,42.9973654],[6.3752433,42.997392],[6.3753794,42.9973364],[6.3755835,42.9973048],[6.3755025,42.9969737],[6.3757121,42.9970408],[6.3758666,42.9969677],[6.3759356,42.9973193],[6.3760597,42.9971664],[6.3761235,42.9972355],[6.3761576,42.9970812],[6.3763133,42.9973314],[6.376283,42.9974027],[6.3763557,42.9974932],[6.3764927,42.9974799],[6.3765821,42.9974557],[6.3766715,42.9975279],[6.376707,42.997451],[6.3767691,42.9974747],[6.3768097,42.9974388],[6.3769072,42.9974514],[6.3769512,42.9973381],[6.3770969,42.9973516],[6.3771023,42.9972548],[6.377272,42.9972138],[6.3774873,42.9972937],[6.3774357,42.997502],[6.377616,42.9975918],[6.3776878,42.9976839],[6.3777088,42.9979261],[6.3778375,42.9981491],[6.3780409,42.9980922],[6.3781963,42.9979881],[6.3782762,42.9980242],[6.3782962,42.9979674],[6.3784216,42.9979869],[6.3784273,42.9978242],[6.378595,42.9980533],[6.3787028,42.9979725],[6.3787819,42.9979566],[6.3787462,42.9978175],[6.3788041,42.997774],[6.3787978,42.9976905],[6.3789408,42.9976077],[6.3790955,42.9975917],[6.3792742,42.997637],[6.3792483,42.9979259],[6.3794396,42.9979109],[6.3794618,42.9977331],[6.3796332,42.9978385],[6.3797092,42.997767],[6.3799505,42.9977322],[6.3800609,42.9977934],[6.3802049,42.9977285],[6.380485,42.9977726],[6.3805064,42.9978127],[6.3805828,42.9977722],[6.3807819,42.9977713],[6.3806599,42.9977384],[6.3806492,42.9976054],[6.3807415,42.9975566],[6.3807723,42.9975961],[6.3811361,42.9976303],[6.3811389,42.9975362],[6.3812137,42.9974403],[6.3815116,42.9974238],[6.3818756,42.9975443],[6.3818863,42.9977096],[6.3818324,42.9978137],[6.3819996,42.9978727],[6.3820712,42.9978199],[6.3821322,42.9979082],[6.382277,42.997958],[6.3823571,42.9978754],[6.3822761,42.9978131],[6.3823293,42.9977245],[6.3824658,42.9977429],[6.3825663,42.9978226],[6.3827063,42.9977009],[6.3827481,42.9976475],[6.3828696,42.9976164],[6.3830078,42.9975205],[6.3831212,42.9975562],[6.3832442,42.9974798],[6.3834187,42.997484],[6.3835214,42.9974076],[6.3835421,42.9975035],[6.3834711,42.997646],[6.3834973,42.9978075],[6.3834444,42.9979532],[6.3836044,42.9979651],[6.3837609,42.9978255],[6.3839639,42.9978612],[6.3840735,42.9979213],[6.3841441,42.9979015],[6.3842941,42.9980646],[6.3843555,42.9980438],[6.3842818,42.9977236],[6.384565,42.9978572],[6.3848052,42.9978506],[6.3849255,42.9979717],[6.3850316,42.9979667],[6.3852005,42.998081],[6.3853443,42.9983179],[6.3854641,42.9982623],[6.3857655,42.9982664],[6.3857426,42.9980405],[6.3859757,42.998313],[6.3861665,42.9983187],[6.3862187,42.9982634],[6.38627,42.9982944],[6.3864099,42.9982465],[6.3866146,42.9984283],[6.3868541,42.9983465],[6.3869332,42.9983939],[6.3870014,42.9983853],[6.3871276,42.9985384],[6.3872211,42.9985214],[6.3873073,42.9984139],[6.387272,42.9982],[6.3873734,42.9982635],[6.3874194,42.9982467],[6.3875296,42.9982266],[6.3875863,42.9981816],[6.3876098,42.9982551],[6.3876633,42.9982562],[6.3877458,42.9981535],[6.3878459,42.9981779],[6.3880666,42.9980491],[6.3884514,42.9980602],[6.3886022,42.9979307],[6.3887073,42.9980757],[6.3887729,42.9979577],[6.3889338,42.9979576],[6.3889894,42.9979806],[6.3890129,42.9979189],[6.3890993,42.9980003],[6.3891597,42.9979528],[6.3891709,42.9978495],[6.389287,42.9977787],[6.3893687,42.9976521],[6.3894287,42.9977059],[6.3894543,42.9976013],[6.3895401,42.9976523],[6.3895618,42.9974818],[6.3896446,42.9975469],[6.3896798,42.9976415],[6.3897939,42.9976462],[6.3898299,42.9976428],[6.3898856,42.9975692],[6.3899731,42.9975975],[6.3900458,42.9975521],[6.3900468,42.9975131],[6.3899851,42.9974588],[6.3899792,42.9974268],[6.3900165,42.997418],[6.3900918,42.9974667],[6.3901321,42.9974287],[6.3900794,42.9973981],[6.3900956,42.9972829],[6.3902191,42.9972487],[6.3901089,42.9971501],[6.3899199,42.9970983],[6.3898637,42.9970075],[6.389943,42.996951],[6.389978,42.9968665],[6.3900572,42.9968307],[6.390067,42.9967287],[6.3901482,42.996661],[6.3902238,42.9964925],[6.3901221,42.9964249],[6.39016,42.9963185],[6.3903452,42.9962581],[6.3905649,42.9961546],[6.3904996,42.9960557],[6.3906214,42.9959891],[6.3907002,42.9961081],[6.3908728,42.9963308],[6.3910602,42.9962077],[6.3909008,42.9959147],[6.3908302,42.9957877],[6.3909641,42.9956986],[6.3908603,42.9956801],[6.3907442,42.995458],[6.3906623,42.9953921],[6.3906767,42.9952033],[6.390866,42.9950758],[6.3912483,42.9949225],[6.3913951,42.9951815],[6.3916379,42.9950641],[6.3919091,42.9951808],[6.3925876,42.9955932],[6.3926314,42.995582],[6.3926359,42.9955024],[6.3927216,42.9955534],[6.3927556,42.9954783],[6.3928474,42.9954789],[6.3929291,42.9955629],[6.3930721,42.9954644],[6.3930796,42.9953209],[6.3931862,42.9954281],[6.3932534,42.9954399],[6.3933261,42.9955697],[6.3937563,42.9955589],[6.3940822,42.9954451],[6.3942174,42.9955137],[6.3941753,42.9953212],[6.394352,42.995442],[6.3943907,42.9953394],[6.3947274,42.9954044],[6.3946431,42.9951884],[6.3947944,42.995235],[6.3949655,42.9951645],[6.3946833,42.9949685],[6.3948045,42.9949598],[6.3947863,42.9948267],[6.3948494,42.994825],[6.3947293,42.9947092],[6.39472,42.9945897],[6.3946321,42.9945129],[6.3947876,42.9944861],[6.3947264,42.9943658],[6.3949371,42.9944624],[6.394832,42.994295],[6.394967,42.9942672],[6.3948427,42.9938405],[6.3949647,42.9938298],[6.3950247,42.9937038],[6.3949118,42.9936669],[6.3949206,42.993503],[6.3947867,42.9933823],[6.3948907,42.9933567],[6.3948643,42.9932627],[6.3950183,42.9932061],[6.3951417,42.9929939],[6.3953142,42.9930852],[6.3953735,42.993027],[6.3960248,42.9934285],[6.3961376,42.9935629],[6.3962899,42.9935432],[6.3963249,42.9934201],[6.3964805,42.9933511],[6.3964787,42.9932438],[6.3966007,42.9932408],[6.3966563,42.9930803],[6.3970031,42.9928619],[6.3972089,42.9928925],[6.3975157,42.9930581],[6.397704,42.9932662],[6.3977942,42.993505],[6.3978769,42.9936572],[6.3979546,42.9936292],[6.3981242,42.9938435],[6.3982124,42.9938561],[6.3983141,42.9940332],[6.3982184,42.9941227],[6.398364,42.9943346],[6.3985459,42.9943402],[6.3986662,42.994281],[6.3987004,42.9943793],[6.3988798,42.9944038],[6.3990097,42.9942358],[6.3990535,42.9944029],[6.3990381,42.9945826],[6.3993646,42.9946469],[6.3997456,42.9943794],[6.3998987,42.9944193],[6.4000771,42.9946784],[6.4001792,42.9947322],[6.4002419,42.9948958],[6.4003416,42.9948909],[6.4003626,42.9945493],[6.4004778,42.9946331],[6.4005367,42.9948164],[6.4006053,42.9948052],[6.4006265,42.9949243],[6.4009791,42.9948078],[6.4011715,42.9944333],[6.4012776,42.9945092],[6.40138,42.9947211],[6.4017105,42.994618],[6.4017199,42.9944832],[6.4016431,42.9942782],[6.4017836,42.9943491],[6.4018896,42.9941976],[6.4020047,42.9941813],[6.4021566,42.994003],[6.4022724,42.9941059],[6.4023743,42.9939057],[6.4024343,42.9935758],[6.4025437,42.993454],[6.4028525,42.9936868],[6.4027861,42.9938982],[6.4028601,42.9944361],[6.4028675,42.9945724],[6.403052,42.9946693],[6.4031837,42.9944408],[6.4033392,42.9948172],[6.4033249,42.9949286],[6.4032918,42.9949672],[6.403441,42.9950634],[6.4035656,42.9952937],[6.4038379,42.9954312],[6.4040059,42.9952684],[6.4040952,42.9953163],[6.4041918,42.9952651],[6.4042326,42.9954882],[6.404463,42.9955565],[6.404735,42.9958085],[6.4048228,42.9960203],[6.4048231,42.9962115],[6.4051435,42.9962316],[6.4051659,42.9961003],[6.4052696,42.9960538],[6.4053653,42.9960933],[6.4054691,42.9962361],[6.4056665,42.9962871],[6.4055598,42.9961436],[6.4055614,42.9959461],[6.4057096,42.9961736],[6.4058232,42.9962535],[6.4058487,42.9961362],[6.4057781,42.9960118],[6.4058044,42.9959179],[6.4059439,42.995805],[6.4061089,42.9957862],[6.4061464,42.9957103],[6.4063794,42.9958677],[6.4064794,42.9955695],[6.4066117,42.9957374],[6.4067415,42.9958332],[6.406841,42.9961923],[6.4069792,42.9968995],[6.4071877,42.997501],[6.4075534,42.997955],[6.4076776,42.9982222],[6.4079113,42.9986947],[6.4082566,42.9991358],[6.4083824,42.9993037],[6.4084564,42.9992807],[6.4085532,42.9993959],[6.4087681,42.9994481],[6.4091305,42.9998887],[6.4094756,43.0000051],[6.4096815,43.0002751],[6.4096875,43.0004498],[6.4099899,43.0010008],[6.4098452,43.0011013],[6.4096659,43.0009901],[6.4095589,43.0012517],[6.4095449,43.0015314],[6.4096761,43.0017697],[6.4098002,43.0017633],[6.4102314,43.002039],[6.4103301,43.002014],[6.4104252,43.0021157],[6.410503,43.0021112],[6.4109167,43.0023439],[6.4109122,43.0021916],[6.411027,43.0020495],[6.4114623,43.002355],[6.4116825,43.002422],[6.4118344,43.0025492],[6.4120256,43.0026349],[6.4125346,43.0027286],[6.4123763,43.0028158],[6.4123091,43.0028814],[6.4125249,43.0030454],[6.4127197,43.0030683],[6.4130472,43.0030274],[6.4130511,43.0029314],[6.4130662,43.0028892],[6.4132118,43.002847],[6.4133586,43.0029507],[6.4134948,43.0026865],[6.4136298,43.0027482],[6.4136786,43.0031355],[6.4136953,43.0034462],[6.4132435,43.0033063],[6.413249,43.0036546],[6.4135743,43.0041607],[6.413546,43.0042863],[6.413679,43.0043452],[6.4137833,43.004309],[6.4138297,43.0044186],[6.413854,43.0043058],[6.4140432,43.0042272],[6.4140982,43.0043308],[6.4140009,43.0044463],[6.4141769,43.004479],[6.4143098,43.0043188],[6.4145831,43.0043331],[6.4147167,43.0045342],[6.414907,43.0048794],[6.4152277,43.0052093],[6.4156021,43.0059908],[6.4155358,43.0060725],[6.4157207,43.0061164],[6.4158328,43.0060178],[6.4159962,43.0060069],[6.4160921,43.0063186],[6.4162398,43.0064196],[6.4163245,43.0064601],[6.4163895,43.006452],[6.4166655,43.0067206],[6.4169047,43.0067328],[6.4170455,43.0066945],[6.4172677,43.0070803],[6.4173985,43.0069864],[6.4175504,43.0069823],[6.4176108,43.0071278],[6.4177131,43.0072786],[6.417862,43.0075578],[6.4179049,43.0078864],[6.4180635,43.0080628],[6.4182445,43.0080295],[6.4183422,43.0084002],[6.4184075,43.0085552],[6.4185455,43.0087371],[6.4187002,43.0090257],[6.4188941,43.0093444],[6.4190031,43.0095415],[6.4190813,43.0098874],[6.4192235,43.0098948],[6.4193071,43.0101085],[6.4192851,43.0101862],[6.4194134,43.0104296],[6.4195581,43.010496],[6.4195478,43.0106127],[6.4197375,43.0110958],[6.4198091,43.0109623],[6.4198831,43.0110557],[6.4198741,43.0112624],[6.4199832,43.0114313],[6.4200735,43.0115571],[6.4201691,43.0118479],[6.4202215,43.0119957],[6.420212,43.0120882],[6.4202653,43.0122049],[6.4202577,43.0123258],[6.4202692,43.0124605],[6.4203351,43.0125401],[6.4203981,43.0127514],[6.4205339,43.0128835],[6.4205478,43.013064],[6.4205913,43.0131606],[6.4206194,43.0133081],[6.4206672,43.0134157],[6.4207643,43.0137083],[6.4208562,43.0139677],[6.4207543,43.0139955],[6.4205925,43.0140024],[6.4204935,43.0139615],[6.4203691,43.0139813],[6.4203454,43.0139087],[6.4202773,43.0139143],[6.4202195,43.0138789],[6.4201741,43.0139189],[6.419992,43.0138543],[6.4199142,43.0137654],[6.4198511,43.0137348],[6.419848,43.0136751],[6.4198363,43.0138183],[6.4193366,43.0133533],[6.4192841,43.0133725],[6.4190904,43.0132354],[6.4189851,43.0130509],[6.4189815,43.0129993],[6.4190084,43.0128023],[6.4189805,43.0127193],[6.4188785,43.0127231],[6.4187912,43.0126908],[6.418735,43.012649],[6.4185879,43.0126627],[6.4184816,43.0125036],[6.4183988,43.0125656],[6.4182775,43.0125327],[6.4179468,43.0122893],[6.417841,43.012024],[6.4178457,43.0119384],[6.4176959,43.0121237],[6.4176283,43.0121176],[6.4174717,43.0121362],[6.4173497,43.0120736],[6.4173105,43.0119953],[6.417235,43.0119264],[6.4170581,43.0118923],[6.417013,43.011865],[6.4169749,43.011893],[6.4167998,43.0117617],[6.416586,43.0116231],[6.4163687,43.0114827],[6.4162693,43.0113846],[6.4161568,43.0113302],[6.4160359,43.0111731],[6.416006,43.0110496],[6.4160462,43.0109202],[6.4161099,43.0108424],[6.4160294,43.0107084],[6.4159352,43.0106998],[6.4158114,43.0105357],[6.4156644,43.0104412],[6.4154855,43.0102449],[6.4154182,43.0100881],[6.4152882,43.0100151],[6.4152474,43.0099535],[6.4152198,43.0098719],[6.4151943,43.0098492],[6.4151325,43.0097007],[6.4150309,43.0096065],[6.4149186,43.0095694],[6.4147319,43.0095382],[6.4145243,43.0095165],[6.4143803,43.0095047],[6.4140489,43.0095525],[6.413612,43.0093598],[6.4134437,43.0093055],[6.4134097,43.0092545],[6.4132923,43.0092122],[6.4132112,43.0091845],[6.4130882,43.0091403],[6.4130004,43.0091058],[6.4129511,43.0090374],[6.4129314,43.0090379],[6.4127812,43.0090472],[6.4126578,43.0090664],[6.4123792,43.0091347],[6.4121227,43.0092034],[6.4120618,43.0092181],[6.4119206,43.0093142],[6.4117857,43.009445],[6.4116603,43.0096267],[6.4116889,43.0096544],[6.4117526,43.0096875],[6.4119102,43.0101778],[6.4124432,43.0107148],[6.4124789,43.0108982],[6.4123588,43.0110491],[6.4121825,43.0110957],[6.4119086,43.0110903],[6.4117322,43.0111808],[6.4117697,43.0116994],[6.4117172,43.0122015],[6.4118673,43.0122179],[6.4120661,43.0123524],[6.4120545,43.0125851],[6.4119423,43.0128161],[6.4120545,43.0129368],[6.4121975,43.0129944],[6.4122377,43.013121],[6.4127187,43.0131628],[6.4129271,43.0132965],[6.4128637,43.0136946],[6.4126265,43.0139245],[6.4127985,43.0140638],[6.4131517,43.0140838],[6.4134853,43.0141966],[6.4137809,43.0148832],[6.4143089,43.0155485],[6.4144496,43.0156883],[6.4143892,43.015789],[6.4142688,43.0158561],[6.4141932,43.0159156],[6.4142559,43.0161318],[6.4141015,43.0161045],[6.414172,43.0162175],[6.4141246,43.0164962],[6.4139715,43.0164211],[6.4139486,43.0164412],[6.4137933,43.0162345],[6.4136899,43.016422],[6.4137506,43.0166462],[6.4138293,43.0167866],[6.4137684,43.0170605],[6.4135249,43.0168964],[6.4134733,43.0169259],[6.4130421,43.0167765],[6.412914,43.0165753],[6.4128512,43.0165427],[6.4128611,43.0166469],[6.4129211,43.0167755],[6.4129198,43.0169798],[6.4130618,43.0172603],[6.4129357,43.0172295],[6.4127833,43.0173326],[6.4126604,43.0172441],[6.4125826,43.0172804],[6.4124398,43.0172489],[6.4122283,43.0171342],[6.4119676,43.0172088],[6.4118488,43.0171225],[6.4117526,43.0171332],[6.4116866,43.0170835],[6.4115948,43.0171644],[6.4113973,43.0171206],[6.411253,43.0171171],[6.4110753,43.0170705],[6.4109771,43.0170596],[6.4108705,43.0169931],[6.4108165,43.0170482],[6.4104806,43.017046],[6.4104141,43.0170127],[6.4102925,43.0171185],[6.4100888,43.0170539],[6.4100353,43.0169581],[6.4098977,43.0169937],[6.4097477,43.0169451],[6.4097405,43.017084],[6.409509,43.0170404],[6.4094778,43.0170755],[6.4091684,43.0169999],[6.408929,43.0169857],[6.4087872,43.0170283],[6.4086415,43.0170083],[6.4085584,43.0171294],[6.4087132,43.0172387],[6.408864,43.017303],[6.4089861,43.0173486],[6.4090856,43.017466],[6.409127,43.0175959],[6.4093114,43.0176266],[6.4095006,43.017728],[6.4095298,43.0177715],[6.4096429,43.0178454],[6.4096847,43.01791],[6.4097725,43.0180109],[6.4098754,43.0179991],[6.4100002,43.0180994],[6.4101144,43.0182103],[6.4101843,43.0184524],[6.4102522,43.0185682],[6.410332,43.0186628],[6.4103526,43.0187415],[6.4103979,43.018913],[6.4104039,43.0190109],[6.4103947,43.0190743],[6.4103789,43.0191273],[6.4103485,43.0192596],[6.4102668,43.0193215],[6.4101469,43.0193337],[6.4099763,43.0192956],[6.4098275,43.0192932],[6.4097648,43.0194465],[6.4097007,43.0192566],[6.4096609,43.0192271],[6.4095333,43.0191193],[6.4094938,43.01918],[6.4094082,43.019111],[6.4093655,43.0191126],[6.4093768,43.0193005],[6.4092617,43.0192691],[6.4091822,43.0191262],[6.4091856,43.0190465],[6.4091095,43.0190717],[6.4091037,43.0191258],[6.4091039,43.0191676],[6.4091654,43.019258],[6.4090523,43.019224],[6.4089543,43.0191039],[6.408922,43.0191206],[6.4090103,43.0194317],[6.4090386,43.0196457],[6.409067,43.019777],[6.4090801,43.0198964],[6.4091096,43.0199917],[6.4090982,43.0200385],[6.4090868,43.0200601],[6.4090613,43.0200841],[6.4090358,43.0200856],[6.4090023,43.0200277],[6.4089782,43.0200076],[6.408952,43.0199228],[6.4089236,43.0198622],[6.4089234,43.0197599],[6.4088895,43.0196994],[6.4088741,43.0194866],[6.4088122,43.0193365],[6.4088673,43.0191129],[6.4087664,43.0189654],[6.4087041,43.0188155],[6.4086805,43.0186455],[6.4087046,43.018556],[6.4087212,43.0184363],[6.4087569,43.0183363],[6.4084664,43.0185025],[6.4082628,43.0183722],[6.4081133,43.0181646],[6.4079838,43.0180732],[6.4079794,43.0179306],[6.4077993,43.0179742],[6.4076772,43.0179238],[6.4076103,43.0179447],[6.4075177,43.0177982],[6.4074301,43.0179207],[6.4073611,43.0179266],[6.4072695,43.0178684],[6.4071329,43.0180992],[6.4069687,43.018083],[6.4063889,43.0179477],[6.4063679,43.0177555],[6.4062947,43.0177473],[6.4062588,43.0176713],[6.406313,43.0175679],[6.4061573,43.0175985],[6.4061128,43.0175449],[6.4061158,43.0174289],[6.4059516,43.0173051],[6.4058491,43.0173326],[6.4057831,43.0174752],[6.4056349,43.0176244],[6.4055356,43.017563],[6.4053802,43.0176012],[6.40526,43.0174832],[6.4050948,43.0173926],[6.4049534,43.0172605],[6.4048879,43.0172745],[6.4047363,43.0171371],[6.4046504,43.0170718],[6.4045439,43.0170291],[6.4044461,43.0169401],[6.404412,43.0168168],[6.4043368,43.0167738],[6.4042998,43.0168101],[6.4042886,43.0169058],[6.4043375,43.0170784],[6.404181,43.0168956],[6.4041369,43.0169804],[6.4040403,43.0170286],[6.4038705,43.0168823],[6.4037282,43.0168311],[6.4036258,43.0167265],[6.4036286,43.0166291],[6.4037694,43.0165534],[6.4035531,43.0163439],[6.4032587,43.0160466],[6.4030771,43.015776],[6.4030543,43.0156042],[6.4029363,43.0155803],[6.4028779,43.0155708],[6.4028211,43.0156643],[6.4026997,43.0157272],[6.4025843,43.0157563],[6.4024774,43.0156754],[6.4023715,43.0158748],[6.4023261,43.0159991],[6.402352,43.0161642],[6.4022981,43.0162133],[6.4021927,43.016264],[6.4022325,43.0164203],[6.4021566,43.0164456],[6.4022034,43.0165147],[6.4021267,43.0165066],[6.4021495,43.0165977],[6.4021042,43.0167647],[6.4021241,43.0169372],[6.4020616,43.0169829],[6.4019756,43.0169411],[6.4019096,43.0169432],[6.401788,43.0168955],[6.401719,43.0169723],[6.4015656,43.0168527],[6.4015026,43.0168783],[6.401344,43.0167286],[6.401292,43.0167304],[6.4011836,43.0165976],[6.4009175,43.0164186],[6.4008779,43.0162274],[6.4007409,43.0161561],[6.4006463,43.0159887],[6.400605,43.0157935],[6.4006877,43.0157274],[6.4005952,43.0156297],[6.400646,43.0155637],[6.4006936,43.0153528],[6.4006182,43.0152938],[6.4006425,43.0151283],[6.4005076,43.0151239],[6.4004052,43.0152046],[6.400258,43.0151739],[6.4001158,43.0152268],[6.4001526,43.0150774],[6.4000633,43.0151171],[6.3999397,43.0151618],[6.3997803,43.0151711],[6.3996226,43.0151565],[6.3994897,43.015149],[6.3993181,43.0151368],[6.3992432,43.0152251],[6.3990781,43.0152709],[6.398895,43.0152603],[6.3987372,43.0152824],[6.3986626,43.0152053],[6.3985476,43.0152086],[6.39842,43.0150026],[6.3983751,43.0149619],[6.3983785,43.0148822],[6.3983723,43.0148323],[6.3981901,43.0148235],[6.3981593,43.0149178],[6.3982123,43.0150492],[6.3981319,43.0150466],[6.3979948,43.0149531],[6.3979272,43.0149914],[6.3977488,43.0148103],[6.3976726,43.0147679],[6.397569,43.0148206],[6.3975343,43.0148901],[6.3973252,43.0148367],[6.397266,43.0147239],[6.397179,43.0146255],[6.3970668,43.0146611],[6.3970162,43.0146048],[6.3969268,43.014764],[6.3967764,43.0146831],[6.3966944,43.0145425],[6.3965122,43.014509],[6.3964411,43.0144194],[6.3964865,43.0143158],[6.3963787,43.0142945],[6.3962761,43.014233],[6.3960922,43.0141892],[6.3960452,43.0142285],[6.3960261,43.0141573],[6.3959547,43.0140656],[6.3958001,43.013991],[6.3957463,43.0138961],[6.3956475,43.0138386],[6.3955326,43.0137659],[6.3954094,43.0136879],[6.3952641,43.0136266],[6.395071,43.0134879],[6.3950026,43.0135286],[6.3949426,43.0136326],[6.3948446,43.0137068],[6.394864,43.0138033],[6.3948171,43.0138925],[6.3947111,43.013882],[6.3946763,43.0139677],[6.3945386,43.0139908],[6.3945011,43.0139565],[6.3942785,43.0140236],[6.3942151,43.0142993],[6.3940579,43.0142542],[6.3941055,43.014501],[6.3940216,43.0144719],[6.3939713,43.0146585],[6.3937315,43.0146175],[6.3936093,43.0145229],[6.393604,43.0144487],[6.3934983,43.0144178],[6.3934578,43.0144727],[6.3934278,43.0144179],[6.3933927,43.0143868],[6.3933403,43.0142932],[6.3933656,43.0142674],[6.3932554,43.0142151],[6.3932002,43.0142804],[6.3931208,43.0143333],[6.3930975,43.0142367],[6.3930179,43.0142351],[6.3929967,43.0141859],[6.3929604,43.0141141],[6.3929829,43.0139327],[6.3928732,43.0139417],[6.3927803,43.013999],[6.3927731,43.0141662],[6.3927291,43.0142373],[6.3926243,43.0141364],[6.3925608,43.0142242],[6.3925338,43.0141346],[6.3924743,43.0140856],[6.3924536,43.0139325],[6.3924069,43.0138447],[6.392355,43.0138009],[6.3923026,43.0136971],[6.3922594,43.013561],[6.3922898,43.0134864],[6.3922641,43.013474],[6.3921308,43.0135477],[6.392134,43.0133848],[6.3920725,43.0134069],[6.3920605,43.0133485],[6.392101,43.0133263],[6.3921198,43.013281],[6.3921797,43.0132832],[6.3923449,43.0131926],[6.3925311,43.0131759],[6.392681,43.0131384],[6.3927401,43.0130125],[6.3927317,43.0128663],[6.3926797,43.0127256],[6.3926133,43.0125595],[6.3924789,43.0124214],[6.3923703,43.0123011],[6.3922598,43.0122233],[6.3921053,43.0123143],[6.3920227,43.0122761],[6.3917927,43.0121963],[6.3917502,43.0120963],[6.3915663,43.0120454],[6.391412,43.0119041],[6.3913875,43.0117685],[6.3913848,43.0117047],[6.3913074,43.0116408],[6.391123,43.0116153],[6.3910592,43.0117266],[6.3909206,43.0116934],[6.3908146,43.0115599],[6.3904868,43.0115923],[6.3904368,43.0117207],[6.3903946,43.0118836],[6.3902681,43.0119991],[6.3901872,43.0121695],[6.39005,43.0122846],[6.389968,43.0122501],[6.3898224,43.0123417],[6.3896482,43.0123543],[6.3895991,43.0123157],[6.3895578,43.0123669],[6.3893424,43.012404],[6.3892726,43.0123778],[6.389189,43.0124067],[6.3890964,43.0124323],[6.3886748,43.0124092],[6.3883572,43.0123429],[6.3883077,43.0123761],[6.387734,43.0123148],[6.3877894,43.0124927],[6.3877998,43.0127213],[6.3877081,43.0127796],[6.3875869,43.0129255],[6.3873628,43.0128113],[6.3872915,43.0128382],[6.3873056,43.0131224],[6.3871846,43.0131318],[6.3870792,43.0132446],[6.3869877,43.0132681],[6.3869154,43.0131938],[6.3867355,43.0132458],[6.3865882,43.0131734],[6.3865643,43.0130926],[6.3864794,43.0131198],[6.3864351,43.0132602],[6.3862091,43.0132729],[6.3860602,43.0132048],[6.3859453,43.0133466],[6.3857884,43.0132442],[6.3857054,43.0131388],[6.3856411,43.0131274],[6.3854432,43.0129702],[6.3853603,43.0131036],[6.3851952,43.0130463],[6.3851058,43.0130897],[6.3850378,43.0130126],[6.38491,43.0130303],[6.384931,43.0132403],[6.3849711,43.013468],[6.3849265,43.0135477],[6.3848997,43.0135929],[6.3848158,43.0136058],[6.3848034,43.0136437],[6.3848323,43.0136891],[6.3847595,43.0137329],[6.3847398,43.0138219],[6.3846422,43.013865],[6.3845663,43.0138708],[6.384525,43.0139217],[6.384476,43.014077],[6.3843953,43.0139792],[6.3843472,43.0139583],[6.3842455,43.0139274],[6.3842015,43.0138732],[6.3841479,43.0138047],[6.3841124,43.0137068],[6.3839854,43.0137142],[6.3839225,43.0137993],[6.3839227,43.013957],[6.3837605,43.0137998],[6.3837055,43.013794],[6.383669,43.0137453],[6.3835893,43.0138967],[6.383487,43.0140093],[6.3833814,43.0139092],[6.3833486,43.0138539],[6.3833974,43.0137204],[6.3833447,43.0137106],[6.3832868,43.0137906],[6.3832242,43.0137825],[6.3831984,43.0136687],[6.3832117,43.0135482],[6.3831602,43.0135501],[6.3831116,43.0134872],[6.3830607,43.0136082],[6.3830259,43.0135443],[6.383044,43.0134233],[6.3830079,43.0133676],[6.3830326,43.0133345],[6.3829339,43.0132713],[6.3829273,43.0131616],[6.3828828,43.0131407],[6.3829233,43.0130613],[6.3829075,43.0129608],[6.3829582,43.0129221],[6.3829423,43.0128649],[6.3827479,43.0127514],[6.382805,43.0127043],[6.3827464,43.0125492],[6.382697,43.0124199],[6.382602,43.0124036],[6.3825471,43.0124419],[6.3824504,43.0124248],[6.3824485,43.0125137],[6.3823631,43.0123318],[6.3823151,43.012289],[6.3822593,43.0124382],[6.3822095,43.0123894],[6.382117,43.0121849],[6.3820319,43.0121261],[6.3819799,43.0120451],[6.3818618,43.011894],[6.3817779,43.0117581],[6.3816992,43.0117173],[6.3816762,43.011594],[6.3815311,43.0115051],[6.3815062,43.0114372],[6.3814463,43.0114259],[6.381403,43.0113418],[6.381342,43.0113364],[6.3812924,43.0113304],[6.3812054,43.0111967],[6.3810924,43.011217],[6.3810131,43.0112143],[6.3809701,43.0111621],[6.3809219,43.0112114],[6.3808517,43.011166],[6.3809757,43.0111192],[6.3809294,43.0110248],[6.380749,43.0109943],[6.3807071,43.011072],[6.3806571,43.0110585],[6.3805986,43.0109713],[6.3805507,43.01094],[6.3805186,43.0109838],[6.3804365,43.0108895],[6.3803875,43.0108868],[6.3802195,43.0107283],[6.3801856,43.0107553],[6.3800644,43.0106749],[6.3800285,43.0106937],[6.3799135,43.0106413],[6.3798175,43.0105501],[6.3797629,43.0104884],[6.3797446,43.0103622],[6.3799127,43.0102296],[6.3800599,43.010293],[6.3802633,43.0101458],[6.3803753,43.0100753],[6.3804309,43.0100832],[6.3805856,43.010013],[6.3807204,43.0100194],[6.3807673,43.0099975],[6.3808566,43.0099914],[6.3809373,43.0099535],[6.3810011,43.009921],[6.3810594,43.0098892],[6.3811449,43.0098463],[6.3812193,43.0099189],[6.3812046,43.0099297],[6.3812542,43.0099841],[6.3813843,43.0099802],[6.3816122,43.009887],[6.3815533,43.00979],[6.3814886,43.0096781]]}},{"type":"Feature","properties":{},"geometry":{"type":"LineString","coordinates":[[6.3683843,43.0183648],[6.368163,43.0184334],[6.3680781,43.0184762],[6.3680528,43.0184449],[6.3679915,43.0184557],[6.3678417,43.0184156],[6.3678294,43.0183279],[6.367765,43.0183303],[6.3677172,43.018349],[6.3676082,43.0183208],[6.3675808,43.0183549],[6.3675429,43.0183487],[6.3675026,43.0183634],[6.3674813,43.0183158],[6.3674364,43.0182995],[6.3672268,43.0183117],[6.3671693,43.0182816],[6.3671321,43.018227],[6.3671151,43.0182438],[6.3671266,43.0183002],[6.3670487,43.0183513],[6.3670043,43.0182468],[6.3669588,43.0182617],[6.36693,43.0182352],[6.3669758,43.0182071],[6.3669795,43.0181842],[6.3670294,43.0181966],[6.3670436,43.0181781],[6.3669618,43.0181129],[6.3668782,43.0180988],[6.3668299,43.018129],[6.3667793,43.0181242],[6.3666827,43.0181674],[6.366677,43.0180814],[6.3665985,43.0180852],[6.3665838,43.0180573],[6.3664662,43.0180758],[6.3663578,43.0180569],[6.3663236,43.0180856],[6.3662509,43.0180399],[6.3661516,43.0180605],[6.3661803,43.018104],[6.3661381,43.0181302],[6.3660984,43.0180767],[6.3660748,43.0180898],[6.3660458,43.0180615],[6.3660284,43.0180725],[6.3659017,43.0179729],[6.3658518,43.0179984],[6.3657974,43.0179946],[6.3657917,43.0180261],[6.3657615,43.0180386],[6.3657101,43.0180215],[6.3657126,43.0179825],[6.3656862,43.0179153],[6.3655983,43.0179128],[6.365586,43.0178649],[6.3655296,43.0178508],[6.3654911,43.0179318],[6.3654203,43.0178964],[6.3653967,43.0178329],[6.3653608,43.0178171],[6.36534,43.0178539],[6.3653057,43.0178608],[6.3653215,43.0179057],[6.3652695,43.0180146],[6.3652975,43.0180666],[6.3652767,43.0180853],[6.3651435,43.0181195],[6.3650848,43.0181689],[6.365034,43.0181812],[6.3649956,43.0181665],[6.3649554,43.0181063],[6.3648844,43.0182027],[6.3648552,43.0181895],[6.3648471,43.0181273],[6.3648289,43.0181251],[6.3647907,43.018171],[6.3647482,43.0181536],[6.3647334,43.0181247],[6.3646563,43.0180726],[6.364604,43.0180811],[6.364631,43.0181578],[6.3645876,43.0182427],[6.3645385,43.0182217],[6.3645128,43.0181658],[6.3644863,43.0181744],[6.3644494,43.0182211],[6.3645204,43.0182991],[6.3644832,43.0183222],[6.3644494,43.0183954],[6.3643976,43.0183546],[6.3644286,43.0182967],[6.3643808,43.0183354],[6.364387,43.0182925],[6.3643465,43.0183243],[6.3643269,43.0183202],[6.3643282,43.0183013],[6.3642847,43.0182877],[6.3642609,43.0182592],[6.3642714,43.018165],[6.3642543,43.0181609],[6.3642204,43.0181943],[6.3641997,43.0181932],[6.3641051,43.0181492],[6.3640728,43.0181106],[6.3640638,43.0179556],[6.3640082,43.0179358],[6.3639533,43.0178857],[6.3638954,43.0178697],[6.3638365,43.0178775],[6.3637882,43.0179077],[6.3637636,43.0179645],[6.3637809,43.0180112],[6.3637412,43.0180742],[6.3636332,43.0181377],[6.3635861,43.0181281],[6.3635468,43.0181399],[6.3635328,43.0181224],[6.3635634,43.0180588],[6.363557,43.0180211],[6.3635172,43.0180046],[6.3635038,43.0179586],[6.3634569,43.0179528],[6.3634017,43.0180352],[6.3634079,43.0181667],[6.3633684,43.0182325],[6.3633106,43.0182365],[6.3632924,43.0182731],[6.3632547,43.0182309],[6.3632099,43.0182164],[6.3631866,43.0182542],[6.3631018,43.0182998],[6.3629677,43.0185718],[6.3628933,43.0185801],[6.3628619,43.0185348],[6.3628767,43.0184074],[6.3628594,43.0183616],[6.362799,43.0183467],[6.362779,43.0182982],[6.3627403,43.0183166],[6.3627281,43.0183095],[6.3626585,43.0181936],[6.3626799,43.0181663],[6.3627242,43.0181732],[6.3627559,43.0181636],[6.3627499,43.0180748],[6.3628145,43.0179597],[6.3627301,43.0179703],[6.3626698,43.0179374],[6.3625139,43.0179222],[6.3624524,43.0178913],[6.3624526,43.0178553],[6.3624351,43.0178445],[6.3623376,43.0178726],[6.3623101,43.0178481],[6.3622724,43.0178428],[6.3622443,43.0177898],[6.3622526,43.0177601],[6.3622001,43.0177658],[6.3621702,43.0177423],[6.3621242,43.0177506],[6.3620176,43.0176426],[6.3620071,43.0176013],[6.361984,43.017622],[6.3619573,43.01757],[6.3619208,43.0175646],[6.3619019,43.0175331],[6.3618509,43.0175226],[6.361839,43.0174615],[6.3618111,43.0174303],[6.3618394,43.0173705],[6.3618311,43.0173225],[6.3618162,43.0173127],[6.3617936,43.0173419],[6.3616826,43.0172635],[6.3616961,43.0172346],[6.3617574,43.0172248],[6.3617963,43.0171874],[6.361787,43.0171461],[6.3617553,43.0171159],[6.3617635,43.0170058],[6.3617075,43.0169027],[6.3617261,43.0168518],[6.3617954,43.0168266],[6.3619078,43.0167307],[6.3620228,43.0166943],[6.3621575,43.016681],[6.3616747,43.0165458],[6.3616359,43.0165245],[6.3616742,43.0164985],[6.361643,43.0164768],[6.3615288,43.0164866],[6.3614403,43.0164557],[6.3613326,43.0164482],[6.3613608,43.0164055],[6.361348,43.016388],[6.3612565,43.0163704],[6.3612218,43.0163347],[6.3611733,43.0163232],[6.3611587,43.0162982],[6.3611688,43.0162751],[6.3611378,43.0162554],[6.3611316,43.0162215],[6.361063,43.0161794],[6.3610111,43.0161756],[6.3610319,43.016119],[6.3609591,43.0160922],[6.3609032,43.0161255],[6.360868,43.0161192],[6.3608205,43.0161427],[6.3607398,43.0161134],[6.3607059,43.0160691],[6.3607264,43.0160475],[6.3608113,43.0160435],[6.3608152,43.0160245],[6.3607487,43.0159378],[6.3606962,43.0160013],[6.360581,43.0159391],[6.3605593,43.0159418],[6.3605105,43.0158877],[6.3604952,43.0158124],[6.3604827,43.0156831],[6.3604963,43.0156741],[6.3605204,43.0156884],[6.3605222,43.0156571],[6.3605889,43.0156509],[6.3605876,43.0155922],[6.3606266,43.0155775],[6.3606554,43.0155244],[6.3606501,43.0154839],[6.3606698,43.015469],[6.3606181,43.0154292],[6.3606007,43.0153436],[6.3605345,43.0153573],[6.3605144,43.0153846],[6.3604522,43.0153622],[6.3604414,43.0154118],[6.3604125,43.0154441],[6.3602672,43.0153944],[6.3602588,43.0153066],[6.3601936,43.0152767],[6.360171,43.015306],[6.3601187,43.0153164],[6.3600846,43.0152882],[6.3600891,43.0152398],[6.360015,43.0151733],[6.3600318,43.0151158],[6.3599692,43.0150291],[6.359974,43.0150043],[6.3599285,43.0149595],[6.359887,43.014764],[6.3598911,43.0147089],[6.3599291,43.0146981],[6.3599029,43.0145759],[6.3599179,43.0145687],[6.3599629,43.0145851],[6.3600083,43.0145692],[6.3600836,43.0146148],[6.3601145,43.0145749],[6.3600607,43.0145607],[6.3600387,43.0144829],[6.3600045,43.0144737],[6.3600034,43.0143989],[6.3600381,43.0143967],[6.360048,43.0143708],[6.360069,43.0143767],[6.3600735,43.0143462],[6.3600956,43.0143303],[6.3601649,43.0143429],[6.3602314,43.0143339],[6.360271,43.0143657],[6.3603179,43.0143346],[6.3602767,43.0142385],[6.3602404,43.0142171],[6.3602348,43.0141917],[6.3601821,43.0141747],[6.3601362,43.0141062],[6.3601287,43.0140326],[6.3601598,43.0140154],[6.3602086,43.0140496],[6.3602331,43.0140308],[6.3601243,43.0139078],[6.3600735,43.0139011],[6.3600957,43.0138671],[6.3601492,43.0138756],[6.360182,43.0139019],[6.360183,43.0138791],[6.3601472,43.0138444],[6.3601643,43.0137917],[6.3601893,43.0137596],[6.3602329,43.0137552],[6.3602662,43.0137322],[6.3602734,43.0137054],[6.3602304,43.0136605],[6.3601682,43.0136571],[6.3601199,43.0136295],[6.3600671,43.0135139],[6.3600829,43.0134991],[6.360114,43.0135018],[6.3600946,43.0134438],[6.3600396,43.0133918],[6.359912,43.0134143],[6.3598275,43.0134638],[6.3598268,43.0134136],[6.3597548,43.0133603],[6.359763,43.0133098],[6.3597829,43.0132977],[6.3597043,43.0131452],[6.3597292,43.0131112],[6.3597857,43.0131262],[6.3597972,43.0130472],[6.3597545,43.0129691],[6.3597651,43.0129527],[6.3599073,43.0129561],[6.3598937,43.0129272],[6.3598181,43.0128968],[6.3598303,43.0128471],[6.3599014,43.0128493],[6.3599465,43.0128278],[6.35998,43.0128474],[6.3600039,43.0128371],[6.360085,43.0129109],[6.3600603,43.0128114],[6.3600862,43.0127943],[6.3600933,43.0127448],[6.3601411,43.0127658],[6.3601634,43.0127518],[6.3601447,43.0126644],[6.3601702,43.0126407],[6.3601065,43.012518],[6.3601496,43.0124284],[6.3602138,43.0124232],[6.3602502,43.0124854],[6.360303,43.0125034],[6.3604837,43.012619],[6.3604913,43.0126548],[6.3605835,43.0126249],[6.3605937,43.0126047],[6.3605109,43.0125622],[6.3604016,43.0124335],[6.3603865,43.012381],[6.3603952,43.0123362],[6.3604659,43.0122939],[6.3605124,43.0122164],[6.3605926,43.0122192],[6.3605837,43.0121438],[6.3606398,43.0121332],[6.3606469,43.0121055],[6.3606933,43.012084],[6.360654,43.0120371],[6.3607479,43.0119939],[6.360781,43.0120249],[6.3608156,43.0120218],[6.3608286,43.0119844],[6.3607844,43.0119216],[6.3606434,43.0118774],[6.3606453,43.0118489],[6.3606217,43.0118431],[6.3605362,43.0118576],[6.3605039,43.0118379],[6.3604527,43.0118435],[6.3603068,43.0118241],[6.3601445,43.0117324],[6.360116,43.011633],[6.3599862,43.0115647],[6.3599782,43.0114826],[6.3599908,43.0114585],[6.3600324,43.0114636],[6.3601302,43.0115169],[6.360173,43.0115012],[6.3602039,43.011538],[6.3602532,43.0115419],[6.3602843,43.0115645],[6.3603291,43.0115572],[6.3604323,43.0116349],[6.360459,43.0116093],[6.3604367,43.0115656],[6.360338,43.0115171],[6.3603012,43.0114492],[6.3602004,43.0114083],[6.360183,43.0114184],[6.3601088,43.011351],[6.3600973,43.0113135],[6.3600638,43.0113147],[6.3600126,43.0112635],[6.3599947,43.0111884],[6.3600457,43.011179],[6.3600564,43.0111066],[6.3600201,43.0110852],[6.3599617,43.0110807],[6.3599325,43.0111064],[6.3599005,43.0110914],[6.3599168,43.0109487],[6.3599673,43.0109895],[6.3600065,43.0109976],[6.3599571,43.0108763],[6.3599908,43.0108391],[6.3600293,43.0108547],[6.3600472,43.0108342],[6.3600211,43.0107707],[6.360059,43.0107978],[6.3600671,43.0107444],[6.3600017,43.0105952],[6.3599102,43.0105597],[6.3599233,43.0105043],[6.3599455,43.0104883],[6.3599309,43.0103468],[6.359961,43.0102955],[6.3599943,43.0102915],[6.3600823,43.0103527],[6.3601116,43.0103081],[6.3601569,43.0103103],[6.360163,43.0102854],[6.3601412,43.0102493],[6.3600905,43.0102426],[6.3599955,43.0100764],[6.3599942,43.0100575],[6.360047,43.0100168],[6.3600888,43.0099272],[6.3600756,43.0098652],[6.3600917,43.0097765],[6.3600728,43.0097459],[6.3600284,43.009757],[6.3600169,43.0098161],[6.3599446,43.0098936],[6.3598472,43.0099236],[6.3598275,43.0098997],[6.3598322,43.0097754],[6.3598822,43.0097329],[6.3598721,43.0096973],[6.359918,43.0095715],[6.3600137,43.0095359],[6.3600223,43.0094712],[6.3599995,43.0094578],[6.3599591,43.0093749],[6.3599209,43.0094407],[6.3598289,43.0094933],[6.3598717,43.0095164],[6.3598556,43.0095454],[6.359812,43.0095498],[6.3597897,43.0095828],[6.3597036,43.0094732],[6.3596759,43.009387],[6.3597308,43.0093197],[6.3597846,43.009314],[6.35979,43.0092977],[6.3596696,43.009195],[6.3596791,43.0091435],[6.3597655,43.0090845],[6.3597619,43.0090505],[6.359669,43.0090889],[6.3595923,43.0090593],[6.3595645,43.0091064],[6.359535,43.0091074],[6.3595055,43.0091702],[6.3593821,43.0092016],[6.3593151,43.0091878],[6.3593097,43.0091584],[6.3593392,43.0091457],[6.3593258,43.0090643],[6.3592802,43.0090446],[6.3592158,43.0090594],[6.3591836,43.009025],[6.3592105,43.0089878],[6.3591836,43.0089603],[6.359193,43.0089132],[6.3592266,43.0089172],[6.3592601,43.0089015],[6.3592614,43.0088789],[6.3592561,43.0088505],[6.3592641,43.0088083],[6.3592802,43.0088044],[6.3593218,43.008822],[6.3593539,43.0088213],[6.3593095,43.0087495],[6.3592386,43.0086914],[6.3592092,43.0086186],[6.3592392,43.0084678],[6.3592065,43.0082872],[6.3592286,43.0082712],[6.3592899,43.0082804],[6.3593443,43.0082443],[6.3594398,43.0082826],[6.3594844,43.0083331],[6.3594944,43.0084057],[6.3595361,43.0084695],[6.3596222,43.0085223],[6.359745,43.0086609],[6.3597869,43.0086499],[6.3598572,43.0086019],[6.3598706,43.0085693],[6.359821,43.0085625],[6.3597382,43.00852],[6.3597379,43.008341],[6.3598006,43.0083132],[6.3598112,43.0082787],[6.3598601,43.0082959],[6.35988,43.0082848],[6.3598937,43.0082199],[6.3599673,43.0082002],[6.3599807,43.0081694],[6.3600347,43.0081656],[6.3599148,43.0081291],[6.3598297,43.0081303],[6.3597996,43.0081049],[6.3598313,43.0080583],[6.3599249,43.008107],[6.3599852,43.0080812],[6.3600924,43.0081029],[6.3601467,43.0081814],[6.3602446,43.0082177],[6.3603031,43.0081455],[6.3602692,43.0080833],[6.3602886,43.0080646],[6.3602455,43.0079989],[6.3602766,43.0079419],[6.360315,43.0079756],[6.3603112,43.0080164],[6.3603444,43.0080105],[6.3603603,43.0079787],[6.3603361,43.0079255],[6.3603754,43.0078948],[6.3605397,43.0079779],[6.3605407,43.0080319],[6.3605666,43.0080338],[6.3606063,43.0080096],[6.3606183,43.0079562],[6.3606752,43.0079001],[6.3606141,43.007855],[6.3606123,43.0078086],[6.3604985,43.0077852],[6.3603873,43.0077049],[6.3603983,43.0076761],[6.3604427,43.0076849],[6.3605151,43.0076085],[6.3606079,43.007626],[6.3607953,43.007766],[6.3608244,43.0077574],[6.3608357,43.0077134],[6.3609173,43.0076603],[6.3608384,43.0076186],[6.3607614,43.0074898],[6.3607225,43.0074675],[6.360798,43.0074193],[6.360819,43.0074242],[6.3608285,43.0073737],[6.3608579,43.0073499],[6.3608623,43.0072995],[6.3607782,43.0072571],[6.3606805,43.0071091],[6.3606136,43.0071115],[6.3605234,43.0070749],[6.3605109,43.0070034],[6.360669,43.0069162],[6.3606802,43.0068723],[6.3607309,43.0068582],[6.360818,43.0069052],[6.3608616,43.0068629],[6.3609037,43.0068756],[6.3609419,43.0068667],[6.3609662,43.0068829],[6.3610429,43.0070657],[6.3610623,43.0070859],[6.3611022,43.0070844],[6.3611097,43.0070226],[6.3611447,43.0069664],[6.361119,43.0069295],[6.3611799,43.0068941],[6.3612096,43.0069148],[6.3612321,43.0068837],[6.3613009,43.0068708],[6.3613351,43.0068999],[6.3613772,43.0068918],[6.3613552,43.0068339],[6.3613638,43.0067881],[6.3614178,43.0067653],[6.3614238,43.0067395],[6.3613757,43.0066958],[6.3613895,43.006574],[6.3614474,43.006571],[6.3614427,43.006539],[6.3614982,43.006501],[6.3615597,43.006513],[6.3615572,43.0065529],[6.3615855,43.0065519],[6.3616039,43.0065379],[6.3615756,43.0065001],[6.3615924,43.0064616],[6.3617127,43.0064658],[6.36172,43.00644],[6.3617842,43.0064737],[6.3618041,43.0064625],[6.3618074,43.0064151],[6.361696,43.006312],[6.3616792,43.006253],[6.3617073,43.0062491],[6.3617747,43.0062732],[6.3618998,43.0062517],[6.3619917,43.0061982],[6.3619769,43.0061694],[6.3619225,43.0061666],[6.3618968,43.0062073],[6.3618654,43.0062008],[6.3617657,43.0061571],[6.3616261,43.0060569],[6.3616359,43.0060301],[6.3617591,43.0061156],[6.3618451,43.0061286],[6.3618185,43.0060983],[6.3617564,43.0060759],[6.3617033,43.0059765],[6.3616306,43.0059308],[6.3616707,43.0058943],[6.3617521,43.0059331],[6.3617787,43.0059842],[6.3619412,43.0059822],[6.3619821,43.005958],[6.3618297,43.0058782],[6.3618455,43.0058445],[6.361808,43.0058041],[6.3618107,43.0057671],[6.3618997,43.0057667],[6.3619085,43.0057437],[6.3617991,43.00567],[6.3618032,43.0056357],[6.3616992,43.0054879],[6.3617347,43.0054601],[6.3616207,43.0053951],[6.3616225,43.0053637],[6.361672,43.0053705],[6.3618305,43.0054444],[6.3619007,43.0054144],[6.3619639,43.005413],[6.3620194,43.0053751],[6.3620722,43.0053931],[6.362156,43.0053901],[6.3622424,43.0054485],[6.3622902,43.0054288],[6.3622876,43.0053901],[6.3623302,43.0053705],[6.362253,43.0052398],[6.3622349,43.0051618],[6.3622673,43.0050868],[6.3622813,43.0049669],[6.3623696,43.0047809],[6.3624346,43.0046915],[6.3624662,43.0046818],[6.3625724,43.0046875],[6.3626104,43.0047145],[6.3626276,43.0047613],[6.3625663,43.0048279],[6.3625942,43.004879],[6.3625857,43.0049446],[6.3626257,43.004964],[6.3626834,43.0049402],[6.3626966,43.0049624],[6.3627324,43.0049583],[6.3627635,43.004979],[6.3627941,43.0049352],[6.3628023,43.0048071],[6.3628179,43.0047885],[6.3628051,43.0047511],[6.3628577,43.0046886],[6.3628516,43.0045969],[6.362902,43.0045591],[6.3629011,43.004526],[6.3628444,43.004528],[6.3627939,43.0044863],[6.3627882,43.0044202],[6.3628346,43.0043617],[6.3628025,43.0043439],[6.3628545,43.0042151],[6.362943,43.0041883],[6.3630101,43.004129],[6.3631705,43.0041148],[6.3631138,43.0044066],[6.3631581,43.0044135],[6.3631825,43.004354],[6.3632113,43.0043406],[6.3632371,43.0043795],[6.3633022,43.0044065],[6.3633004,43.0045931],[6.3634099,43.0045324],[6.363474,43.0045253],[6.3634371,43.0044177],[6.3635511,43.0042498],[6.3635682,43.0042549],[6.3635756,43.0043266],[6.3636258,43.004267],[6.36364,43.0042854],[6.3638075,43.0040303],[6.3638347,43.0040322],[6.3638861,43.004126],[6.3638774,43.0041689],[6.3639155,43.0042376],[6.3639469,43.0042242],[6.3639961,43.0041306],[6.3640116,43.0041309],[6.3639982,43.0042195],[6.364022,43.0042082],[6.3640588,43.0041217],[6.364076,43.0041286],[6.3640804,43.004156],[6.3640519,43.0042697],[6.3640715,43.0042737],[6.3641114,43.0041368],[6.3641322,43.0041389],[6.3641232,43.0042937],[6.3640565,43.0043197],[6.3640518,43.0043455],[6.3641009,43.0043854],[6.3640668,43.0044557],[6.3641348,43.0045452],[6.3641319,43.0045794],[6.3640632,43.0046131],[6.3640607,43.004653],[6.3641157,43.004705],[6.3641104,43.0047402],[6.3641338,43.0047621],[6.3640928,43.0049606],[6.3641359,43.0049685],[6.3642094,43.00491],[6.3642685,43.004905],[6.3643845,43.004826],[6.3644328,43.0048726],[6.3644295,43.0049778],[6.364505,43.0050073],[6.3645086,43.0050224],[6.3644152,43.0051697],[6.3643532,43.0052278],[6.3642485,43.005205],[6.3642153,43.0052299],[6.3641667,43.0052373],[6.3641463,43.0052788],[6.364156,43.0053277],[6.3641118,43.0053615],[6.3640769,43.005323],[6.3640248,43.0053343],[6.36395,43.0052972],[6.363946,43.0053712],[6.3639213,43.005427],[6.3638943,43.005429],[6.3638711,43.0055454],[6.364009,43.0055811],[6.3640602,43.0056522],[6.3641035,43.005663],[6.3641421,43.0056995],[6.364212,43.005858],[6.3642662,43.0058769],[6.3642919,43.0059138],[6.3642875,43.0060617],[6.3643192,43.006072],[6.364364,43.0060467],[6.364394,43.0060522],[6.3643958,43.006002],[6.364423,43.005983],[6.3644706,43.0060002],[6.3644879,43.006047],[6.364561,43.0060595],[6.3646073,43.0060957],[6.3645915,43.006208],[6.3645435,43.0062041],[6.3645276,43.0062369],[6.3644614,43.0062497],[6.3645087,43.0063199],[6.3646446,43.0063454],[6.3646881,43.0066308],[6.3646357,43.0066772],[6.3646548,43.0067504],[6.3646235,43.0068226],[6.3645913,43.0068625],[6.3645223,43.0068726],[6.3645049,43.0069016],[6.3645869,43.0069318],[6.3646093,43.0069973],[6.3646414,43.0069943],[6.3647011,43.006941],[6.3647708,43.0069802],[6.3647972,43.0070465],[6.3647344,43.0071122],[6.3647568,43.0071767],[6.3647401,43.0072171],[6.3646996,43.0072479],[6.3646546,43.0072117],[6.3645879,43.0072377],[6.3645596,43.0072965],[6.3645015,43.0073536],[6.3645024,43.0073867],[6.3644611,43.0074649],[6.3644805,43.007504],[6.364589,43.0075436],[6.3645882,43.0075891],[6.3646151,43.007626],[6.364672,43.0075691],[6.3647377,43.0076453],[6.364725,43.0077064],[6.3647623,43.0077619],[6.3647586,43.0079202],[6.3647253,43.0079233],[6.3646301,43.0078888],[6.3646235,43.0079061],[6.3646683,43.0079395],[6.3647805,43.0079573],[6.364772,43.0081006],[6.3647193,43.0081622],[6.3646997,43.0081591],[6.3646737,43.0080984],[6.364565,43.0081128],[6.3645237,43.0081322],[6.3645821,43.0081946],[6.3645377,43.0082445],[6.364528,43.0082931],[6.3644593,43.0083467],[6.364377,43.0083516],[6.3642679,43.0084569],[6.36418,43.0084941],[6.364061,43.0086253],[6.3640123,43.0087464],[6.3640469,43.00882],[6.3641113,43.0088186],[6.3641997,43.0088476],[6.364225,43.008878],[6.3642251,43.0089377],[6.3642808,43.0089404],[6.3643261,43.0089624],[6.3643677,43.0089467],[6.3643932,43.0089818],[6.3644588,43.0090164],[6.3645356,43.0090079],[6.3646572,43.0091078],[6.3647086,43.009105],[6.3647724,43.0090752],[6.3648989,43.0090943],[6.3649348,43.0091489],[6.3649203,43.0092016],[6.3649338,43.0092115],[6.3649848,43.0091632],[6.3650965,43.0092123],[6.3652663,43.0092431],[6.3653118,43.0092083],[6.3653503,43.009206],[6.3653834,43.0092181],[6.3653824,43.0092607],[6.3654366,43.0092408],[6.3655087,43.009277],[6.3655519,43.0093257],[6.3656094,43.0093558],[6.3656417,43.0094134],[6.3656114,43.0094429],[6.3654704,43.0094385],[6.365418,43.0094659],[6.3655524,43.0094687],[6.3657063,43.0095124],[6.3657249,43.0097523],[6.3656634,43.0097204],[6.3656328,43.009803],[6.3655702,43.0098516],[6.3655296,43.0098427],[6.3654993,43.0097936],[6.3654239,43.009747],[6.3654154,43.009717],[6.3653365,43.009753],[6.365325,43.0098131],[6.3652916,43.0098342],[6.3652624,43.0097841],[6.3652123,43.009748],[6.3652202,43.0097126],[6.3651538,43.0097425],[6.3649606,43.0096708],[6.3649534,43.0097175],[6.3649895,43.0097361],[6.3649546,43.0098131],[6.3648892,43.0098003],[6.3648032,43.0098072],[6.3647854,43.0097141],[6.364759,43.0097245],[6.3647205,43.0098054],[6.36467,43.0097836],[6.3645727,43.0096791],[6.3645188,43.0096649],[6.364468,43.009716],[6.3644313,43.0099787],[6.3644026,43.0100309],[6.3642622,43.0099772],[6.3642425,43.0099533],[6.3642154,43.0099922],[6.3641446,43.0099171],[6.3641256,43.0099234],[6.364092,43.0099028],[6.3639576,43.0097457],[6.3639263,43.0097411],[6.3638925,43.0097755],[6.3639238,43.0098577],[6.363904,43.0098897],[6.3639297,43.0099267],[6.3639893,43.0099492],[6.3640049,43.0099713],[6.3639658,43.009985],[6.3638995,43.009977],[6.3638447,43.0100263],[6.3637524,43.0100173],[6.3636957,43.0100364],[6.3636515,43.0101289],[6.3636688,43.0101766],[6.36366,43.0102177],[6.3637417,43.010281],[6.3637268,43.0103299],[6.3638109,43.0103524],[6.363775,43.0104522],[6.3636926,43.0104353],[6.3636828,43.010483],[6.3637516,43.010507],[6.3637398,43.0106012],[6.3638213,43.010585],[6.3638272,43.0106739],[6.3638951,43.0106856],[6.3638774,43.0107109],[6.3638024,43.0107268],[6.3637502,43.0107581],[6.3637798,43.0108536],[6.3637362,43.0109158],[6.3637568,43.0110306],[6.3637888,43.0110456],[6.3639764,43.0110341],[6.3640155,43.0110583],[6.3640789,43.0110607],[6.3640421,43.0111284],[6.3639936,43.0111557],[6.3640693,43.011169],[6.3641087,43.0111203],[6.364122,43.0111264],[6.3641852,43.0112236],[6.3641979,43.0113169],[6.364259,43.0113431],[6.3642509,43.0114145],[6.3641985,43.0115376],[6.3642262,43.0115659],[6.3643191,43.0116052],[6.3643908,43.0116926],[6.3643933,43.0117304],[6.3643439,43.01188],[6.3643685,43.011881],[6.3644414,43.0117742],[6.3644803,43.0117766],[6.3644862,43.0117887],[6.3643859,43.0119874],[6.3644612,43.012032],[6.3644426,43.0120819],[6.364392,43.0121169],[6.3643409,43.0121244],[6.3643067,43.0120954],[6.3643372,43.0120507],[6.3643323,43.0120158],[6.3642492,43.0120273],[6.3642172,43.0120512],[6.3642181,43.0122188],[6.3641855,43.0123109],[6.3642124,43.0123848],[6.3642062,43.0124665],[6.3642428,43.0124926],[6.3642904,43.0125875],[6.3642626,43.0126548],[6.3643189,43.0126859],[6.3643882,43.0126209],[6.3644346,43.0126003],[6.3645008,43.0126074],[6.3645333,43.012629],[6.3645735,43.0126133],[6.364672,43.0126382],[6.3647935,43.0126405],[6.3648966,43.0126008],[6.3649873,43.0125862],[6.3650476,43.0126001],[6.3651023,43.0126455],[6.3651028,43.0126919],[6.3650584,43.0127815],[6.3650089,43.0127559],[6.3648922,43.0127856],[6.3648853,43.0128181],[6.3649453,43.0128472],[6.3649436,43.0128596],[6.3648831,43.0128617],[6.3647424,43.0128232],[6.3647353,43.0128329],[6.3648389,43.0129154],[6.3648231,43.0129501],[6.3647644,43.0129408],[6.3646727,43.0129005],[6.3646439,43.0129129],[6.3645752,43.0128908],[6.3645073,43.0129178],[6.3644025,43.0128941],[6.3643329,43.0128957],[6.3643092,43.0129079],[6.3643104,43.0129448],[6.3644428,43.0130149],[6.3645255,43.0130934],[6.3647204,43.0131318],[6.3647801,43.0131752],[6.3647841,43.0132167],[6.36483,43.0132851],[6.364797,43.0132929],[6.3647463,43.0132692],[6.3647314,43.0132773],[6.3647175,43.0133005],[6.364746,43.0133999],[6.3646625,43.0134057],[6.364701,43.0134413],[6.3646636,43.0135194],[6.3647572,43.0135681],[6.3647256,43.0135976],[6.3647381,43.0136105],[6.3648844,43.0136563],[6.3649189,43.0136892],[6.3650379,43.0137115],[6.365268,43.0136018],[6.3653734,43.0135952],[6.3653934,43.0136039],[6.3653943,43.0136371],[6.3653211,43.0137013],[6.3652684,43.0137231],[6.3653287,43.0137569],[6.365275,43.0138611],[6.3652947,43.0138661],[6.3653565,43.0137862],[6.365384,43.0137738],[6.3653948,43.0138],[6.3653747,43.0138462],[6.3654479,43.0138018],[6.3654829,43.0138233],[6.3654829,43.0138622],[6.365513,43.0138885],[6.3656056,43.0138435],[6.3658065,43.0140314],[6.3657908,43.014067],[6.365731,43.0140986],[6.3657124,43.0141295],[6.3657124,43.0141883],[6.3657429,43.0142004],[6.3659077,43.0141159],[6.3659242,43.0141314],[6.3659102,43.0141736],[6.3659299,43.0142363],[6.3660052,43.0141853],[6.3660405,43.0142115],[6.3660899,43.0142154],[6.366111,43.0142421],[6.3661718,43.0142437],[6.3661131,43.0143709],[6.3661266,43.0143799],[6.3661623,43.0143719],[6.366207,43.0143268],[6.3662277,43.0143857],[6.3663155,43.0144043],[6.3663555,43.014347],[6.3664598,43.0143243],[6.366479,43.0143606],[6.3665572,43.014371],[6.3665868,43.0143898],[6.3665898,43.0144541],[6.3666875,43.0145065],[6.3666683,43.014528],[6.3666076,43.0145463],[6.3665966,43.014614],[6.3667407,43.0146656],[6.3668787,43.0146635],[6.3669624,43.0146984],[6.3669823,43.014727],[6.3669919,43.0148517],[6.3670248,43.0148988],[6.3670753,43.0149017],[6.3671047,43.014877],[6.3671833,43.014895],[6.3672225,43.0149599],[6.3671988,43.0150299],[6.3671619,43.0150776],[6.3672664,43.0151544],[6.3672653,43.0151753],[6.367301,43.0151891],[6.3672849,43.0152759],[6.3672995,43.0153019],[6.3673314,43.015296],[6.3673513,43.0152461],[6.3674049,43.0152185],[6.367452,43.0151496],[6.3674679,43.0151557],[6.3674533,43.0152462],[6.3674782,43.0152718],[6.3675202,43.015185],[6.3675684,43.0151341],[6.3676254,43.0150013],[6.367666,43.0150302],[6.3676203,43.0151568],[6.3676143,43.0152612],[6.3676677,43.0152877],[6.367676,43.0154892],[6.3677092,43.0155221],[6.3676901,43.0156222],[6.3677393,43.0156451],[6.3677321,43.0157107],[6.3678009,43.0157366],[6.3677752,43.0158351],[6.3678295,43.0158928],[6.367795,43.0160153],[6.3678249,43.0160369],[6.367827,43.0160691],[6.3678604,43.0160849],[6.3677763,43.0162565],[6.3677995,43.0162945],[6.3677676,43.0163771],[6.3678007,43.0163902],[6.3678558,43.0163266],[6.367911,43.0163417],[6.3679313,43.0163163],[6.3679924,43.0163416],[6.3679968,43.0163689],[6.3680685,43.0163995],[6.3680777,43.0164209],[6.3680529,43.0164559],[6.3681875,43.0165193],[6.3682175,43.0165817],[6.3681951,43.0166327],[6.3680602,43.0165845],[6.3680331,43.0167389],[6.3681069,43.0167428],[6.3680956,43.0169412],[6.3680044,43.0169085],[6.3679823,43.0169453],[6.3678226,43.0168733],[6.3677704,43.0169804],[6.3677727,43.0170722],[6.3678188,43.0171254],[6.3678309,43.0172093],[6.3679604,43.0172937],[6.3679656,43.0173134],[6.3680036,43.0173224],[6.3680651,43.0172956],[6.3681039,43.017297],[6.3682009,43.017358],[6.3681714,43.0174765],[6.3682393,43.0175659],[6.3682184,43.0176974],[6.3682566,43.0177083],[6.3683284,43.0176631],[6.3683717,43.017654],[6.3684101,43.0176677],[6.3684197,43.0176769],[6.3683844,43.0177084],[6.368424,43.0177998],[6.368409,43.0178458],[6.3684242,43.0178993],[6.3685243,43.0179677],[6.3686075,43.017995],[6.3686447,43.0180306],[6.3686471,43.0180674],[6.3684786,43.0182686],[6.3683843,43.0183648]]}},{"type":"Feature","properties":{},"geometry":{"type":"LineString","coordinates":[[6.3950058,42.9869887],[6.3950335,42.9869685],[6.3950667,42.9869894],[6.3951501,42.9870071],[6.3951466,42.9870384],[6.3951882,42.9870299],[6.3952109,42.9870903],[6.395195,42.9871766],[6.3951797,42.9872037],[6.395213,42.987219],[6.395207,42.987255],[6.3951574,42.9873213],[6.3951628,42.9873571],[6.3951936,42.9873924],[6.3951716,42.9874376],[6.3951947,42.9876909],[6.3951601,42.9877897],[6.3951695,42.9878593],[6.3952221,42.9879143],[6.3952741,42.9878584],[6.3952862,42.9877848],[6.3953573,42.9876892],[6.3953716,42.9876253],[6.3954558,42.9875961],[6.3955374,42.9875722],[6.3956177,42.9874812],[6.3956612,42.9874957],[6.3956874,42.9874237],[6.3957503,42.9873312],[6.395801,42.9873356],[6.3958224,42.9874207],[6.3958836,42.9873614],[6.3959437,42.9873445],[6.3959721,42.9873834],[6.3960365,42.9873877],[6.3960714,42.9874395],[6.3960724,42.9874776],[6.3961222,42.987538],[6.3961848,42.9875762],[6.3961633,42.9876225],[6.3961781,42.9876608],[6.396154,42.9876804],[6.3961862,42.9877697],[6.3961703,42.9878096],[6.3960977,42.9878188],[6.396059,42.9878108],[6.3960923,42.9879581],[6.3961517,42.9880678],[6.3962358,42.9881072],[6.3963417,42.9880738],[6.3964128,42.9880885],[6.3964665,42.9881445],[6.3964429,42.9881882],[6.396472,42.9882652],[6.3965807,42.9883819],[6.3966298,42.9885345],[6.3967886,42.9887557],[6.3967568,42.9888268],[6.3967801,42.9889085],[6.3968725,42.9890013],[6.3967964,42.9893217],[6.3967119,42.9893587],[6.3964685,42.9891508],[6.3963818,42.9892061],[6.3962042,42.9890994],[6.3960261,42.9890372],[6.3959569,42.9889413],[6.3958153,42.9888823],[6.3957388,42.9888624],[6.3956883,42.9888847],[6.3957153,42.9889423],[6.3957999,42.988997],[6.3958911,42.9890794],[6.3958791,42.9891107],[6.3958308,42.9891137],[6.3956698,42.988997],[6.3956648,42.9890965],[6.3956006,42.9891296],[6.39556,42.9892324],[6.3953202,42.9894682],[6.3951736,42.9894404],[6.3952501,42.9893737],[6.3951803,42.9893197],[6.3950945,42.9893069],[6.3948893,42.9891333],[6.3949564,42.9890476],[6.3947914,42.9889126],[6.394735,42.9889257],[6.3946984,42.9889558],[6.3946439,42.9889518],[6.3946908,42.988917],[6.3946674,42.9888984],[6.3946312,42.9888935],[6.3945795,42.9889092],[6.3944233,42.9888532],[6.3943448,42.9888503],[6.394196,42.9888076],[6.3942,42.9887772],[6.3943126,42.9887546],[6.3943586,42.988688],[6.3941691,42.9886266],[6.394043,42.9885745],[6.3939814,42.9884976],[6.3939345,42.9884849],[6.3938513,42.9884437],[6.3937896,42.9883515],[6.3938808,42.9883122],[6.393909,42.9882857],[6.393795,42.9881356],[6.3937612,42.9881425],[6.3936971,42.9880915],[6.3937279,42.9880326],[6.3936877,42.9880307],[6.3936377,42.9879265],[6.3937333,42.9878884],[6.3938218,42.9878923],[6.3938687,42.9878296],[6.3938124,42.9877795],[6.3937387,42.9878021],[6.3936904,42.9877442],[6.3936448,42.9877226],[6.3935643,42.9876589],[6.3935536,42.9876167],[6.3935905,42.9876064],[6.3936294,42.9876162],[6.3936414,42.9875706],[6.3936045,42.9875706],[6.3935958,42.9875573],[6.3936816,42.9875247],[6.3938245,42.987573],[6.3938305,42.9876245],[6.3938627,42.987653],[6.393917,42.9876569],[6.393972,42.9876893],[6.3939921,42.9877354],[6.3941505,42.987789],[6.3942249,42.987746],[6.3944053,42.9878275],[6.3945582,42.9879367],[6.3946667,42.9879659],[6.3947686,42.9880267],[6.394774,42.9879855],[6.3946,42.987771],[6.3946063,42.9877589],[6.394662,42.9877795],[6.3947123,42.9878394],[6.3948508,42.9878903],[6.3948276,42.9877521],[6.3947271,42.9876751],[6.3946841,42.9874264],[6.3945916,42.9874195],[6.3945846,42.9873789],[6.394668,42.9873253],[6.3946411,42.9872675],[6.3946438,42.9871834],[6.3946284,42.9871297],[6.3946687,42.9871214],[6.3947172,42.9870681],[6.394816,42.9870912],[6.3948553,42.9870173],[6.3949251,42.9870044],[6.3949314,42.9869683],[6.3949802,42.9869694],[6.3950058,42.9869887]]}},{"type":"Feature","properties":{},"geometry":{"type":"LineString","coordinates":[[5.8681963,43.048755],[5.8682251,43.0487118],[5.8682901,43.0487312],[5.8683219,43.0487073],[5.868605,43.0488845],[5.8686382,43.0489443],[5.8686198,43.0490429],[5.8684985,43.049029],[5.8684845,43.0491259],[5.8684389,43.049148],[5.8683497,43.0491076],[5.8682313,43.0491435],[5.8682728,43.04929],[5.8678994,43.0490546],[5.8679057,43.0488758],[5.8679565,43.0488182],[5.8679339,43.0487391],[5.8679708,43.0486984],[5.8681358,43.0486817],[5.8681963,43.048755]]}},{"type":"Feature","properties":{},"geometry":{"type":"LineString","coordinates":[[5.8681876,43.0486294],[5.8681795,43.048566],[5.8681003,43.048454],[5.8679339,43.0483754],[5.8679325,43.0482764],[5.8681209,43.0481968],[5.8682965,43.0481872],[5.8682703,43.0481238],[5.8681268,43.0480169],[5.8683045,43.0480174],[5.8684195,43.0480656],[5.868426,43.0480235],[5.8685784,43.0481141],[5.8684838,43.0481483],[5.8685364,43.048224],[5.8685971,43.0482065],[5.8686443,43.0483037],[5.868581,43.0483345],[5.8686437,43.0484321],[5.868627,43.0484688],[5.8686436,43.0485226],[5.8686172,43.0486082],[5.868506,43.0486618],[5.8684045,43.0486724],[5.8681876,43.0486294]]}},{"type":"Feature","properties":{},"geometry":{"type":"LineString","coordinates":[[5.9547978,43.1062401],[5.9547468,43.1062273],[5.954727,43.1061508],[5.9549167,43.1060517],[5.9550741,43.1060107],[5.9554129,43.1060059],[5.9556359,43.1060246],[5.9557855,43.1060739],[5.9559256,43.1061294],[5.9560559,43.1061798],[5.9562698,43.1062235],[5.9566876,43.1062144],[5.9567718,43.1062625],[5.9568121,43.10632],[5.9567466,43.1063759],[5.9566082,43.1064026],[5.9563127,43.1063796],[5.9561237,43.1066856],[5.9562421,43.1067936],[5.9563994,43.1069679],[5.9563705,43.1070106],[5.9563142,43.1070386],[5.9562501,43.1070429],[5.9562178,43.1070211],[5.9561656,43.1069479],[5.9561127,43.1068854],[5.9560264,43.1067822],[5.9559961,43.1067507],[5.9559595,43.1067266],[5.9555992,43.1065907],[5.955409,43.1065333],[5.9551549,43.1063674],[5.9549212,43.1064376],[5.9548915,43.1063769],[5.9547978,43.1062401]]}},{"type":"Feature","properties":{},"geometry":{"type":"LineString","coordinates":[[5.8720662,43.0658589],[5.8720661,43.0659691],[5.8720087,43.0660926],[5.8720542,43.0661798],[5.8720489,43.0662895],[5.8720422,43.0663845],[5.8720408,43.0664972],[5.8719794,43.066584],[5.8718833,43.0667006],[5.8718991,43.0669101],[5.8718508,43.0670695],[5.8719812,43.0674018],[5.8720756,43.0675426],[5.8721541,43.0676119],[5.8721898,43.0677074],[5.8722593,43.0678281],[5.8721962,43.0678783],[5.8720882,43.0679015],[5.872028,43.067964],[5.87196,43.0680261],[5.8718816,43.0680786],[5.8717839,43.0681174],[5.8717169,43.0682298],[5.8716399,43.0683539],[5.8716611,43.0683808],[5.8716956,43.0684244],[5.8716438,43.0686036],[5.8716218,43.0687141],[5.8716551,43.0688731],[5.8717921,43.0691334],[5.8718635,43.0692286],[5.8720666,43.0693763],[5.8723543,43.0695109],[5.8726291,43.0696172],[5.8728727,43.069694],[5.8730987,43.0697071],[5.8734788,43.0696135],[5.8738027,43.0695338],[5.8740824,43.0693438],[5.8742156,43.0691348],[5.8745149,43.0689495],[5.8749881,43.0688634],[5.8751118,43.0688796],[5.875252,43.0687564],[5.8752958,43.0687598],[5.87552,43.0689943],[5.87555,43.0690971],[5.8756142,43.069174],[5.8757916,43.0692509],[5.875947,43.069306],[5.8761049,43.0693139],[5.8762625,43.0692504],[5.8766946,43.0693957],[5.87668,43.069545],[5.8767877,43.0696955],[5.8769664,43.0698722],[5.8772723,43.0700513],[5.8774655,43.0702488],[5.8776284,43.0702949],[5.8778984,43.0706297],[5.8783734,43.0707954],[5.878353,43.0708908],[5.8783702,43.0709747],[5.8784792,43.0710897],[5.8787841,43.071284],[5.8788765,43.0712714],[5.8789278,43.0712936],[5.8788652,43.0713979],[5.8790745,43.0715862],[5.8793327,43.0717415],[5.8795631,43.0716994],[5.8796383,43.0717187],[5.8796281,43.0718157],[5.8795439,43.0719619],[5.8796911,43.0721135],[5.8797061,43.0721536],[5.8797795,43.072334],[5.8799981,43.072589],[5.8801355,43.0726699],[5.8803328,43.0727861],[5.8807182,43.0728496],[5.8812263,43.0729568],[5.8816242,43.0728455],[5.8822242,43.0726917],[5.8826918,43.0724705],[5.8828627,43.0726184],[5.8830028,43.0727714],[5.8832147,43.0727948],[5.8833438,43.0728574],[5.8834003,43.0729301],[5.8835537,43.0733019],[5.8837613,43.0737166],[5.8837863,43.0738748],[5.8839102,43.0740064],[5.8841074,43.0741223],[5.8843362,43.0742569],[5.8848329,43.0746835],[5.8850539,43.0748282],[5.8851533,43.0748],[5.8852613,43.0749118],[5.885363,43.0750555],[5.885611,43.0755227],[5.885761,43.0756329],[5.8861613,43.0760257],[5.8861481,43.0762869],[5.8862124,43.076614],[5.886278,43.0766856],[5.8862135,43.0767593],[5.8862485,43.0768092],[5.8865209,43.0770508],[5.8870325,43.0773655],[5.8883217,43.0777728],[5.8906653,43.0783277],[5.89235,43.0784713],[5.8939593,43.0785429],[5.8947351,43.0785108],[5.8958519,43.0783923],[5.8964993,43.0782554],[5.8970653,43.0780866],[5.8980313,43.0776416],[5.89823,43.0775347],[5.8984274,43.0773621],[5.8989229,43.0769702],[5.8991863,43.0766839],[5.899239,43.0765762],[5.8992692,43.0764769],[5.8990795,43.0764233],[5.8989208,43.0763259],[5.89893,43.0762405],[5.8989843,43.076219],[5.8990366,43.0762323],[5.8991971,43.0763606],[5.8993486,43.076421],[5.8994731,43.0763428],[5.8995686,43.0761829],[5.8995756,43.0759519],[5.8995245,43.0757946],[5.8994979,43.0757752],[5.8995296,43.0757039],[5.8994908,43.0756947],[5.8994392,43.0757758],[5.8993484,43.0758141],[5.8992466,43.0757885],[5.8992123,43.0757398],[5.8992361,43.0756799],[5.8994273,43.075418],[5.8993999,43.075231],[5.8992079,43.0752588],[5.8992069,43.0751555],[5.8991435,43.0751698],[5.8987425,43.0753113],[5.8987158,43.0754189],[5.8988173,43.0759385],[5.8987601,43.0759561],[5.8987105,43.0759525],[5.8985783,43.075401],[5.8984958,43.0753222],[5.8983695,43.074899],[5.8983164,43.0746446],[5.8983994,43.0745282],[5.8984583,43.0744951],[5.8985266,43.0744999],[5.8985672,43.0745421],[5.8984676,43.0746773],[5.8985043,43.0747678],[5.8986391,43.0747761],[5.8988527,43.074705],[5.8989193,43.0746463],[5.8989595,43.0746698],[5.8989796,43.0747257],[5.899008,43.0747216],[5.8990319,43.0747178],[5.8990118,43.0746473],[5.8989554,43.0746144],[5.8990835,43.0745096],[5.8991127,43.0744493],[5.899105,43.0742919],[5.8990107,43.0740995],[5.8989085,43.0740633],[5.8980555,43.0743049],[5.8979735,43.0742875],[5.8979542,43.0742421],[5.8980037,43.0741774],[5.8989658,43.0739107],[5.8993582,43.0739361],[5.8994777,43.0739405],[5.8997049,43.0738893],[5.8997768,43.0738007],[5.8996474,43.0736807],[5.8996613,43.0736454],[5.8998763,43.0737135],[5.9005404,43.0733589],[5.9008169,43.0732758],[5.9009792,43.0732583],[5.9013212,43.0732552],[5.9017201,43.0732843],[5.901867,43.0732748],[5.9020145,43.0733522],[5.9023069,43.073459],[5.9024021,43.073458],[5.9024074,43.0734208],[5.902331,43.0733796],[5.902348,43.0733153],[5.9024692,43.0733718],[5.9024826,43.0733978],[5.9025262,43.0734643],[5.9026315,43.0735496],[5.902736,43.0735437],[5.9028058,43.0735643],[5.9027454,43.073506],[5.9026469,43.0734296],[5.9026043,43.0734281],[5.9024785,43.0733189],[5.902492,43.0733022],[5.9026247,43.0733512],[5.9026757,43.0733836],[5.9027052,43.0734149],[5.9028849,43.0735589],[5.9029989,43.0735452],[5.9031247,43.0735281]]}},{"type":"Feature","properties":{},"geometry":{"type":"LineString","coordinates":[[5.9220045,43.1187723],[5.9221322,43.1181096],[5.922698,43.1151738],[5.922734,43.1151432],[5.9227721,43.1151333],[5.9237229,43.1152175],[5.9237137,43.1152638],[5.9232078,43.1178212],[5.9229242,43.1192547],[5.922913,43.1193324],[5.9225109,43.1192974],[5.9220045,43.1187723]]}},{"type":"Feature","properties":{},"geometry":{"type":"LineString","coordinates":[[5.9247757,43.1154561],[5.9249518,43.1154758],[5.9249411,43.1155267],[5.9249291,43.1155836],[5.9244788,43.1177236],[5.9241292,43.1193848],[5.9241126,43.1194637],[5.9234172,43.1193931],[5.9234335,43.1193054],[5.9237419,43.1178699],[5.9242887,43.1153246],[5.9243007,43.1152687],[5.9248057,43.1153135],[5.9247757,43.1154561]]}},{"type":"Feature","properties":{},"geometry":{"type":"LineString","coordinates":[[5.9812228,43.1072852],[5.9812108,43.1072093],[5.9813489,43.1071888],[5.9814418,43.1072394],[5.981664,43.1070501],[5.9814949,43.10691],[5.9814736,43.1068461],[5.981582,43.1068266],[5.9816302,43.1067355],[5.9816435,43.1066161],[5.9817115,43.106576],[5.9817835,43.1065493],[5.9818818,43.1065559],[5.9819127,43.1064891],[5.981791,43.1064876],[5.9816655,43.1065316],[5.981527,43.1064991],[5.9815514,43.106474],[5.9816319,43.1064319],[5.9817056,43.106428],[5.9817499,43.1063653],[5.9818221,43.1063508],[5.9819112,43.1063266],[5.9820188,43.1062894],[5.9821115,43.1062436],[5.9822228,43.1062687],[5.9823058,43.1063437],[5.9822857,43.1064143],[5.9821624,43.106495],[5.9822483,43.1065346],[5.9822997,43.1065788],[5.9823105,43.1066444],[5.9824515,43.1066754],[5.9826345,43.1067433],[5.9826685,43.1066757],[5.982729,43.1066416],[5.9828372,43.1066729],[5.982863,43.1067306],[5.9830081,43.1067416],[5.9830541,43.1066795],[5.9831111,43.1066767],[5.983178,43.1066373],[5.9832264,43.1066356],[5.9832748,43.1066166],[5.9833606,43.1066062],[5.9834209,43.1066238],[5.9835019,43.1066035],[5.9836624,43.1066206],[5.9837386,43.106599],[5.9837776,43.1066199],[5.9838313,43.1066229],[5.9838863,43.1066356],[5.9839555,43.1066298],[5.9839828,43.1066057],[5.9840406,43.106652],[5.9841174,43.1066569],[5.9841907,43.1067012],[5.9842831,43.1066761],[5.9843771,43.1067678],[5.9845072,43.1067785],[5.9845783,43.1067531],[5.9845993,43.1066881],[5.9847151,43.1067727],[5.9847664,43.1067939],[5.9848277,43.1068334],[5.9848651,43.1068358],[5.9849471,43.1068603],[5.9850141,43.1068931],[5.9850743,43.106901],[5.9851091,43.1068586],[5.9851434,43.1068353],[5.9851605,43.1068012],[5.9851893,43.1067281],[5.9852588,43.1067432],[5.98531,43.1067211],[5.985418,43.1066923],[5.9854467,43.1066369],[5.9854674,43.1065974],[5.9855491,43.1065938],[5.9855939,43.1065761],[5.9856146,43.1065577],[5.9856994,43.1064926],[5.9857491,43.1065054],[5.9857813,43.1064447],[5.9858282,43.1063702],[5.9859623,43.1063037],[5.9861173,43.1062745],[5.986146,43.1062224],[5.9862273,43.1061587],[5.9863737,43.1060571],[5.9864863,43.105998],[5.9865619,43.1059729],[5.9866497,43.1059166],[5.9867331,43.1059597],[5.986779,43.1059365],[5.9867958,43.1059247],[5.9868308,43.1059335],[5.9868936,43.1059299],[5.9869087,43.1059346],[5.9868968,43.105985],[5.9869288,43.1059832],[5.986944,43.1059565],[5.9869467,43.1058983],[5.9871329,43.1058602],[5.9872296,43.1057828],[5.9873061,43.1057495],[5.9874973,43.1056718],[5.9874821,43.1056183],[5.9873852,43.1055262],[5.9874482,43.1055037],[5.987522,43.10549],[5.9875864,43.1055527],[5.9877184,43.1055322],[5.9877342,43.1054746],[5.9877685,43.1054217],[5.9878734,43.1053598],[5.9878653,43.1053049],[5.9879105,43.1052759],[5.9879698,43.1052776],[5.9879848,43.105243],[5.9879683,43.1051996],[5.9879539,43.1051712],[5.9879048,43.1051633],[5.987881,43.1051694],[5.9878512,43.1051631],[5.9878074,43.1051113],[5.9879247,43.1050341],[5.9879418,43.105026],[5.9879715,43.1050198],[5.9880047,43.1050428],[5.9880405,43.1050602],[5.98807,43.1050655],[5.9881322,43.104976],[5.9881778,43.1049397],[5.9881295,43.1049015],[5.988147,43.1048506],[5.988206,43.104882],[5.9882449,43.104881],[5.988261,43.1048144],[5.9883011,43.104783],[5.9883511,43.10478],[5.9883909,43.1048569],[5.9884447,43.1048261],[5.9885024,43.1048227],[5.9884326,43.1047679],[5.9884708,43.1047586],[5.9885808,43.1047782],[5.9886237,43.1047596],[5.9886177,43.1047326],[5.9886799,43.1046947],[5.988738,43.1046971],[5.988738,43.1046597],[5.9887638,43.1046455],[5.9887535,43.104623],[5.9886971,43.1045956],[5.9887018,43.1045833],[5.9886532,43.1045794],[5.9886566,43.1045691],[5.988666,43.104562],[5.9886951,43.1045207],[5.9887049,43.1045275],[5.9887072,43.104552],[5.9887283,43.1045716],[5.9887682,43.1045542],[5.9887924,43.1045757],[5.9887783,43.1046218],[5.988809,43.1046432],[5.9888295,43.1046861],[5.9888339,43.1047104],[5.9888554,43.1047057],[5.9889117,43.1046735],[5.9889454,43.1046623],[5.9889564,43.1046654],[5.9889897,43.1047081],[5.9890004,43.104714],[5.9890171,43.1047145],[5.9890507,43.104708],[5.9891106,43.1046877],[5.9891446,43.1046829],[5.9892016,43.1046957],[5.9892227,43.1047023],[5.9892658,43.1047369],[5.9892745,43.1047447],[5.9893212,43.1047865],[5.9893224,43.1047876],[5.9893374,43.1047927],[5.9893566,43.1047949],[5.9894004,43.1047896],[5.989417,43.1047813],[5.989436,43.1047583],[5.9894737,43.1047135],[5.9894894,43.1046996],[5.9895092,43.1046937],[5.9895298,43.1046966],[5.9895708,43.1047082],[5.9895924,43.1047084],[5.9896105,43.1047019],[5.9897168,43.1046229],[5.9897637,43.1045795],[5.9898238,43.1045462],[5.9898529,43.1045451],[5.9898685,43.1045489],[5.9898939,43.1045609],[5.9899103,43.1045731],[5.9899726,43.1046522],[5.9899736,43.1046535],[5.9900077,43.1046652],[5.9900516,43.1046725],[5.9901252,43.1046837],[5.9903065,43.1047063],[5.9903347,43.1047035],[5.9903554,43.1046971],[5.9903681,43.1046907],[5.990396,43.1046735],[5.9904093,43.1046657],[5.9904124,43.1046639],[5.9904307,43.1046638],[5.9904455,43.1046723],[5.990468,43.1046762],[5.9904839,43.1046743],[5.9904984,43.1046687],[5.9905132,43.1046574],[5.99052,43.1046116],[5.9905361,43.1045706],[5.9905914,43.1045058],[5.9906617,43.1044322],[5.9907567,43.1043423],[5.9908547,43.1042665],[5.9908811,43.1042543],[5.9909094,43.1042461],[5.9909497,43.1042395],[5.9909802,43.1042444],[5.9910749,43.1042937],[5.9911071,43.1043026],[5.9911419,43.1043022],[5.9911826,43.1042861],[5.9911978,43.1042712],[5.9912445,43.1042158],[5.9912661,43.1042044],[5.9913767,43.1041619],[5.9914871,43.10412],[5.9915719,43.1040875],[5.9916367,43.1040669],[5.9916387,43.1040658],[5.9916849,43.1040409],[5.9917054,43.1040243],[5.9917178,43.1040081],[5.9917317,43.1039802],[5.9917321,43.1039793],[5.9917436,43.1039666],[5.9917928,43.1039334],[5.9917978,43.1039225],[5.9917971,43.103908],[5.9917905,43.1038975],[5.991767,43.1038744],[5.9917474,43.1038417],[5.9917469,43.1038249],[5.9917525,43.1038009],[5.9917525,43.1037991],[5.9917526,43.1037838],[5.9917441,43.103771],[5.9917109,43.1037576],[5.9915899,43.1036981],[5.9915795,43.1036827],[5.9916206,43.1035614],[5.9916965,43.1035214],[5.9917409,43.1035022],[5.9917715,43.1034952],[5.9917856,43.1034856],[5.9917942,43.1034746],[5.991808,43.1034223],[5.9918333,43.103399],[5.9918992,43.103389],[5.9919551,43.1033785],[5.9919758,43.103378],[5.991988,43.1033831],[5.9919986,43.103403],[5.9920143,43.103413],[5.9920355,43.1034192],[5.9920508,43.1034188],[5.9921088,43.1034171],[5.9921347,43.1034193],[5.9921511,43.1034172],[5.9921613,43.1034113],[5.9921737,43.1033995],[5.992202,43.1033807],[5.9922146,43.1033757],[5.9922398,43.1033741],[5.9923717,43.1034823],[5.9924869,43.1035508],[5.9925621,43.1035834],[5.9925723,43.1035898],[5.9925797,43.1035988],[5.9925745,43.1036327],[5.9925521,43.1036799],[5.9925519,43.1037159],[5.9925676,43.1037676],[5.9925836,43.1037959],[5.9925902,43.1038036],[5.9926097,43.1038071],[5.9926649,43.1038058],[5.9926964,43.1038112],[5.9927204,43.103821],[5.9927567,43.1038508],[5.9928067,43.1039061],[5.9928422,43.1039392],[5.9928483,43.1039503],[5.9928509,43.1039864],[5.9928702,43.1039981],[5.9928968,43.1040249],[5.9929017,43.1041055],[5.9929074,43.1041195],[5.9929105,43.1041272],[5.9929125,43.1041294],[5.9929165,43.1041339],[5.9929338,43.1041457],[5.9929606,43.1041549],[5.9929733,43.1041659],[5.9929727,43.1041794],[5.9929698,43.1041923],[5.9929742,43.1042005],[5.9929803,43.1042068],[5.9930136,43.1042177],[5.9930373,43.1042308],[5.9930578,43.104246],[5.9930907,43.1042835],[5.9930953,43.1042915],[5.9930947,43.1042977],[5.9930815,43.1043121],[5.993078,43.1043257],[5.9930885,43.1043393],[5.9930797,43.1043456],[5.9930171,43.1043558],[5.9930063,43.1043558],[5.9930002,43.1043594],[5.9929998,43.1043679],[5.9930292,43.1044075],[5.9930349,43.1044222],[5.9929531,43.104508],[5.9930046,43.1044951],[5.9930316,43.1045104],[5.9931796,43.1046542],[5.9932708,43.1046425],[5.9933915,43.1049166],[5.993319,43.1049362],[5.9932037,43.1047325],[5.9930455,43.1047815],[5.9928979,43.1048168],[5.9928899,43.104993],[5.9929328,43.1050752]]}},{"type":"Feature","properties":{},"geometry":{"type":"LineString","coordinates":[[6.3719518,43.0913237],[6.3718399,43.091304],[6.3718054,43.0912747],[6.3717666,43.0912605],[6.3717189,43.0912733],[6.3717035,43.0912566],[6.3717176,43.0912199],[6.371784,43.0911631],[6.3718209,43.0910735],[6.3718765,43.0910421],[6.3719912,43.0909471],[6.3720898,43.0909447],[6.3721085,43.090954],[6.3721555,43.0909559],[6.3721628,43.0909648],[6.372132,43.0909941],[6.3720991,43.0909995],[6.3720971,43.0910206],[6.3721119,43.0910216],[6.372136,43.0910353],[6.3721709,43.0910186],[6.3722178,43.0910108],[6.3722333,43.0910363],[6.372244,43.0910402],[6.3722634,43.0910201],[6.3722983,43.0910098],[6.3723332,43.0910358],[6.3723774,43.0910446],[6.3724606,43.0910421],[6.3725343,43.0910701],[6.3725477,43.0911325],[6.3724962,43.0912252],[6.3723798,43.0912839],[6.3721615,43.091285],[6.3719518,43.0913237]]}},{"type":"Feature","properties":{},"geometry":{"type":"LineString","coordinates":[[6.3700236,43.1028326],[6.3698012,43.1026402],[6.3698492,43.1026046],[6.370469,43.1026734],[6.3709609,43.1026341],[6.371197,43.1027423],[6.371043,43.1029143],[6.3706108,43.1029112],[6.3702381,43.1028856],[6.3700236,43.1028326]]}},{"type":"Feature","properties":{},"geometry":{"type":"LineString","coordinates":[[5.7788739,43.0702114],[5.7788942,43.0702271],[5.7789441,43.0702431],[5.7789519,43.0702834],[5.778994,43.0702918],[5.7790343,43.0702894],[5.7791075,43.0702831],[5.7791201,43.0702523],[5.7791708,43.0702447],[5.7792173,43.070266],[5.7793162,43.0702477],[5.779363,43.0701975],[5.7793913,43.0701889],[5.779425,43.0702208],[5.7794519,43.0702169],[5.7794718,43.0702675],[5.7795014,43.0702949],[5.7795957,43.0703015],[5.7796894,43.0703854],[5.7797402,43.0704016],[5.779838,43.0704342],[5.7798492,43.0704461],[5.7798807,43.0704461],[5.7799088,43.0704329],[5.7799893,43.0704595],[5.7800468,43.0704499],[5.7800917,43.0704247],[5.7801631,43.0703729],[5.7801625,43.070345],[5.780187,43.0703088],[5.7801807,43.0702437],[5.7801853,43.0702019],[5.7802469,43.0701835],[5.7802954,43.0701902],[5.7803747,43.0701815],[5.7804439,43.0701956],[5.780486,43.0701766],[5.7805132,43.0701202],[5.7805213,43.0700339],[5.7805738,43.069991],[5.7805386,43.0699488],[5.7805037,43.0699361],[5.7804997,43.0699018],[5.7805131,43.0698626],[5.7805493,43.0698352],[5.7805862,43.0698347],[5.7806305,43.0698219],[5.7806573,43.0698361],[5.7806312,43.0698822],[5.7806312,43.0699449],[5.7806533,43.0699674],[5.7806956,43.069956],[5.7807231,43.0699173],[5.7807539,43.0699103],[5.7807805,43.0699222],[5.7808035,43.069925],[5.7808525,43.0699325],[5.7809004,43.0699553],[5.7809482,43.069987],[5.7809774,43.0700249],[5.7810036,43.0700771],[5.7810301,43.0701145],[5.7810587,43.0701401],[5.7810552,43.070202],[5.7810563,43.0702428],[5.7810728,43.0702458],[5.7811632,43.0702124],[5.7812174,43.0702013],[5.781322,43.0702556],[5.781388,43.0702825],[5.7814277,43.0703183],[5.7814577,43.0703356],[5.7815208,43.0703518],[5.781547,43.070403],[5.7816163,43.0704618],[5.7816976,43.0704605],[5.7817238,43.0704859],[5.7817281,43.0705382],[5.7818748,43.0706022],[5.7819099,43.070591],[5.7819126,43.0706393],[5.7819555,43.0706915],[5.7819565,43.0707338],[5.7820073,43.0707806],[5.7821314,43.070811],[5.7821856,43.0708447],[5.7822325,43.0708966],[5.7823212,43.0709322],[5.7823994,43.070953],[5.7824921,43.0710368],[5.7825859,43.071042],[5.7826316,43.0710709],[5.7826555,43.0711044],[5.7827226,43.0711245],[5.7827664,43.0711201],[5.782792,43.0710639],[5.7827743,43.0710181],[5.7827839,43.0709704],[5.7828049,43.0709274],[5.7828509,43.0709149],[5.7828826,43.0708928],[5.7829271,43.0709015],[5.7829255,43.0709449],[5.7829146,43.0709956],[5.782942,43.071017],[5.7829452,43.0710491],[5.7829199,43.0710872],[5.7829422,43.071141],[5.7830702,43.0711683],[5.7831222,43.0711405],[5.7831525,43.0711405],[5.7831603,43.0710607],[5.7832115,43.0710188],[5.783226,43.0709599],[5.7832522,43.0709611],[5.7833275,43.0710505],[5.7833434,43.0710883],[5.7833281,43.0711341],[5.7833619,43.0711956],[5.7834122,43.0711618],[5.7834178,43.0711395],[5.7834467,43.0711406],[5.7834865,43.0711636],[5.7834737,43.0712033],[5.7834927,43.071248],[5.7835532,43.0712714],[5.7835724,43.071295],[5.78357,43.0713243],[5.7835698,43.0713465],[5.7835868,43.071355],[5.7836044,43.0713262],[5.7836378,43.0713091],[5.7836678,43.071281],[5.7837028,43.071292],[5.7837495,43.0712905],[5.7837884,43.0713448],[5.7838132,43.0713702],[5.7838107,43.0714479],[5.7837734,43.0715166],[5.7837426,43.071578],[5.7836825,43.0716101],[5.7835834,43.0716323],[5.7835084,43.0716427],[5.7834616,43.0716411],[5.7834207,43.0716716],[5.7833905,43.0716967],[5.7833944,43.0717641],[5.7834238,43.0717975],[5.7835011,43.0718273],[5.7835292,43.0718376],[5.783585,43.0718278],[5.7836264,43.0718306],[5.7836521,43.0718469],[5.7837021,43.0718091],[5.7837586,43.0718114],[5.7837922,43.0717731],[5.7838429,43.0717705],[5.7838767,43.0717846],[5.7839297,43.0717729],[5.7839912,43.0718637],[5.7839514,43.0719597],[5.7839243,43.0719907],[5.7839215,43.072015],[5.783956,43.0720402],[5.783968,43.0720831],[5.7839328,43.0721407],[5.7838774,43.0721817],[5.7838453,43.072221],[5.783871,43.0722615],[5.7838694,43.0722817],[5.7838508,43.0723176],[5.7838589,43.0723395],[5.783872,43.0723512],[5.7838479,43.0723872],[5.7838681,43.0724037],[5.7839158,43.072372],[5.7840262,43.0723787],[5.7840648,43.0723574],[5.7841375,43.0724015],[5.7841845,43.0724303],[5.7841912,43.0724513],[5.7842352,43.0724751],[5.7842637,43.0725166],[5.7843117,43.0725161],[5.7844053,43.0725404],[5.7845028,43.0725384],[5.7846184,43.0724926],[5.7846689,43.072486],[5.7847257,43.0724691],[5.7847383,43.0724506],[5.7846926,43.0724197],[5.7846464,43.0723566],[5.7846622,43.0722967],[5.784701,43.0722542],[5.7846784,43.0722196],[5.7847175,43.0721579],[5.7848082,43.0721329],[5.7848287,43.0721545],[5.7848596,43.0721666],[5.7849064,43.072144],[5.7849105,43.0721187],[5.7848771,43.0720875],[5.7848786,43.0720421],[5.784886,43.0720025],[5.784909,43.0719968],[5.7849152,43.0719603],[5.7849411,43.0719333],[5.7849115,43.0718717],[5.7849345,43.0718418],[5.7849258,43.0718098],[5.7849382,43.0717852],[5.7849431,43.071775],[5.7849798,43.071791],[5.7850344,43.0717601],[5.7850708,43.0717247],[5.7851166,43.0717314],[5.7851649,43.0717591],[5.7852012,43.0717691],[5.7852355,43.0717438],[5.7852571,43.0717119],[5.7853042,43.0717185],[5.7853673,43.0717398],[5.785384,43.0717917],[5.7854465,43.0717787],[5.7854972,43.0718235],[5.7855108,43.0718452],[5.7854957,43.0718689],[5.7855433,43.0718846],[5.7855813,43.0718522],[5.7855977,43.0718013],[5.7856331,43.0717951],[5.7856758,43.071822],[5.7856928,43.071878],[5.7857017,43.071914],[5.7856576,43.0719607],[5.7856418,43.0720196],[5.7855525,43.0720698],[5.7855973,43.0721309],[5.7856479,43.0720789],[5.7856915,43.0720725],[5.7856915,43.0720957],[5.7856765,43.0721466],[5.7856661,43.0722285],[5.7856189,43.0722683],[5.7855428,43.0723089],[5.7855031,43.0723112],[5.7854271,43.0723528],[5.785427,43.072376],[5.7855116,43.0724117],[5.7855237,43.0724315],[5.7855728,43.0724481],[5.7855996,43.0724846],[5.7856476,43.0725305],[5.7857243,43.0725735],[5.7857497,43.072609],[5.785846,43.0726333],[5.7859199,43.0726753],[5.7860778,43.0727199],[5.786184,43.0727499],[5.7862015,43.0728159],[5.7862315,43.0728119],[5.7862783,43.0727641],[5.7863076,43.0727713],[5.7863323,43.0727957],[5.7863379,43.0728449],[5.7863566,43.0728837],[5.7863924,43.0728836],[5.7864275,43.0728966],[5.7864372,43.0729225],[5.7865105,43.0729535],[5.786579,43.0729494],[5.7866371,43.0729799],[5.7866926,43.0729651],[5.7867619,43.0730234],[5.7867911,43.0730769],[5.7867821,43.0731115],[5.786721,43.0731255],[5.7867157,43.0731518],[5.786806,43.0731934],[5.7868654,43.0732218],[5.7869019,43.073258],[5.7869957,43.0732884],[5.7870204,43.0733108],[5.7870493,43.0732877],[5.7871548,43.0733288],[5.7872151,43.0733734],[5.787257,43.0734336],[5.7872476,43.0734863],[5.7872026,43.0735642],[5.7871573,43.073613],[5.7871008,43.0736601],[5.7870931,43.0737178],[5.7871148,43.0737837],[5.7872175,43.073848],[5.7872148,43.0738733],[5.787198,43.073893],[5.7872664,43.073911],[5.7872855,43.0739558],[5.7872781,43.0739953],[5.7872417,43.0740896],[5.7871774,43.0742217],[5.7871823,43.0742736],[5.7872225,43.0742833],[5.7872975,43.0742563],[5.787341,43.0742459],[5.7874029,43.0742497],[5.7876687,43.0743543],[5.7880857,43.0743686],[5.7889,43.0744426],[5.7899664,43.0746462],[5.7905885,43.0749435],[5.7908309,43.0751573],[5.7910833,43.0753799],[5.7912319,43.0757024],[5.7912743,43.0761107],[5.7912813,43.0766548],[5.7915661,43.0771167],[5.7920449,43.0775391],[5.7921246,43.0777539],[5.7917364,43.0780892],[5.7912582,43.0783093],[5.7911082,43.0787512],[5.7911871,43.0789291],[5.7910678,43.0791599],[5.7905485,43.0789997],[5.7899643,43.07929],[5.7898769,43.0795296],[5.7901199,43.0798188],[5.7901365,43.0799404],[5.7896153,43.0801154],[5.7894469,43.0800294],[5.7893662,43.0797712],[5.7888726,43.0799406],[5.7886712,43.0798797],[5.7888606,43.0796826],[5.7888722,43.0795021],[5.7884253,43.0793627],[5.787973,43.0793363],[5.7879075,43.0790623],[5.7880067,43.0788883],[5.7878748,43.0785176],[5.7873961,43.0785953],[5.787023,43.0788488],[5.7866575,43.078915],[5.786318,43.0789075],[5.7861497,43.0789364],[5.7860111,43.0790998],[5.7859941,43.0790588],[5.7860193,43.0790227],[5.786007,43.0789923],[5.7859677,43.0789643],[5.7860368,43.078901],[5.7860232,43.078872],[5.7859797,43.0788351],[5.7859201,43.078829],[5.7858398,43.0788177],[5.7857985,43.0787913],[5.7857855,43.0787425],[5.7860026,43.0786909],[5.7862305,43.0785242],[5.7865225,43.0783423],[5.786568,43.0783062],[5.7866436,43.0783326],[5.786917,43.0781796],[5.7870226,43.0780467],[5.7870717,43.0779504],[5.7870779,43.0778906],[5.7870226,43.0778622],[5.7868648,43.0778233],[5.7868338,43.0777959],[5.7867952,43.0777948],[5.7867483,43.0777678],[5.7866928,43.0778307],[5.7865912,43.0778064],[5.7865702,43.0777687],[5.7866109,43.077741],[5.7866949,43.0776886],[5.7868935,43.0775615],[5.7869734,43.0775016],[5.7870582,43.0774309],[5.7872272,43.0773443],[5.7874004,43.0771838],[5.7875828,43.0770368],[5.7876205,43.0770128],[5.7871086,43.0767057],[5.7867011,43.076835],[5.7866212,43.0768769],[5.7865267,43.0768904],[5.786275,43.0767775],[5.7859705,43.0768454],[5.7856995,43.0770265],[5.7854229,43.0772189],[5.7855939,43.0773823],[5.7856073,43.07745],[5.7854476,43.0775354],[5.7850308,43.0772986],[5.7845842,43.0776086],[5.7846201,43.0776748],[5.7846181,43.0776857],[5.7845214,43.0776665],[5.7843888,43.0777869],[5.784602,43.0779958],[5.7846584,43.078007],[5.7846585,43.078022],[5.7846574,43.0783262],[5.7846614,43.0786211],[5.7850086,43.078678],[5.785256,43.0787057],[5.7852621,43.0787254],[5.7854654,43.0787263],[5.7854654,43.0787075],[5.7855475,43.0787156],[5.7855637,43.0787259],[5.785572,43.0787621],[5.7855639,43.078891],[5.7855438,43.0790397],[5.7855324,43.0790598],[5.7855019,43.0790839],[5.7854703,43.0790901],[5.7854206,43.0790767],[5.785321,43.0790405],[5.7846724,43.0788045],[5.7846448,43.0788448],[5.7846306,43.0788658],[5.7846149,43.0788941],[5.7845362,43.0790372],[5.784525,43.0790366],[5.7844843,43.079026],[5.7845828,43.0788566],[5.7843681,43.0787955],[5.7836239,43.0791845],[5.7835784,43.0791899],[5.7835456,43.0791755],[5.7833072,43.0789162],[5.7833498,43.0788447],[5.7834328,43.0788618],[5.7834726,43.078767],[5.7834991,43.0787069],[5.783533,43.0786301],[5.7833851,43.0785826],[5.7833547,43.0785673],[5.7833445,43.0785468],[5.7833948,43.0784164],[5.7833077,43.0783302],[5.7830099,43.0780357],[5.7827796,43.0779688],[5.7826325,43.0779528],[5.7824825,43.0779652],[5.7822627,43.0780528],[5.7817216,43.0783012],[5.7810022,43.0786195],[5.7815603,43.0792764],[5.7815131,43.079313],[5.7809857,43.0790538],[5.7807883,43.0792527],[5.7817034,43.080042],[5.7819472,43.0798775],[5.7817121,43.0795269],[5.7816984,43.0794909],[5.7817129,43.0794663],[5.7817513,43.079453],[5.7817984,43.0794582],[5.7818441,43.0794933],[5.7824233,43.0800534],[5.7829788,43.0798318],[5.7834525,43.0796363],[5.783493,43.0796339],[5.7835487,43.0796407],[5.7839347,43.0801989],[5.7839932,43.0802102],[5.7844994,43.0800365],[5.7845315,43.0800253],[5.7850236,43.0798445],[5.7852579,43.0797662],[5.7852685,43.0797237],[5.7853719,43.0797242],[5.7853737,43.0794896],[5.7854581,43.0794911],[5.7854532,43.0799402],[5.7853737,43.0799405],[5.785277,43.0799443],[5.7851934,43.0799285],[5.7846872,43.0801025],[5.7846415,43.0801464],[5.7846726,43.0801834],[5.7846863,43.0802135],[5.784668,43.0802392],[5.7846318,43.08024],[5.7845845,43.0802011],[5.7845574,43.0801963],[5.7844982,43.0802073],[5.7843623,43.0802321],[5.7840616,43.0803237],[5.784035,43.0803507],[5.7840226,43.0803748],[5.7840437,43.0804118],[5.784081,43.0804437],[5.7840439,43.0804782],[5.7839911,43.0804496],[5.783896,43.0804266],[5.7837912,43.080463],[5.7836915,43.0805347],[5.7835778,43.0805985],[5.7835825,43.080646],[5.7835789,43.0806882],[5.7835441,43.0807379],[5.78353,43.080808],[5.7835647,43.0808611],[5.7836344,43.0809463],[5.7836537,43.0809932],[5.7836113,43.0810973],[5.7836269,43.0812118],[5.783669,43.0812614],[5.783769,43.0812959],[5.7838773,43.0813445],[5.7839217,43.0813819],[5.7839073,43.0814199],[5.783867,43.0814797],[5.7838719,43.0815128],[5.7838285,43.0815461],[5.7838102,43.0815688],[5.7838096,43.0816097],[5.7837837,43.0816592],[5.7837808,43.0816869],[5.7837564,43.0817098],[5.7836588,43.0817426],[5.7835161,43.0818056],[5.783386,43.0817985],[5.7833373,43.0818177],[5.7832247,43.0819063],[5.7831662,43.0819379],[5.7830874,43.0819581],[5.7830746,43.0820248],[5.783098,43.0820384],[5.7830918,43.0820607],[5.7830464,43.0820853],[5.7829823,43.0820984],[5.7829068,43.0820974],[5.7828401,43.0820906],[5.7828038,43.0820884],[5.7827087,43.0821134],[5.7825957,43.0821169],[5.7824748,43.0821128],[5.7823305,43.0822002],[5.782248,43.0822348],[5.7821908,43.0822365],[5.7821342,43.0822228],[5.7820911,43.0822032],[5.7820615,43.0821618],[5.7819759,43.0821092],[5.7818406,43.0820508],[5.7817054,43.0820417],[5.7816194,43.0820562],[5.781544,43.0820817],[5.7814561,43.0820745],[5.7813127,43.0820988],[5.7811401,43.082114],[5.781008,43.0821777],[5.7809286,43.0821603],[5.7808603,43.0822066],[5.7808777,43.0822459],[5.7808671,43.0822716],[5.7809467,43.0823189],[5.7809461,43.0824151],[5.7808633,43.0824696],[5.7807813,43.08246],[5.7807516,43.0824421],[5.7806994,43.0824514],[5.7806603,43.0824007],[5.7806165,43.0823733],[5.7805745,43.082346],[5.7804044,43.0824086],[5.7803315,43.0823883],[5.7802465,43.0824277],[5.7801908,43.082372],[5.78026,43.0822757],[5.7802536,43.0822232],[5.7802206,43.0821623],[5.7801731,43.081975],[5.7801217,43.0820098],[5.7800053,43.0819708],[5.7799947,43.0819435],[5.7799842,43.0818919],[5.779921,43.0817888],[5.7798762,43.0817714],[5.7798859,43.0817025],[5.7799142,43.0816696],[5.7799066,43.0816422],[5.7798149,43.0816218],[5.7797984,43.0815968],[5.779709,43.0815896],[5.7796179,43.0815515],[5.7795189,43.0815347],[5.7794646,43.0815087],[5.7794415,43.0815271],[5.7794492,43.0816087],[5.7793971,43.0816467],[5.7793221,43.0816811],[5.7792277,43.0816652],[5.7791039,43.0817165],[5.7790841,43.0817393],[5.7790312,43.0817376],[5.7789825,43.0817026],[5.7789521,43.0816726],[5.7789015,43.0816575],[5.7788368,43.0816871],[5.7788034,43.0816826],[5.7787733,43.0816581],[5.7787389,43.0816625],[5.7787148,43.0817163],[5.7786695,43.0817686],[5.7786754,43.0818192],[5.7786437,43.0818722],[5.7785905,43.0819169],[5.7785587,43.0819146],[5.7784774,43.0819447],[5.7784236,43.0819795],[5.7783527,43.0819784],[5.7782617,43.0819436],[5.7781832,43.0819427],[5.7781157,43.081948],[5.7780566,43.0819698],[5.7780002,43.0819328],[5.7779354,43.0819878],[5.7779324,43.0820134],[5.7778832,43.0820248],[5.777833,43.0820164],[5.7777811,43.0820578],[5.7777041,43.0820303],[5.7776844,43.0820563],[5.7776571,43.0820528],[5.7776239,43.0820261],[5.7775894,43.0819509],[5.7775787,43.0818949],[5.7775069,43.0819059],[5.7774771,43.0818858],[5.7774666,43.0818596],[5.7774022,43.0818682],[5.7773644,43.0818395],[5.7774685,43.0817877],[5.777587,43.0817752],[5.7776019,43.0817195],[5.7776556,43.0816824],[5.7776537,43.0816239],[5.7776972,43.0815916],[5.7777634,43.0815631],[5.777834,43.0815576],[5.7778707,43.0815399],[5.7778747,43.0815044],[5.7779023,43.0814593],[5.777992,43.081419],[5.7780663,43.0814266],[5.7782133,43.0813856],[5.778234,43.081353],[5.7781916,43.0812702],[5.778177,43.0812254],[5.7782064,43.0811592],[5.7783087,43.0811815],[5.7783771,43.081217],[5.7784552,43.0811848],[5.7785235,43.0811926],[5.7785648,43.0811759],[5.7786272,43.081185],[5.7786275,43.081164],[5.7785258,43.0811008],[5.7786534,43.0810637],[5.7786988,43.0810391],[5.7786924,43.0809542],[5.7787382,43.0809373],[5.7788014,43.0809353],[5.7788451,43.0809605],[5.7788996,43.0809633],[5.7789811,43.0809387],[5.7790259,43.0808776],[5.7790237,43.0808401],[5.7791093,43.08078],[5.7791054,43.0807381],[5.7791504,43.0807069],[5.7792368,43.0807501],[5.779395,43.080725],[5.77941,43.0806812],[5.7794436,43.0806656],[5.7794595,43.080631],[5.7794922,43.0806403],[5.7795169,43.0806251],[5.7795319,43.0805812],[5.779506,43.0805446],[5.7795247,43.0805054],[5.7795901,43.0805276],[5.7796002,43.0804939],[5.7795598,43.0804596],[5.7795679,43.0804288],[5.7796141,43.0804244],[5.7796017,43.0803437],[5.7795126,43.0802863],[5.7794824,43.0802346],[5.7794292,43.0802284],[5.7793976,43.0802029],[5.7793796,43.080178],[5.7793284,43.080153],[5.7792331,43.0801482],[5.7791469,43.0801431],[5.7790948,43.0801304],[5.7790559,43.0801349],[5.7790037,43.0801453],[5.7789471,43.0801316],[5.7789274,43.0801034],[5.7789372,43.0800633],[5.778964,43.0800305],[5.7789991,43.0800117],[5.7789757,43.0799726],[5.7789535,43.0799257],[5.7789043,43.0799107],[5.7788439,43.0799092],[5.7788019,43.0799127],[5.7787739,43.0798716],[5.7787683,43.0798518],[5.778702,43.0798262],[5.7786434,43.0798037],[5.7786124,43.0797626],[5.7785873,43.0797192],[5.7786007,43.07969],[5.7786319,43.0796824],[5.778504,43.0796344],[5.7784371,43.0796519],[5.7783693,43.0796529],[5.7783233,43.0796399],[5.778246,43.0796335],[5.7781905,43.079665],[5.778174,43.0796921],[5.7782377,43.0797255],[5.7782247,43.0797613],[5.7781753,43.0797683],[5.7780862,43.079739],[5.7779999,43.0796808],[5.7779738,43.0796208],[5.7778744,43.0795962],[5.7777726,43.0795308],[5.7777839,43.0794641],[5.777772,43.0794136],[5.7778067,43.0793617],[5.7777536,43.0793291],[5.7778058,43.0792401],[5.7778884,43.0791812],[5.7779518,43.0791815],[5.7779493,43.0791119],[5.7779852,43.0790798],[5.777882,43.0790156],[5.7778206,43.079023],[5.7777645,43.0789915],[5.7777338,43.0789283],[5.7776423,43.0789112],[5.7775305,43.078803],[5.7775936,43.0787723],[5.7775938,43.0787226],[5.7776934,43.0787228],[5.7778087,43.0787348],[5.7778435,43.078684],[5.7778868,43.0786506],[5.7779044,43.0786169],[5.7779509,43.078558],[5.7780008,43.0784006],[5.7780056,43.0783616],[5.7779855,43.0783176],[5.7779441,43.0782594],[5.7779021,43.0782219],[5.7778592,43.0782013],[5.7778418,43.0781843],[5.7778459,43.0781648],[5.7778701,43.0781505],[5.7778957,43.0781526],[5.7779346,43.0781666],[5.7780097,43.0781349],[5.7780456,43.0781018],[5.778057,43.0780697],[5.778069,43.0780193],[5.778126,43.0779846],[5.7781461,43.0779086],[5.7781488,43.0778794],[5.7781789,43.0778479],[5.7782217,43.0777791],[5.7782236,43.0777061],[5.7782557,43.0776874],[5.77831,43.0775829],[5.7783071,43.0775311],[5.7782571,43.0774751],[5.7782751,43.0774204],[5.7783491,43.0773684],[5.7784486,43.0773144],[5.7785132,43.0772572],[5.7786018,43.0771716],[5.7786453,43.0770895],[5.7786633,43.0770348],[5.7786623,43.0769906],[5.7786293,43.0769673],[5.7786159,43.0769169],[5.7786394,43.0768796],[5.7786418,43.0768431],[5.778596,43.0768323],[5.7785518,43.0768248],[5.7784971,43.0767911],[5.7784623,43.0767624],[5.7784558,43.0767272],[5.7784269,43.0766971],[5.778397,43.0767279],[5.7783749,43.0767639],[5.7783334,43.0767763],[5.7782968,43.0767685],[5.7782707,43.0767351],[5.7782846,43.0766871],[5.7782778,43.076621],[5.7783007,43.0765738],[5.7782784,43.0765259],[5.7782777,43.0764872],[5.7782564,43.0764569],[5.778273,43.0764321],[5.7782005,43.0763757],[5.7781439,43.0763631],[5.7781196,43.076334],[5.7781311,43.076296],[5.7780914,43.0762353],[5.7781052,43.0762128],[5.7780579,43.0761247],[5.7780655,43.0760979],[5.7780872,43.0760829],[5.778099,43.0760505],[5.7780872,43.0760287],[5.7781112,43.0760015],[5.7781594,43.0759734],[5.7782433,43.0759897],[5.7782714,43.0760065],[5.7782692,43.0760475],[5.7783138,43.0760361],[5.7783702,43.0760466],[5.7783989,43.0760214],[5.7784191,43.0760318],[5.7784781,43.0759848],[5.7785146,43.0759338],[5.7785098,43.0758776],[5.7784607,43.0758625],[5.7784,43.0758555],[5.778374,43.075822],[5.7783038,43.0758076],[5.778265,43.0757889],[5.7782665,43.0757358],[5.7782284,43.0757027],[5.7781252,43.0756904],[5.7780691,43.0756589],[5.7780123,43.0756153],[5.7780297,43.075523],[5.7779351,43.0754784],[5.7779609,43.0754024],[5.7779855,43.0754105],[5.7779613,43.075356],[5.777934,43.0753524],[5.7779415,43.0753256],[5.7779918,43.0752567],[5.7778794,43.0751617],[5.7778217,43.0751292],[5.7778332,43.0750669],[5.7777588,43.075004],[5.777751,43.0749733],[5.7776862,43.0749487],[5.7775953,43.0749405],[5.7775691,43.0748783],[5.7776046,43.0748396],[5.7776667,43.0748443],[5.7776472,43.0747929],[5.777554,43.0747726],[5.7775027,43.0747178],[5.777506,43.0746712],[5.7775864,43.0746787],[5.7776582,43.0747207],[5.7776952,43.0746301],[5.7777287,43.0745572],[5.7777617,43.0744998],[5.7778517,43.074465],[5.7779133,43.0743813],[5.7780053,43.0743829],[5.7780296,43.0743589],[5.7780759,43.0743509],[5.7780926,43.074326],[5.7779624,43.0743167],[5.7779915,43.0742462],[5.7779021,43.0742379],[5.7778087,43.0741866],[5.7777598,43.0742024],[5.777718,43.0741573],[5.7777995,43.0741316],[5.7778692,43.0741118],[5.7778541,43.0740846],[5.7777657,43.0741205],[5.777696,43.074116],[5.7776683,43.0740792],[5.7776195,43.0740431],[5.7777045,43.0739731],[5.777683,43.0739395],[5.777599,43.073921],[5.7775992,43.0738724],[5.7775567,43.0738405],[5.7775764,43.0737734],[5.7777714,43.0738251],[5.7778305,43.0738034],[5.7780114,43.0738808],[5.7781127,43.0738058],[5.7781766,43.0737895],[5.7782683,43.073811],[5.7783303,43.0737881],[5.7783857,43.0738063],[5.7784291,43.0737751],[5.778658,43.0737957],[5.7787509,43.0738117],[5.7788943,43.0737874],[5.778989,43.0738088],[5.7790421,43.0737884],[5.7791219,43.073839],[5.7792917,43.0738271],[5.7794129,43.0738632],[5.7795063,43.0738349],[5.7796029,43.0738593],[5.7796825,43.0739298],[5.7797851,43.0739299],[5.7798496,43.0738969],[5.7800915,43.0736165],[5.7800751,43.0735157],[5.7801344,43.0734244],[5.7800618,43.0733436],[5.7800548,43.0732742],[5.7799939,43.0732362],[5.7799616,43.0731731],[5.7797884,43.0731243],[5.779723,43.0730621],[5.7796612,43.0730618],[5.7796304,43.072971],[5.779599,43.0729764],[5.7795579,43.073023],[5.7794828,43.073001],[5.7794716,43.0729626],[5.7795132,43.072926],[5.779494,43.0728801],[5.7794497,43.0728704],[5.7794919,43.0727906],[5.7794158,43.0727756],[5.779406,43.0727252],[5.7793399,43.0726587],[5.7792707,43.0726652],[5.779207,43.0726347],[5.7793479,43.0725901],[5.7793448,43.0725356],[5.7794009,43.0725248],[5.7794117,43.0724647],[5.7794862,43.0724053],[5.7794525,43.0723725],[5.779366,43.0723479],[5.7793388,43.0723059],[5.7792696,43.0723041],[5.7792369,43.0722583],[5.7791727,43.0722512],[5.7790951,43.0722263],[5.7790521,43.0721873],[5.7790839,43.0720928],[5.7790151,43.0720677],[5.7789531,43.0720059],[5.7789231,43.0719458],[5.7789364,43.0718687],[5.7790243,43.0717933],[5.7790314,43.071732],[5.7790749,43.0716865],[5.7790915,43.0716366],[5.7791078,43.0716115],[5.7790601,43.071583],[5.7790466,43.0715315],[5.7789348,43.0714985],[5.7788897,43.0714532],[5.7788601,43.0713385],[5.7789004,43.0712983],[5.7788544,43.0712386],[5.778865,43.0712058],[5.7787629,43.0711557],[5.7787047,43.0710774],[5.7787124,43.0710568],[5.7788857,43.0709367],[5.7789177,43.0708054],[5.7788889,43.0707751],[5.7788893,43.0707521],[5.7788414,43.0707107],[5.7787793,43.0707595],[5.7786463,43.0707463],[5.7785739,43.0707257],[5.7785376,43.0706928],[5.7785685,43.0706346],[5.7785809,43.0705754],[5.7785887,43.0705229],[5.7786414,43.0705084],[5.7786347,43.0704739],[5.7786271,43.0704395],[5.7785228,43.0703982],[5.7785182,43.0703426],[5.7785239,43.0703093],[5.7785256,43.0702799],[5.7785942,43.0702353],[5.7786208,43.0702363],[5.7786483,43.0702697],[5.7786733,43.0703072],[5.77871,43.0702765],[5.7787544,43.0702491],[5.7787996,43.0702178],[5.7788739,43.0702114]]}},{"type":"Feature","properties":{},"geometry":{"type":"LineString","coordinates":[[5.7907306,43.0688939],[5.7906769,43.0687951],[5.7906809,43.0687145],[5.7905819,43.0686996],[5.7905218,43.0685423],[5.790623,43.0684758],[5.7907715,43.0684778],[5.7908564,43.0685867],[5.7909893,43.0685663],[5.7910784,43.0686153],[5.7911907,43.0686105],[5.7912996,43.0686752],[5.7914718,43.0686728],[5.7915283,43.0688063],[5.7915907,43.0689162],[5.7917154,43.0688063],[5.7917197,43.0687309],[5.7919066,43.0687326],[5.7920422,43.0687937],[5.7919906,43.0688738],[5.7920164,43.0689807],[5.7921473,43.0691189],[5.79225,43.0692069],[5.7923109,43.0691786],[5.7922873,43.0690702],[5.7923432,43.0690482],[5.7924206,43.069166],[5.7924765,43.0692021],[5.7924658,43.0693246],[5.7925109,43.0694252],[5.7924314,43.0694911],[5.7924185,43.0696137],[5.7924593,43.0696859],[5.7923725,43.0698214],[5.7923457,43.0700683],[5.7923082,43.0702545],[5.7920723,43.0704242],[5.7920314,43.0705451],[5.7919018,43.0706326],[5.7917811,43.0706816],[5.7917234,43.0707247],[5.791419,43.0708109],[5.7913238,43.0708648],[5.7912044,43.0709265],[5.7911012,43.0709883],[5.7909429,43.0711205],[5.7908388,43.0712637],[5.7906532,43.071621],[5.7905097,43.0717808],[5.7901879,43.0722481],[5.7901637,43.0723833],[5.7900712,43.0724529],[5.7898888,43.0725068],[5.7895468,43.0725371],[5.7893497,43.0726135],[5.7892437,43.0726645],[5.7891932,43.0726985],[5.7889116,43.072788],[5.7886944,43.0727723],[5.7885138,43.0727126],[5.7884858,43.0726451],[5.7883912,43.0726058],[5.788273,43.0726184],[5.7878322,43.0724268],[5.7878408,43.0723278],[5.7876731,43.07221],[5.7875613,43.0721645],[5.7874624,43.072188],[5.7873377,43.0721425],[5.7873549,43.0720954],[5.7871334,43.0720844],[5.7871269,43.0720247],[5.7870409,43.0719666],[5.7870216,43.0718692],[5.7869141,43.0718236],[5.7869678,43.0716948],[5.7869377,43.0716509],[5.7870001,43.0715503],[5.7871054,43.0715629],[5.787185,43.0715802],[5.7872173,43.0716681],[5.7872581,43.0716791],[5.7873205,43.0716446],[5.7874301,43.0717011],[5.7874968,43.0716289],[5.7876645,43.0716807],[5.7876494,43.0717938],[5.787729,43.0718488],[5.78783,43.0718221],[5.7878064,43.0717435],[5.7878236,43.0717011],[5.7878902,43.0716839],[5.7879655,43.0717561],[5.7880128,43.0716085],[5.7881332,43.0716069],[5.7882321,43.07172],[5.7883998,43.0716996],[5.7885181,43.0716163],[5.788503,43.0715519],[5.7883332,43.0714938],[5.7882773,43.0714058],[5.7882988,43.0712126],[5.7881074,43.0710289],[5.7881547,43.0709708],[5.788359,43.0710493],[5.7883934,43.0708859],[5.7886127,43.0709095],[5.7887052,43.0708357],[5.7888901,43.0709064],[5.7892792,43.0710666],[5.7893932,43.0709519],[5.7892556,43.0708969],[5.7892556,43.0707917],[5.789305,43.0707509],[5.7891954,43.0706755],[5.7890836,43.0705702],[5.7891846,43.0705043],[5.7893545,43.0704776],[5.7893459,43.0704179],[5.7893523,43.0703331],[5.7892233,43.0702812],[5.7892126,43.0702105],[5.7891223,43.0702294],[5.789004,43.0701241],[5.7889417,43.0700252],[5.7889804,43.0699121],[5.7888127,43.069898],[5.7886751,43.0697959],[5.7887632,43.069733],[5.7888234,43.0695791],[5.7887697,43.0694959],[5.7885718,43.069488],[5.7886428,43.0693639],[5.7886062,43.0692665],[5.7886363,43.0691833],[5.7887331,43.0692147],[5.7887826,43.0693372],[5.7889804,43.0694456],[5.7891158,43.0696247],[5.7892986,43.0696514],[5.7893695,43.0696121],[5.7894534,43.0696624],[5.7895416,43.0695995],[5.7894792,43.0695461],[5.7894341,43.0694754],[5.7894706,43.069232],[5.789634,43.0692508],[5.7897609,43.0693718],[5.789849,43.0693451],[5.789842,43.0692835],[5.7899134,43.0691161],[5.7898693,43.0690104],[5.7899469,43.068951],[5.7899004,43.0688963],[5.7899799,43.068833],[5.78996,43.068779],[5.7900468,43.068767],[5.7901362,43.0688038],[5.7901256,43.0687247],[5.7902304,43.0687512],[5.7902994,43.0688262],[5.7902266,43.0689144],[5.7902265,43.0689736],[5.7903005,43.0690075],[5.7903328,43.0690419],[5.7903916,43.0690711],[5.7904686,43.069082],[5.7907155,43.0689775],[5.7907306,43.0688939]]}},{"type":"Feature","properties":{},"geometry":{"type":"LineString","coordinates":[[5.7928008,43.0685736],[5.7928589,43.0685174],[5.7929188,43.0685119],[5.7928915,43.0684917],[5.7929337,43.0684622],[5.793017,43.0684534],[5.7930694,43.0684759],[5.7931213,43.0684643],[5.793109,43.0684496],[5.7930152,43.0683959],[5.7930302,43.0683753],[5.7929974,43.0683537],[5.7930343,43.0683119],[5.7930673,43.0683131],[5.7931128,43.0682704],[5.793256,43.0682117],[5.7932656,43.0681376],[5.7932967,43.0680868],[5.7932703,43.0680559],[5.793322,43.0679511],[5.7933899,43.0678494],[5.7934233,43.0678751],[5.7934652,43.0678942],[5.7934612,43.0679274],[5.7934383,43.0679826],[5.7935508,43.067965],[5.7935853,43.0679831],[5.793581,43.0680496],[5.7935591,43.0680565],[5.7934794,43.0680779],[5.7935053,43.0681104],[5.7935095,43.0681295],[5.7934823,43.0681494],[5.7934572,43.0681759],[5.7935295,43.0681733],[5.7935613,43.0681727],[5.7935943,43.0681765],[5.7936108,43.0681858],[5.7936327,43.0682111],[5.7936405,43.0682488],[5.7936233,43.0682771],[5.7935733,43.0683192],[5.793614,43.0683537],[5.7936678,43.0683586],[5.793728,43.0684086],[5.793774,43.0684336],[5.7937865,43.0684885],[5.7937159,43.0684993],[5.7937569,43.0685386],[5.793732,43.0685712],[5.7938064,43.0685695],[5.7938557,43.0686818],[5.7937731,43.0686819],[5.7939038,43.0687684],[5.793924,43.0688604],[5.7938932,43.0689142],[5.7938084,43.0689825],[5.7937554,43.0690498],[5.793759,43.0691395],[5.7937467,43.0691956],[5.7937175,43.0692337],[5.793701,43.0692552],[5.7936699,43.069367],[5.7936683,43.0693725],[5.7936949,43.0694079],[5.7937276,43.0694446],[5.7936563,43.0695184],[5.7936006,43.0695817],[5.7935444,43.0696189],[5.7935053,43.069643],[5.7934459,43.0696759],[5.793396,43.0697052],[5.793327,43.0697044],[5.7932256,43.0696842],[5.7931152,43.069637],[5.7929981,43.0695659],[5.7928778,43.0694899],[5.7928002,43.0694638],[5.7927563,43.0694437],[5.7926953,43.0692846],[5.7927247,43.0691993],[5.7927056,43.0691933],[5.792703,43.0691691],[5.7926752,43.0691913],[5.79256,43.0691768],[5.792564,43.0691469],[5.7926116,43.0690947],[5.7926566,43.069084],[5.792658,43.0690656],[5.7926037,43.0690492],[5.7925918,43.0690221],[5.79256,43.0690018],[5.7925958,43.0690018],[5.7926378,43.0690081],[5.7926526,43.0689855],[5.7925641,43.0689436],[5.7925039,43.0689522],[5.7924472,43.0689264],[5.7924511,43.0688719],[5.792484,43.0688392],[5.7924385,43.06879],[5.7925148,43.068744],[5.7925443,43.0687172],[5.7925341,43.0686825],[5.7924881,43.0686575],[5.792435,43.0686595],[5.7923718,43.0686196],[5.7923301,43.0686313],[5.7922813,43.0686036],[5.7922986,43.0685826],[5.7922911,43.0685585],[5.7923306,43.0685363],[5.792292,43.0685243],[5.7922466,43.0685205],[5.7922571,43.0684873],[5.7922737,43.0684782],[5.7923118,43.0685012],[5.7923594,43.0685108],[5.7924282,43.0685464],[5.7924368,43.0684933],[5.7923955,43.0684678],[5.7924116,43.0684513],[5.7925619,43.0684518],[5.7926302,43.0684902],[5.7926252,43.0685298],[5.7926528,43.068537],[5.7926374,43.0685827],[5.7927106,43.0685701],[5.7927671,43.068638],[5.7927525,43.068709],[5.7928107,43.0687129],[5.7928538,43.0686353],[5.7929167,43.0686328],[5.7929085,43.0686056],[5.7928454,43.0685944],[5.7928008,43.0685736]]}},{"type":"Feature","properties":{},"geometry":{"type":"LineString","coordinates":[[5.8926861,43.1183222],[5.8926772,43.1182359],[5.8921999,43.1176559],[5.8912582,43.1160023],[5.8912438,43.1159394],[5.8912609,43.1158748],[5.8912972,43.1158236],[5.8927082,43.1154436],[5.8927885,43.1154349],[5.8928406,43.1154407],[5.8928672,43.1154681],[5.8928659,43.1155131],[5.892831,43.1155584],[5.892764,43.1155809],[5.8927392,43.1156285],[5.8927461,43.1156759],[5.8928183,43.1158179],[5.8928989,43.1157933],[5.8930077,43.1160028],[5.8929312,43.1160287],[5.8932295,43.1165575],[5.8932858,43.1165457],[5.8938219,43.1175718],[5.8946438,43.11734],[5.8946251,43.1173121],[5.8946492,43.1172963],[5.8943146,43.1166281],[5.8942648,43.1166439],[5.8940795,43.1162897],[5.8941408,43.1162689],[5.893863,43.1157473],[5.8938091,43.1157633],[5.8936166,43.1154149],[5.8936681,43.1153961],[5.8936256,43.1153493],[5.8935551,43.1153373],[5.8934474,43.1153504],[5.893392,43.1153506],[5.8933715,43.1152876],[5.8933629,43.1152611],[5.8948602,43.1148473],[5.8950813,43.114799],[5.895077,43.1148339],[5.8950408,43.1148475],[5.8949981,43.1148947],[5.8949903,43.114953],[5.8949994,43.1150219],[5.8952282,43.1154714],[5.8952882,43.115458],[5.8954607,43.1158102],[5.8954152,43.1158301],[5.8956291,43.1162696],[5.8956966,43.1162588],[5.8958869,43.1166041],[5.8958317,43.1166259],[5.8959751,43.1168827],[5.8961287,43.1169306],[5.896614,43.1167954],[5.8966385,43.1168215],[5.8974456,43.1165771],[5.8974906,43.1165139],[5.8975176,43.1164878],[5.8975539,43.1164367],[5.8975304,43.1162861],[5.8974771,43.116211],[5.8964099,43.1153639],[5.8957134,43.1147943],[5.8955765,43.1147932],[5.8955339,43.1147261],[5.8955698,43.1146894],[5.8956801,43.1146645],[5.895963,43.1144681],[5.8959223,43.1144385],[5.8959576,43.1144163],[5.8960713,43.1144043],[5.897039,43.1142584],[5.897408,43.1145335],[5.8974344,43.1145205],[5.8975416,43.1146187],[5.8975215,43.1146357],[5.897648,43.1147473],[5.8976784,43.1147355],[5.8979555,43.114982],[5.8979262,43.1150053],[5.8980208,43.1150767],[5.8980473,43.1150651],[5.8981311,43.1151285],[5.8981073,43.1151472],[5.8981239,43.1151664],[5.8984299,43.1154041],[5.8985307,43.1154405],[5.8987951,43.1156587],[5.8988877,43.1157115],[5.8989814,43.1156976],[5.8990268,43.1157154],[5.8990861,43.1157526],[5.8991351,43.115747],[5.8991917,43.1156427],[5.8992008,43.1155973],[5.8991526,43.1155523],[5.8989525,43.115461],[5.8988536,43.1154246],[5.8987958,43.1153829],[5.8987674,43.1153382],[5.8987565,43.115252],[5.8987422,43.115203],[5.8987009,43.1151676],[5.8986472,43.1151663],[5.8985864,43.1151523],[5.89842,43.1150573],[5.8982032,43.1149159],[5.8980628,43.1147848],[5.8979407,43.1146381],[5.8978753,43.1145998],[5.8978224,43.1145477],[5.8977713,43.1143031],[5.8977242,43.1142305],[5.8976176,43.1141381],[5.8975562,43.1141198],[5.8973488,43.1138189],[5.8972857,43.1137455],[5.8971496,43.113675],[5.8970911,43.1135885],[5.8970502,43.1134808],[5.897058,43.1132693],[5.8972255,43.1130285],[5.8974254,43.1129683],[5.8975146,43.1129113],[5.8976382,43.1129189],[5.8976966,43.1128897],[5.8977357,43.1129034],[5.8977455,43.1129405],[5.897808,43.1129703],[5.8978838,43.1129704],[5.8978902,43.112918],[5.8979241,43.1128814],[5.8980342,43.1128348],[5.8981686,43.1128129],[5.8982779,43.1128156],[5.8983339,43.11284],[5.898419,43.1128584],[5.8992233,43.1129443],[5.8995961,43.1130235],[5.8997565,43.1130421],[5.8998806,43.1130729],[5.9000535,43.1131733],[5.9002027,43.113286],[5.9002301,43.1133597],[5.9003291,43.1134164],[5.9003804,43.1134714],[5.9006391,43.1136163],[5.9006936,43.1136639],[5.9007895,43.1137671],[5.9008742,43.113801],[5.9008898,43.1137798],[5.9010565,43.1138777],[5.9015199,43.1141052],[5.9017027,43.1141665],[5.9018371,43.1141634],[5.9018496,43.1141121],[5.9018794,43.1140931],[5.9023364,43.1141446],[5.9027878,43.1114532],[5.9028368,43.1114288],[5.9031388,43.1114555],[5.903168,43.1114886],[5.9026955,43.1143691],[5.9028538,43.1143864],[5.9028975,43.1143681],[5.9028989,43.1143435],[5.90288,43.1143141],[5.9028893,43.114289],[5.9029574,43.1142766],[5.9036215,43.1143282],[5.9036711,43.1143471],[5.9036828,43.1143653],[5.9036619,43.1143925],[5.9036324,43.1144144],[5.9036318,43.1144462],[5.9036695,43.1144658],[5.9037834,43.1144754],[5.9038846,43.1144771],[5.904254,43.112176],[5.9042799,43.1121587],[5.9045446,43.1121889],[5.9045546,43.1122086],[5.9041297,43.1143811],[5.9051777,43.1144722],[5.905149,43.1145967],[5.9053911,43.1146282],[5.9057631,43.1123477],[5.905791,43.1123303],[5.9060265,43.1123462],[5.906041,43.1123714],[5.9056684,43.1146458],[5.9059112,43.1146758],[5.9059137,43.1147003],[5.906653,43.1147665],[5.9066644,43.1147427],[5.9069168,43.1147692],[5.9071671,43.1131885],[5.9071973,43.1131738],[5.9074312,43.1131941],[5.9074432,43.1132137],[5.9071771,43.1148524],[5.908402,43.1149786],[5.9086718,43.1133318],[5.9089728,43.1133687],[5.9086981,43.1149616],[5.9087864,43.1150305],[5.9089237,43.1150359],[5.9089428,43.11499],[5.909687,43.1150588],[5.9097766,43.1151016],[5.9099309,43.1151176],[5.9105495,43.1115253],[5.9108695,43.1115496],[5.9102231,43.115043],[5.9105533,43.1150754],[5.91052,43.1152131],[5.9108254,43.1152541],[5.9111021,43.115382],[5.9110101,43.1154304],[5.9114678,43.116266],[5.9113158,43.1170358],[5.9112915,43.117069],[5.9112507,43.117077],[5.9076507,43.1167147],[5.9075719,43.1171389],[5.9091589,43.1173837],[5.9091355,43.1174834],[5.9094125,43.1175173],[5.9094442,43.117556],[5.9094487,43.1175992],[5.9094279,43.1176466],[5.9093861,43.1176836],[5.9083556,43.1175482],[5.9082698,43.1175616],[5.9077315,43.1174987],[5.90743,43.1189491],[5.9113016,43.1193507],[5.911344,43.1193585],[5.9113702,43.1193816],[5.9126571,43.1228945],[5.9126853,43.1229716],[5.9126857,43.1229846],[5.9126919,43.1231693],[5.9126649,43.1231954],[5.9127556,43.1244528],[5.9127681,43.1245157],[5.9127946,43.1245605],[5.9128387,43.1246044],[5.9128952,43.1246331],[5.9129524,43.1246458],[5.913023,43.124639],[5.9130774,43.1246288],[5.9131325,43.1246055],[5.9131715,43.1245614],[5.9131978,43.1245093],[5.9130885,43.1231881],[5.9130584,43.1231651],[5.9130529,43.1229789],[5.9131852,43.1229745],[5.9132678,43.1231774],[5.9133367,43.1233465],[5.913318,43.1233764],[5.9139412,43.1246553],[5.9141893,43.1249077],[5.9143881,43.1248562],[5.9143646,43.1245726],[5.9137061,43.1232682],[5.9136831,43.1232565],[5.9136111,43.123097],[5.9140088,43.1229955],[5.9140891,43.1231588],[5.9140715,43.1231801],[5.9147102,43.1244655],[5.9149652,43.1247074],[5.9151738,43.1246554],[5.915166,43.1244273],[5.9144724,43.1230619],[5.91444,43.1230551],[5.9143679,43.1229154],[5.9143631,43.1229061],[5.9143751,43.1228881],[5.9144271,43.1228737],[5.9144184,43.1228467],[5.9147921,43.1227435],[5.9147153,43.1225857],[5.9137319,43.1205652],[5.9136378,43.1195052],[5.9136418,43.1194674],[5.9136568,43.1194405],[5.9136968,43.1194253],[5.9137437,43.1194183],[5.9153306,43.1195715],[5.9155763,43.119602],[5.91558,43.1195613],[5.9156622,43.1195712],[5.9156587,43.1196133],[5.9198608,43.1200361],[5.9198931,43.1200416],[5.919905,43.1200612],[5.9196784,43.1213121],[5.9196652,43.1213374],[5.9196319,43.1213407],[5.9177241,43.1211614],[5.9177079,43.1211767],[5.9174056,43.1211472],[5.9173833,43.1211614],[5.9155703,43.120961],[5.9154965,43.1209564],[5.9154439,43.1209651],[5.915396,43.1209996],[5.9153698,43.1210343],[5.9153629,43.1210824],[5.9153753,43.1211251],[5.9153966,43.1211586],[5.9154272,43.1211859],[5.9154806,43.1212046],[5.9173589,43.1213776],[5.9173832,43.1216309],[5.9171571,43.1216867],[5.9171176,43.1216687],[5.9161225,43.1218944],[5.9160673,43.1219162],[5.9160244,43.1219605],[5.9160034,43.1220065],[5.9160021,43.1220514],[5.9160277,43.1220876],[5.9160649,43.1221217],[5.9161008,43.1221429],[5.9161619,43.1221583],[5.916209,43.1221542],[5.9172453,43.1219111],[5.917253,43.1218717],[5.9174571,43.1218141],[5.91751,43.1218271],[5.9175597,43.1218475],[5.9207428,43.1241011],[5.9217502,43.1236585],[5.9217085,43.1236001],[5.9217598,43.1235784],[5.921789,43.1235739],[5.9218175,43.1235622],[5.9218504,43.1235358],[5.9218611,43.1235049],[5.9218486,43.1234801],[5.9214082,43.1232456],[5.9210756,43.123076],[5.9210509,43.1230484],[5.9209875,43.12301],[5.9207667,43.1229056],[5.9207261,43.1228775],[5.920707,43.1228453],[5.920719,43.1228085],[5.9211384,43.1221161],[5.9211638,43.1221132],[5.9213027,43.121876],[5.9213826,43.1218441],[5.9222,43.1218176],[5.9234801,43.1233548],[5.9245527,43.1229082],[5.9245959,43.1228667],[5.9251393,43.1226226],[5.9251164,43.1225935],[5.9251609,43.1224833],[5.9257959,43.1222052],[5.9258305,43.1221758],[5.9259984,43.1221122],[5.9260876,43.1222085],[5.9268082,43.121897],[5.926769,43.121863],[5.9268604,43.1218087],[5.926706,43.121677],[5.9267198,43.1216574],[5.9268399,43.1215601],[5.9268645,43.1215486],[5.9268937,43.1215629],[5.9277799,43.1221964],[5.9280964,43.1220241],[5.9270408,43.1209082],[5.9269455,43.1209124],[5.9265218,43.1213063],[5.9264977,43.1213221],[5.9264757,43.1213204],[5.9261566,43.1211502],[5.9261369,43.1211325],[5.9261489,43.1211145],[5.9274207,43.119884],[5.92715,43.1193553],[5.9270747,43.1192082],[5.9270304,43.1192208],[5.9269982,43.1191648],[5.9268974,43.1189895],[5.9268952,43.1189115],[5.9266999,43.1185232],[5.926669,43.1184931],[5.926618,43.1184785],[5.9265662,43.1184756],[5.9265219,43.1184882],[5.9264823,43.1185077],[5.9264562,43.1185424],[5.9264483,43.1185805],[5.9264608,43.1186246],[5.9266122,43.1189911],[5.9266931,43.1190445],[5.9267791,43.1192234],[5.926431,43.1193281],[5.926111,43.1186678],[5.9260348,43.1186402],[5.9259346,43.1186675],[5.925902,43.1187344],[5.9261764,43.1192729],[5.9262021,43.1193922],[5.926226,43.1195031],[5.9259688,43.1195708],[5.9258382,43.1193039],[5.9258504,43.1192873],[5.9256108,43.1188407],[5.9255735,43.1188066],[5.9255228,43.1187949],[5.9254648,43.1187894],[5.9253997,43.1188118],[5.9253686,43.1188367],[5.9253448,43.1188742],[5.9253432,43.1189162],[5.9255632,43.1193873],[5.9255828,43.1193848],[5.9257218,43.1196389],[5.9254452,43.1197236],[5.9253377,43.1196037],[5.924634,43.1195192],[5.9246515,43.1194321],[5.9249853,43.1177742],[5.9254168,43.1156305],[5.9254279,43.1155753],[5.9254347,43.1155417],[5.9254744,43.1155424],[5.9254994,43.1154789],[5.9255319,43.1154669],[5.9263357,43.1155396],[5.9263663,43.115548],[5.9263858,43.1155643],[5.9265843,43.1159959],[5.9274497,43.1178777],[5.9277513,43.117806],[5.9277897,43.1178892],[5.9287422,43.1176097]]}},{"type":"Feature","properties":{},"geometry":{"type":"LineString","coordinates":[[5.9929328,43.1050752],[5.9930186,43.1051203],[5.9930823,43.1051603],[5.9932225,43.1051477],[5.993397,43.105196],[5.9935229,43.1052624],[5.9936347,43.1053594],[5.9936977,43.1054002],[5.9939144,43.1054513],[5.9940123,43.1054207],[5.9940613,43.105339],[5.9940683,43.1052726],[5.9942417,43.1052162],[5.994408,43.1051281],[5.9946804,43.1052384],[5.9948253,43.1052248],[5.994918,43.105098],[5.9949458,43.1050079],[5.9950091,43.1048625],[5.9950831,43.1048991],[5.9951549,43.1049259],[5.9952533,43.1049279],[5.9953053,43.1049365],[5.9953449,43.1049712],[5.9953515,43.1050035],[5.9953438,43.1050312],[5.9953616,43.1050546],[5.9953889,43.1050795],[5.9954519,43.1051546],[5.9954786,43.1051692],[5.995504,43.1051649],[5.9955142,43.1051388],[5.9955532,43.1050878],[5.9956011,43.1050674],[5.995675,43.1050513],[5.99586,43.1050538],[5.9959452,43.1050699],[5.9960002,43.1050887],[5.9960499,43.1050974],[5.9960894,43.1050927],[5.9961013,43.1050839],[5.9960986,43.1050687],[5.9960866,43.1050543],[5.9960859,43.1050426],[5.9960908,43.1050312],[5.9961016,43.1050282],[5.9961086,43.1050315],[5.9961146,43.1050399],[5.9961159,43.1050506],[5.9961248,43.1050665],[5.9961377,43.1050764],[5.9961526,43.1050795],[5.9961677,43.1050764],[5.9961845,43.1050695],[5.9962005,43.1050501],[5.9962095,43.1050264],[5.9962261,43.1050079],[5.9962424,43.1049921],[5.9962604,43.1049852],[5.9963105,43.1049724],[5.99635,43.104967],[5.9963729,43.1049703],[5.9963936,43.1049777],[5.9964101,43.1049857],[5.9964202,43.1050016],[5.996452,43.1050797],[5.9964595,43.1051033],[5.9964574,43.1051191],[5.9964516,43.1051336],[5.9964416,43.105142],[5.9964198,43.1051459],[5.9963984,43.1051479],[5.9963891,43.1051554],[5.9963749,43.1051838],[5.9963803,43.105202],[5.996398,43.1052221],[5.9964285,43.1052387],[5.9964648,43.1052514],[5.996478,43.1052559],[5.9964865,43.1052548],[5.9964886,43.1052484],[5.9964841,43.105236],[5.9964833,43.1052225],[5.9964839,43.1052117],[5.9964937,43.1052006],[5.9965064,43.1051889],[5.9965204,43.1051858],[5.9965417,43.1051837],[5.9965534,43.1051748],[5.9965572,43.1051652],[5.9965661,43.1051618],[5.9965819,43.1051586],[5.9965954,43.1051586],[5.9966043,43.1051637],[5.9966112,43.1051756],[5.9966221,43.1051843],[5.9966523,43.1052062],[5.996657,43.1052141],[5.9966514,43.1052224],[5.9966353,43.1052292],[5.9966279,43.1052394],[5.9966231,43.1052508],[5.9966326,43.1052563],[5.9966529,43.105257],[5.9966688,43.1052663],[5.9967861,43.105329],[5.9968446,43.1053424],[5.9968863,43.1053424],[5.9969365,43.1053412],[5.997005,43.1053376],[5.9970224,43.1053317],[5.9970335,43.1053219],[5.9970328,43.1053098],[5.9970277,43.1052866],[5.9970227,43.1052759],[5.9970125,43.1052695],[5.9970085,43.1052629],[5.9970166,43.1052559],[5.997032,43.1052568],[5.9970423,43.1052645],[5.997052,43.1052732],[5.997065,43.1052746],[5.9970778,43.1052728],[5.9971198,43.1052584],[5.9972072,43.1052115],[5.9972168,43.105199],[5.9972159,43.1051833],[5.9972128,43.1051735],[5.9972046,43.1051689],[5.9971893,43.1051698],[5.9971543,43.1051903],[5.9971328,43.1051986],[5.9971146,43.1052028],[5.997083,43.105198],[5.9970732,43.1051875],[5.9970755,43.1051744],[5.9970976,43.1051553],[5.9971281,43.1051412],[5.9971977,43.1051165],[5.9972254,43.1050981],[5.9972523,43.1050761],[5.9972601,43.1050533],[5.9972582,43.1050314],[5.9972666,43.1050185],[5.9972921,43.1050033],[5.9973589,43.1049827],[5.9974037,43.1049722],[5.9974572,43.1049656],[5.9974832,43.1049683],[5.9975074,43.1049832],[5.9975284,43.1049862],[5.9975516,43.1049836],[5.9975787,43.1049755],[5.9975924,43.1049796],[5.9975983,43.1049947],[5.9976051,43.1050066],[5.9976178,43.1050134],[5.9976364,43.1050168],[5.9976479,43.1050133],[5.9976571,43.105004],[5.9976549,43.1049879],[5.9976523,43.1049754],[5.9976579,43.1049662],[5.9976757,43.1049571],[5.9977045,43.1049552],[5.997724,43.1049636],[5.9977326,43.104975],[5.9977383,43.104987],[5.9977521,43.1049928],[5.9977674,43.1049919],[5.9977813,43.1049788],[5.9977925,43.10496],[5.9977941,43.1049361],[5.9977959,43.1048947],[5.9978029,43.1048693],[5.9978228,43.1048336],[5.9978397,43.1048088],[5.9978711,43.1047893],[5.9978872,43.1047825],[5.9979013,43.1047631],[5.9979022,43.1047484],[5.9978899,43.1047247],[5.9978895,43.1047033],[5.9979122,43.1046712],[5.9979368,43.1046409],[5.9979696,43.1046252],[5.9980025,43.1046254],[5.9980306,43.1046385],[5.9980382,43.1046577],[5.9980487,43.1047102],[5.9980682,43.1047303],[5.9980952,43.1047394],[5.9981389,43.1047373],[5.9981618,43.1047399],[5.9981764,43.1047394],[5.9981922,43.1047289],[5.9982015,43.1047172],[5.9982169,43.1047147],[5.9982348,43.1047242],[5.9982465,43.1047365],[5.9982454,43.1047492],[5.9982297,43.1047611],[5.998208,43.1047632],[5.9981744,43.1047669],[5.9981648,43.1047733],[5.9981693,43.1047885],[5.9981888,43.1048079],[5.9982414,43.1048329],[5.9983099,43.1048481],[5.9983453,43.1048456],[5.9983694,43.1048361],[5.9983875,43.1048342],[5.9984202,43.1048325],[5.9984528,43.1048428],[5.998568,43.1048912],[5.9985876,43.1048979],[5.9986003,43.1048968],[5.9986091,43.1048912],[5.9986252,43.104886],[5.9986417,43.1048874],[5.9986623,43.1048961],[5.9986832,43.1049242],[5.9986824,43.1049423],[5.9986701,43.10495],[5.9986374,43.1049524],[5.9986204,43.104957],[5.9986099,43.1049647],[5.9986077,43.1049895],[5.9986227,43.1050111],[5.99865,43.105039],[5.9988073,43.1051341],[5.9988673,43.1051603],[5.9989003,43.1051639],[5.9989294,43.1051609],[5.9989888,43.1051476],[5.9990333,43.1051294],[5.9990569,43.1051267],[5.9991712,43.1051156],[5.9992235,43.1051052],[5.9992446,43.1050918],[5.9992447,43.1050791],[5.9992367,43.105068],[5.9992141,43.105056],[5.9992024,43.1050437],[5.9992023,43.1050276],[5.9992164,43.1050044],[5.9992395,43.104993],[5.9992654,43.1049834],[5.9992797,43.1049643],[5.9993448,43.1048946],[5.9993676,43.1048778],[5.9993874,43.1048738],[5.9994032,43.1048793],[5.9994605,43.1049202],[5.9994718,43.1049266],[5.9994798,43.104923],[5.9994754,43.1049097],[5.999488,43.1048919],[5.9995106,43.1048738],[5.9995675,43.1048492],[5.9995964,43.1048436],[5.9996345,43.1048551],[5.9996497,43.1048505],[5.9996779,43.1048336],[5.9997129,43.1048084],[5.9997283,43.1047918],[5.9997496,43.1047818],[5.9997769,43.1047809],[5.9998862,43.1047766],[5.9999248,43.104766],[6.0000172,43.1047217],[6.0001101,43.1046692],[6.0002292,43.1045777],[6.0002958,43.1045623],[6.0004322,43.1045426],[6.0005007,43.1045156],[6.0005338,43.1044632],[6.0005834,43.1044235],[6.0006437,43.1043911],[6.0006923,43.1043781],[6.0007881,43.104375],[6.0008374,43.1043733],[6.0008777,43.104353],[6.000904,43.1043075],[6.0009299,43.1043152],[6.0009701,43.1042929],[6.0011394,43.1042588],[6.0012264,43.104237],[6.001303,43.1042155],[6.0013398,43.1042238],[6.0013691,43.1042361],[6.0014055,43.1042368],[6.0014516,43.1042258],[6.0014999,43.104209],[6.0015359,43.1041603],[6.0015536,43.1041102],[6.0015568,43.1040759],[6.0015443,43.1040421],[6.0015449,43.1040097],[6.0015531,43.1039733],[6.0015558,43.1039313],[6.0015541,43.1039047],[6.0015634,43.1038854],[6.0015944,43.1038844],[6.0016465,43.1038865],[6.0016714,43.1038686],[6.0016855,43.1038399],[6.0017086,43.1037581],[6.0017436,43.1037176],[6.0017436,43.1037039],[6.001749,43.103695],[6.0018956,43.1036703],[6.00193,43.1036629],[6.0019614,43.1036338],[6.0020196,43.1035873],[6.0020582,43.1035711],[6.0021835,43.1035231],[6.0022107,43.1035161],[6.0022352,43.1035258],[6.0022436,43.1035457],[6.002277,43.1036009],[6.0022954,43.1036284],[6.0022928,43.1036443],[6.0022852,43.1036577],[6.0022886,43.1036743],[6.0023172,43.10369],[6.0024234,43.1037226],[6.0025988,43.1037669],[6.0026398,43.103792],[6.0027219,43.1038209],[6.0027978,43.1038465],[6.002912,43.1038718],[6.0030027,43.1038838],[6.0030673,43.1038817],[6.003154,43.1038885],[6.003223,43.1038985],[6.00341,43.1038995],[6.0035254,43.1038843],[6.0036643,43.103842],[6.0037771,43.1038049],[6.0038186,43.1037965],[6.0038451,43.1037992],[6.0038805,43.1038094],[6.0039109,43.1038253],[6.0039311,43.103833],[6.0039497,43.1038316],[6.0039665,43.1038182],[6.0039955,43.103799],[6.0040137,43.1037915],[6.0040502,43.1037941],[6.004162,43.1038232],[6.0042728,43.1038546],[6.0043126,43.1038601],[6.0043331,43.1038564],[6.0043488,43.1038414],[6.0043792,43.1037956],[6.0043976,43.1037729],[6.004412,43.1037717],[6.0044285,43.1037856],[6.0044478,43.1037971],[6.0044644,43.1037966],[6.0044926,43.103782],[6.0045214,43.1037788],[6.0045613,43.1037851],[6.0046219,43.1038097],[6.0046781,43.1038292],[6.0047612,43.103847],[6.0048231,43.1038586],[6.0048546,43.1038652],[6.004874,43.1038767],[6.004895,43.1038966],[6.0049627,43.1039872],[6.0049686,43.1040159],[6.0049647,43.104054],[6.0049712,43.1040751],[6.0049899,43.104092],[6.0050134,43.1041034],[6.00507,43.1041129],[6.0051359,43.1041207],[6.0051928,43.1041188],[6.0052296,43.1041092],[6.0052637,43.1040899],[6.0052815,43.1040756],[6.0052829,43.1040649],[6.0052794,43.1040582],[6.0052934,43.1040511],[6.0053042,43.104064],[6.0053095,43.1040798],[6.005316,43.1040953],[6.0053366,43.1041091],[6.0053402,43.1041493],[6.0053815,43.1041785],[6.0054126,43.1042016],[6.0054495,43.1042117],[6.0054941,43.1042054],[6.0055602,43.1041904],[6.005668,43.1041547],[6.0057058,43.1041446],[6.0057651,43.1041442],[6.0058396,43.1041587],[6.0059201,43.1041641],[6.0060178,43.1041626],[6.0060898,43.1041579],[6.0061402,43.1041484],[6.0062517,43.104125],[6.0063655,43.1040734],[6.0066208,43.1039453],[6.0072089,43.1036808],[6.007253,43.1036057],[6.0073343,43.1035415],[6.0073928,43.1034726],[6.0074208,43.1034461],[6.0074697,43.1034261],[6.0075045,43.1034086],[6.0075635,43.1033633],[6.0076146,43.1033334],[6.0076585,43.1033044],[6.0076806,43.103284],[6.0076998,43.1032611],[6.0077163,43.1032382],[6.0077905,43.1031734],[6.0078679,43.1031342],[6.0079196,43.1031012],[6.0079677,43.1030684],[6.007995,43.1030593],[6.0080161,43.103041],[6.0080694,43.1030338],[6.0080968,43.1029962],[6.0081335,43.1029597],[6.0081733,43.1029122],[6.0082392,43.1028679],[6.0082612,43.1028631],[6.0083702,43.1027957],[6.0084887,43.1027932],[6.0085069,43.1027573],[6.00854,43.1027308],[6.008587,43.1027258],[6.0087388,43.1027578],[6.0088986,43.1027515],[6.0090295,43.1027081],[6.0090967,43.1026918],[6.0091689,43.1026894],[6.0092091,43.102674],[6.0094731,43.1025403],[6.0096591,43.1024989],[6.0098031,43.1024663],[6.0099108,43.1024228],[6.010029,43.1023954],[6.0101501,43.1023518],[6.0101972,43.102321],[6.0103496,43.102266],[6.0104183,43.1022485],[6.0105656,43.1021877],[6.0106593,43.1021724],[6.0107895,43.1021178],[6.0108581,43.1020871],[6.0109381,43.1020495],[6.0110223,43.1020124],[6.0111974,43.1019465],[6.0112418,43.1019137],[6.0113159,43.1018828],[6.0113339,43.1018727],[6.0113951,43.1018435],[6.0114315,43.1018314],[6.0114492,43.1018173],[6.0114855,43.1018039],[6.0115519,43.1017691],[6.0116134,43.1017426],[6.0116636,43.1017151],[6.011714,43.101689],[6.0117557,43.1016741],[6.0118304,43.1016317],[6.011914,43.1015686],[6.0120649,43.1014637],[6.0121212,43.101439],[6.0121729,43.1014101],[6.0122935,43.101366],[6.0123083,43.1013497],[6.0124848,43.1012794],[6.0125229,43.1012578],[6.012557,43.1012464],[6.0125992,43.1012162],[6.0126333,43.1012066],[6.0126532,43.1011906],[6.0126956,43.1011765],[6.0127155,43.1011628],[6.012789,43.1011278],[6.0128306,43.1011036],[6.0128883,43.1010778],[6.0129417,43.1010521],[6.0129393,43.1010183],[6.0129194,43.1010028],[6.0129184,43.1009866],[6.0129594,43.1009537],[6.0130331,43.1009219],[6.0130525,43.1008745],[6.0130893,43.1008539],[6.0132316,43.1008519],[6.0132857,43.1008257],[6.0133247,43.1007836],[6.013277,43.1007408],[6.0132757,43.1006808],[6.0133153,43.1006091],[6.0133696,43.1005507],[6.0134132,43.1005278],[6.0134813,43.1005024],[6.0135135,43.1004866],[6.0135786,43.1004536],[6.0136202,43.1004555],[6.013681,43.1004785],[6.0137173,43.1004664],[6.0138104,43.1003873],[6.0138168,43.1003697],[6.0138513,43.1003522],[6.0138816,43.1003632],[6.0139306,43.1003627],[6.0140257,43.1002932],[6.0140247,43.1002823],[6.0140631,43.100253],[6.0140617,43.1002401],[6.0141511,43.1001325],[6.014206,43.1000777],[6.0142403,43.1000238],[6.0142356,43.0999283],[6.0142812,43.0998964],[6.014275,43.0998731],[6.0143095,43.0998163],[6.0143013,43.0996522],[6.014339,43.0995827],[6.0143206,43.0993116],[6.014296,43.099273],[6.0142471,43.0992311],[6.0141859,43.09921],[6.0141697,43.0991935],[6.0141257,43.0992119],[6.0140564,43.0992142],[6.0140177,43.0991883],[6.0139838,43.099203],[6.013981,43.0992337],[6.0139148,43.0992494],[6.0137499,43.0992056],[6.013783,43.099179],[6.0137573,43.0991374],[6.0136995,43.0991393],[6.0136754,43.0991621],[6.0136061,43.0991661],[6.0134942,43.0991188],[6.0134939,43.0990747],[6.0136247,43.0990534],[6.0136371,43.0990292],[6.0137307,43.0990058],[6.0137953,43.0990003],[6.0138193,43.0990131],[6.0139099,43.0990169],[6.0139994,43.0990021],[6.0140904,43.0989736],[6.0142535,43.0989122],[6.0143159,43.0988711],[6.014368,43.0988133],[6.0143886,43.0987719],[6.0144578,43.0987272],[6.014435,43.0986841],[6.0143463,43.098685],[6.0143437,43.0986533],[6.0144085,43.0986154],[6.0144589,43.0985394],[6.0145315,43.0984946],[6.0144621,43.0984968],[6.0143476,43.0985197],[6.0142744,43.0985072],[6.0142362,43.0984979],[6.0143197,43.098442],[6.014445,43.0984061],[6.014529,43.0984055],[6.0145609,43.0984533],[6.0146431,43.0983763],[6.0147455,43.0983453],[6.0149113,43.098308],[6.0148497,43.0982952],[6.0147115,43.0983103],[6.0146513,43.0983208],[6.0145683,43.0983384],[6.0145778,43.0983041],[6.0147789,43.0982274],[6.0149359,43.0982372],[6.0151667,43.0982211],[6.015267,43.0982497],[6.0153004,43.0982273],[6.0153909,43.0982392],[6.0155427,43.0982926],[6.0156779,43.0984315],[6.0157569,43.098421],[6.0157585,43.0983864],[6.0158245,43.0983418],[6.0158789,43.0983427],[6.0158854,43.0983902],[6.0159224,43.0984023],[6.015972,43.0983847],[6.0160342,43.0983349],[6.016048,43.0982655],[6.0161341,43.098252],[6.0162085,43.0982841],[6.0163399,43.098301],[6.0164479,43.0982895],[6.016553,43.0982699],[6.0167507,43.0983059],[6.0168104,43.0982747],[6.0168529,43.0982761],[6.0169278,43.0983585],[6.0168619,43.0983969],[6.0168289,43.0984484],[6.0168206,43.0984912],[6.0168496,43.0985512],[6.0168342,43.0986553],[6.016891,43.0986959],[6.016905,43.0987458],[6.0169064,43.0987697],[6.0170712,43.0988979],[6.0172049,43.0989934],[6.0172826,43.0990077],[6.0174383,43.0990855],[6.0176863,43.0990864],[6.0178857,43.0990663],[6.0182835,43.0989612],[6.0186096,43.098819],[6.0187991,43.0986994],[6.0188769,43.0986384],[6.0189262,43.0985946],[6.0189693,43.0985557],[6.0190189,43.0984937],[6.0191068,43.0983957],[6.0191785,43.0982941],[6.0192505,43.0981507],[6.0192894,43.0980557],[6.0192967,43.0979422],[6.0193087,43.0977966],[6.0192615,43.0977441],[6.0194415,43.097738],[6.0195288,43.0976495],[6.0196387,43.0975724],[6.0196829,43.0975125],[6.0197407,43.0974732],[6.0197665,43.0973722],[6.0197933,43.0972522],[6.0198373,43.0971765],[6.0198642,43.0971032],[6.0199029,43.0970213],[6.0199722,43.0968805],[6.020048,43.096721],[6.020048,43.0966971],[6.0199953,43.0966108],[6.0199923,43.0965859],[6.0199781,43.0965722],[6.0199629,43.0965662],[6.0198543,43.0965586],[6.0198644,43.0965352],[6.0199269,43.0965147],[6.0199855,43.096503],[6.0199913,43.0964756],[6.0200766,43.0964391],[6.020188,43.0963692],[6.0202579,43.0963245],[6.0203366,43.0962762],[6.020405,43.0962486],[6.020548,43.09624],[6.0207311,43.0962274],[6.0207795,43.0962131],[6.0208428,43.0961806],[6.0208885,43.096153],[6.0209232,43.096118],[6.0209437,43.0960851],[6.020941,43.0960591],[6.0209157,43.0960147],[6.0209173,43.0959961],[6.0209866,43.0959691],[6.0210516,43.0959454],[6.0210855,43.0959249],[6.0211077,43.0958991],[6.0211451,43.0958749],[6.0211851,43.0958618],[6.021236,43.0958545],[6.0212625,43.0958377],[6.0213016,43.0958252],[6.0213639,43.0957884],[6.0214066,43.0957731],[6.0214877,43.0957577],[6.0215648,43.0957294],[6.0215824,43.0957219],[6.0215875,43.0956814],[6.0216452,43.0956781],[6.021694,43.0956834],[6.021734,43.095671],[6.0217566,43.0956529],[6.0217516,43.0956161],[6.0217593,43.0955958],[6.0218011,43.0955767],[6.0218616,43.0955764],[6.0219029,43.0955916],[6.021936,43.0955905],[6.0219851,43.0955784],[6.0220067,43.095563],[6.0220473,43.0955477],[6.022166,43.0955282],[6.0223068,43.0955027],[6.0224714,43.0954581],[6.0225558,43.09544],[6.0226027,43.0954326],[6.0226233,43.0954213],[6.0226437,43.0954072],[6.0226535,43.0953887],[6.02266,43.0953653],[6.0226509,43.0953573],[6.0226536,43.0953418],[6.0226747,43.0953295],[6.0228552,43.0953],[6.0228895,43.0952847],[6.022921,43.0952617],[6.0229627,43.0952358],[6.0230244,43.0951942],[6.0230487,43.0951768],[6.0230888,43.095137],[6.0231077,43.0950986],[6.023136,43.0950558],[6.0231551,43.0950508],[6.0231911,43.0950017],[6.0232071,43.0949778],[6.0232255,43.0949645],[6.0232856,43.094949],[6.0233402,43.094942],[6.0233568,43.0949327],[6.0233697,43.09491],[6.0233894,43.0948913],[6.0234078,43.0948656],[6.0234201,43.0948346],[6.0234605,43.0947658],[6.0234835,43.0947373],[6.0235202,43.0946859],[6.0236107,43.0946122],[6.0236183,43.0945957],[6.023631,43.0945792],[6.0236494,43.0945446],[6.0236743,43.0944809],[6.0236869,43.0944049],[6.0236766,43.0943124],[6.023641,43.0942501],[6.0236089,43.0942094],[6.0235103,43.0941775],[6.0233664,43.0941569],[6.0232376,43.0940046],[6.0232879,43.0939552],[6.0233362,43.0939371],[6.0233845,43.0939596],[6.0233897,43.0939803],[6.0233654,43.094013],[6.0233696,43.0940393],[6.0234403,43.0941002],[6.0235029,43.0941223],[6.023595,43.094113],[6.0237171,43.0941077],[6.0237571,43.0940932],[6.0238219,43.0940837],[6.0238651,43.0940616],[6.0239419,43.094008],[6.0239754,43.0939732],[6.0240047,43.09392],[6.024064,43.0938463],[6.0241411,43.0937003],[6.0241858,43.093618],[6.0242212,43.0935098],[6.0242546,43.0934331],[6.0243497,43.0932634],[6.0244035,43.0931733],[6.0244508,43.0930885],[6.0244657,43.0929754],[6.0244545,43.0928139],[6.0243836,43.0928129],[6.0243609,43.092788],[6.0242589,43.0927491],[6.0241865,43.0927393],[6.0241489,43.092758],[6.0240758,43.0927395],[6.024071,43.0927051],[6.0241959,43.0926612],[6.0242277,43.0926815],[6.0242725,43.0926898],[6.0243306,43.0926877],[6.0244625,43.0926997],[6.0244745,43.0926772],[6.0245035,43.0926743],[6.0245219,43.0927034],[6.0246337,43.0926582],[6.0247141,43.0924662],[6.0247026,43.0924198],[6.0247673,43.0922306],[6.0248063,43.0921549],[6.0248099,43.0920622],[6.0247866,43.0919996],[6.0247185,43.0919679],[6.0246023,43.0919407],[6.024573,43.0919131],[6.0245794,43.0918637],[6.0246305,43.0918417],[6.024692,43.0918534],[6.0247295,43.0918455],[6.0247548,43.0918129],[6.0247415,43.0917764],[6.0247214,43.0917278],[6.02472,43.0916582],[6.0246973,43.0916257],[6.0246857,43.0915895],[6.0246574,43.0915331],[6.0246365,43.0914852],[6.0244716,43.0913351],[6.0243021,43.091353],[6.024148,43.0914493],[6.0241285,43.0914615],[6.0241078,43.0914744],[6.0241643,43.0916345],[6.0241567,43.0916737],[6.0241219,43.0916946],[6.0240497,43.0916975],[6.0240033,43.0916642],[6.0239455,43.0914524],[6.0239629,43.0913998],[6.024051,43.0913273],[6.0244114,43.0911414],[6.0244346,43.0910833],[6.0244056,43.0910177],[6.024321,43.0908764],[6.0242752,43.0907808],[6.0242538,43.0907109],[6.0242445,43.0906826],[6.0242178,43.0906494],[6.0241789,43.0906151],[6.0241643,43.0905433],[6.0241253,43.090468],[6.0241019,43.0903949],[6.024079,43.0903504],[6.024038,43.0903004],[6.0239933,43.0902306],[6.0239484,43.0901755],[6.0238979,43.0901341],[6.0238341,43.0901315],[6.0238017,43.0901],[6.0237367,43.0900459],[6.0237211,43.0900208],[6.0236912,43.0900184],[6.0236664,43.0900123],[6.0236313,43.0899798],[6.0234932,43.0899319],[6.0234182,43.089931],[6.0233882,43.0899151],[6.023391,43.0898859],[6.0233294,43.0898495],[6.0232665,43.0898372],[6.0232549,43.0898795],[6.0232459,43.0898839],[6.0232203,43.0898643],[6.023182,43.0898556],[6.0231753,43.089886],[6.0231618,43.0898885],[6.0231443,43.0898635],[6.0231398,43.0898106],[6.0231589,43.089672],[6.0231673,43.0895445],[6.0231423,43.0895279],[6.0231206,43.0895093],[6.0231149,43.0894941],[6.0231173,43.0894724],[6.0231328,43.0894567],[6.0231302,43.0893833],[6.0231185,43.0893717],[6.0231078,43.0893404],[6.0230911,43.0893031],[6.0230781,43.0892692],[6.0230436,43.0892692],[6.02302,43.0892583],[6.0229992,43.0890893],[6.0229886,43.0889386],[6.0229251,43.088922],[6.0229268,43.088908],[6.0229343,43.0888735],[6.0229202,43.0888506],[6.0228984,43.0888374],[6.0228297,43.088836],[6.0228101,43.0888213],[6.0228016,43.0887559],[6.0227867,43.0887158],[6.0227341,43.0886536],[6.0226918,43.088627],[6.022634,43.0885994],[6.0225636,43.0885729],[6.0225061,43.0885711],[6.0223272,43.0885307],[6.0222928,43.0885012],[6.0222567,43.0884598],[6.022233,43.0884181],[6.0222152,43.0883618],[6.0221963,43.0882631],[6.022177,43.0882467],[6.022127,43.0882086],[6.0220892,43.0881799],[6.0220247,43.0881773],[6.0219514,43.0881591],[6.0219284,43.0881463],[6.0219339,43.0881373],[6.0219631,43.0881248],[6.0219648,43.0880996],[6.0219202,43.0879796],[6.0219009,43.0879558],[6.0217248,43.0879062],[6.0216914,43.087891],[6.021663,43.0878727],[6.0216173,43.087845],[6.0215651,43.0878328],[6.021545,43.087827],[6.0214416,43.0877421],[6.0213528,43.0877026],[6.0213084,43.0876762],[6.0212391,43.0876229],[6.0212322,43.0876138],[6.021237,43.0876052],[6.0212378,43.087577],[6.0212311,43.0875722],[6.0211852,43.0875505],[6.0210875,43.0875241],[6.021088,43.0875072],[6.0211184,43.0874985],[6.0212022,43.0875],[6.0212054,43.0874872],[6.021194,43.0874758],[6.0211659,43.0874401],[6.0211347,43.0873951],[6.0211201,43.0873847],[6.0210786,43.0873852],[6.0210628,43.0873941],[6.0210395,43.0873874],[6.0210316,43.0873778],[6.0210488,43.0873593],[6.0210693,43.087347],[6.0210634,43.0873352],[6.0210461,43.087335],[6.0209864,43.0873607],[6.0209631,43.0873563],[6.0209435,43.0873324],[6.0209192,43.0873294],[6.0209209,43.0873141],[6.02094,43.0873069],[6.0209661,43.0872913],[6.020972,43.0872705],[6.020975,43.0872471],[6.0209708,43.0872015],[6.0209652,43.0871936],[6.0209654,43.0871549],[6.0209833,43.0871436],[6.0210135,43.0871448],[6.0210712,43.0871668],[6.0210959,43.087157],[6.0210953,43.0870787],[6.0211092,43.0870471],[6.021141,43.0870163],[6.0211855,43.086986],[6.021189,43.0869695],[6.0211197,43.0869552],[6.0210485,43.0869323],[6.0209943,43.0869256],[6.0209433,43.0869113],[6.0209429,43.0868933],[6.0209901,43.0868712],[6.0209945,43.0868639],[6.0208694,43.0868786],[6.0207966,43.0868818],[6.0207429,43.086866],[6.0206894,43.0868256],[6.020654,43.0868275],[6.0206161,43.0868356],[6.0205812,43.0868305],[6.0205506,43.0868081],[6.0205499,43.086785],[6.0206822,43.0867411],[6.0207172,43.0867388],[6.0207469,43.0867486],[6.0209085,43.0867146],[6.0209654,43.0867201],[6.0211429,43.0867187],[6.0212316,43.0867444],[6.0212818,43.0867683],[6.0213322,43.0867678],[6.0213575,43.0867452],[6.0213976,43.0866971],[6.0214259,43.0866745],[6.0214535,43.0866649],[6.021494,43.0866233],[6.0215126,43.0865651],[6.0215259,43.0864907],[6.0215175,43.0863757],[6.0215076,43.0862881],[6.0214871,43.0862202],[6.0214515,43.0861378],[6.0213589,43.0860186],[6.0212767,43.0859465]]}},{"type":"Feature","properties":{},"geometry":{"type":"LineString","coordinates":[[5.9037776,43.0792498],[5.9030652,43.0794167],[5.9027934,43.0794496],[5.9024868,43.0794539],[5.9022601,43.0794474],[5.9014115,43.0793425],[5.9011188,43.0793066],[5.9008066,43.0792946],[5.9013982,43.0800831],[5.9015175,43.0801031],[5.9018593,43.080003],[5.9018541,43.0799692],[5.9019243,43.0799542],[5.9020555,43.0799868],[5.9016841,43.0801231],[5.9014185,43.0802912],[5.900968,43.0796208],[5.9007942,43.0796066],[5.9007346,43.0795619],[5.9003334,43.0795758],[5.9000431,43.079366],[5.8999781,43.0793799],[5.8999595,43.0794219],[5.9004234,43.0798901],[5.9006389,43.0800096],[5.9008024,43.0800606],[5.9009535,43.0802861],[5.8999972,43.0806597],[5.9000553,43.0809391],[5.9001225,43.0809705],[5.9002585,43.0809539],[5.9003821,43.0810561],[5.9003965,43.0812114],[5.9002748,43.0812248],[5.8999948,43.0813122],[5.8998231,43.0814138],[5.8998811,43.0815909],[5.9002549,43.0821329],[5.9004026,43.0821424],[5.9006164,43.0820624],[5.9007816,43.0819668],[5.9010585,43.0818174],[5.9015251,43.0815299],[5.9014176,43.0813108],[5.9009543,43.0807407],[5.9012072,43.0806492],[5.9012977,43.0806129],[5.9016444,43.0805091],[5.9016029,43.0804244],[5.9016657,43.0803853],[5.9019574,43.0809169],[5.9019883,43.0811347],[5.9024069,43.0809669],[5.90248,43.0805748],[5.9025494,43.0805508],[5.9025814,43.0805997],[5.9024869,43.0810954],[5.9019931,43.0812915],[5.9018982,43.0816015],[5.901247,43.0820647],[5.9004396,43.0824075],[5.9004068,43.0824846],[5.9004324,43.0825684],[5.9003386,43.0826057],[5.900292,43.0825261],[5.9001501,43.0825878],[5.8999666,43.0825886],[5.8999613,43.0825351],[5.9002035,43.0824506],[5.8991299,43.0809019],[5.8989127,43.0809849],[5.898926,43.0810028],[5.8985907,43.0811247],[5.8984707,43.0811889],[5.898358,43.0812188],[5.8983017,43.0812173],[5.8981642,43.0810998],[5.898126,43.0811105],[5.8980381,43.0810405],[5.8980824,43.0809974],[5.8980368,43.0809612],[5.8979382,43.0808603],[5.8979295,43.0808392],[5.897953,43.0808035],[5.8980006,43.080778],[5.8981481,43.0806281],[5.8981964,43.0806124],[5.8982038,43.0805899],[5.8983754,43.0804067],[5.8985632,43.0802637],[5.8985444,43.0802412],[5.8985873,43.0802103],[5.8985283,43.0801712],[5.8984096,43.0802515],[5.8982943,43.080345],[5.8978326,43.08074],[5.897828,43.0807368],[5.8978027,43.0807194],[5.8976191,43.0805929],[5.8974997,43.0805356],[5.8974427,43.0805287],[5.8973991,43.0805434],[5.897265,43.0805566],[5.897208,43.0805889],[5.8971383,43.0805973],[5.897086,43.0805943],[5.896752,43.0805023],[5.8966662,43.0805062],[5.8965965,43.0805473],[5.8965576,43.0805943],[5.8965388,43.0806786],[5.8965884,43.0808059],[5.8965147,43.0808882],[5.8964261,43.0809117],[5.8963604,43.0809048],[5.8962867,43.0808794],[5.8961901,43.0809186],[5.8955682,43.0812769],[5.8951638,43.0815139],[5.8948786,43.081681],[5.8946734,43.0819763],[5.8956686,43.0834198],[5.8964405,43.0844431],[5.8966336,43.08472],[5.8968667,43.085139],[5.8975535,43.0860945],[5.8977814,43.0864267],[5.898264,43.0871651],[5.8986369,43.0876886],[5.8987558,43.0879072],[5.8991289,43.0890628],[5.8996461,43.0899793],[5.8999456,43.0902765],[5.9005642,43.0911165],[5.9006986,43.0912515],[5.9008023,43.0912434],[5.9010454,43.0909186],[5.9011288,43.0909591],[5.901192,43.0910037],[5.9011286,43.0912824],[5.9010817,43.0913042],[5.901067,43.0916353],[5.9014517,43.0920007],[5.9018847,43.0921894],[5.9021845,43.0922956]]}},{"type":"Feature","properties":{},"geometry":{"type":"LineString","coordinates":[[5.9031247,43.0735281],[5.903931,43.0733258],[5.9045502,43.0730674],[5.9052309,43.0730332],[5.9056327,43.0730897],[5.90578,43.0731001],[5.9059729,43.0730911],[5.9062261,43.0730558],[5.9064786,43.0729802],[5.906672,43.0728957],[5.9068427,43.0727577],[5.9069394,43.0726355],[5.9068235,43.0725717],[5.9068543,43.0725528],[5.9069546,43.072602],[5.9070779,43.0723981],[5.9071106,43.0721739],[5.9070688,43.0720207],[5.9069592,43.0720307],[5.9069389,43.0719655],[5.9069777,43.0719463],[5.9069109,43.0717514],[5.9068135,43.0715862],[5.9068018,43.0715416],[5.9068569,43.0714992],[5.9069115,43.0713445],[5.9068868,43.0712063],[5.9068808,43.0707544],[5.90694,43.070439],[5.907172,43.0701383],[5.9073868,43.0699206],[5.9078092,43.069575],[5.9080459,43.0692063],[5.9082202,43.0689252],[5.9084982,43.0687122],[5.9086207,43.0686085],[5.9087493,43.0685053],[5.908877,43.0683793],[5.9088649,43.0683386],[5.9091592,43.0680259],[5.9096805,43.067794],[5.9097354,43.0677098],[5.9100947,43.0675965],[5.9102106,43.0673701],[5.9105594,43.0670679],[5.9108175,43.0667565],[5.9109499,43.0666894],[5.9109808,43.0665804],[5.9110517,43.0664411],[5.9109563,43.0663893],[5.9109958,43.0662026],[5.9110342,43.0661078],[5.9110656,43.0659799],[5.9111034,43.0658099],[5.9112266,43.0658594],[5.9112293,43.065927],[5.9113044,43.0659495],[5.9113298,43.0660201],[5.9113178,43.0660926],[5.91135,43.0661087],[5.9113929,43.0660916],[5.9114479,43.0661122],[5.9115122,43.0661063],[5.9115779,43.0660906],[5.9115867,43.0660117],[5.9116195,43.0658755],[5.9116745,43.0658966],[5.9117275,43.0659618],[5.9117134,43.0660911],[5.9117657,43.066074],[5.9117945,43.0660029],[5.9118415,43.0659618],[5.9119159,43.0660269],[5.9119032,43.0661009],[5.9119434,43.066094],[5.9119709,43.0660514],[5.9119474,43.0659676],[5.9119796,43.0659476],[5.9120232,43.0659887],[5.9120446,43.0660847],[5.9120862,43.06607],[5.9121291,43.0661122],[5.9121935,43.0660788],[5.9121747,43.0660201],[5.9122498,43.0660171],[5.9122874,43.066025],[5.9124376,43.0660935],[5.9124456,43.066169],[5.9124094,43.0662768],[5.9127143,43.0664687],[5.9127782,43.0664218],[5.9128064,43.0664208],[5.9127863,43.0665335],[5.9127501,43.0666109],[5.9127849,43.0666403],[5.9128278,43.0666393],[5.9129284,43.0664717],[5.912966,43.0663968],[5.9130062,43.066362],[5.9130304,43.0663983],[5.9129982,43.0664482],[5.9129647,43.0665741],[5.9129935,43.0666216],[5.9130585,43.0666324],[5.9131806,43.0666706],[5.9132248,43.0665707],[5.9132892,43.0665168],[5.9132959,43.0666217],[5.9132691,43.0667362],[5.9132315,43.0667902],[5.9131738,43.066845],[5.9135802,43.0670615],[5.9136727,43.0669949],[5.9137532,43.0668597],[5.9138257,43.0667696],[5.9139249,43.0667304],[5.9139504,43.0667715],[5.9139168,43.0668352],[5.9138404,43.0669048],[5.9137693,43.0671292],[5.9138726,43.0671458],[5.9139276,43.0670782],[5.9139839,43.0670968],[5.9140711,43.0670106],[5.9141314,43.0670547],[5.9141515,43.0669714],[5.9142159,43.0668969],[5.9142548,43.0669038],[5.9142427,43.0669646],[5.9143272,43.0668676],[5.9143554,43.0669097],[5.9144546,43.0668431],[5.9144519,43.0670606],[5.9143513,43.0671948],[5.9143406,43.0673084],[5.9144559,43.0672996],[5.9145874,43.0673153],[5.9146973,43.0673682],[5.9147416,43.0673437],[5.9148771,43.0671203],[5.9149455,43.0671497],[5.9149575,43.0671899],[5.9149173,43.0672232],[5.9149227,43.0672683],[5.9148301,43.0673604],[5.914802,43.0674084],[5.9149186,43.0674299],[5.9150152,43.0673623],[5.9149776,43.0674309],[5.9150621,43.0674329],[5.9151345,43.0673809],[5.9151654,43.0674231],[5.9152204,43.0674182],[5.9152687,43.067328],[5.9152459,43.0672986],[5.9152955,43.0672418],[5.915321,43.0672418],[5.9153344,43.0673457],[5.9152284,43.067475],[5.9153317,43.0675093],[5.9154309,43.0675142],[5.915612,43.067523],[5.9158091,43.0675132],[5.915852,43.0674368],[5.9159097,43.0673976],[5.915965,43.0672985],[5.9163147,43.0676435],[5.9174061,43.0681842],[5.9188704,43.0685472],[5.9201529,43.0686203],[5.9202083,43.0686423],[5.9202502,43.0686309],[5.9202822,43.0686362],[5.9203077,43.0686528],[5.9203395,43.068655],[5.9203643,43.0686484],[5.9204231,43.0686539],[5.9204672,43.0686451],[5.9205001,43.068652],[5.920528,43.06865],[5.9205536,43.0686561],[5.920586,43.0686424],[5.9206076,43.0686554],[5.9206594,43.0686537],[5.9206713,43.0686719],[5.9207197,43.068674],[5.9207422,43.0686633],[5.9208069,43.0686617],[5.9208474,43.0686884],[5.9208863,43.0686999],[5.9209601,43.0686922],[5.9210051,43.0686607],[5.9210212,43.0686617],[5.9210018,43.0686904],[5.9210097,43.0687155],[5.9210559,43.0687161],[5.9210915,43.0687456],[5.921139,43.0687446],[5.9211653,43.0687623],[5.9212021,43.06875],[5.921245,43.0687571],[5.9212911,43.068744],[5.9213433,43.0687139],[5.9213014,43.0687844],[5.9213452,43.0687801],[5.9213418,43.0688288],[5.9215396,43.0688266],[5.9215553,43.0688688],[5.9217246,43.068942],[5.9217831,43.0690006],[5.9219222,43.0690284],[5.9220548,43.069131],[5.922625,43.069228],[5.9231776,43.0692711],[5.9239317,43.0695087],[5.9250992,43.0698243],[5.9252518,43.0699152],[5.9255285,43.0699371],[5.9260196,43.070257],[5.9261711,43.0704088],[5.926514,43.0705114],[5.9270757,43.0709892],[5.9277319,43.071478],[5.9284356,43.0718851],[5.9290257,43.0719905],[5.9296036,43.0720245],[5.929983,43.0719997],[5.9303036,43.071967],[5.9305081,43.0719117],[5.9305961,43.0718058],[5.9306873,43.0717683],[5.930754,43.0717784],[5.93108,43.0717232],[5.9311252,43.0716844],[5.9312917,43.0716878],[5.9316037,43.0716255],[5.9317902,43.0715648],[5.931772,43.071501],[5.9319216,43.0715195],[5.9320718,43.0714488],[5.9321772,43.0715088],[5.9324614,43.0714649],[5.9326635,43.0714659],[5.9326592,43.0714237],[5.9327247,43.0714087],[5.9328142,43.0714324],[5.9332734,43.0714488],[5.9334015,43.0714049],[5.9335483,43.0714761],[5.9338054,43.0714365],[5.9339544,43.0716547],[5.9344028,43.0717537],[5.9347666,43.0718116],[5.9351276,43.0717703],[5.9356927,43.0718783],[5.9357119,43.0718216],[5.9358262,43.0719008],[5.9358609,43.0718997],[5.935943,43.0719212],[5.9360783,43.0719169],[5.9362411,43.0718941],[5.9364729,43.0718063],[5.9366066,43.0717817],[5.9367269,43.0717476],[5.9368476,43.0716898],[5.9369694,43.071598],[5.9370258,43.0715362],[5.9370828,43.0714765],[5.9370764,43.0713695],[5.9371372,43.0713712],[5.9371285,43.0713362],[5.9371287,43.0711011],[5.937412,43.0706123],[5.9383625,43.0705337],[5.9389526,43.0706395],[5.9396478,43.070345],[5.9402633,43.0692131],[5.9410464,43.0688263],[5.9421927,43.0682803],[5.9427667,43.0678532],[5.9438884,43.0666389],[5.9448802,43.0669793],[5.9450573,43.0671909],[5.9453952,43.0674103],[5.9458673,43.0674339],[5.9462374,43.0674652],[5.9465674,43.0675934],[5.9474031,43.0690157],[5.9490699,43.0702287],[5.9500189,43.0714843],[5.9513405,43.072832],[5.9515146,43.073847],[5.9512967,43.0739959],[5.9511137,43.0744034],[5.9510171,43.0744504],[5.950934,43.0745385],[5.9507731,43.0746777],[5.9506845,43.0747874],[5.9507918,43.074854],[5.9507793,43.0749676],[5.9507325,43.0753247],[5.9508187,43.075336],[5.9508754,43.0753965],[5.9512084,43.075977],[5.9510507,43.0760137],[5.9508021,43.0756219],[5.9506064,43.0756124],[5.9504157,43.0758099],[5.9505384,43.0761476],[5.9509638,43.076353],[5.950848,43.0768614],[5.9504654,43.0770449],[5.9499298,43.0775707],[5.94914,43.0789752],[5.9467528,43.0796633],[5.9459251,43.0806582],[5.944462,43.0814045],[5.9438844,43.0821224],[5.9424923,43.0824948],[5.9417068,43.0829413],[5.9412485,43.0832018],[5.9405517,43.083582]]}},{"type":"Feature","properties":{},"geometry":{"type":"LineString","coordinates":[[6.0136255,43.0990012],[6.0135838,43.0989865],[6.0135097,43.0989709],[6.0134888,43.0989549],[6.0135087,43.0989069],[6.0136162,43.0987872],[6.0137086,43.0987299],[6.0137564,43.0987193],[6.0138041,43.0987386],[6.0138087,43.098767],[6.0137804,43.0988945],[6.0137139,43.0989879],[6.0136869,43.0989964],[6.0136255,43.0990012]]}},{"type":"Feature","properties":{},"geometry":{"type":"LineString","coordinates":[[6.0143146,43.0986988],[6.014222,43.0987273],[6.0141918,43.0987264],[6.0141321,43.0986994],[6.014131,43.0986907],[6.0141391,43.0986867],[6.0142649,43.0986829],[6.0142912,43.0986889],[6.0143146,43.0986988]]}},{"type":"Feature","properties":{},"geometry":{"type":"LineString","coordinates":[[5.769945,43.1390937],[5.7702384,43.1390367],[5.7701693,43.1388618],[5.7702194,43.1388295],[5.7702688,43.1388175],[5.7703669,43.1389966],[5.7704962,43.1390412],[5.7713561,43.1388397],[5.772788,43.1384385],[5.7731091,43.1382469],[5.7739489,43.1379462],[5.7756366,43.1370467],[5.7771402,43.1360244],[5.7776166,43.1356825],[5.7778676,43.1354687],[5.7781796,43.1352074],[5.7791057,43.1341522],[5.7792119,43.134028],[5.7799036,43.133219],[5.7803069,43.1321123],[5.7806704,43.1313313],[5.7805861,43.1311691],[5.7805501,43.1311092],[5.780554,43.1310542],[5.780627,43.131038],[5.780891,43.1309262],[5.7809722,43.1307599],[5.7809774,43.1305118],[5.7809723,43.1299797],[5.7809496,43.1295418],[5.7807122,43.1293139],[5.7804003,43.129327],[5.7803853,43.1292445],[5.7805954,43.1292183],[5.7806028,43.1290338],[5.7804403,43.1289334],[5.7803357,43.128898],[5.7802631,43.1289249],[5.7802561,43.1289722],[5.7800846,43.1289763],[5.7795751,43.1288496],[5.7789989,43.1286629],[5.7785917,43.128475],[5.778457,43.1283632],[5.7783472,43.1283135],[5.7782202,43.1284383],[5.7782056,43.1284225],[5.7782977,43.1283265],[5.7780549,43.128247],[5.7780798,43.1281966],[5.7779199,43.1281743],[5.7778381,43.1283747],[5.7778651,43.1283933],[5.7780205,43.1284184],[5.7780964,43.1284604],[5.7781591,43.1285383],[5.7781038,43.1285601],[5.7780047,43.1284757],[5.7779434,43.128463],[5.7777616,43.1284078],[5.7778318,43.1282669],[5.77781,43.1282235],[5.777768,43.1281942],[5.7776769,43.1281307],[5.7775462,43.1281036],[5.7774506,43.1282092],[5.7772478,43.1281468],[5.7768498,43.1280192],[5.7765379,43.1279298],[5.7763051,43.1278611],[5.7761329,43.1277342],[5.7761236,43.127586],[5.7760696,43.1274608],[5.7759581,43.1273],[5.7755485,43.1272158],[5.7753138,43.1271824],[5.7751074,43.1271429],[5.7749757,43.1270423],[5.7748111,43.1269741],[5.7748355,43.1269129],[5.7747264,43.1268327],[5.7746354,43.1269193],[5.7746071,43.1268625],[5.7746208,43.126815],[5.774561,43.1267421],[5.7743926,43.126706],[5.7743994,43.1266634],[5.7743455,43.1265623],[5.7742324,43.1264081],[5.7741269,43.1264482],[5.7740439,43.1265227],[5.7740222,43.126517],[5.7741164,43.1264253],[5.7741949,43.1263919],[5.7741646,43.1263436],[5.7740837,43.1263744],[5.7740369,43.1263443],[5.7739532,43.1263759],[5.7739075,43.1264813],[5.7739622,43.1265834],[5.7739206,43.1265948],[5.7738591,43.1264863],[5.7739224,43.1263429],[5.7738895,43.1263136],[5.7738616,43.1262745],[5.7738196,43.1261978],[5.7737488,43.1261134],[5.7736221,43.1260161],[5.773566,43.1259867],[5.7734243,43.1260185],[5.7734179,43.1259576],[5.7735876,43.1258937],[5.7737323,43.1258222],[5.773862,43.1257296],[5.7740601,43.1252618],[5.7738736,43.1246167],[5.7737113,43.1243176],[5.7737257,43.1242002],[5.7736325,43.1239376],[5.7733884,43.1237886],[5.7734513,43.123706],[5.7733389,43.1236536],[5.7733463,43.1235761],[5.7735791,43.1236416],[5.773932,43.1236671],[5.7740544,43.1236892],[5.7741916,43.1236732],[5.7743006,43.1236294],[5.7743755,43.1235402],[5.7744021,43.1234484],[5.7745321,43.123388],[5.7745494,43.1233275],[5.774611,43.1232792],[5.7747015,43.123246],[5.7747859,43.1232695],[5.7748703,43.1233002],[5.7751811,43.1232639],[5.775373,43.1232453],[5.7754924,43.1232154],[5.7755712,43.1231535],[5.7755699,43.1231008],[5.7756553,43.1230887],[5.7758163,43.1231699],[5.7762058,43.1230517],[5.776299,43.1230537],[5.7763857,43.1230438],[5.776459,43.1229903],[5.7768171,43.1228941],[5.7770259,43.1227343],[5.7770986,43.1225745],[5.7771565,43.1223981],[5.7771163,43.1221874],[5.7769302,43.1220159],[5.7768148,43.1219942],[5.7763071,43.1218986],[5.7764634,43.1215836],[5.7764886,43.1212532],[5.7758187,43.120702],[5.7755348,43.1204647],[5.7748114,43.1203884],[5.7742686,43.1202254],[5.7741508,43.1201406],[5.7738727,43.1199674],[5.7737325,43.1199888],[5.7736272,43.1198762],[5.7735293,43.1198552],[5.7734811,43.1198097],[5.7734542,43.1197529],[5.7734147,43.1197397],[5.7733583,43.1196775],[5.7733195,43.1196663],[5.7732289,43.1195904],[5.7732021,43.119584],[5.7731847,43.1195483],[5.7731458,43.1195444],[5.7730633,43.1195522],[5.7730392,43.1195351],[5.7729808,43.1195253],[5.77295,43.1195057],[5.7729138,43.119491],[5.772897,43.1195106],[5.7728876,43.1195968],[5.7728608,43.119609],[5.7728152,43.1195943],[5.7727884,43.1195635],[5.7727582,43.1195507],[5.7727347,43.1195258],[5.7726274,43.1194881],[5.7726268,43.11947],[5.7725456,43.119421],[5.7725738,43.1193971],[5.7726167,43.1193878],[5.7726637,43.1193491],[5.7726985,43.1193452],[5.7727287,43.1193731],[5.7727689,43.1193618],[5.7727743,43.1193231],[5.7727448,43.1192468],[5.7727233,43.1192399],[5.7727106,43.1192253],[5.7727206,43.1192169],[5.7726784,43.1191709],[5.7726368,43.1191675],[5.7725839,43.1191376],[5.7725597,43.1191352],[5.7724906,43.119098],[5.7724524,43.1191068],[5.7724169,43.1190907],[5.7723686,43.1191058],[5.7723472,43.119096],[5.772315,43.119098],[5.772315,43.1191088],[5.7722674,43.1191582],[5.7722137,43.1191376],[5.7722452,43.1191132],[5.7721815,43.1190872],[5.7721996,43.1190779],[5.7721762,43.1190706],[5.7722137,43.1190236],[5.7721936,43.1189791],[5.7720045,43.1188665],[5.7719596,43.1188161],[5.7718315,43.118727],[5.7717366,43.1186556],[5.7717359,43.1186386],[5.7716882,43.1186093],[5.771667,43.1186046],[5.7716478,43.1185909],[5.7716335,43.1185909],[5.7715479,43.11854],[5.7715331,43.1185381],[5.7714909,43.1185121],[5.7714674,43.1185067],[5.771401,43.1184808],[5.7714117,43.1184661],[5.7714017,43.1184578],[5.771393,43.1184632],[5.7713675,43.1184671],[5.7713621,43.1184749],[5.77134,43.1184769],[5.7713293,43.1184715],[5.7713078,43.1184695],[5.7713004,43.1184499],[5.771289,43.1184524],[5.7712796,43.1184475],[5.7713118,43.1184196],[5.7713272,43.118424],[5.771335,43.1184174],[5.7713309,43.1183993],[5.7713148,43.1184027],[5.7713058,43.1183954],[5.7713061,43.1183699],[5.7712927,43.118355],[5.7712619,43.1183379],[5.7712122,43.1183388],[5.771221,43.1183467],[5.7712086,43.1183528],[5.7711345,43.1183251],[5.7710915,43.1183087],[5.7710744,43.1183095],[5.7710238,43.1182938],[5.7709705,43.1182659],[5.7709591,43.1182659],[5.7708934,43.1182341],[5.7708642,43.1182135],[5.7708471,43.1182064],[5.7708341,43.1182086],[5.7708444,43.1182209],[5.7708371,43.1182309],[5.7707972,43.1182079],[5.770774,43.1182055],[5.7707248,43.1181932],[5.770718,43.1182111],[5.77071,43.1182285],[5.7706822,43.1182321],[5.7706379,43.1182243],[5.7706285,43.1182358],[5.7705759,43.1182307],[5.7705176,43.1182175],[5.7705169,43.1182243],[5.7705011,43.118225],[5.770418,43.118205],[5.7704002,43.1181942],[5.7703958,43.1181712],[5.7704118,43.1181566],[5.7704059,43.1181467],[5.7704039,43.1181122],[5.7703885,43.1181103],[5.7703798,43.1181235],[5.7703556,43.1181078],[5.7703,43.118101],[5.7703013,43.1180868],[5.7702785,43.1180873],[5.7702758,43.118077],[5.7702275,43.1180716],[5.7702228,43.1180623],[5.770247,43.1180554],[5.7702564,43.1180461],[5.7702363,43.1180334],[5.7702275,43.1180089],[5.7702731,43.1179727],[5.7703147,43.1179757],[5.7703335,43.1179556],[5.7703516,43.117959],[5.7703757,43.1179517],[5.770361,43.1179218],[5.7702591,43.117892],[5.770257,43.1178787],[5.7702316,43.1178719],[5.7702289,43.1178381],[5.7702047,43.1178396],[5.7702067,43.1178215],[5.7702302,43.1178254],[5.7702396,43.117796],[5.7702255,43.1177926],[5.7702208,43.1177794],[5.7702322,43.1177696],[5.7702215,43.1177598],[5.7702356,43.1177236],[5.7702208,43.1177177],[5.7702363,43.1176854],[5.7702223,43.1176752],[5.7702623,43.1176435],[5.7702865,43.1175936],[5.7702495,43.1175481],[5.7702134,43.1175201],[5.7701587,43.1175166],[5.7701184,43.1175269],[5.7700081,43.117637],[5.7699757,43.1176264],[5.7699336,43.1176315],[5.7698972,43.1176167],[5.7698865,43.1175495],[5.7698273,43.1175339],[5.7698014,43.1174978],[5.7698344,43.1174715],[5.7698045,43.1174588],[5.7697556,43.1173905],[5.7697753,43.1173646],[5.7697063,43.1173163],[5.7696536,43.1172345],[5.7696377,43.1172171],[5.769613,43.1172139],[5.7695894,43.1172046],[5.7695523,43.1171978],[5.7695341,43.1172058],[5.7695562,43.1172352],[5.7695456,43.1172563],[5.7695256,43.1172671],[5.769481,43.1172348],[5.7694482,43.117231],[5.7694308,43.1172159],[5.7694104,43.1172153],[5.7693788,43.1172007],[5.769339,43.1172105],[5.7693103,43.1171514],[5.7692919,43.1171557],[5.7692803,43.1171714],[5.7692634,43.1172146],[5.7692856,43.1172712],[5.7693062,43.1173408],[5.7692965,43.1173624],[5.7691501,43.1173066],[5.7690866,43.1172738],[5.7690023,43.1172504],[5.7689599,43.1172152],[5.7689171,43.117213],[5.768862,43.1172442],[5.7687712,43.1172314],[5.7685975,43.1172627],[5.7685526,43.1172188],[5.7685038,43.1172027],[5.7683743,43.1171953],[5.7684373,43.1171543],[5.7684939,43.1171198],[5.7682605,43.1171004],[5.7680856,43.1170225],[5.7679413,43.1169362],[5.767934,43.1168986],[5.7678346,43.1168751],[5.7677281,43.1167314],[5.7677358,43.1166815],[5.7676999,43.1165955],[5.7676235,43.1164702],[5.7676741,43.1164162],[5.7677022,43.1163323],[5.7677545,43.1163088],[5.7677185,43.1163056],[5.7676808,43.1163242],[5.7676336,43.1163142],[5.7675354,43.1162325],[5.7674921,43.1162054],[5.7674404,43.1161873],[5.7673713,43.116126],[5.7673086,43.1161258],[5.7672833,43.1161448],[5.7672451,43.1161627],[5.7671494,43.1162115],[5.7671162,43.1162038],[5.7670726,43.1162248],[5.7670107,43.1162376],[5.7669585,43.1162632],[5.7668668,43.1162608],[5.766819,43.1162238],[5.7668134,43.1161256],[5.7667868,43.1160762],[5.7668503,43.1160392],[5.7669157,43.1160351],[5.7669688,43.1160247],[5.7669355,43.116017],[5.7668751,43.1160035],[5.7668224,43.1160204],[5.7667489,43.1160402],[5.7666987,43.1160482],[5.7666538,43.1160452],[5.7666221,43.1160659],[5.7665677,43.1160522],[5.7665163,43.1160407],[5.7664156,43.1160001],[5.7664075,43.1159786],[5.766412,43.1159368],[5.7663839,43.1159158],[5.7663878,43.1158786],[5.7663329,43.1158584],[5.7662807,43.1158316],[5.7662354,43.115822],[5.7662131,43.1157965],[5.7662696,43.1157948],[5.7663329,43.1158059],[5.7664019,43.1158126],[5.7664353,43.1158225],[5.7664705,43.1158127],[5.7664963,43.1157944],[5.766488,43.1157531],[5.7664371,43.115593],[5.7663885,43.1155245],[5.7663808,43.1154951],[5.7663313,43.1154629],[5.7662711,43.1154014],[5.7662101,43.115377],[5.7661796,43.1153648],[5.7661766,43.1153125],[5.7662072,43.1152744],[5.7661816,43.1152424],[5.766142,43.1152283],[5.7661519,43.115193],[5.7661239,43.115172],[5.7660556,43.1151261],[5.7660742,43.1151091],[5.7661374,43.1151476],[5.7662555,43.115179],[5.7663462,43.1152002],[5.7664014,43.115224],[5.766492,43.115246],[5.7666266,43.1152528],[5.7667045,43.1152592],[5.7667531,43.1152752],[5.7668004,43.1152672],[5.7669389,43.1152892],[5.7670572,43.1153249],[5.767149,43.1153658],[5.7672299,43.1153721],[5.7672913,43.1153941],[5.7675284,43.115481],[5.7676833,43.1155811],[5.7678111,43.1156778],[5.7678149,43.1157352],[5.7678853,43.115776],[5.7679472,43.1158156],[5.7679956,43.1158797],[5.7680503,43.1158977],[5.7681827,43.1159701],[5.7682098,43.1159759],[5.7683884,43.1160731],[5.7685174,43.1161391],[5.7686085,43.1162194],[5.7687324,43.1162484],[5.7689,43.1162693],[5.7689577,43.1162852],[5.7689907,43.1162979],[5.7690289,43.1162831],[5.7690814,43.1162503],[5.7691406,43.1162162],[5.7691657,43.1161806],[5.7691998,43.116182],[5.7692217,43.1161801],[5.7692615,43.1161627],[5.7693013,43.1161752],[5.7693586,43.1161971],[5.7694255,43.11621],[5.7694588,43.1161978],[5.7694749,43.1161823],[5.7694844,43.1161696],[5.7694777,43.1161424],[5.7694114,43.116105],[5.7693299,43.1160611],[5.7692514,43.116015],[5.7691871,43.1159597],[5.769252,43.1159652],[5.7692409,43.1159494],[5.7692755,43.115962],[5.769327,43.1159704],[5.769404,43.1159817],[5.7694401,43.1159893],[5.7694552,43.1159864],[5.7694362,43.1159509],[5.7693941,43.1158974],[5.7693477,43.1158565],[5.7693225,43.1158324],[5.7693231,43.1158125],[5.7693491,43.115793],[5.7693975,43.1157766],[5.7694459,43.1157329],[5.7694622,43.1157498],[5.769487,43.1157391],[5.7695017,43.1157287],[5.7695225,43.1157367],[5.7695324,43.1157613],[5.769547,43.1157783],[5.7695846,43.115812],[5.7696508,43.1158722],[5.7696905,43.1158821],[5.7696941,43.1159156],[5.7697115,43.1159238],[5.7697649,43.1159968],[5.7697855,43.116031],[5.7698031,43.1160404],[5.7698127,43.1160613],[5.769814,43.1160836],[5.7698299,43.1160944],[5.7698757,43.1161527],[5.7698859,43.1161822],[5.7698781,43.1162248],[5.7698716,43.1162598],[5.7698492,43.1162841],[5.7698133,43.1163399],[5.7697849,43.1163483],[5.7697369,43.1163398],[5.7697225,43.1163552],[5.7697233,43.1163701],[5.7697418,43.1163969],[5.7697683,43.1164135],[5.7698136,43.1164643],[5.7698683,43.1164403],[5.7699063,43.1163918],[5.7699415,43.1163547],[5.7699963,43.116302],[5.7700192,43.1163175],[5.7700497,43.1163452],[5.7700478,43.1163726],[5.7700668,43.1164068],[5.7700975,43.1164395],[5.7701303,43.1164484],[5.7701683,43.1164299],[5.7701842,43.1164107],[5.7701874,43.1163783],[5.7702029,43.1163529],[5.770227,43.116349],[5.7703244,43.1163777],[5.7703829,43.1163991],[5.7704563,43.1164148],[5.7705604,43.1164382],[5.7706144,43.1164613],[5.7706776,43.1164851],[5.7707844,43.1165135],[5.7708289,43.1165344],[5.7708788,43.1165473],[5.7709377,43.1165576],[5.7710178,43.1165687],[5.7710859,43.1165754],[5.7711689,43.1165737],[5.7711816,43.1165669],[5.7712135,43.1165515],[5.771252,43.1165383],[5.7712968,43.1165348],[5.7713449,43.1165387],[5.7713881,43.1165485],[5.7713997,43.1165602],[5.7714523,43.1166202],[5.7714909,43.116647],[5.771528,43.1166643],[5.7715813,43.1166795],[5.7716318,43.1166851],[5.7717403,43.1166906],[5.771783,43.1166933],[5.771822,43.1166989],[5.7719229,43.1167128],[5.7720587,43.1167316],[5.7721173,43.1167388],[5.7721665,43.1167403],[5.7722498,43.116731],[5.7723204,43.1167326],[5.7724347,43.116747],[5.7724064,43.1167898],[5.7724269,43.1167907],[5.7724597,43.1167732],[5.7724856,43.116762],[5.7725241,43.1167563],[5.7725914,43.1167542],[5.7726299,43.1167526],[5.7726834,43.1167544],[5.7727492,43.1167461],[5.7729543,43.1167748],[5.7731262,43.1167813],[5.7733944,43.1167965],[5.7736939,43.1168019],[5.7739186,43.1168414],[5.7740609,43.1168725],[5.7742273,43.1169229],[5.7743548,43.116919],[5.7744759,43.1169446],[5.7745795,43.1169194],[5.7746544,43.1169274],[5.7747618,43.1169212],[5.7748995,43.1169579],[5.7750145,43.1169649],[5.7751809,43.116996],[5.7753322,43.1170422],[5.775577,43.117073],[5.7758092,43.1170702],[5.7761367,43.1170974],[5.7764137,43.1171401],[5.7767052,43.117074],[5.7769393,43.1170197],[5.7771562,43.116911],[5.7774099,43.116693],[5.7774679,43.116515],[5.7774669,43.1163486],[5.777571,43.1163532],[5.7776468,43.1163817],[5.7777942,43.1164697],[5.7779761,43.116602],[5.7780678,43.1165921],[5.7781342,43.1165607],[5.7781113,43.1165114],[5.7781347,43.1165004],[5.7781132,43.1164394],[5.7781608,43.1164306],[5.7782791,43.1164524],[5.7781894,43.1163695],[5.7783369,43.1164237],[5.7783116,43.1164025],[5.7782784,43.1163829],[5.7782612,43.1163629],[5.7782791,43.1163594],[5.7783509,43.1163881],[5.7783925,43.1164147],[5.778449,43.1164218],[5.7784986,43.1164467],[5.778545,43.1164879],[5.7785569,43.1165198],[5.7785814,43.1165631],[5.7786049,43.1165888],[5.7786395,43.1165966],[5.7786647,43.1166179],[5.7787904,43.1166419],[5.7788987,43.1166077],[5.7789542,43.1165824],[5.7789741,43.1165753],[5.7789953,43.1165877],[5.7790105,43.1165777],[5.7790128,43.1165591],[5.7790331,43.116555],[5.7790496,43.116545],[5.7790703,43.1165478],[5.7790775,43.1165426],[5.7790906,43.1165452],[5.779105,43.1165338],[5.7791123,43.1165377],[5.7791191,43.1165626],[5.7791702,43.1165819],[5.7791977,43.1165855],[5.7792174,43.1165879],[5.77924,43.1165795],[5.7792531,43.1165898],[5.7792647,43.1165901],[5.7792912,43.1165867],[5.7793199,43.1165981],[5.7793384,43.1166018],[5.7793545,43.1165842],[5.7793539,43.1165584],[5.7793852,43.1165219],[5.7794467,43.1165356],[5.7795369,43.1165217],[5.7796339,43.1165187],[5.7796508,43.1164883],[5.7797411,43.116431],[5.7797725,43.1163967],[5.7798175,43.1163864],[5.7798623,43.1163739],[5.7799016,43.1163194],[5.7799472,43.1162668],[5.7799978,43.1162497],[5.7800672,43.1162474],[5.7801152,43.1162861],[5.7801547,43.1162871],[5.7802044,43.1163079],[5.780247,43.1163088],[5.7802993,43.1163227],[5.7803996,43.1163241],[5.7804489,43.1163381],[5.7804798,43.1163483],[5.7805148,43.1163761],[5.780539,43.1163754],[5.7805982,43.1164025],[5.780667,43.1163848],[5.7807722,43.116396],[5.7808143,43.1164136],[5.7809091,43.1163729],[5.7809409,43.1163986],[5.7809957,43.1164014],[5.7810515,43.1164219],[5.781113,43.1164356],[5.7811151,43.1164733],[5.7811971,43.1165332],[5.7812401,43.1165436],[5.781438,43.1165676],[5.7816669,43.1165606],[5.7818368,43.1165253],[5.7820102,43.11655],[5.7822575,43.1165784],[5.7825357,43.1165759],[5.7827174,43.1165432],[5.782813,43.1165554],[5.7830504,43.1165541],[5.7833528,43.1165448],[5.7834991,43.1164813],[5.7835403,43.1164681],[5.7836065,43.1164393],[5.7836466,43.1164113],[5.7837048,43.1163789],[5.7837535,43.1163719],[5.7838508,43.1163324],[5.7839027,43.1163259],[5.7839332,43.1163146],[5.7839823,43.1163117],[5.7840088,43.1163005],[5.7840598,43.1162891],[5.7841166,43.116287],[5.7841553,43.1162747],[5.784342,43.1162535],[5.7844551,43.11625],[5.7845528,43.1162821],[5.7846061,43.1162815],[5.7846577,43.1162885],[5.784774,43.1162658],[5.7848422,43.1162381],[5.7850046,43.1161819],[5.7850881,43.1161955],[5.785292,43.1161796],[5.7854499,43.1161288],[5.7855107,43.1161187],[5.7855798,43.116107],[5.785708,43.116056],[5.7857902,43.1160526],[5.7858634,43.1160376],[5.786,43.1159887],[5.7861146,43.1160107],[5.7862154,43.1160284],[5.7863049,43.1160624],[5.7863841,43.1160759],[5.7864894,43.1160886],[5.7865905,43.1160957],[5.7867944,43.1160888],[5.786874,43.1161087],[5.7869583,43.116108],[5.787069,43.1161666],[5.787174,43.1162449],[5.7873302,43.116315],[5.787496,43.1163832],[5.7876382,43.1164428],[5.7878166,43.1165178],[5.788002,43.1165425],[5.7881179,43.1165131],[5.7882477,43.1165014],[5.7883948,43.1164752],[5.7885671,43.1164263],[5.7887007,43.1163956],[5.788877,43.1163587],[5.7889253,43.1163379],[5.7889746,43.1163339],[5.7890911,43.1162916],[5.7893168,43.1161952],[5.7894646,43.1161229],[5.7896114,43.1160337],[5.7897697,43.1159151],[5.7898827,43.1158124],[5.7899758,43.115708],[5.7900866,43.1155666],[5.7901967,43.1153384],[5.790238,43.1152111],[5.7902494,43.1151213],[5.7902625,43.1149993],[5.7902802,43.1148373],[5.7902553,43.1147204],[5.7901862,43.1146528],[5.7900303,43.1146095],[5.7896103,43.1145946],[5.7895752,43.114579],[5.7895444,43.1146036],[5.7891526,43.114517],[5.7891289,43.114501],[5.7891241,43.1144845],[5.789131,43.1144718],[5.7891622,43.1144541],[5.7892168,43.1144469],[5.7892586,43.1144484],[5.7893223,43.1144673],[5.7893831,43.1144696],[5.7894266,43.1144669],[5.7894639,43.114456],[5.7894741,43.1144362],[5.7894618,43.1143866],[5.7894322,43.1143333],[5.7893829,43.1142348],[5.7893495,43.1141802],[5.7893118,43.1141522],[5.7892725,43.114127],[5.7892429,43.1141071],[5.7892059,43.1140915],[5.7891627,43.1140651],[5.7891155,43.114036],[5.7890709,43.1140179],[5.7890162,43.1139904],[5.7889825,43.113965],[5.7888722,43.1139196],[5.7888499,43.1139024],[5.7888543,43.1138787],[5.7888788,43.1138765],[5.7889194,43.1138892],[5.7889509,43.1139104],[5.7889752,43.1139041],[5.7889851,43.1138774],[5.7889832,43.1138455],[5.7889393,43.1138232],[5.7889086,43.1137672],[5.7888692,43.113742],[5.7888042,43.1136977],[5.7887553,43.113658],[5.7887364,43.1136317],[5.7886363,43.1134407],[5.7886649,43.1133987],[5.7887889,43.1133701],[5.7889097,43.1133355],[5.7888199,43.1132578],[5.7888203,43.1132244],[5.7888216,43.1132063],[5.7888082,43.1131965],[5.7887917,43.1131981],[5.7887482,43.113221],[5.7887064,43.1132364],[5.7886618,43.1132415],[5.7885484,43.1132322],[5.7884386,43.1132012],[5.7883058,43.1131723],[5.7882249,43.1131786],[5.7881616,43.1131761],[5.7880982,43.113165],[5.7880324,43.1131411],[5.7879688,43.1131064],[5.7878524,43.1130546],[5.7877504,43.1130331],[5.7877067,43.1130037],[5.7877158,43.1129419],[5.7878105,43.1129179],[5.7878559,43.1128945],[5.7879834,43.1128475],[5.7880746,43.1128262],[5.7881672,43.1128295],[5.7882246,43.1128062],[5.7882596,43.1128298],[5.7883391,43.1128243],[5.7885251,43.1128462],[5.7887042,43.1129043],[5.789061,43.1130359],[5.7893002,43.1131055],[5.7893647,43.1131312],[5.7895086,43.1131514],[5.7896446,43.113178],[5.7899336,43.1132368],[5.7902215,43.1132772],[5.790335,43.1132501],[5.7903919,43.113225],[5.7904732,43.1132102],[5.7905135,43.1131967],[5.7905403,43.1131753],[5.790604,43.1131788],[5.7906482,43.1131679],[5.7906673,43.1131427],[5.7906795,43.1131286],[5.7906739,43.113096],[5.7906597,43.1130759],[5.7906216,43.113071],[5.7905972,43.11306],[5.790609,43.1130392],[5.7906058,43.113016],[5.7906175,43.112991],[5.7906574,43.1129706],[5.7906918,43.1129518],[5.7907241,43.1129289],[5.7907416,43.1129092],[5.7907435,43.1128763],[5.7907193,43.1128456],[5.7906865,43.1128261],[5.7906758,43.1128032],[5.7906544,43.1127888],[5.7907927,43.1126733],[5.790843,43.112594],[5.7908706,43.1125852],[5.7909404,43.1125652],[5.7909599,43.1125468],[5.7909759,43.1124998],[5.7910361,43.1124761],[5.7910187,43.1123912],[5.7910818,43.1123135],[5.7912292,43.1122502],[5.7913722,43.1122878],[5.7915569,43.1122949],[5.7917107,43.1123243],[5.7918746,43.1124223],[5.7919354,43.1124764],[5.7919892,43.1124901],[5.7920323,43.1124887],[5.7920883,43.1124705],[5.7921455,43.1124713],[5.7921965,43.1124875],[5.7922407,43.1124735],[5.7922969,43.1124521],[5.7923595,43.1124516],[5.7923974,43.112461],[5.7924205,43.1124784],[5.7924526,43.1124807],[5.7924692,43.1125154],[5.792507,43.1125543],[5.7924973,43.1125944],[5.7926311,43.11275],[5.7927375,43.1128036],[5.7927353,43.1128353],[5.7926173,43.1128313],[5.792645,43.1128953],[5.792959,43.1129895],[5.7930023,43.1131118],[5.7932764,43.1132626],[5.7939475,43.1134635],[5.7941173,43.1134374],[5.7940315,43.1133314],[5.7940596,43.1132962],[5.7943077,43.1133911],[5.7943037,43.1134273],[5.7942395,43.1134551],[5.7942686,43.1135327],[5.7945039,43.1136176],[5.7946839,43.1136917],[5.7948057,43.11373],[5.7952513,43.1138577],[5.7953915,43.11384],[5.7955374,43.113819],[5.7956824,43.1138168],[5.7957446,43.1138606],[5.7978576,43.1146773],[5.7980031,43.1146632],[5.7983158,43.1147195],[5.7984384,43.1147089],[5.7985121,43.114711],[5.7985313,43.1146717],[5.7985586,43.1146403],[5.7985877,43.1146231],[5.7986374,43.1146239],[5.7986671,43.114648],[5.7986807,43.1146729],[5.7986717,43.1147023],[5.7986702,43.1147297],[5.7986893,43.114763],[5.79874,43.1147876],[5.7991333,43.1149214],[5.799357,43.1149659],[5.799603,43.114965],[5.7997451,43.114935],[5.7998624,43.1148974],[5.800203,43.114751],[5.8005243,43.1146055],[5.8006195,43.1146144],[5.8006658,43.1146539],[5.8006873,43.1147039],[5.8006737,43.1147535],[5.8006353,43.114794],[5.8004603,43.1148681],[5.8005446,43.1149951],[5.80054,43.1150246],[5.8004943,43.1150445],[5.8004707,43.1150381],[5.8003397,43.1148678],[5.7993682,43.1152702],[5.7995061,43.1154827],[5.7995564,43.1154627],[5.7995716,43.1154566],[5.7996725,43.1155818],[5.7996817,43.115593],[5.7995489,43.1156562],[5.7994922,43.1161447],[5.7994998,43.1161673],[5.7995589,43.1162865],[5.7996732,43.1163651],[5.8001364,43.1165091],[5.800342,43.1165847],[5.8004578,43.1166973],[5.8007083,43.1169547],[5.8007182,43.1169618],[5.8004389,43.1172025],[5.8004391,43.117313],[5.8007929,43.1175605],[5.8008807,43.1173749],[5.8009401,43.1173965],[5.8009585,43.1174028],[5.8008666,43.1175835],[5.8014558,43.1176156],[5.80194,43.1175584],[5.8019725,43.1172697],[5.8025835,43.1172813],[5.8031098,43.1171071],[5.8032362,43.1168933],[5.8031662,43.1167996],[5.802961,43.1166553],[5.8025538,43.1163848],[5.8021469,43.1161098],[5.802046,43.1160465],[5.801734,43.1158333],[5.8013262,43.1155852],[5.8011155,43.1154455],[5.801019,43.1153914],[5.8009999,43.1153738],[5.801001,43.115346],[5.8010285,43.1153154],[5.8010716,43.1153011],[5.8011646,43.1153711],[5.8013283,43.1154826],[5.8016262,43.1156755],[5.801985,43.115915],[5.80214,43.1160204],[5.8023439,43.116073],[5.8028839,43.1160115],[5.8034169,43.1157907],[5.803491,43.1157365],[5.8035356,43.1157334],[5.8035384,43.1156746],[5.8034633,43.1156965],[5.8035202,43.1156063],[5.8031951,43.1153089],[5.8031874,43.1152594],[5.8032483,43.1152141],[5.803314,43.1152265],[5.8037099,43.1155308],[5.8045912,43.1150035],[5.8046341,43.1150038],[5.8046809,43.1149455],[5.804626,43.1149488],[5.8046159,43.1148699],[5.8043881,43.1145837],[5.8044025,43.114543],[5.8044569,43.1145143],[5.8045142,43.1145091],[5.8046114,43.1145864],[5.804754,43.114763],[5.8050095,43.1147793],[5.806499,43.1143722],[5.8066609,43.1142707],[5.8068731,43.1140059],[5.8069173,43.113964],[5.8069663,43.1139574],[5.8070027,43.1139688],[5.8070349,43.1139946],[5.8070346,43.1140165],[5.8066589,43.1144763],[5.8063646,43.1145679],[5.8063927,43.114607],[5.8066282,43.114529],[5.8065968,43.1146268],[5.8064112,43.1146244],[5.806443,43.1147023],[5.8065931,43.1146973],[5.8066733,43.1151086],[5.806912,43.1155853],[5.8070189,43.115702],[5.8071327,43.1158264],[5.8072299,43.1157993]]}},{"type":"Feature","properties":{},"geometry":{"type":"LineString","coordinates":[[6.3899814,43.0143687],[6.3899036,43.0144028],[6.3898881,43.0144791],[6.3897957,43.0144673],[6.3897383,43.0144391],[6.3896464,43.0144358],[6.3894704,43.0143531],[6.3894807,43.0144673],[6.3895455,43.0145284],[6.3896133,43.0147315],[6.3896016,43.0147869],[6.389472,43.0147414],[6.3893902,43.0147339],[6.3893348,43.0146971],[6.3893062,43.0147142],[6.3892976,43.014778],[6.3892495,43.0148119],[6.3892117,43.0147858],[6.389018,43.0148241],[6.3889387,43.0148146],[6.388898,43.0148436],[6.3887032,43.0148837],[6.3886176,43.0148575],[6.388422,43.014713],[6.3884112,43.0146481],[6.3884395,43.0146281],[6.3885486,43.0146185],[6.3886,43.0144811],[6.3887578,43.014466],[6.3888866,43.0143846],[6.3890324,43.0143462],[6.3890493,43.0143086],[6.3891412,43.0142362],[6.389188,43.0142222],[6.3892281,43.0141648],[6.3893206,43.0141776],[6.3893344,43.0141534],[6.3893353,43.01407],[6.3894418,43.0140027],[6.3895373,43.0139785],[6.3896037,43.0138965],[6.3896703,43.0138986],[6.3896723,43.0138987],[6.3897573,43.0138578],[6.389813,43.0138605],[6.3899057,43.013896],[6.38998,43.0141556],[6.3899814,43.0143687]]}},{"type":"Feature","properties":{},"geometry":{"type":"LineString","coordinates":[[5.8684926,43.0634016],[5.8686528,43.0637258],[5.868976,43.0640685],[5.8693392,43.0643264],[5.8696106,43.0644803],[5.8697712,43.064549],[5.8698764,43.0646419],[5.8699381,43.0647809],[5.8700487,43.0649897],[5.8701357,43.0651164],[5.8702247,43.065218],[5.8703457,43.0653524],[5.8705315,43.0654336]]}},{"type":"Feature","properties":{},"geometry":{"type":"LineString","coordinates":[[5.8201322,43.0593644],[5.8201326,43.0592909],[5.8201267,43.0592504],[5.8194424,43.0587512],[5.8191826,43.0584393],[5.8189198,43.0582586],[5.8186624,43.0581439],[5.818547,43.0579927],[5.8185808,43.057849],[5.8187766,43.0577812],[5.8191223,43.0577589],[5.8192381,43.0576706],[5.819605,43.057744],[5.8198848,43.0576736],[5.8200111,43.0575849],[5.820333,43.0574246],[5.8204891,43.0572154],[5.820517,43.0570604],[5.8203509,43.0569642],[5.8203175,43.0568594],[5.8204273,43.0567818],[5.8206817,43.0567534],[5.8206218,43.0566115],[5.8206816,43.0565355],[5.8206916,43.0564101],[5.8206557,43.0563709],[5.8206462,43.0563197],[5.8206912,43.056267],[5.8206427,43.0561909],[5.8206359,43.0560572],[5.820579,43.0560506],[5.8205676,43.0560237],[5.8205755,43.0559889],[5.820611,43.0559805],[5.8206154,43.0559565],[5.8205361,43.0559057],[5.820565,43.0555688],[5.8206684,43.0552659],[5.8208437,43.0550254],[5.8207876,43.0549006],[5.8209842,43.0547141],[5.8210333,43.0547599],[5.8211334,43.0547274],[5.8212332,43.0547617],[5.8213215,43.054764],[5.821395,43.0547248],[5.8215034,43.0548045],[5.8215492,43.0547934],[5.8214926,43.0546536],[5.8216025,43.0546199],[5.8216362,43.054649],[5.8217215,43.0546754],[5.8218336,43.0546695],[5.8218727,43.05464],[5.8217393,43.0545455],[5.8217367,43.054481],[5.8216754,43.0544267],[5.8216846,43.0543941],[5.8217778,43.0543376],[5.8217342,43.0542521],[5.8216434,43.0541821],[5.8216366,43.0541219],[5.8216732,43.0540868],[5.8216608,43.0539806],[5.821863,43.0538871],[5.8221855,43.0539265],[5.8223207,43.0538907],[5.8224518,43.0539189],[5.8225545,43.0538844],[5.8225985,43.053786],[5.8227067,43.0537367],[5.8228254,43.0537401],[5.8229004,43.0537266],[5.8229583,43.0536803],[5.8230411,43.0536576],[5.8231592,43.0535559],[5.8232357,43.0535158],[5.8234272,43.053592],[5.8235719,43.0536168],[5.8235506,43.0535579],[5.8235853,43.0535112],[5.8236839,43.0535507],[5.8237691,43.0535252],[5.8238215,43.0535717],[5.8239075,43.0535821],[5.8239899,43.0535301],[5.8240901,43.0534987],[5.8242807,43.0535095],[5.8246116,43.0533885],[5.8249794,43.0533258],[5.8252035,43.053153],[5.8250752,43.0530741],[5.8251024,43.0530264],[5.8251645,43.0529857],[5.8253729,43.0530722],[5.8254985,43.0530149],[5.8255677,43.05305],[5.8261123,43.0528557],[5.8262104,43.0527362],[5.8264222,43.052629],[5.826824,43.0525967],[5.8269878,43.0524989],[5.8270917,43.0523785],[5.827245,43.0522593],[5.8273403,43.0519981],[5.8274298,43.0516941],[5.8273603,43.0514239],[5.8272432,43.051211],[5.8272288,43.0511153],[5.8272826,43.0509929],[5.8273695,43.050927],[5.8274764,43.050919],[5.8275024,43.0507967],[5.8277422,43.0507266],[5.8277491,43.0506557],[5.8276364,43.0505419],[5.8275991,43.0504683],[5.8276106,43.0504037],[5.8277057,43.0503537],[5.827803,43.0503584],[5.8279417,43.0503315],[5.8280683,43.0502508],[5.8281625,43.0502619],[5.8282987,43.0503146],[5.8283936,43.0503246],[5.8284968,43.0502749],[5.8284786,43.0501797],[5.8284694,43.0500446],[5.8285241,43.0499702],[5.828678,43.04985],[5.8287819,43.0496679],[5.8291385,43.0494971],[5.8292438,43.0493499],[5.829326,43.049335],[5.8294579,43.0494982],[5.8295248,43.0494961],[5.8296327,43.0494411],[5.8297186,43.0493414],[5.8298567,43.0493507],[5.8299197,43.0492801],[5.8299949,43.0492372],[5.8301198,43.0492456],[5.8302683,43.0492839],[5.8304372,43.0492653],[5.8305042,43.049204],[5.8305685,43.0492024],[5.8305957,43.0492265],[5.8307302,43.0492071],[5.830906,43.0491999],[5.8310506,43.0492199],[5.8311621,43.0491811],[5.8313826,43.0492147],[5.8317189,43.0492957],[5.8319247,43.0494494],[5.8319824,43.0494374],[5.8321368,43.0495507],[5.832321,43.0496117],[5.8326514,43.0495906],[5.8326837,43.0494581],[5.8327626,43.0494621],[5.8329931,43.0495939],[5.8332183,43.0496356],[5.8334089,43.0497673],[5.8335861,43.049822],[5.8336815,43.0498715],[5.8338024,43.049935],[5.8339648,43.0499676],[5.8341456,43.0499744],[5.8343648,43.0501096],[5.8345585,43.050075],[5.8347575,43.0501656],[5.834819,43.050256],[5.8350775,43.0501263],[5.8352773,43.0502566],[5.8354129,43.0501894],[5.8353961,43.0501154],[5.8353627,43.0500288],[5.8353668,43.0499203],[5.8354525,43.0498874],[5.8358611,43.0499698],[5.8362715,43.049986],[5.8362995,43.0499648],[5.8362921,43.0499275],[5.8361965,43.0498697],[5.8361842,43.0498336],[5.8361339,43.0497753],[5.8361527,43.0496462],[5.8362393,43.0495491],[5.8363018,43.0495025],[5.8364662,43.0495359],[5.836785,43.0497371],[5.8367762,43.0497991],[5.8368181,43.0498366],[5.8368905,43.0498613],[5.8369272,43.0498415],[5.8369917,43.0497406],[5.8370428,43.0497256],[5.8370808,43.0497337],[5.8371511,43.0498682],[5.8372126,43.0498812],[5.8373124,43.0498652],[5.8373827,43.0498249],[5.8373964,43.0497965],[5.8373729,43.0497527],[5.8372364,43.0495472],[5.837293,43.0494295],[5.8371784,43.0493475],[5.83727,43.0492765],[5.8372327,43.0492504],[5.8371577,43.0492185],[5.8372251,43.049159],[5.8374515,43.0491706],[5.8375325,43.0492973],[5.8376248,43.0493697],[5.8377464,43.0494495],[5.8382405,43.04944],[5.8384647,43.0493964],[5.8385035,43.0493698],[5.8386111,43.0493],[5.8384818,43.0491958],[5.8385298,43.0491619],[5.8385919,43.0491181],[5.8387862,43.0491203],[5.8389369,43.0490403],[5.8388844,43.048947],[5.8388566,43.048829],[5.8390725,43.0487561],[5.8390032,43.0486546],[5.8388673,43.0486085],[5.8389648,43.0484634],[5.8390452,43.0485331],[5.8391818,43.0485709],[5.8393032,43.0486414],[5.8393397,43.0485538],[5.8394146,43.0485192],[5.8396892,43.0485274],[5.8396317,43.048409],[5.8395564,43.0483573],[5.8395384,43.0482313],[5.839566,43.0481398],[5.8397401,43.0481568],[5.839985,43.0481796],[5.8402761,43.0482939],[5.8404724,43.0483196],[5.8405574,43.0482378],[5.8405231,43.0481541],[5.8406607,43.0481229],[5.8410289,43.0482155],[5.8409758,43.0481138],[5.841057,43.0480941],[5.8413818,43.0482126],[5.8415324,43.0482643],[5.8416225,43.0482245],[5.8417158,43.0482788],[5.8417533,43.0482108],[5.8419885,43.0481788],[5.8420441,43.0481057],[5.8419344,43.0480142],[5.8418774,43.0480101],[5.8418011,43.0479299],[5.8418008,43.0477645],[5.8418888,43.0476776],[5.8419766,43.0477113],[5.8421095,43.0477138],[5.8422191,43.0477484],[5.8422661,43.04783],[5.8423088,43.0478385],[5.8423363,43.0479152],[5.842457,43.0479262],[5.8426873,43.0481042],[5.8429031,43.0480701],[5.8428787,43.0479951],[5.8427873,43.047974],[5.8427672,43.0479064],[5.8428537,43.0478246],[5.8429897,43.0479817],[5.8430847,43.0480094],[5.8431304,43.047955],[5.8432843,43.0479586],[5.843488,43.047862],[5.8436295,43.0479338],[5.8435692,43.0480877],[5.8436137,43.0481153],[5.8437433,43.0480876],[5.8438946,43.0480468],[5.8439696,43.0480472],[5.8440069,43.0479862],[5.8441026,43.0479646],[5.8440833,43.0478723],[5.843978,43.0477636],[5.8439368,43.0475461],[5.8440099,43.0474504],[5.843942,43.0473921],[5.8440922,43.0473517],[5.8440514,43.0472617],[5.8439836,43.0472615],[5.8439353,43.04719],[5.8439201,43.0469361],[5.8439299,43.0468812],[5.8439871,43.0468951],[5.8440547,43.0469734],[5.8441224,43.0469512],[5.8440909,43.0468646],[5.8440189,43.0467767],[5.844058,43.0467442]]}},{"type":"Feature","properties":{},"geometry":{"type":"LineString","coordinates":[[5.7695245,43.0803932],[5.7694917,43.0804],[5.7695086,43.0804155],[5.7695406,43.0804145],[5.7695583,43.080445],[5.7695427,43.0804714],[5.7695796,43.080498],[5.7695819,43.0805172],[5.7695007,43.0805171],[5.7694243,43.0806025],[5.7693887,43.0806841],[5.769352,43.0807016],[5.7693087,43.0807104],[5.7692808,43.0807221],[5.7692467,43.0807551],[5.7692117,43.0807637],[5.7691589,43.0807674],[5.7690836,43.0807928],[5.7689771,43.0808734],[5.7689793,43.0809304],[5.7689947,43.0809585],[5.7690373,43.0809765],[5.7690385,43.0809572],[5.7690795,43.0809551],[5.7690882,43.0809653],[5.7691114,43.0809927],[5.769108,43.0810129],[5.7690619,43.0809875],[5.7689837,43.0809999],[5.7690482,43.0810474],[5.769035,43.0810579],[5.7690413,43.0810879],[5.7690995,43.0811448],[5.7690865,43.0811586],[5.7690203,43.0810994],[5.7689946,43.0811111],[5.7689337,43.0810459],[5.7689497,43.081006],[5.7689187,43.0809826],[5.7689029,43.0809471],[5.7688636,43.0809266],[5.7686865,43.0810031],[5.768702,43.0810345],[5.7686791,43.0810528],[5.7686905,43.0810936],[5.768718,43.0811218],[5.7686762,43.0811923],[5.7686285,43.0812074],[5.7685984,43.081181],[5.7685727,43.0811315],[5.7685233,43.0811173],[5.7684047,43.0811702],[5.7683401,43.0811397],[5.7682726,43.0811344],[5.7682161,43.0811466],[5.768225,43.0811778],[5.7682043,43.0812151],[5.768133,43.0812697],[5.7681155,43.0813635],[5.768125,43.081404],[5.7680716,43.0814455],[5.7680788,43.0814977],[5.7680615,43.0815202],[5.7681128,43.0815427],[5.768119,43.081575],[5.7680652,43.0815851],[5.7680289,43.081626],[5.7679928,43.0816198],[5.7679596,43.0816386],[5.7679644,43.081672],[5.7679261,43.0817025],[5.7679124,43.0817396],[5.7679411,43.081766],[5.7679318,43.0818281],[5.7678559,43.0818514],[5.7678483,43.0818946],[5.7677939,43.0819423],[5.767809,43.0819817],[5.7677683,43.0820458],[5.7677298,43.0820481],[5.767747,43.0819983],[5.7676478,43.0819887],[5.7676247,43.0820093],[5.7675062,43.0819627],[5.7675539,43.0819203],[5.7674926,43.0818741],[5.7675042,43.0818517],[5.7674549,43.0818396],[5.7673559,43.0819086],[5.7673185,43.0818794],[5.7672747,43.0818377],[5.767219,43.0817891],[5.7671783,43.0817778],[5.7671928,43.0817564],[5.7672724,43.0817487],[5.7673929,43.0818058],[5.767436,43.0818087],[5.7674759,43.0817813],[5.7674356,43.0817773],[5.7673183,43.0817253],[5.7673714,43.0817038],[5.7673111,43.0816742],[5.7672646,43.0816861],[5.7672331,43.0816598],[5.7672154,43.0816247],[5.7672337,43.0815948],[5.7671939,43.0815751],[5.7671735,43.0815432],[5.7671448,43.0815409],[5.7671164,43.0815188],[5.767086,43.0815365],[5.7670559,43.0815363],[5.7670211,43.0815269],[5.766993,43.0815361],[5.7669623,43.0815245],[5.7669244,43.0815361],[5.766886,43.0815153],[5.7668389,43.0815168],[5.7668104,43.0814925],[5.7666674,43.0814423],[5.7665848,43.081447],[5.7665954,43.0814582],[5.7665663,43.0814737],[5.7665001,43.0814412],[5.7664342,43.081439],[5.7663657,43.0814159],[5.7663595,43.0814329],[5.7662505,43.0814016],[5.7662442,43.0813672],[5.7662003,43.0813487],[5.7662548,43.081326],[5.7662092,43.0813044],[5.7662379,43.0812815],[5.7662897,43.0812873],[5.7663079,43.0812553],[5.7662551,43.0812317],[5.7662495,43.0812078],[5.7662925,43.0811604],[5.7663567,43.0811574],[5.7664058,43.0811653],[5.7664428,43.0811631],[5.7664743,43.0811391],[5.7665155,43.0811347],[5.7665118,43.0811191],[5.7665724,43.0811047],[5.7665742,43.0810857],[5.766617,43.0810834],[5.7666797,43.0810553],[5.7667353,43.0810515],[5.7667711,43.0810273],[5.7668717,43.0810117],[5.7670181,43.0809967],[5.7669715,43.0809573],[5.76693,43.0809554],[5.7669171,43.0809306],[5.7668758,43.0809329],[5.7668416,43.0809109],[5.7667779,43.0809213],[5.7667287,43.0809112],[5.7666776,43.0809432],[5.766637,43.0809319],[5.7665503,43.0809156],[5.7665155,43.0809335],[5.7664763,43.080898],[5.7664415,43.0808383],[5.7664128,43.0807868],[5.7664211,43.0807561],[5.7663865,43.0807509],[5.7663974,43.0806667],[5.7664262,43.0806197],[5.7663791,43.0805457],[5.7663824,43.0805152],[5.766342,43.0804977],[5.7663386,43.0804689],[5.7663095,43.0804571],[5.7663138,43.0804355],[5.7663696,43.0804358],[5.7663691,43.0804103],[5.7663249,43.0803888],[5.7663412,43.0803548],[5.7663329,43.0803376],[5.7663119,43.0803376],[5.7662828,43.0803573],[5.7662641,43.0803981],[5.7662321,43.080383],[5.7662392,43.0803626],[5.7662196,43.0803397],[5.7662411,43.0803156],[5.766223,43.0802867],[5.7661868,43.0802777],[5.7661426,43.0802891],[5.7661196,43.0802717],[5.7661428,43.0802281],[5.7661075,43.0802191],[5.7660646,43.0802539],[5.7660085,43.0802476],[5.765924,43.0803065],[5.7659955,43.0803251],[5.7659635,43.0803422],[5.7659634,43.0803724],[5.7659815,43.0803869],[5.7659912,43.0804334],[5.7659913,43.080466],[5.7659538,43.0804963],[5.7659128,43.080507],[5.7658315,43.0805074],[5.7658041,43.0805207],[5.7657897,43.0805142],[5.7657963,43.0804973],[5.7657794,43.0804978],[5.7657539,43.0804608],[5.7657284,43.0804457],[5.7657152,43.0804302],[5.765733,43.0804031],[5.7657159,43.0803692],[5.7657364,43.0803523],[5.7657865,43.0803474],[5.7657838,43.0802804],[5.7657544,43.0802654],[5.7657603,43.0802493],[5.7657324,43.0802409],[5.7657401,43.0802155],[5.7657118,43.0802013],[5.7657115,43.0801745],[5.7656697,43.0801246],[5.7656145,43.080138],[5.7655728,43.0801301],[5.7655575,43.0801423],[5.7655207,43.0801384],[5.7654965,43.0801205],[5.7655459,43.0800771],[5.7656083,43.0800752],[5.7656225,43.080042],[5.765667,43.080038],[5.7657266,43.0799235],[5.7658075,43.0799329],[5.7658524,43.0798739],[5.765956,43.0797777],[5.7660908,43.0797919],[5.7661161,43.0797649],[5.7662193,43.0797893],[5.7663203,43.0797102],[5.7663415,43.0796428],[5.7664262,43.0795616],[5.7664015,43.0795361],[5.7664134,43.0794925],[5.7664672,43.0794333],[5.7664154,43.0794021],[5.7664842,43.0793869],[5.7665092,43.079356],[5.7665781,43.0794037],[5.7667471,43.0793592],[5.7668281,43.079307],[5.7668903,43.0792998],[5.7669275,43.0792633],[5.7670451,43.0792257],[5.7671518,43.079153],[5.7672065,43.0791421],[5.7673658,43.0791464],[5.767478,43.0791705],[5.7675836,43.0791738],[5.7676224,43.0791962],[5.7676796,43.0791958],[5.7677724,43.0792257],[5.767819,43.0792269],[5.7678509,43.0792547],[5.7679121,43.079262],[5.7679333,43.0792889],[5.7680198,43.0793334],[5.7681555,43.0793319],[5.7682589,43.079389],[5.768337,43.0794115],[5.7684142,43.0794497],[5.7684735,43.0794545],[5.7684308,43.0794898],[5.7685075,43.0795189],[5.7685836,43.0796005],[5.7685687,43.0796206],[5.7686306,43.0796724],[5.7686842,43.0797349],[5.7687355,43.0797525],[5.768771,43.079795],[5.7688102,43.0797996],[5.7688593,43.079778],[5.7688953,43.079787],[5.7689544,43.0797818],[5.7690099,43.0797508],[5.769078,43.0797629],[5.7691158,43.0797836],[5.769109,43.079824],[5.7691435,43.0798481],[5.7691282,43.0798805],[5.7691697,43.079906],[5.7692286,43.0799168],[5.7692658,43.0799676],[5.7692276,43.0799596],[5.7691891,43.0799658],[5.769167,43.0799589],[5.7691251,43.0799677],[5.7691236,43.0800013],[5.7691633,43.080016],[5.7692721,43.0800991],[5.7693363,43.0801407],[5.7693904,43.080207],[5.7693842,43.0802197],[5.7693476,43.0802192],[5.7692752,43.0801736],[5.7692633,43.080184],[5.7693413,43.0802487],[5.769423,43.0802781],[5.7694915,43.080276],[5.7695698,43.080365],[5.7695359,43.0803719],[5.7695245,43.0803932]]}},{"type":"Feature","properties":{},"geometry":{"type":"LineString","coordinates":[[5.7979569,43.0678341],[5.7980102,43.0677999],[5.7980616,43.0678179],[5.7980445,43.0677399],[5.7981194,43.0677429],[5.7981862,43.0677851],[5.7981977,43.0678259],[5.7982611,43.0678737],[5.7982543,43.0679024],[5.798319,43.0679275],[5.7983445,43.0679697],[5.7983315,43.0680012],[5.798243,43.0680337],[5.7981337,43.0680151],[5.797932,43.068014],[5.7979535,43.0679602],[5.7979422,43.067904],[5.7979687,43.0678818],[5.7979519,43.0678558],[5.7979569,43.0678341]]}},{"type":"Feature","properties":{},"geometry":{"type":"LineString","coordinates":[[5.7996199,43.0670074],[5.7996389,43.0670146],[5.7996738,43.0670387],[5.799717,43.0670853],[5.7998814,43.0671824],[5.7998848,43.0671958],[5.7999329,43.0672047],[5.7999379,43.0672149],[5.7999813,43.0672323],[5.800014,43.0672345],[5.8000412,43.0672628],[5.8000536,43.0673251],[5.8000288,43.0673686],[5.8000335,43.0673904],[5.8000577,43.0674123],[5.8000985,43.0674466],[5.8001065,43.0674625],[5.8001024,43.067484],[5.8000772,43.06749],[5.8000431,43.06748],[5.7999504,43.0674331],[5.7998855,43.0674228],[5.7998572,43.0674075],[5.7998336,43.0674108],[5.7997709,43.0673933],[5.7997183,43.0673219],[5.7996805,43.0672933],[5.7996742,43.0672761],[5.7996392,43.0672661],[5.7995658,43.0672011],[5.7995627,43.067178],[5.7995934,43.0671596],[5.7996173,43.067131],[5.7995932,43.067049],[5.7995762,43.0670282],[5.7995814,43.0670118],[5.7996199,43.0670074]]}},{"type":"Feature","properties":{},"geometry":{"type":"LineString","coordinates":[[6.2523021,42.9999397],[6.252029,42.9996736],[6.2519355,42.9995608],[6.2519436,42.9993921],[6.2520373,42.9992174],[6.2521385,42.9991421],[6.2519744,42.9990291],[6.25195,42.9989309],[6.2520618,42.9986924],[6.2521611,42.9986681],[6.252197,42.9986005],[6.2522265,42.9984603],[6.2521789,42.9983855],[6.2522332,42.9983259],[6.2522949,42.9982847],[6.2523821,42.998215],[6.2523486,42.998168],[6.2522413,42.9981356],[6.252187,42.9980986],[6.2521286,42.9979718],[6.2521072,42.9979012],[6.2521139,42.9978109],[6.2521595,42.997757],[6.2521367,42.9976981],[6.2520643,42.9976363],[6.2520697,42.9975926],[6.2521608,42.997602],[6.2522158,42.997655],[6.2523191,42.9976766],[6.2524159,42.9977497],[6.2524317,42.9978109],[6.2523606,42.9979384],[6.2523683,42.9980639],[6.252472,42.998011],[6.2526657,42.9979719],[6.2527858,42.9979855],[6.2529306,42.9979983],[6.2530337,42.9980892],[6.2530741,42.9981768],[6.2530865,42.9982416],[6.2531318,42.9982994],[6.2532211,42.998279],[6.2532364,42.9982278],[6.2532686,42.9981238],[6.2532149,42.9980493],[6.2531176,42.9979284],[6.2531653,42.9979149],[6.2532297,42.9979306],[6.2533544,42.9980493],[6.2534402,42.9980454],[6.2534818,42.9979453],[6.2535594,42.9979694],[6.2536119,42.9980493],[6.2536868,42.9980885],[6.2538627,42.9982962],[6.2539271,42.9983896],[6.253947,42.9984488],[6.2539043,42.9984995],[6.2538131,42.9985122],[6.25375,42.9985358],[6.2536907,42.9986011],[6.2535743,42.9986653],[6.2535636,42.9987192],[6.2535832,42.9987745],[6.2536578,42.9988135],[6.2537044,42.9988418],[6.2537168,42.9988934],[6.253742,42.9989791],[6.2537277,42.9990349],[6.2537621,42.9990949],[6.2537954,42.9991446],[6.2538211,42.9992057],[6.2537893,42.9992651],[6.2536916,42.9991994],[6.2537222,42.9993545],[6.2536763,42.9993764],[6.2536041,42.9993764],[6.2535354,42.999295],[6.2534526,42.9991453],[6.2534393,42.9992713],[6.2534,42.9993254],[6.2532619,42.9993715],[6.2532806,42.999446],[6.2532326,42.9995183],[6.2531607,42.9995359],[6.2530339,42.9995421],[6.2529252,42.9995166],[6.2529333,42.9995872],[6.2529333,42.9997177],[6.252885,42.9997128],[6.2528595,42.9997648],[6.2528164,42.9997946],[6.2527563,42.9998236],[6.2526946,42.9998187],[6.2526488,42.9997388],[6.2525771,42.9994924],[6.2525239,42.9995916],[6.2524901,42.9999919],[6.2523021,42.9999397]]}},{"type":"Feature","properties":{},"geometry":{"type":"LineString","coordinates":[[6.160232,43.0053881],[6.1603575,43.0053439],[6.1605969,43.0052214],[6.1605681,43.005191],[6.1604722,43.0051944],[6.1603615,43.0052312],[6.1603441,43.005215],[6.1603676,43.0051336],[6.1604179,43.0050669],[6.1605131,43.0050355],[6.1605721,43.0049664],[6.1606593,43.0049595],[6.1607008,43.0049752],[6.1607806,43.0049781],[6.1611012,43.0049928],[6.1611327,43.0049703],[6.1611065,43.0049384],[6.1611468,43.0048943],[6.1611186,43.0048869],[6.1610898,43.0049065],[6.1610261,43.0049002],[6.1608658,43.0049208],[6.1608119,43.0049139],[6.160788,43.0048899],[6.160782,43.0048443],[6.1608732,43.0048163],[6.1608752,43.0047957],[6.1608195,43.0047629],[6.1608598,43.0046947],[6.1609523,43.0046726],[6.1609838,43.004654],[6.1609818,43.004627],[6.1609503,43.0046251],[6.1609375,43.0045741],[6.1609979,43.0045383],[6.1610643,43.0044162],[6.1610918,43.0043725],[6.1611367,43.0043593],[6.1612131,43.0043044],[6.1611957,43.0042705],[6.1612748,43.0042347],[6.1612722,43.0042019],[6.1613613,43.0041808],[6.1614814,43.0041107],[6.1614653,43.0040847],[6.1613379,43.0040807],[6.1612708,43.0040626],[6.1612239,43.0040778],[6.1611421,43.0040852],[6.1610723,43.0041097],[6.1610562,43.0041406],[6.1609945,43.0041445],[6.1609536,43.0041254],[6.1609409,43.0040719],[6.160908,43.0040499],[6.1608705,43.0040695],[6.1607612,43.0040136],[6.1607612,43.0039817],[6.1608678,43.00394],[6.1608946,43.0039179],[6.1609027,43.0038782],[6.1610006,43.0038213],[6.1610167,43.0037934],[6.1610837,43.0037448],[6.1610837,43.0037208],[6.1611463,43.0036959],[6.1611763,43.0036585],[6.1612467,43.0036433],[6.1612359,43.0036129],[6.1613526,43.0035575],[6.1613694,43.0035815],[6.1614157,43.0035786],[6.1614284,43.003557],[6.1614767,43.0035575],[6.1614928,43.003582],[6.1614921,43.0036012],[6.1615504,43.003583],[6.1616363,43.0034967],[6.1617053,43.0034732],[6.1618059,43.0034084],[6.1620064,43.0033589],[6.1620312,43.0032746],[6.1622491,43.0032005],[6.1623725,43.0031819],[6.1624791,43.0032182],[6.1625496,43.0032701],[6.1625616,43.0033167],[6.1625013,43.0034732],[6.1625087,43.0035815],[6.1624758,43.0036757],[6.1624436,43.003763],[6.1623417,43.0038208],[6.1622465,43.0038267],[6.1622116,43.003866],[6.1621908,43.0039121],[6.1622364,43.0039277],[6.1622438,43.0039783],[6.16228,43.0040376],[6.1622525,43.0040714],[6.1621828,43.0040459],[6.1620815,43.0040489],[6.1620151,43.0040459],[6.16193,43.0040665],[6.1617489,43.0040866],[6.1617563,43.0041018],[6.1619306,43.0040994],[6.1619762,43.004117],[6.1619501,43.0041494],[6.1619803,43.0041744],[6.1619977,43.0041994],[6.1620473,43.004196],[6.1620413,43.0042269],[6.1619937,43.0042583],[6.161997,43.004295],[6.1620165,43.0043107],[6.1620064,43.0043411],[6.1619387,43.0043745],[6.1618911,43.0043715],[6.1618119,43.0044745],[6.1618294,43.004502],[6.1617744,43.0045363],[6.1617851,43.0045932],[6.1618361,43.0046001],[6.1618005,43.0046319],[6.1617208,43.0046692],[6.1615565,43.0047143],[6.161531,43.00473],[6.1615578,43.0047428],[6.1616705,43.0047217],[6.1617328,43.0047746],[6.1617107,43.004832],[6.1616336,43.0048634],[6.1616161,43.0048506],[6.1615933,43.0048467],[6.161586,43.0048639],[6.1615357,43.0048649],[6.1615283,43.0048801],[6.1615558,43.0049109],[6.1615337,43.0049703],[6.1615799,43.0049757],[6.1616068,43.005009],[6.1615464,43.0050433],[6.1614914,43.0050571],[6.1614445,43.0050757],[6.1614029,43.005165],[6.161415,43.0052101],[6.1614686,43.0052199],[6.1615357,43.005266],[6.1615934,43.005263],[6.1616307,43.0052903],[6.161262,43.0055825],[6.1605632,43.0057732],[6.1601632,43.0057814],[6.1601009,43.0057342],[6.1601761,43.0056868],[6.1602805,43.0055539],[6.160174,43.0054989],[6.160232,43.0053881]]}},{"type":"Feature","properties":{},"geometry":{"type":"LineString","coordinates":[[5.795157,43.069898],[5.7952332,43.0698647],[5.7952753,43.0698232],[5.7953066,43.0698243],[5.7953434,43.0698141],[5.7953594,43.0697978],[5.7954188,43.0697722],[5.7954912,43.0697927],[5.7955727,43.0697477],[5.7956428,43.0697461],[5.795689,43.0697218],[5.7957456,43.0696953],[5.795784,43.069656],[5.7958728,43.0695713],[5.7958285,43.0695244],[5.795853,43.0694915],[5.7959544,43.0694912],[5.7959895,43.0694836],[5.7960312,43.0694345],[5.7960161,43.0694125],[5.7959922,43.0694096],[5.7960073,43.0693802],[5.7960046,43.0693506],[5.7959755,43.0693428],[5.7959614,43.0693208],[5.7958949,43.0692461],[5.7958941,43.0692131],[5.7959099,43.0691964],[5.7959598,43.0691891],[5.7959288,43.0691647],[5.7958778,43.0691434],[5.7958597,43.0691133],[5.7958632,43.0690771],[5.7958975,43.0690555],[5.7959135,43.0690276],[5.7959718,43.0690342],[5.7960061,43.0690942],[5.7960176,43.0691606],[5.7960702,43.0691895],[5.7961538,43.0691937],[5.7962166,43.0692133],[5.7962809,43.0692577],[5.7963248,43.0692971],[5.7963907,43.0693165],[5.7964762,43.0693659],[5.7965548,43.0694045],[5.7966693,43.069415],[5.7968891,43.0695087],[5.7969914,43.0694757],[5.7970204,43.0693901],[5.7969427,43.0692978],[5.7969705,43.0692704],[5.7970286,43.0692952],[5.7970644,43.0693671],[5.7972174,43.069389],[5.7973768,43.0693641],[5.7974986,43.0692757],[5.7975361,43.06914],[5.7975199,43.069094],[5.7975532,43.0690814],[5.7976347,43.0691204],[5.7977042,43.0690684],[5.7976068,43.06899],[5.7976644,43.0689285],[5.7978988,43.0690259],[5.7980783,43.0689954],[5.7982813,43.0690207],[5.7983793,43.0689529],[5.7984681,43.0688511],[5.7985395,43.0687123],[5.7984546,43.0686209],[5.7985929,43.0685647],[5.7987144,43.0685999],[5.798731,43.0686577],[5.799072,43.0686634],[5.7991307,43.0685937],[5.7991712,43.0686181],[5.7992079,43.0685702],[5.7991888,43.0685206],[5.7992183,43.0685162],[5.7992779,43.068517],[5.7992937,43.0685497],[5.7993535,43.068541],[5.7994041,43.0685548],[5.7994445,43.0685306],[5.7995112,43.0685209],[5.7994851,43.0684707],[5.7997162,43.0684367],[5.7997362,43.0683783],[5.7997147,43.0683205],[5.7997521,43.0683072],[5.7997983,43.0683028],[5.7998853,43.0684125],[5.7999793,43.0684369],[5.8000734,43.068387],[5.8003147,43.0684146],[5.8004381,43.0684751],[5.8004973,43.0685355],[5.8006389,43.0685221],[5.8006982,43.068444],[5.800783,43.0684361],[5.8008868,43.0684175],[5.8009903,43.068415],[5.8010349,43.0684674],[5.8011029,43.0685259],[5.801185,43.0685763],[5.8012776,43.0686133],[5.8014307,43.0686425],[5.8016088,43.0686418],[5.8018319,43.0686182],[5.8020152,43.0685357],[5.8020639,43.0684935],[5.8020641,43.0684498],[5.8020013,43.0683497],[5.802206,43.0682239],[5.802197,43.0681774],[5.802217,43.068072],[5.8021383,43.0680929],[5.8020258,43.0680448],[5.8020413,43.0679801],[5.802129,43.0679903],[5.8022093,43.0679363],[5.80212,43.0679102],[5.8021155,43.0678088],[5.8021858,43.06773],[5.8023242,43.0677838],[5.8023694,43.0678399],[5.8023932,43.0679441],[5.8024871,43.0679713],[5.802637,43.0679637],[5.8027116,43.0679064],[5.802797,43.0679165],[5.8028305,43.0679853],[5.8027214,43.0680131],[5.8028196,43.0680348],[5.803019,43.0680128],[5.8030321,43.0679848],[5.802955,43.0679668],[5.8029049,43.0679057],[5.8029504,43.0678682],[5.8030951,43.0679248],[5.8031824,43.0678891],[5.8032253,43.0677983],[5.8033561,43.0678109],[5.8034908,43.0677834],[5.8035234,43.0677627],[5.8036557,43.0677804],[5.8037441,43.0676617],[5.8037577,43.0676234],[5.8037035,43.0675843],[5.8037002,43.067547],[5.803758,43.0674944],[5.8038849,43.0674067],[5.8038473,43.0673865],[5.8037013,43.0673576],[5.8036022,43.0673081],[5.8035204,43.067287],[5.803453,43.0672352],[5.8034741,43.0671744],[5.8034666,43.0671404],[5.8033145,43.0671101],[5.8031891,43.0670651],[5.8029906,43.0669706],[5.8029822,43.0669118],[5.8030147,43.0668553],[5.8030883,43.0668551],[5.803156,43.0668282],[5.8032528,43.0668716],[5.803287,43.0668399],[5.8033893,43.066794],[5.8034491,43.0668366],[5.803554,43.0668507],[5.8035881,43.0669233],[5.8036415,43.0668878],[5.8037356,43.0668872],[5.8037434,43.0669504],[5.8038319,43.0669936],[5.8038996,43.0670033],[5.8040429,43.0670977],[5.804022,43.0671599],[5.8040756,43.0671943],[5.8040337,43.0672208],[5.8040651,43.0672557],[5.8041481,43.0672123],[5.804271,43.0672493],[5.804426,43.0672773],[5.8044683,43.0673332],[5.804512,43.0673438],[5.8045536,43.0674148],[5.8046421,43.0674473],[5.8047502,43.0675037],[5.8049681,43.0674388],[5.8050391,43.0674424],[5.8051455,43.067499],[5.8051952,43.0674825],[5.8052582,43.0675194],[5.8053219,43.0675321],[5.8053382,43.0675798],[5.8054468,43.0675993],[5.8055738,43.0675607],[5.8056927,43.0675449],[5.8057649,43.0675726],[5.8058083,43.0675582],[5.8059172,43.0676312],[5.8060047,43.0676576],[5.8061158,43.0676068],[5.8061931,43.067627],[5.8061331,43.0675049],[5.8061969,43.0675039],[5.8062265,43.0675492],[5.8062957,43.0676105],[5.8064104,43.0676314],[5.8065601,43.0675675],[5.8066418,43.0675408],[5.8067781,43.0674651],[5.8068866,43.0673947],[5.8070417,43.0672663],[5.8072029,43.0670845],[5.8073826,43.0669509],[5.8075063,43.0668703],[5.8076309,43.0667478],[5.8076327,43.0667461],[5.8077501,43.0666146],[5.8077772,43.0665185],[5.8077029,43.0664784],[5.8076817,43.0664276],[5.8075892,43.0663999],[5.8075874,43.0663674],[5.8075004,43.0663108],[5.807405,43.0662812],[5.807385,43.0662536],[5.8074122,43.0662449],[5.807358,43.0661944],[5.8072922,43.0661824],[5.8072352,43.0661228],[5.8072814,43.0660663],[5.8073555,43.0660985],[5.8073667,43.0660759],[5.8072535,43.0659665],[5.8072741,43.0659306],[5.8072073,43.0658948],[5.8072817,43.0658123],[5.8072919,43.0657804],[5.807257,43.0657433],[5.8072568,43.0656915],[5.8071531,43.0656804],[5.8070565,43.0655973],[5.8070902,43.0655547],[5.8071917,43.0655929],[5.8072296,43.0655964],[5.8072387,43.0655691],[5.8071604,43.0655165],[5.8072089,43.0654981],[5.8072654,43.0655019],[5.8073406,43.0655246],[5.8073967,43.0655751],[5.8074647,43.0655782],[5.8073525,43.0654918],[5.8072048,43.0654034],[5.8070822,43.0653244],[5.8071576,43.0653042],[5.8071855,43.0652685],[5.8071445,43.0652551],[5.8071388,43.0652371],[5.8070995,43.0652042],[5.8071669,43.0651701],[5.8072526,43.0651594],[5.807293,43.0651366]]}},{"type":"Feature","properties":{},"geometry":{"type":"LineString","coordinates":[[5.8196569,43.0598057],[5.8200811,43.0595254],[5.8201322,43.0593644]]}},{"type":"Feature","properties":{},"geometry":{"type":"LineString","coordinates":[[6.242058,43.0272687],[6.2420877,43.0272908],[6.2420535,43.0273207],[6.2420511,43.0273597],[6.2420512,43.0274175],[6.2421081,43.027443],[6.2420512,43.0275116],[6.2420002,43.0275391],[6.2419894,43.0275773],[6.241892,43.0275727],[6.2418061,43.027611],[6.2417346,43.027595],[6.2417427,43.0275459],[6.2417319,43.0275087],[6.241732,43.027491],[6.2417152,43.0274166],[6.2416951,43.0273347],[6.2417124,43.0272406],[6.2417353,43.0271867],[6.2418406,43.0271597],[6.2419516,43.027158],[6.2419519,43.0271729],[6.241971,43.0271641],[6.2419861,43.0271671],[6.2420089,43.0271823],[6.2420318,43.0272046],[6.242058,43.0272687]]}},{"type":"Feature","properties":{},"geometry":{"type":"LineString","coordinates":[[5.6719923,43.1795025],[5.6726784,43.1792663],[5.6739995,43.1783805],[5.674154,43.1781271],[5.6744646,43.1779745],[5.6748149,43.1779424],[5.6751884,43.1779232],[5.6757255,43.1780731],[5.676131,43.1782474],[5.6763482,43.1783945],[5.6765506,43.1785402],[5.676673,43.1786876],[5.6768335,43.1788325],[5.676992,43.1789254],[5.6771024,43.1789679],[5.6772295,43.1790239],[5.6774052,43.1790647],[5.6774707,43.1790556],[5.6775464,43.1790659],[5.6776169,43.1790694],[5.6777195,43.179045],[5.6777972,43.1790393],[5.6778743,43.1790589],[5.6779066,43.1790696],[5.6779402,43.1790697],[5.6779906,43.1790501],[5.678002,43.1790575],[5.6780224,43.1790597],[5.678051,43.1790602],[5.6780496,43.1790415],[5.6780804,43.1790458],[5.6781464,43.1790736],[5.6782476,43.1791084],[5.6783113,43.1791161],[5.6783461,43.1791502],[5.6784322,43.1791505],[5.6784859,43.1791754],[5.6785421,43.1792169],[5.6787137,43.1792718],[5.678844,43.1792013],[5.6790015,43.1790375],[5.678999,43.1789925],[5.6789527,43.178943],[5.6789397,43.1788979],[5.6789593,43.1788721],[5.6791245,43.1788797],[5.6795856,43.1786832],[5.6798959,43.1784649],[5.6799469,43.1784507],[5.6800254,43.1784654],[5.6801061,43.1785434],[5.6801504,43.1786179],[5.6800184,43.1788128],[5.6797664,43.1791851],[5.6805219,43.1794688],[5.6809237,43.1796151],[5.6810117,43.1794807],[5.6810599,43.1795003],[5.6814095,43.179623],[5.6818263,43.1796793],[5.682204,43.1797268],[5.6825084,43.1797632],[5.6827695,43.1797915],[5.6832379,43.1791171],[5.6807283,43.1781881],[5.6804988,43.1781284],[5.680279,43.1780931],[5.6797598,43.1780835],[5.6796894,43.1781185],[5.6796168,43.1781335],[5.679558,43.1781216],[5.6794852,43.1780541],[5.679484,43.1779871],[5.6795593,43.1779467],[5.6799576,43.1779264],[5.6803955,43.1779526],[5.6805449,43.1779733],[5.6808053,43.1780542],[5.6809729,43.1781018],[5.6821522,43.1785332],[5.6835104,43.1790534],[5.6835853,43.1790493],[5.6835996,43.1790714],[5.6839208,43.1790367],[5.6839929,43.178963],[5.6840467,43.1789621],[5.6841449,43.178992],[5.6844639,43.1789598],[5.6845323,43.1789973],[5.6845383,43.1790474],[5.6844784,43.1790792],[5.6834809,43.1791925],[5.6830389,43.1798119],[5.6829902,43.1799701],[5.6832157,43.1800926],[5.6834821,43.1800994],[5.6838044,43.1801179],[5.6841166,43.1801355],[5.6842068,43.1800583],[5.6842184,43.1799408],[5.6840296,43.1794175],[5.6841874,43.1793883],[5.6841977,43.1794063],[5.6843686,43.1793936],[5.6844185,43.1794225],[5.6844117,43.1794657],[5.6843944,43.179488],[5.684249,43.1795168],[5.6842836,43.179638],[5.6843328,43.1796724],[5.6844514,43.1796901],[5.6844767,43.1796656],[5.6847326,43.1795501],[5.6847713,43.1795606],[5.6847827,43.1795907],[5.6847694,43.1796362],[5.6847371,43.1796503],[5.6847109,43.179767],[5.6847151,43.1799155],[5.6847166,43.1799676],[5.6847579,43.179982],[5.6850529,43.180085],[5.6856269,43.1800958],[5.6861798,43.1799759],[5.6866885,43.1797636],[5.687138,43.17954],[5.6876991,43.1791269],[5.6883195,43.1786297],[5.6888059,43.1783966],[5.6895736,43.1777603],[5.6913014,43.1761453],[5.6926095,43.1747661],[5.6938904,43.1732336],[5.6944459,43.1725846],[5.6946236,43.1723771],[5.6948564,43.1719424],[5.6948577,43.171849],[5.6948114,43.1717898],[5.6948286,43.1717289],[5.6949022,43.1716212],[5.6949517,43.1715504],[5.6949497,43.1714633],[5.6949734,43.1713838],[5.6950193,43.1713632],[5.6950209,43.1712634],[5.6947028,43.170951],[5.6948469,43.1706092],[5.6948345,43.1705087],[5.6948469,43.170473],[5.6948859,43.1704236],[5.6949747,43.1703741],[5.6949138,43.1702568],[5.694959,43.1702147],[5.6949747,43.1701784],[5.6950838,43.1700882],[5.6951305,43.1701348],[5.6952706,43.1700831],[5.6954814,43.1699031],[5.6955167,43.1699057],[5.6955563,43.1698059],[5.6954993,43.1697036],[5.6953914,43.1695411],[5.6953418,43.1691856],[5.6954556,43.1688544],[5.6954075,43.1685587],[5.6954645,43.1684611],[5.6954412,43.1683842],[5.6954104,43.168321],[5.6953045,43.1681899],[5.6951651,43.1680701],[5.6950274,43.1679723],[5.6949223,43.1679237],[5.6947887,43.1678859],[5.6946477,43.1678749],[5.6945007,43.1678912],[5.694285,43.1679353],[5.6943365,43.1682354],[5.6942983,43.168241],[5.6942718,43.1681661],[5.6942176,43.1681733],[5.6941684,43.1681799],[5.6941351,43.1683319],[5.6940872,43.1683466],[5.6940026,43.168297],[5.6939824,43.1682162],[5.6940491,43.1679762],[5.6939751,43.1675068],[5.6939395,43.167281],[5.6939095,43.1671605],[5.6937579,43.166883],[5.6931262,43.1663715],[5.69311,43.1663435],[5.6931243,43.1663252],[5.6931494,43.1663096],[5.6931687,43.1663057],[5.6931881,43.1663096],[5.6936435,43.1666391],[5.6940967,43.1668049],[5.6941065,43.166789],[5.6942479,43.1665575],[5.6941776,43.1662893],[5.694146,43.1661697],[5.694118,43.1660761],[5.6940776,43.1659304],[5.6939876,43.1657926],[5.69389,43.1656455],[5.6937781,43.1655852],[5.6935541,43.1654569],[5.6934966,43.1654771],[5.6933998,43.1653949],[5.6932537,43.1653023],[5.6930145,43.1651395],[5.6929125,43.165068],[5.6928105,43.164991],[5.6925658,43.1647951],[5.6924118,43.1647903],[5.6923376,43.1648309],[5.6922809,43.164955],[5.6922941,43.164997],[5.692411,43.1650874],[5.6923307,43.1651629],[5.6924474,43.165495],[5.6928498,43.1660449],[5.6927946,43.1661421],[5.6928163,43.1661524],[5.6927631,43.1662546],[5.6927488,43.1662524],[5.6926773,43.1663574],[5.6926131,43.1665575],[5.6925691,43.1665748],[5.692505,43.166594],[5.6924418,43.1665828],[5.6923849,43.1665374],[5.6923785,43.1664778],[5.6924865,43.1662758],[5.6926135,43.1660366],[5.6923946,43.1657093],[5.6922584,43.1654772],[5.6921639,43.165258],[5.6921443,43.1651007],[5.6921378,43.1649955],[5.6920723,43.1649098],[5.6917329,43.1648389],[5.6914469,43.1648004],[5.6912991,43.16474],[5.6910295,43.1645799],[5.6910295,43.164377],[5.6910295,43.1641885],[5.6909599,43.1640363],[5.6909311,43.1639454],[5.6907623,43.1637494],[5.6906501,43.1636806],[5.6904868,43.1636314],[5.6900978,43.1635961],[5.6896362,43.1634782],[5.689264,43.1633374],[5.6890188,43.1632587],[5.6886575,43.1630905],[5.6882364,43.1629752],[5.68805,43.1629478],[5.687696,43.1628223],[5.687399,43.1627483],[5.687391,43.1628951],[5.6871803,43.1628139],[5.687084,43.1626879],[5.6868853,43.1625865],[5.6865871,43.1625067],[5.686371,43.1623268],[5.6862106,43.1622157],[5.6859471,43.1620644],[5.6857125,43.1619993],[5.6855447,43.1618821],[5.685422,43.161841],[5.6851174,43.1616747],[5.6849512,43.1615865],[5.6847159,43.1615072],[5.6843709,43.1613686],[5.6841721,43.1612381],[5.6838541,43.1611874],[5.6833583,43.1609692],[5.6831126,43.1608713],[5.6829718,43.1608729],[5.6828403,43.1608188],[5.6825983,43.1607426],[5.6825536,43.1606866],[5.6825035,43.160624],[5.6823607,43.1605693],[5.6823689,43.1604877],[5.6825021,43.1605528],[5.6826054,43.1605762],[5.6828376,43.1606713],[5.6831488,43.160507],[5.6833198,43.1602101],[5.6835774,43.1599067],[5.6838723,43.1597837],[5.6841,43.1597461],[5.6842589,43.1596447],[5.6843165,43.1596361],[5.6843837,43.1595244],[5.6842904,43.1594585],[5.6842307,43.1593996],[5.6842149,43.1593194],[5.6843283,43.1591633],[5.684386,43.1590717],[5.684356,43.1590058],[5.6843561,43.158904],[5.6843413,43.1588415],[5.6843547,43.158757],[5.6843474,43.1586711],[5.6843485,43.1585445],[5.6842774,43.1583075],[5.684267,43.1581436],[5.6841775,43.158109],[5.6840926,43.1577832],[5.684074,43.1575927],[5.6839925,43.1573813],[5.6838609,43.1571981],[5.6836611,43.1570314],[5.6833761,43.156983],[5.6834207,43.1568365],[5.6832879,43.1567768],[5.6831618,43.1566494],[5.6829341,43.1565304],[5.6829284,43.1562669],[5.6828081,43.1560099],[5.6827513,43.1557979],[5.6826066,43.1556363],[5.6825064,43.1554881],[5.6824206,43.1553698],[5.6826078,43.1552972],[5.6826953,43.1552334],[5.6826393,43.1551223],[5.6828317,43.1551194],[5.6829247,43.1550933],[5.682953,43.1549593],[5.6829038,43.1549184],[5.682842,43.1545545]]}},{"type":"Feature","properties":{},"geometry":{"type":"LineString","coordinates":[[5.8038242,43.0767049],[5.8030184,43.0762775],[5.8029784,43.0762555],[5.8029022,43.0763327],[5.8027475,43.0762526],[5.8027091,43.0762328],[5.8027856,43.0761548],[5.8017724,43.0756166],[5.8012234,43.0753221],[5.7999367,43.0746284],[5.7996944,43.0745219],[5.7994909,43.0744945],[5.7994684,43.074492],[5.7993408,43.074482],[5.7990319,43.0744913],[5.7990411,43.074657],[5.7988847,43.0746634],[5.7983526,43.0750413],[5.7980351,43.0751078],[5.7976257,43.0754361],[5.7974682,43.0753495],[5.7974125,43.0753189],[5.7973174,43.075112],[5.7973744,43.075046],[5.7975091,43.0748903],[5.7973802,43.0745561],[5.797228,43.074573],[5.7970063,43.0745583],[5.7963213,43.0744518],[5.7960679,43.0744023],[5.7959564,43.0743368],[5.7958713,43.0742661],[5.7957784,43.0743008],[5.7957525,43.074266],[5.7958453,43.0742328],[5.795293,43.0735842],[5.7951264,43.073362],[5.7949622,43.0730961],[5.7948511,43.0728779],[5.7948494,43.0726657],[5.7948765,43.0720513],[5.7947803,43.071774],[5.7946959,43.071517],[5.7945423,43.071289],[5.7944028,43.0710967],[5.794256,43.0709184],[5.7941507,43.0707903],[5.7940563,43.0706254],[5.7938426,43.0704766],[5.7935508,43.070182],[5.7935348,43.0700634]]}},{"type":"Feature","properties":{},"geometry":{"type":"LineString","coordinates":[[5.7935348,43.0700634],[5.7934474,43.0699875],[5.793449,43.0699428],[5.7934071,43.0698981],[5.7935928,43.069718],[5.7938179,43.0695578],[5.7940784,43.0695665],[5.7940792,43.0695665],[5.7943343,43.0694506],[5.7944335,43.0694716],[5.7944279,43.0695159],[5.7944735,43.0695406],[5.7945056,43.0695877],[5.7945353,43.0696523],[5.7945883,43.0696925],[5.7946521,43.0697452],[5.7948319,43.0697984],[5.7949884,43.0698786],[5.795069,43.069903],[5.795157,43.069898]]}},{"type":"Feature","properties":{},"geometry":{"type":"LineString","coordinates":[[5.8072299,43.1157993],[5.8073109,43.1157766],[5.8072594,43.1155935],[5.8071835,43.1153676],[5.8071066,43.1151758],[5.8070103,43.1149777],[5.8069867,43.1148694],[5.8073128,43.1148506],[5.8078941,43.1148736],[5.80819,43.1148038],[5.80844,43.1146538],[5.8084651,43.1145046],[5.8082189,43.1143796],[5.8081363,43.1142583],[5.8082639,43.113773],[5.808309,43.1137174],[5.8083764,43.1137089],[5.8084497,43.113748],[5.8084512,43.1138097],[5.8083809,43.1138721],[5.8083162,43.114144],[5.8086467,43.1142467],[5.808938,43.1142451],[5.8091877,43.1141948],[5.8094728,43.114075],[5.8098905,43.1136524],[5.8102845,43.113048],[5.8105677,43.1127343],[5.8105985,43.1126254],[5.8105765,43.1125821],[5.8106857,43.1124079],[5.8102397,43.1122272],[5.8102941,43.1121902],[5.8108373,43.1123564],[5.811165,43.1120318],[5.8113407,43.1114804],[5.8116964,43.1107819],[5.8119257,43.1103776],[5.8120561,43.1100983],[5.8120663,43.1096574],[5.8111487,43.1094768],[5.8110782,43.1094788],[5.8110288,43.1094737],[5.8109947,43.1094528],[5.8109741,43.1094236],[5.8109764,43.1093869],[5.8109977,43.1093506],[5.8110414,43.1093339],[5.8110991,43.1093336],[5.811151,43.1093541],[5.81119,43.10937],[5.8122892,43.1095818],[5.8127958,43.1089264],[5.8130868,43.108507],[5.8133159,43.1081592],[5.8134401,43.1078758],[5.8134725,43.1076344],[5.8133631,43.1074589],[5.8126043,43.1073469],[5.8126325,43.1072755],[5.813067,43.1072993],[5.813255,43.1071255],[5.8133189,43.1067322],[5.8133333,43.1065593],[5.8132083,43.1063443],[5.8129758,43.1062025],[5.8129685,43.1061484],[5.8132329,43.106017],[5.813612,43.1058778],[5.8130815,43.1050876],[5.8128718,43.1051283],[5.8126661,43.1051682],[5.812995,43.1058064],[5.8129483,43.1058452],[5.8129246,43.105865],[5.8128025,43.1059087],[5.8127555,43.1058392],[5.8128055,43.1056793],[5.8125384,43.1052283],[5.8124454,43.1052156],[5.8120102,43.105156],[5.8122441,43.1048926],[5.8120115,43.1046787],[5.8119515,43.1044777],[5.8121202,43.1043953],[5.8121023,43.1042339],[5.8119292,43.1040734],[5.8118001,43.1040373],[5.8118251,43.1039305],[5.811763,43.1037944],[5.8116233,43.1036584],[5.8115501,43.1034516],[5.811432,43.1033633],[5.8111682,43.1034716],[5.811072,43.1034556],[5.8109731,43.1033874],[5.8108624,43.1032842],[5.8110226,43.1031747],[5.810855,43.1029541],[5.8105363,43.1028534],[5.8104154,43.1027053],[5.8103824,43.1026111],[5.8105143,43.102581],[5.8104566,43.1024305],[5.810247,43.1021776],[5.8102093,43.1020213],[5.8101791,43.1018789],[5.8100637,43.1016823],[5.8100606,43.1015654],[5.8098796,43.1013312],[5.8094071,43.1014255],[5.8091103,43.1015438],[5.8089647,43.1015639],[5.8088878,43.1013392],[5.8086941,43.1013953],[5.8084455,43.1012891],[5.8082861,43.1011767],[5.8081377,43.1013472],[5.807797,43.101271],[5.8077366,43.1012329],[5.8077916,43.1010604],[5.8077311,43.1010604],[5.8075965,43.1012349],[5.8074179,43.1012409],[5.8069426,43.1012088],[5.8067228,43.1011266],[5.806536,43.1011025],[5.806448,43.1011848],[5.8062969,43.101259],[5.8059921,43.1012706],[5.8059755,43.1009621],[5.8057584,43.1009862],[5.8055798,43.1009059],[5.8052669,43.1007384],[5.805158,43.1007589],[5.8051163,43.1007389],[5.8051359,43.1006922],[5.804986,43.1006171],[5.8048741,43.1007327],[5.8047905,43.1006171],[5.8045833,43.1005295],[5.8044999,43.1005838],[5.8040751,43.1006285],[5.8039369,43.100591],[5.8039671,43.1005027],[5.804193,43.1003502],[5.8044973,43.1003161],[5.8050942,43.1000304],[5.8052666,43.1000614],[5.8055716,43.0999748],[5.8057777,43.0998969],[5.8059901,43.0997689],[5.8062046,43.0996653],[5.8064246,43.0996608],[5.8067196,43.0996867],[5.8070259,43.0996046],[5.8072614,43.0994822],[5.8073955,43.0995237],[5.8075527,43.0993943],[5.8076978,43.0991787],[5.8079964,43.0990114],[5.8081788,43.0988972],[5.8085113,43.0987329],[5.8087367,43.098654],[5.8092034,43.0985845],[5.8098793,43.0986109],[5.8100885,43.0985817],[5.8100269,43.0983953],[5.8101334,43.0984009],[5.8101895,43.0985648],[5.8104157,43.0985322],[5.8106112,43.0983943],[5.8108615,43.0982161],[5.8108878,43.0980907],[5.8111614,43.0979176],[5.8112381,43.0977517]]}},{"type":"Feature","properties":{},"geometry":{"type":"LineString","coordinates":[[5.8122384,43.0953627],[5.8122447,43.095353],[5.8124627,43.0950196],[5.8124923,43.0947514],[5.8124961,43.0946771],[5.8124951,43.0946106],[5.8124738,43.0945171],[5.8124256,43.0943877],[5.8123186,43.0942206],[5.8122086,43.0941443],[5.8120022,43.0941795],[5.8120312,43.094307],[5.8119269,43.0943271],[5.8118136,43.0940649],[5.8119174,43.0940414],[5.8119616,43.0941245],[5.8121634,43.0940771],[5.8121653,43.0938927],[5.812108,43.0937836],[5.812026,43.0936938],[5.8119285,43.0936327],[5.8117639,43.0936871],[5.8117848,43.0937845],[5.8117046,43.0937963],[5.8115967,43.0935549],[5.8116642,43.0935388],[5.8117316,43.0936223],[5.8119117,43.0935653],[5.8119105,43.0933766],[5.8118553,43.0932364],[5.8117316,43.0931198],[5.8116574,43.0931034],[5.8115176,43.0931587],[5.8115392,43.093264],[5.811443,43.0932831],[5.8113374,43.0930358],[5.8114239,43.0929972],[5.8114775,43.093082],[5.8115949,43.0930531],[5.8115787,43.092927],[5.8114777,43.0927498],[5.8112726,43.0925929],[5.8109266,43.0923923],[5.8105281,43.0922084],[5.8101935,43.0921082],[5.8100788,43.0920885],[5.8099686,43.0920967],[5.8098112,43.0921197],[5.8096693,43.092168],[5.8094953,43.0924616],[5.8092986,43.0926249],[5.8091558,43.092619],[5.8090668,43.0927036],[5.8088782,43.092676],[5.808916,43.0925658],[5.8086519,43.0924006],[5.8084452,43.0922965],[5.8083791,43.0923245],[5.8083347,43.0923169],[5.8083002,43.0924153],[5.808207,43.0924361],[5.808141,43.0924107],[5.8080979,43.0923819],[5.8080773,43.0924649],[5.8079791,43.0924518],[5.8078996,43.0923811],[5.8079695,43.0923114],[5.8078796,43.0922225],[5.8079751,43.0922248],[5.8079936,43.0921798],[5.8080555,43.0922029],[5.808342,43.0919401],[5.8085179,43.0917345],[5.8087086,43.0917517],[5.808804,43.0915084],[5.8088709,43.0913532],[5.8089508,43.0912973],[5.8089746,43.0911079],[5.8088922,43.0910387],[5.8088006,43.0910164],[5.8085295,43.0909752],[5.8085437,43.0908722],[5.8086842,43.0907753],[5.8085128,43.0905454],[5.8083115,43.0904581],[5.8081809,43.0906077],[5.8079056,43.090632],[5.8077276,43.090704],[5.8075037,43.0906527],[5.8074213,43.0904787],[5.8074302,43.0903109],[5.8077344,43.0901329],[5.80781,43.0900231],[5.8075399,43.0898219],[5.8073758,43.0898597],[5.8073384,43.089986],[5.8070586,43.0901225],[5.8069405,43.0900889],[5.8069477,43.090174],[5.8067872,43.0901982],[5.8066073,43.0901644],[5.8065363,43.0900492],[5.8065667,43.0897177],[5.8071619,43.0894662],[5.8078755,43.0894431],[5.8079483,43.0894721],[5.8079602,43.0894768],[5.8080571,43.0895154],[5.8081363,43.0894638],[5.8082317,43.0894017],[5.8082582,43.0893844],[5.8083998,43.089067],[5.8084313,43.0889964],[5.8084431,43.0888206],[5.8084453,43.0887872],[5.8084261,43.0886585],[5.8084185,43.0886072],[5.808414,43.0885773],[5.8083903,43.0884738],[5.8083381,43.0882454],[5.8083297,43.0881807],[5.8083068,43.0880036],[5.8082809,43.0877489],[5.8082086,43.0874177],[5.8082004,43.08738],[5.8081866,43.0873167],[5.8081019,43.0871042],[5.8079173,43.0868967],[5.8078279,43.0868032],[5.807784,43.0867573],[5.8077142,43.0866843],[5.807363,43.0861279],[5.8071652,43.0861652],[5.8070434,43.0861352],[5.8069164,43.0860532],[5.8069174,43.0860045],[5.8066126,43.0858933],[5.8065067,43.0860101],[5.8064147,43.0860154],[5.8063916,43.0859815],[5.8061773,43.085979],[5.8061189,43.0861417],[5.8059983,43.08607],[5.8059414,43.0859729],[5.8057968,43.0858073],[5.805649,43.0858518],[5.8054541,43.0857626],[5.805296,43.0857598],[5.8052693,43.0857237],[5.8054351,43.085611],[5.8053227,43.0854579],[5.8054008,43.0854217],[5.8054008,43.085316],[5.8054732,43.0853076],[5.8054713,43.0852019],[5.805416,43.0851615],[5.8053951,43.0851045],[5.8053398,43.0850933],[5.8053131,43.0849778],[5.8054655,43.0849166],[5.8055075,43.0847385],[5.8054941,43.0846731],[5.8054461,43.0846187],[5.8055539,43.0846297],[5.8057427,43.0846191],[5.8057994,43.0843986],[5.8057172,43.0842004],[5.8057029,43.0841447],[5.805641,43.0839035],[5.8055939,43.0836676],[5.8054814,43.0834079],[5.805378,43.0832622],[5.8051584,43.0830951],[5.8047202,43.0829662],[5.8047201,43.0828907],[5.8048477,43.0828337],[5.804662,43.0828397],[5.8046668,43.0826604],[5.8046975,43.0825703],[5.8050894,43.0825676],[5.8052999,43.0826313],[5.8055612,43.0826578],[5.805768,43.0826708],[5.8059083,43.0825762],[5.8060202,43.0825822],[5.8061975,43.0825116],[5.8063208,43.0825125],[5.8064358,43.082406],[5.8065401,43.0821387],[5.8065696,43.0818989],[5.8065542,43.0816393],[5.8064796,43.0813932],[5.8064247,43.0812424],[5.8061998,43.0806223]]}},{"type":"Feature","properties":{},"geometry":{"type":"LineString","coordinates":[[5.8040014,43.0789661],[5.8036783,43.0788654],[5.8034281,43.0788585],[5.8033424,43.078881],[5.8032246,43.0792701],[5.8031357,43.0792648],[5.8032553,43.0788457],[5.8033182,43.0786072],[5.8034071,43.0784681],[5.8033396,43.0783285],[5.803339,43.0782985],[5.8033977,43.078239],[5.8033127,43.0780876],[5.8032686,43.0780731],[5.8032535,43.0780222],[5.8032934,43.0779152],[5.8033456,43.0778764],[5.8033742,43.077853],[5.8033956,43.0778356],[5.8033996,43.0777984],[5.8034331,43.077758],[5.8034505,43.0777337],[5.8034719,43.0776947],[5.8034912,43.0776659],[5.803508,43.0776321],[5.8035252,43.0776069],[5.803554,43.0775749],[5.8035917,43.0776047],[5.8035979,43.077596],[5.8036038,43.0775876],[5.8036111,43.0775769],[5.8037485,43.0773797],[5.8037564,43.0773685],[5.8037636,43.0773584],[5.8038852,43.0771888],[5.8038931,43.0771776],[5.8039003,43.0771675],[5.8040052,43.0770216],[5.8038242,43.0767049]]}},{"type":"Feature","properties":{},"geometry":{"type":"LineString","coordinates":[[5.8061998,43.0806223],[5.8060694,43.0803825],[5.8058966,43.0801817],[5.8057117,43.0799989],[5.8055925,43.0798651],[5.8054587,43.079755],[5.8052533,43.0796464],[5.8050684,43.0796237],[5.8050327,43.0796586],[5.804841,43.0796638],[5.8044607,43.0798771],[5.8044177,43.0798581],[5.8045941,43.0797377],[5.8045524,43.0796438],[5.8044532,43.0794229],[5.8042012,43.0791076],[5.8040014,43.0789661]]}},{"type":"Feature","properties":{},"geometry":{"type":"LineString","coordinates":[[5.8112381,43.0977517],[5.8111729,43.0976064],[5.8110562,43.0976107],[5.811083,43.097547],[5.8112848,43.0974511],[5.8111638,43.0970846],[5.8109751,43.0970075],[5.8107827,43.0969555],[5.8106114,43.0968806],[5.810564,43.0968137],[5.8105647,43.0961213],[5.8105761,43.0960301],[5.8105241,43.0959967],[5.8105342,43.0955929],[5.8105465,43.0954198],[5.810521,43.0953744],[5.8105108,43.0952895],[5.810516,43.0952313],[5.8105431,43.0951902],[5.8106523,43.0951338],[5.8107713,43.0951462],[5.8108677,43.0951915],[5.8109289,43.0952783],[5.8109027,43.0953373],[5.8107891,43.0953521],[5.8107426,43.0953399],[5.8107152,43.0960446],[5.8107251,43.0964469],[5.8107126,43.0968236],[5.8108243,43.0968728],[5.8110206,43.0969138],[5.8114408,43.0970015],[5.8120763,43.0971341],[5.8121396,43.0969631],[5.8122985,43.0965339],[5.8126678,43.0954739],[5.8126037,43.0954625],[5.8125923,43.0954831],[5.8124593,43.0954569],[5.8116,43.0955633],[5.8115976,43.0955481],[5.8115251,43.0955402],[5.8114661,43.0955096],[5.811469,43.0954627],[5.8115121,43.0954192],[5.8117052,43.0954526],[5.8121641,43.0954107],[5.8122384,43.0953627]]}},{"type":"Feature","properties":{},"geometry":{"type":"LineString","coordinates":[[6.1920867,43.0047519],[6.191893,43.004736],[6.1916397,43.0047509],[6.191563,43.0046285],[6.1914233,43.0045673],[6.1910019,43.0045564],[6.1907296,43.0046285],[6.1904794,43.0046302],[6.1900539,43.0046144],[6.1898944,43.0045558],[6.1896187,43.0045926],[6.1895221,43.0045292],[6.1894154,43.0044851],[6.1894519,43.0043774],[6.1895194,43.0043055],[6.1895594,43.0042668],[6.1894325,43.0041602],[6.1893404,43.0040635],[6.1890829,43.0039889],[6.188702,43.0039772],[6.1883369,43.0040295],[6.1879641,43.0041354],[6.1875644,43.0043002],[6.1871538,43.0044895],[6.1857446,43.0052313],[6.1854344,43.005481],[6.1854401,43.0055165],[6.1855155,43.0055686],[6.185661,43.0055987],[6.1857096,43.00565],[6.1856838,43.0057559],[6.185646,43.0058342],[6.1855941,43.0059259],[6.1855579,43.0060286],[6.1854387,43.0061156],[6.1851835,43.0061654],[6.1850381,43.0063231],[6.184963,43.0064957],[6.1847469,43.0068396],[6.1846894,43.0070174],[6.184716,43.0071891],[6.1849531,43.0072561],[6.1850799,43.0073268],[6.1853431,43.0074794],[6.1855504,43.0075546],[6.1857634,43.0075907],[6.1856787,43.0076883],[6.1858169,43.0077763],[6.186076,43.007927],[6.1861067,43.008071],[6.1858234,43.0081675],[6.1858293,43.0082386],[6.1858027,43.0083565],[6.1855844,43.0083742],[6.185278,43.0086608],[6.1850307,43.0086972],[6.1847917,43.0086738],[6.1844249,43.0087621],[6.1839009,43.0087149],[6.1839083,43.0085492],[6.1841157,43.0084827],[6.1842603,43.008418],[6.1841958,43.0083545],[6.1836603,43.0084126],[6.1834915,43.0083102],[6.1832823,43.0083077],[6.1829175,43.0082021],[6.1830785,43.0080896],[6.1827291,43.0081006],[6.1825419,43.0081861],[6.1823968,43.0080659],[6.182217,43.008108],[6.1821291,43.008],[6.1819922,43.0079876],[6.1817374,43.0079344],[6.1817898,43.00802],[6.1818869,43.0081589],[6.1814489,43.0080339],[6.1813953,43.0079138],[6.1812109,43.0078793],[6.18103,43.0079981],[6.1811119,43.008152],[6.1810489,43.0083087],[6.1808691,43.0083322],[6.1808817,43.0084779],[6.1809748,43.0085156],[6.1810222,43.0085987],[6.1811031,43.0087127],[6.1810861,43.0088073],[6.1810321,43.0088969],[6.1808858,43.0089366],[6.1806514,43.0089619],[6.1805476,43.0089089],[6.1805385,43.0087748],[6.1803738,43.0088311],[6.1803117,43.008743],[6.1800387,43.0087926],[6.1799268,43.0087923],[6.1798905,43.0087207],[6.17981,43.0087795],[6.1797956,43.0088933],[6.179297,43.0088162],[6.1791366,43.0085104],[6.1789623,43.0085712],[6.1787475,43.0085812],[6.1787155,43.0085457],[6.1786211,43.008587],[6.1783695,43.0085987],[6.177794,43.008453],[6.177561,43.0082864],[6.1776659,43.0080986],[6.1775321,43.0080587],[6.1775403,43.007988],[6.1777305,43.0076736],[6.1775477,43.0074598],[6.1774494,43.0072395],[6.1773294,43.0071563],[6.177072,43.0069776],[6.1769223,43.0067537],[6.1768265,43.0067359],[6.1764417,43.0067005],[6.1763029,43.0067647],[6.1762618,43.0067837],[6.1761681,43.006827],[6.175971,43.0068996],[6.1758395,43.0069486],[6.1757577,43.00708],[6.1757001,43.007181],[6.1754975,43.0073438],[6.1752849,43.0074104],[6.1754519,43.0075129],[6.1752594,43.00766],[6.1750727,43.0076184],[6.1750068,43.0077053],[6.1746964,43.0077441],[6.1745502,43.0076041],[6.1740356,43.0079722],[6.1738711,43.0079669],[6.1739533,43.0080596],[6.1737665,43.0082312],[6.1733849,43.0081879],[6.1734172,43.0086098],[6.1730417,43.0088292],[6.1728071,43.008945],[6.1727464,43.0091123],[6.1723896,43.0092164],[6.1720492,43.0090273],[6.1719342,43.008858],[6.1719176,43.0086988],[6.1725607,43.0082255],[6.1729896,43.0081007],[6.1732885,43.0081388],[6.1734992,43.0079986],[6.1736689,43.0079042],[6.1738333,43.0077257],[6.1739123,43.0076742],[6.1739366,43.0074518],[6.1736372,43.0074056],[6.1732369,43.0074089],[6.1730136,43.0073544],[6.1727188,43.0073806],[6.1725198,43.0073592],[6.1723027,43.0073989],[6.1718822,43.0073351],[6.1716557,43.0072794],[6.1718702,43.0071598],[6.1721461,43.007094],[6.172371,43.0070057],[6.1725926,43.0069498],[6.1727684,43.0068289],[6.1725095,43.0067858],[6.1720282,43.0068053],[6.1715223,43.0066243],[6.1714608,43.0064631],[6.1712838,43.0064112],[6.1711345,43.0064678],[6.1708807,43.0065224],[6.1706897,43.0065287],[6.1705576,43.0064593],[6.1704345,43.0065681],[6.170315,43.0064333],[6.1699281,43.0064561],[6.1699948,43.0063295],[6.1700031,43.0062003],[6.1698464,43.0061532],[6.1695881,43.00615],[6.1695501,43.0059594],[6.1698827,43.0058358],[6.1694002,43.0057695],[6.1698081,43.005708],[6.1697901,43.0056338],[6.1695043,43.0056935],[6.1694128,43.0056362],[6.169668,43.0055912],[6.1697966,43.0055425],[6.1702709,43.00549],[6.1706477,43.0053482],[6.1706541,43.0051707],[6.1706551,43.0051425],[6.1705275,43.005034],[6.1703286,43.0050082],[6.1704473,43.0049226],[6.1702317,43.004894],[6.1700598,43.0048514],[6.1699409,43.0047881],[6.1697261,43.0046994],[6.1694499,43.0047275],[6.1696865,43.0046136],[6.1694187,43.0045883],[6.1692261,43.0045954],[6.1692017,43.0045392],[6.1693563,43.0045276],[6.1693211,43.0044915],[6.1692053,43.0044735],[6.1692867,43.0043682],[6.1693553,43.0042904],[6.1693631,43.0041966],[6.1690834,43.0042686],[6.1688696,43.0042374],[6.1691156,43.0041116],[6.1692088,43.003955],[6.1689142,43.0039614],[6.1691447,43.0039001],[6.1690681,43.0037996],[6.1689651,43.0037316],[6.1691811,43.0035543],[6.1692926,43.0034663],[6.1692524,43.0034094],[6.1691263,43.0033898],[6.1691634,43.0031658],[6.1690164,43.0028935],[6.1689225,43.0028445],[6.1687932,43.0028931],[6.1687294,43.0027288],[6.168769,43.0024909],[6.1688501,43.0023855],[6.1691773,43.0023129],[6.1692545,43.0022418],[6.1691832,43.0019061],[6.1690142,43.0017138],[6.168886,43.0015833],[6.1687631,43.0014581]]}},{"type":"Feature","properties":{},"geometry":{"type":"LineString","coordinates":[[6.1599097,43.0071167],[6.1597532,43.0070943],[6.1597146,43.007073],[6.1597456,43.0070459],[6.1597536,43.0070173],[6.1597887,43.0069856],[6.1597743,43.0069729],[6.1597963,43.0069474],[6.1598773,43.0069206],[6.1598666,43.0068408],[6.1598742,43.006818],[6.1599528,43.0067944],[6.1600111,43.0067959],[6.1600216,43.0067685],[6.1601109,43.0067035],[6.1602422,43.0066851],[6.1602592,43.0067223],[6.1603073,43.0067454],[6.1603159,43.0067588],[6.1603114,43.0067751],[6.1602538,43.0067704],[6.1602342,43.006792],[6.1601972,43.0067914],[6.1601918,43.0068173],[6.160226,43.0069112],[6.1601304,43.0069955],[6.1601004,43.0070193],[6.160033,43.0070182],[6.1600228,43.0070301],[6.1600527,43.007052],[6.1600098,43.0070732],[6.1599778,43.0070813],[6.1599657,43.0071062],[6.1599097,43.0071167]]}},{"type":"Feature","properties":{},"geometry":{"type":"LineString","coordinates":[[6.1959156,42.9878635],[6.1960034,42.9878922],[6.1960034,42.9879094],[6.1959129,42.9879074],[6.1959109,42.9879241],[6.1959739,42.9879462],[6.1960141,42.9879481],[6.1960383,42.9879726],[6.1960839,42.9879476],[6.1961389,42.9879623],[6.1962126,42.9880021],[6.1963226,42.988034],[6.1963414,42.9880541],[6.196328,42.988081],[6.1963487,42.9881051],[6.1963635,42.9881453],[6.1964245,42.9881473],[6.1964527,42.9881777],[6.1963239,42.988211],[6.1963226,42.9882346],[6.1961811,42.9882468],[6.1961355,42.988215],[6.1961402,42.9881826],[6.1960557,42.9881777],[6.1959659,42.9881953],[6.1959189,42.9881522],[6.195844,42.9880904],[6.1957835,42.988057],[6.1956896,42.988057],[6.1956017,42.988034],[6.1955447,42.9879829],[6.1955293,42.9879422],[6.1954663,42.987928],[6.1954509,42.9878981],[6.1954641,42.9878808],[6.1956547,42.9878182],[6.1958854,42.9878302],[6.1959156,42.9878635]]}},{"type":"Feature","properties":{},"geometry":{"type":"LineString","coordinates":[[6.2055179,42.9821682],[6.2055682,42.9821465],[6.2055775,42.9821168],[6.2056136,42.9820943],[6.2055992,42.98208],[6.2056103,42.9820762],[6.2056857,42.9820503],[6.205742,42.9820315],[6.2058215,42.9820367],[6.2058939,42.9820549],[6.2058673,42.9821291],[6.2058505,42.9821774],[6.2057924,42.9821956],[6.2057137,42.982189],[6.2056092,42.9822253],[6.2054466,42.9823113],[6.2054308,42.9822936],[6.2052927,42.9822736],[6.2053411,42.9822272],[6.2054054,42.9822374],[6.2054572,42.9822026],[6.2053469,42.9822105],[6.2053089,42.98219],[6.2053252,42.9821649],[6.2053855,42.9821489],[6.2054436,42.9821688],[6.2055179,42.9821682]]}},{"type":"Feature","properties":{},"geometry":{"type":"LineString","coordinates":[[6.2018913,43.0010586],[6.2017553,43.0009631],[6.2014786,43.0008182],[6.2011078,43.0006263],[6.2008477,43.0005839],[6.2006572,43.0005529],[6.2002545,43.0004973],[6.199751,43.0004907],[6.1993003,43.0005603],[6.1991416,43.0006026],[6.1987839,43.0007135],[6.1977924,43.0010724],[6.1973831,43.0012892],[6.1970427,43.0016367],[6.1969207,43.0017855],[6.1968027,43.0019758],[6.1967705,43.0020444],[6.1967421,43.0021876],[6.196757,43.0022819],[6.1968027,43.002423],[6.1968964,43.0024809],[6.1970636,43.0024804],[6.1971964,43.002541],[6.1973164,43.0025919],[6.1974452,43.0025662],[6.1976344,43.0027214],[6.197657,43.0028308],[6.1975893,43.0029468],[6.1976405,43.0030291],[6.1974336,43.00309],[6.1975112,43.0031252],[6.1973906,43.0031411],[6.1973243,43.0031819],[6.1972006,43.0032429],[6.1972435,43.0032921],[6.197123,43.0033036],[6.1971337,43.0033703],[6.1969677,43.0033741],[6.1968334,43.0034115],[6.1966589,43.0034233],[6.1964953,43.0033684],[6.1963127,43.0033429],[6.1961388,43.0033133],[6.1959276,43.0033133],[6.1957159,43.0033718],[6.1955098,43.0034991],[6.1953764,43.0036547],[6.195308,43.0038],[6.195142,43.0038859],[6.1950022,43.0039843],[6.1947447,43.0040314],[6.1944765,43.0040707],[6.1944059,43.004041],[6.1943701,43.0039235],[6.1943304,43.0037398],[6.1941758,43.0037154],[6.1939081,43.0037198],[6.1936829,43.0037937],[6.1933995,43.0038955],[6.1933497,43.0039164],[6.1933409,43.0042054],[6.1933874,43.0043358],[6.1933079,43.0045066],[6.1931416,43.0047121],[6.1931168,43.0048476],[6.1931015,43.0049913],[6.1931454,43.0051109],[6.1933958,43.0051852],[6.1936448,43.0052563],[6.1938451,43.0053229],[6.1938165,43.0053699],[6.1936864,43.0054509],[6.1935598,43.0056005],[6.193564,43.0057551],[6.1936989,43.0058423],[6.1936024,43.0059176],[6.1934353,43.0059198],[6.1933014,43.0059027],[6.1932094,43.0058444],[6.1931171,43.005746],[6.1929601,43.0057055],[6.1928475,43.0057768],[6.1927025,43.0056492],[6.1926048,43.0054972],[6.1927076,43.0054259],[6.192921,43.0053156],[6.193089,43.0052066],[6.1929824,43.0050745],[6.1929379,43.0048873],[6.192742,43.004811],[6.1925633,43.0047823],[6.1922881,43.0047686],[6.1920867,43.0047519]]}},{"type":"Feature","properties":{},"geometry":{"type":"LineString","coordinates":[[6.250668,43.007026],[6.2506677,43.0071009],[6.2505421,43.0072579],[6.2505704,43.0074038],[6.2506197,43.0076695],[6.2505394,43.0078717],[6.2504087,43.0080818],[6.2502756,43.0082915],[6.2501564,43.0083149],[6.2500891,43.0082581],[6.2499205,43.0082764],[6.2498638,43.0084497],[6.2496827,43.0085371],[6.2495629,43.0085356],[6.2494407,43.0084707],[6.2492965,43.0086068],[6.2491438,43.0087365],[6.2490337,43.0088712],[6.2491776,43.008997],[6.2491863,43.0091307],[6.2491921,43.0091818],[6.2489581,43.0091728],[6.2491289,43.0093408],[6.249143,43.0095582],[6.2491469,43.0096184],[6.2494084,43.0100675],[6.249269,43.0102312],[6.249216,43.0103038],[6.2492972,43.0104117],[6.2491447,43.0105882],[6.2492088,43.0107512],[6.2491609,43.010852],[6.2497162,43.0112802],[6.2497285,43.0115777],[6.2495683,43.0116757],[6.249432,43.0116687],[6.2495179,43.0122913],[6.2496364,43.0123378],[6.2494262,43.0124034],[6.2495343,43.0125448],[6.2493408,43.012612],[6.2491811,43.0124361],[6.249044,43.0126103],[6.2488842,43.0126885],[6.2484941,43.0127747],[6.2486805,43.0131069],[6.2491269,43.0133864],[6.249042,43.013392],[6.248748,43.0132557],[6.248429,43.0131194],[6.248769,43.0134547],[6.2487772,43.013487],[6.2487347,43.0135991],[6.2483937,43.0135321],[6.2483776,43.0135674],[6.2484232,43.013638],[6.2485734,43.0137145],[6.2486284,43.013848],[6.2486887,43.0139831],[6.2486428,43.0140214],[6.2485566,43.0140303],[6.2485818,43.0141099],[6.2488144,43.0142446],[6.2486994,43.0143832],[6.2487156,43.0145452],[6.248784,43.0146459],[6.2488748,43.0147314],[6.2489234,43.0149787],[6.2488738,43.0150559],[6.2486811,43.0148974],[6.2485547,43.0144335],[6.2484478,43.0144929],[6.2484851,43.0147121],[6.248511,43.014856],[6.2487459,43.0152615],[6.2486538,43.0155462],[6.2488218,43.0160279],[6.2487611,43.0160384],[6.2484969,43.0158585],[6.2484661,43.015911],[6.2487701,43.0162311],[6.2489381,43.0165052],[6.248946,43.0167318],[6.2488013,43.0166817],[6.2486363,43.016507],[6.2485247,43.0165332],[6.2484819,43.0166586],[6.248627,43.0169974],[6.2484419,43.0170484],[6.2483601,43.0171994],[6.2483937,43.0173975],[6.2481523,43.0175387],[6.2482381,43.0176387],[6.2481534,43.0177796],[6.2480476,43.0177877],[6.2479779,43.0178701],[6.2480074,43.0179231],[6.247992,43.0180395],[6.2478365,43.0180146],[6.2477814,43.0183163],[6.2477365,43.0185231],[6.2475001,43.0187273],[6.2470497,43.018729],[6.2470049,43.0189362],[6.2466766,43.0190013],[6.2463175,43.0190049],[6.2464088,43.0191409],[6.2462586,43.0191977],[6.2463448,43.0193534],[6.2461906,43.0193256],[6.2462009,43.0194552],[6.2460601,43.0194429],[6.2457883,43.0193047],[6.2457183,43.0193539],[6.2455833,43.0193477],[6.2454297,43.0193118],[6.2453842,43.0193967],[6.2453756,43.0196118],[6.2453949,43.0196958],[6.2456358,43.0198247],[6.2456551,43.0199115],[6.2452996,43.0198299],[6.2451425,43.0200164],[6.2449672,43.0200592],[6.2448369,43.0200806],[6.2447941,43.0202037],[6.2445924,43.0201295],[6.2446094,43.0203324],[6.2443779,43.0203093],[6.2442352,43.0202224],[6.2441901,43.0203197],[6.2440283,43.0203685],[6.2438377,43.0204287],[6.2436568,43.020422],[6.2435549,43.0206077],[6.2435723,43.0208005],[6.2435485,43.0209793],[6.2436807,43.0209662],[6.2436871,43.0207979],[6.2437974,43.0208321],[6.2438122,43.0208771],[6.2438839,43.0209378],[6.2437782,43.0210063],[6.2437534,43.0210744],[6.2438029,43.0211572],[6.2435579,43.0211689],[6.2433919,43.0213523],[6.2433638,43.0215182],[6.2431602,43.0216344],[6.2429223,43.0216345],[6.2429477,43.0217717],[6.2428998,43.0218424],[6.2428012,43.0218456],[6.242947,43.0220095],[6.2427573,43.0220888],[6.2427927,43.0221564],[6.2427229,43.0221891],[6.2426443,43.0222628],[6.242694,43.0223157],[6.2426589,43.0223618],[6.2425733,43.0223196],[6.2424365,43.0223471],[6.2424526,43.0224275],[6.2423787,43.0224564],[6.2423082,43.0223306],[6.2422054,43.0223959],[6.2420868,43.0226603],[6.2420507,43.0227987],[6.2418915,43.0228293],[6.2418505,43.0230277],[6.2419885,43.0230608],[6.2420103,43.0231644],[6.242171,43.0231689],[6.242248,43.0232048],[6.2422771,43.0234209],[6.2422297,43.0234591],[6.2422385,43.0235095],[6.2423073,43.0236459],[6.2422464,43.0237576],[6.2421946,43.023856],[6.2421441,43.0239309],[6.2421503,43.0242412],[6.2421613,43.0243423],[6.2422581,43.02441],[6.2423278,43.024487],[6.2422058,43.0245452],[6.2422317,43.0246444],[6.2422133,43.024725],[6.2423024,43.0247923],[6.2422568,43.0248923],[6.2424177,43.0249296],[6.2424016,43.0250864],[6.2425156,43.0251129],[6.2424713,43.0251629],[6.242466,43.0252394],[6.2425761,43.0253309],[6.2424767,43.0253306],[6.2424083,43.0252688],[6.2423994,43.0253617],[6.2424807,43.025511],[6.2423187,43.0255083],[6.2422755,43.0255913],[6.2420639,43.0255822],[6.2420645,43.0256386],[6.2421527,43.0256838],[6.2422164,43.025723],[6.2422917,43.0257613],[6.2423614,43.0259678],[6.242501,43.0260531],[6.2426372,43.0260499],[6.2427272,43.026133],[6.2427166,43.0261727],[6.2427123,43.0262225],[6.2427041,43.0262697],[6.2427265,43.0263146],[6.2428,43.0263145],[6.2427717,43.0263767],[6.242867,43.0263678],[6.2429663,43.0264373],[6.2430358,43.0264197],[6.243115,43.0264301],[6.2431345,43.0264618],[6.2431317,43.0265397],[6.2430944,43.026548],[6.2430665,43.0266108],[6.2430329,43.0266402],[6.2429318,43.0266402],[6.242885,43.0266613],[6.2427969,43.0266767],[6.2427515,43.0265817],[6.2426677,43.026577],[6.2425938,43.0265732],[6.2425587,43.0265099],[6.2424902,43.0264755],[6.2424119,43.0264941],[6.2424003,43.0265374],[6.2422991,43.026574],[6.2423413,43.0265937],[6.2423237,43.026619],[6.2422987,43.0266379],[6.2422585,43.0266695],[6.2421305,43.0267078],[6.2421897,43.0267629],[6.2421334,43.0268031],[6.242002,43.0268068],[6.2420282,43.0266233],[6.2419362,43.0266806],[6.241841,43.0266727],[6.2418102,43.0266374],[6.2419564,43.0265767],[6.2418558,43.0265335],[6.2418516,43.0264876],[6.2419161,43.0264747],[6.2419309,43.0264227],[6.242006,43.0264374],[6.2420372,43.0263986],[6.2419828,43.026373],[6.2419456,43.0263502],[6.2418483,43.0263707],[6.2418258,43.0262622],[6.2417307,43.0262437],[6.2416428,43.0260616],[6.2416127,43.0258829],[6.2416962,43.0258119],[6.241708,43.0257555],[6.2414911,43.0256486],[6.241435,43.0256817],[6.2413988,43.0256678],[6.2413797,43.0256134],[6.2414474,43.0255845],[6.2414382,43.0255479],[6.2413879,43.0254995],[6.2413424,43.0254486],[6.2411904,43.0254261],[6.2410266,43.0254505],[6.2408038,43.025378],[6.240516,43.0252237],[6.2403578,43.0251737],[6.2402411,43.0251462],[6.239946,43.0251423],[6.2397704,43.0251962],[6.2397078,43.025323],[6.2397144,43.0253881],[6.2396503,43.0254398],[6.2395653,43.0254597],[6.2394896,43.0254118],[6.2394196,43.0253373],[6.2394485,43.0250354],[6.2395638,43.0249531],[6.2395279,43.024838],[6.2394148,43.0247522],[6.239184,43.0245753],[6.2391835,43.0243092],[6.2392199,43.024187],[6.2392002,43.0239684],[6.2390196,43.0239725],[6.2390342,43.0237637],[6.2391347,43.0237315],[6.2391326,43.0235251],[6.2392521,43.023445],[6.2391684,43.023279],[6.2390951,43.0231501],[6.2391776,43.0226959],[6.2391411,43.0226046],[6.2389767,43.0225745],[6.2387963,43.02231],[6.2387748,43.0221439],[6.2387917,43.0220569],[6.2388772,43.0220549],[6.2389649,43.0217967],[6.2387682,43.0212749],[6.2385445,43.0209643],[6.238359,43.0206307],[6.2378225,43.0203954],[6.2377393,43.0203251],[6.2377091,43.0201151],[6.2377731,43.0198632],[6.2378649,43.0196953],[6.2378367,43.0194505],[6.2377582,43.0193013],[6.2374592,43.019115],[6.2372185,43.0190809],[6.2367204,43.0189609],[6.2365268,43.0189156],[6.2363478,43.018745],[6.2363655,43.0186565],[6.2363054,43.018647],[6.2363133,43.018567],[6.2363066,43.0184873],[6.2363612,43.0184326],[6.2363522,43.0183802],[6.2363229,43.018334],[6.2365765,43.0180841],[6.2366853,43.0179734],[6.2368698,43.0177857],[6.2368579,43.017644],[6.2368106,43.0175271],[6.2367568,43.0174487],[6.236685,43.0173561],[6.2366072,43.0172512],[6.2366825,43.0171549],[6.2367049,43.0169451],[6.2367416,43.0168281],[6.2368763,43.0167396],[6.2369277,43.0166195],[6.237001,43.0163948],[6.2370263,43.0160583],[6.2369232,43.0158164],[6.2367317,43.0155674],[6.2365019,43.015346],[6.236406,43.0151271],[6.2363083,43.0150448],[6.2363139,43.0149167],[6.2364142,43.0148848],[6.2364465,43.0147863],[6.2361837,43.0144849],[6.2358323,43.014237],[6.2358024,43.0141432],[6.2357676,43.0139101],[6.2356112,43.0137578],[6.235501,43.0135826],[6.235033,43.0128961],[6.2340567,43.0120253],[6.232501,43.011029],[6.2311711,43.010459],[6.2303016,43.010166],[6.2296217,43.0100036],[6.2289068,43.0099542],[6.2282798,43.0100116],[6.2278447,43.0101346],[6.2275858,43.0102649],[6.2274485,43.0103444],[6.2273669,43.0104748],[6.2273084,43.0106285],[6.2273677,43.0108146],[6.227411,43.0109779],[6.2275545,43.0112081],[6.2274962,43.0114164],[6.2272592,43.0115257],[6.2271536,43.0114496],[6.2270647,43.0115277],[6.2269869,43.0114325],[6.2269306,43.0115277],[6.2267697,43.0116002],[6.2266779,43.0115546],[6.2266356,43.0115904],[6.2264729,43.0115525],[6.22648,43.0116983],[6.2260562,43.011712],[6.225956,43.0117558],[6.2252462,43.0116944],[6.2251303,43.0116173],[6.2245622,43.0115041],[6.2244415,43.0113747],[6.2244872,43.0113343],[6.2243825,43.0112609],[6.2242591,43.0112452],[6.2240345,43.0110357],[6.223894,43.0109787],[6.2236217,43.0109336],[6.2234199,43.011007],[6.223172,43.01114],[6.2230232,43.0112199],[6.2226537,43.0114231],[6.2224258,43.0115793],[6.2223506,43.011732],[6.2223132,43.0117807],[6.2223206,43.0118067],[6.2223655,43.0118371],[6.2224547,43.01189],[6.2224554,43.0119234],[6.2225197,43.0119636],[6.2225834,43.0120092],[6.2226002,43.0120489],[6.2226471,43.0120734],[6.2226592,43.0120989],[6.2226418,43.0121121],[6.2226049,43.0120945],[6.2225707,43.0120994],[6.2225499,43.0121288],[6.2226894,43.0122239],[6.2227343,43.0123235],[6.2227725,43.0123705],[6.2228329,43.0123842],[6.2228738,43.0125157],[6.2228268,43.0126206],[6.2227544,43.0126539],[6.2227021,43.0126735],[6.2226404,43.0126529],[6.2225801,43.0126078],[6.2225278,43.0125902],[6.2224875,43.0126745],[6.2224091,43.0127373],[6.2224782,43.0128059],[6.2225016,43.0128692],[6.2225036,43.0128922],[6.2225338,43.0129148],[6.2225271,43.012929],[6.2224862,43.0129197],[6.2224527,43.0129579],[6.2223588,43.0129461],[6.222277,43.0129844],[6.222222,43.0129859],[6.2221449,43.0129991],[6.2220926,43.0129913],[6.2220865,43.0130045],[6.2221181,43.0130516],[6.2220926,43.0130516],[6.2220235,43.0130251],[6.2220202,43.0130035],[6.2219638,43.0129819],[6.221937,43.0129824],[6.2219625,43.0130226],[6.2219203,43.0130123],[6.2219317,43.0130359],[6.2218451,43.0130633],[6.2217707,43.0130241],[6.2217499,43.0130261],[6.2216567,43.0129643],[6.2215783,43.012902],[6.2215501,43.0129084],[6.2216078,43.0129893],[6.2216138,43.0130329],[6.2215689,43.0130525],[6.2215233,43.0130506],[6.2214831,43.0130212],[6.2214381,43.0130432],[6.2214059,43.013027],[6.2213342,43.0130212],[6.2212886,43.0129966],[6.221241,43.0129937],[6.2212209,43.0129878],[6.2212088,43.0129662],[6.2211907,43.0129658],[6.2211719,43.0129863],[6.2210861,43.0129795],[6.2210754,43.0129692],[6.2210298,43.0129638],[6.2210284,43.012954],[6.221011,43.0129378],[6.2210023,43.0129564],[6.2209493,43.0129574],[6.2209124,43.0129427],[6.2208641,43.0129408],[6.2208373,43.0129726],[6.2208185,43.0129917],[6.2207454,43.0129971],[6.2207139,43.0130133],[6.2206891,43.0130011],[6.2206382,43.0129971],[6.2205644,43.0129417],[6.2205543,43.0129025],[6.2205926,43.0129054],[6.2205919,43.0128902],[6.2205617,43.0128628],[6.2205859,43.012828],[6.2205879,43.012804],[6.2206368,43.0128147],[6.2206408,43.0128044],[6.2206201,43.0127991],[6.2206093,43.012778],[6.2206482,43.0127593],[6.2206556,43.012724],[6.2206469,43.0127054],[6.220606,43.0126951],[6.2205825,43.0127162],[6.2205537,43.0127103],[6.2205081,43.0126838],[6.2204578,43.012674],[6.2204363,43.0126887],[6.2203579,43.0126672],[6.2203082,43.0126446],[6.2203042,43.0126069],[6.2203357,43.0125941],[6.220384,43.0125946],[6.2203887,43.0125858],[6.2203813,43.0125617],[6.2203096,43.0125333],[6.2202097,43.0125725],[6.2201151,43.0125951],[6.2200454,43.0125676],[6.2199495,43.0125],[6.2199301,43.0124161],[6.2199381,43.0123455],[6.2198965,43.0123014],[6.2198254,43.0122867],[6.2196793,43.0122769],[6.2196122,43.0123337],[6.2194982,43.0123181],[6.2194204,43.0122651],[6.2193909,43.0122082],[6.2192836,43.0121631],[6.2192421,43.0121788],[6.2192515,43.0122141],[6.2192273,43.012221],[6.2191643,43.0121719],[6.2191173,43.0120602],[6.218935,43.0120964],[6.2189001,43.012121],[6.2189054,43.0121818],[6.218939,43.0122102],[6.2188759,43.0122318],[6.2188505,43.0122072],[6.2188303,43.0121337],[6.2187673,43.0121494],[6.2187539,43.0121778],[6.2187847,43.0122043],[6.2187847,43.0122445],[6.2187619,43.0122651],[6.2187284,43.0122269],[6.2186332,43.0121327],[6.2186506,43.0121131],[6.2185608,43.0121357],[6.2185259,43.012167],[6.2184454,43.0121867],[6.2185366,43.0122318],[6.2185474,43.0122798],[6.2185085,43.0122975],[6.2184414,43.0122867],[6.2184173,43.0122504],[6.2184039,43.0122671],[6.2183784,43.0122612],[6.218361,43.0123024],[6.2183207,43.012271],[6.21826,43.0122573],[6.2182216,43.0122681],[6.218116,43.0123852],[6.2180882,43.0125299],[6.2181269,43.0125554],[6.2181558,43.0125407],[6.218255,43.0126118],[6.2182986,43.0126814],[6.2182832,43.0127162],[6.2182597,43.0127231],[6.2182423,43.0127118],[6.2182275,43.0127147],[6.2182309,43.0127363],[6.2182034,43.012751],[6.2181544,43.0127343],[6.218131,43.0127353],[6.2181296,43.0127495],[6.2180532,43.0127378],[6.2180445,43.0127495],[6.2181035,43.0127775],[6.2181591,43.01285],[6.2181987,43.0128672],[6.2182704,43.0129285],[6.2182879,43.0129893],[6.218253,43.0130241],[6.2182014,43.0130334],[6.2181638,43.0130746],[6.2181189,43.0130584],[6.2181122,43.0130677],[6.2181417,43.0130824],[6.2181471,43.0131163],[6.218202,43.0131619],[6.2182899,43.0132389],[6.2182973,43.0133011],[6.2182416,43.0133712],[6.2181987,43.01341],[6.2181766,43.0134026],[6.2181517,43.0134159],[6.2181585,43.0134364],[6.2180934,43.0134629],[6.2180525,43.0134615],[6.218019,43.0134404],[6.2179922,43.0133864],[6.2179593,43.0133565],[6.2179432,43.0133673],[6.2179814,43.0134364],[6.2180049,43.0134556],[6.2179868,43.0134722],[6.2179553,43.0134561],[6.217968,43.0134938],[6.2178996,43.0135404],[6.2178748,43.0135904],[6.2178098,43.0136419],[6.2177099,43.0136766],[6.2176658,43.0137121],[6.2173493,43.0136339],[6.2172029,43.0136311],[6.2170976,43.0136066],[6.2169963,43.0135334],[6.2169474,43.0134987],[6.2169045,43.0134806],[6.2168992,43.0134296],[6.2168475,43.0134134],[6.2168381,43.0134477],[6.2168053,43.0134286],[6.2167181,43.0133972],[6.2166759,43.0133771],[6.2166571,43.0133389],[6.2166329,43.0132849],[6.2166685,43.013231],[6.2167248,43.0132173],[6.2167288,43.01318],[6.2166685,43.0131467],[6.2167087,43.0131035],[6.2166779,43.0130673],[6.2167007,43.0130369],[6.2166631,43.0130128],[6.2166785,43.0129785],[6.2166142,43.0129305],[6.2166262,43.0128912],[6.2165733,43.012875],[6.2165451,43.0128579],[6.2165055,43.0128589],[6.2164861,43.0128128],[6.2164613,43.0127789],[6.2164734,43.0127554],[6.2163989,43.0127167],[6.2163835,43.0126843],[6.2163205,43.0126564],[6.2162943,43.012623],[6.2162259,43.012575],[6.2162058,43.0125201],[6.2162172,43.0124539],[6.2162494,43.0124573],[6.2162554,43.0124088],[6.2162125,43.0123769],[6.2162139,43.0123235],[6.2162581,43.0123068],[6.2162977,43.012323],[6.2163741,43.0123671],[6.2163915,43.0123514],[6.2163761,43.0123264],[6.2163815,43.0123161],[6.2164224,43.0123269],[6.2164331,43.0123087],[6.2163808,43.0122877],[6.2163533,43.0122676],[6.2163547,43.0122391],[6.2162983,43.0122068],[6.216293,43.012193],[6.2163211,43.0121768],[6.2164009,43.0122063],[6.2164559,43.0122455],[6.2164908,43.0122381],[6.2164713,43.0122185],[6.2164633,43.0121744],[6.2165055,43.0121357],[6.2165773,43.0121371],[6.2166048,43.0121141],[6.2166437,43.0121386],[6.2167188,43.0121621],[6.2167878,43.0122077],[6.2168227,43.012221],[6.2168683,43.0121822],[6.2169009,43.0121561],[6.2169554,43.012098],[6.2169607,43.0119139],[6.2168206,43.0118023],[6.2167514,43.0117688],[6.2166788,43.0117645],[6.2165531,43.0115924],[6.2165095,43.011319],[6.216704,43.0113082],[6.2169045,43.0113531],[6.2168536,43.0112315],[6.2168965,43.0111648],[6.2170627,43.0112403],[6.2169957,43.011108],[6.2172103,43.0111825],[6.2173337,43.0111452],[6.2174302,43.0110413],[6.2174463,43.0109275],[6.2176259,43.0108871],[6.2176746,43.0105619],[6.2177682,43.0105372],[6.2178615,43.0104547],[6.2178218,43.0102489],[6.2177274,43.010119],[6.2175887,43.0101111],[6.217535,43.0100061],[6.2177427,43.009994],[6.217822,43.0096845],[6.2175983,43.009345],[6.2174057,43.0089828],[6.2167805,43.008124],[6.2166387,43.0079643],[6.2161853,43.0077737],[6.2160989,43.0076304],[6.2161179,43.0074279],[6.2160219,43.0073267],[6.2158626,43.0071631],[6.2157279,43.0069607],[6.2155982,43.0066691],[6.2155548,43.0065453],[6.2154481,43.0064968],[6.2153167,43.0064438],[6.2151578,43.0064512],[6.2148927,43.0062318],[6.2151954,43.0059843],[6.2146962,43.005339],[6.2138684,43.004284],[6.2134325,43.0038927],[6.2126642,43.0033272],[6.2120226,43.0029679],[6.2112573,43.0026395],[6.2106391,43.0024181],[6.209992,43.0022298],[6.2094399,43.0021114],[6.2090207,43.0020362],[6.2086037,43.0019679],[6.2081213,43.0019142],[6.2077521,43.0018834],[6.2074405,43.0018816],[6.2072647,43.001904]]}},{"type":"Feature","properties":{},"geometry":{"type":"LineString","coordinates":[[6.1720666,42.9956637],[6.1722982,42.9956065],[6.1726213,42.9956314],[6.1729206,42.9957043],[6.1731125,42.995695],[6.1731764,42.9957747],[6.1734925,42.9958183],[6.1734838,42.9959152],[6.1735657,42.9960176],[6.1733822,42.996132],[6.1736042,42.9962528],[6.1737354,42.9964476],[6.1740053,42.9964279],[6.1739158,42.9961951],[6.1739847,42.9961201],[6.1741358,42.9961239],[6.1742453,42.9962746],[6.1740723,42.9964201],[6.1742245,42.9964156],[6.1743812,42.9965238],[6.1743194,42.9966535],[6.1745236,42.9966367],[6.174651,42.9966074],[6.174684,42.9965578],[6.1746005,42.9964951],[6.1746068,42.9963915],[6.1745524,42.9962721],[6.1745632,42.9961984],[6.1745363,42.9961945],[6.1745323,42.9961493],[6.174704,42.9961219],[6.1748703,42.9961807],[6.1748636,42.9962425],[6.1748233,42.9962543],[6.1747952,42.9963955],[6.1748408,42.9964093],[6.1748743,42.9964456],[6.1749588,42.9964122],[6.1750166,42.9964491],[6.1749242,42.9965639],[6.1748689,42.9966162],[6.1749838,42.99661],[6.1750177,42.9965797],[6.1750305,42.9965354],[6.1750238,42.9964964],[6.1750501,42.9964679],[6.1753764,42.9963922],[6.1755632,42.9964382],[6.1758583,42.9965719],[6.1757214,42.996628],[6.1757057,42.9966735],[6.1758453,42.9967016],[6.1757113,42.9967696],[6.1760072,42.996742],[6.1761702,42.9967864],[6.1760875,42.9968818],[6.176072,42.9969706],[6.1761098,42.9970235],[6.1760539,42.9970551],[6.1760773,42.9970713],[6.1761614,42.9970568],[6.1761547,42.9970101],[6.1761397,42.99695],[6.1762808,42.9969129],[6.1765018,42.9969962],[6.1765773,42.9969512],[6.176767,42.9969857],[6.1767053,42.9970668],[6.176815,42.9971122],[6.1769141,42.9970579],[6.1770325,42.9970742],[6.1771541,42.9970756],[6.1773827,42.9970002],[6.1773119,42.9968767],[6.177269,42.9967178],[6.1773621,42.996586],[6.1771397,42.9963626],[6.1773297,42.9963009],[6.1773219,42.9962461],[6.1772505,42.9962075],[6.177497,42.99599],[6.1777752,42.9958844],[6.1778488,42.9958197],[6.1778096,42.9957574],[6.1776972,42.995695],[6.1778004,42.9956126],[6.1782134,42.9955708],[6.178366,42.9955497],[6.1785157,42.9954482],[6.1785197,42.9953729],[6.1784336,42.9953058],[6.1784068,42.9952018],[6.17824,42.9952249],[6.1782663,42.995141],[6.1782473,42.9950783],[6.1784061,42.9950189],[6.1785291,42.9951489],[6.17871,42.9951274],[6.1786874,42.995075],[6.1787843,42.9950394],[6.1788995,42.9951206],[6.178911,42.9950878],[6.1788382,42.9950086],[6.1788802,42.9949223],[6.1790729,42.994999],[6.1792752,42.9950268],[6.1792742,42.9949262],[6.1795897,42.9949547],[6.1799697,42.9948545],[6.1800778,42.9947326],[6.1798994,42.9947065],[6.1798119,42.9946254],[6.1793573,42.9946185],[6.1790857,42.9944731],[6.1791223,42.9944381],[6.1789377,42.9943928],[6.1786721,42.994228],[6.1786162,42.9941466],[6.178462,42.9940645],[6.1784665,42.9939515],[6.1789922,42.9936041],[6.179277,42.9935327],[6.179784,42.9934464],[6.1801478,42.993593],[6.1801764,42.9937161],[6.1802831,42.9938113],[6.180563,42.9940688],[6.1805869,42.9942227],[6.1807149,42.9942511],[6.1807709,42.9943864],[6.180679,42.9944832],[6.1807608,42.9945669],[6.180977,42.9946406],[6.1812315,42.9948714],[6.1813981,42.9948895],[6.1816189,42.9950821],[6.1817625,42.9950593],[6.1818894,42.994986],[6.1819747,42.99487],[6.1816868,42.9947547],[6.1815834,42.9944859],[6.1815208,42.9944448],[6.1814439,42.9943328],[6.181503,42.9941601],[6.1814794,42.994006],[6.1815795,42.9938259],[6.1818135,42.9940172],[6.1818944,42.9938243],[6.1818775,42.9936778],[6.1819816,42.9936476],[6.1821243,42.9937344],[6.1823201,42.9936559],[6.1822694,42.9935752],[6.1825266,42.9934067],[6.1828158,42.9933827],[6.1827658,42.9932395],[6.1831736,42.9930097],[6.1832991,42.9926691],[6.18354,42.9924509],[6.1841676,42.9922135],[6.1843149,42.9921646],[6.1838463,42.9921296],[6.1839283,42.9920632],[6.1839122,42.991973],[6.1842287,42.9919102],[6.1843023,42.9917686],[6.1844198,42.9917435],[6.1844969,42.9917964],[6.1846651,42.9918239],[6.1847195,42.9918866],[6.1847993,42.991958],[6.1847759,42.9920004],[6.1846069,42.9921476],[6.1846739,42.9921868],[6.1848686,42.9923099],[6.1850241,42.9927463],[6.1854121,42.9930845],[6.1861846,42.9932179],[6.1866214,42.9929994],[6.1869547,42.992857],[6.1878583,42.9925431],[6.188384,42.9922919],[6.1891243,42.9920016],[6.1890613,42.9917904],[6.1896493,42.991645],[6.189563,42.99156],[6.1896967,42.9913119],[6.1899542,42.9912177],[6.1905941,42.9911585],[6.1904605,42.9910897],[6.1904935,42.9909713],[6.1911349,42.9910963],[6.1913666,42.9910644],[6.192278,42.9909736],[6.1931567,42.9908271],[6.1930151,42.9906551],[6.1935236,42.990616],[6.193282,42.9904648],[6.1936095,42.9904559],[6.1939348,42.990471],[6.1941591,42.9903739],[6.194099,42.9902193],[6.1942398,42.9900918],[6.1944058,42.9902042],[6.1945907,42.9900659],[6.1944149,42.9896864],[6.1940311,42.9895787],[6.1939928,42.9893931],[6.1936765,42.9893431],[6.1940038,42.9892576],[6.1939983,42.9889114],[6.1947411,42.9888313],[6.1952746,42.9887815],[6.1956343,42.9886542],[6.1958241,42.9884431],[6.1966166,42.9883207],[6.1969823,42.9882371],[6.197401,42.9879958],[6.1974441,42.9878895],[6.1973691,42.9877263],[6.1971285,42.9873903],[6.1970638,42.987115],[6.1972568,42.986712],[6.1973963,42.9865617],[6.197714,42.9864047],[6.1977279,42.9863846],[6.1977962,42.986286],[6.1976693,42.9862507],[6.1971965,42.9863697],[6.1966943,42.9864775],[6.1959684,42.9862068],[6.1954713,42.9854995],[6.1959281,42.9853514],[6.1958009,42.9850604],[6.196461,42.9847456],[6.1957699,42.9846645],[6.1955729,42.9844071],[6.1954592,42.9842156],[6.1955311,42.9839359],[6.195814,42.9836585],[6.1961303,42.9835883],[6.1965079,42.9832189],[6.1965828,42.9831954],[6.1967692,42.9831768],[6.1968,42.9832229],[6.1968255,42.983269],[6.1969954,42.9833098],[6.1971018,42.9832847],[6.1971597,42.9832242],[6.1971796,42.9831169],[6.1972037,42.983063],[6.1973126,42.9830228],[6.1972225,42.983012],[6.1971621,42.9830257],[6.19702,42.9830335],[6.1968926,42.983061],[6.1967933,42.9830041],[6.1968108,42.9829747],[6.1968952,42.9829531],[6.1969757,42.9829138],[6.1970213,42.9829001],[6.1970642,42.9828923],[6.1971581,42.9828824],[6.1972319,42.9828599],[6.1972949,42.9828697],[6.1973962,42.9828691],[6.1975502,42.9828456],[6.1977269,42.9827556],[6.1978272,42.9827541],[6.1979487,42.9827724],[6.1980263,42.9828106],[6.1980881,42.9827996],[6.1981536,42.9827731],[6.1982082,42.98278],[6.1983007,42.982801],[6.1982367,42.9827257],[6.1982645,42.9826303],[6.1982551,42.982626],[6.1981814,42.9826043],[6.1982446,42.9825318],[6.1982191,42.9825006],[6.1981885,42.9824635],[6.1981398,42.982441],[6.1980385,42.9824596],[6.198005,42.982463],[6.1979227,42.9825087],[6.1978861,42.9824654],[6.1978944,42.9824488],[6.1979119,42.9824312],[6.1979789,42.9824116],[6.1979964,42.9823664],[6.1979708,42.9823321],[6.197893,42.9823517],[6.1977907,42.9823582],[6.1977421,42.9823428],[6.1977045,42.9823488],[6.1976524,42.9823452],[6.1976611,42.9823168],[6.1976292,42.9822907],[6.1976805,42.9822592],[6.1977804,42.9822695],[6.1978261,42.9822651],[6.1977966,42.9822451],[6.1978151,42.9822099],[6.1979035,42.9822089],[6.1979362,42.9822061],[6.1979612,42.9821913],[6.1980192,42.9822246],[6.1980343,42.9822864],[6.1981263,42.9822919],[6.1982082,42.9823085],[6.1983182,42.9823065],[6.1983986,42.9823419],[6.1984588,42.9823766],[6.1984885,42.9823742],[6.1985005,42.9823438],[6.198483,42.9822784],[6.1984107,42.9822693],[6.1983459,42.982199],[6.19838,42.9821646],[6.1985295,42.9821766],[6.1987034,42.9821516],[6.1987565,42.982175],[6.1989372,42.9821499],[6.1990068,42.9821451],[6.1990403,42.9821227],[6.1992238,42.9821567],[6.1992719,42.982184],[6.1993448,42.9821628],[6.1994104,42.9821392],[6.199488,42.9821398],[6.1995614,42.9821545],[6.1995882,42.9821976],[6.1996727,42.9821859],[6.1997488,42.9821438],[6.1998108,42.9821437],[6.1998947,42.9821585],[6.2000227,42.9822209],[6.2000247,42.9822865],[6.1999516,42.982285],[6.1998976,42.9823221],[6.1998635,42.9823614],[6.1998779,42.9823968],[6.1999445,42.9824249],[6.2000197,42.982381],[6.200126,42.9824351],[6.2002239,42.9823762],[6.2003553,42.9823311],[6.2005101,42.9823181],[6.2009802,42.9823546],[6.2012404,42.9823703],[6.2013799,42.9824125],[6.2014228,42.9824483],[6.2014238,42.982514],[6.2013061,42.9825773],[6.2013397,42.9826068],[6.2013303,42.9826529],[6.2013839,42.9827019],[6.2014148,42.9826911],[6.2014751,42.9827073],[6.2015006,42.9826882],[6.2015422,42.9826784],[6.201572,42.982636],[6.2016716,42.9826592],[6.2017132,42.9826283],[6.2017809,42.9826244],[6.2017822,42.9825744],[6.2018211,42.9825273],[6.2017849,42.9824861],[6.2018249,42.9824394],[6.2017224,42.9823921],[6.2019016,42.9823438],[6.2019821,42.9823859],[6.2020741,42.9824164],[6.2023173,42.9824376],[6.2022647,42.9824531],[6.2022602,42.9824931],[6.2023121,42.9825304],[6.2025082,42.9825391],[6.2027062,42.982596],[6.2027492,42.9825842],[6.2027492,42.9825312],[6.2028259,42.9825448],[6.2028559,42.9825955],[6.2028071,42.9826185],[6.2028366,42.9826235],[6.2029095,42.9825971],[6.2030302,42.9826431],[6.2031217,42.9826454],[6.2031439,42.9826299],[6.2030429,42.9825675],[6.2029946,42.9825881],[6.2029128,42.9825395],[6.2029597,42.9825018],[6.2030549,42.9824831],[6.203126,42.9824979],[6.2032695,42.9824567],[6.2033902,42.9824606],[6.2034881,42.9824841],[6.203619,42.9824882],[6.203682,42.9824802],[6.2036611,42.9824459],[6.2037017,42.9824094],[6.2037907,42.9824039],[6.2038572,42.9823807],[6.2038802,42.9824098],[6.2040852,42.9824211],[6.2040304,42.9824553],[6.2040913,42.9824927],[6.2040318,42.9825063],[6.2039876,42.9825471],[6.204076,42.9825883],[6.2041452,42.9825577],[6.2042265,42.982584],[6.2042595,42.982575],[6.20422,42.9825583],[6.2042531,42.9825106],[6.2043933,42.9825422],[6.2043885,42.9824692],[6.2044481,42.9824823],[6.2046522,42.9824472],[6.2046795,42.9824692],[6.2045272,42.9825083],[6.2044588,42.9825442],[6.2044849,42.9825918],[6.2045352,42.9825987],[6.2045977,42.9825695],[6.2047313,42.9825638],[6.2048241,42.9825905],[6.2049459,42.982541],[6.2050044,42.9825645],[6.2050202,42.982531],[6.2051779,42.9824468],[6.2052708,42.9824454],[6.2052898,42.9824849],[6.2056293,42.9825695],[6.2056276,42.9825954],[6.2056802,42.9826287],[6.2057175,42.9826334],[6.205879,42.9827047],[6.2059447,42.9827123],[6.2060563,42.9827363],[6.2060158,42.9827059],[6.2059759,42.9827029],[6.205944,42.9826909],[6.2059236,42.9826767],[6.2058227,42.9825285],[6.2057677,42.9825183],[6.2057408,42.9824687],[6.2056795,42.9824351],[6.2056892,42.9824088],[6.2056573,42.9823921],[6.2056211,42.9823914],[6.2055971,42.9823917],[6.2055434,42.9823993],[6.2054884,42.9824282],[6.2054643,42.9823679],[6.2055418,42.9823304],[6.2056426,42.9823178],[6.2056795,42.9822908],[6.2057693,42.9823016],[6.2058176,42.9823007],[6.2058451,42.982311],[6.2058907,42.9823046],[6.205945,42.9823203],[6.2059934,42.9823367],[6.2060315,42.9823639],[6.2060456,42.9823894],[6.2060409,42.9824488],[6.2060013,42.982462],[6.2060295,42.982488],[6.2060845,42.9824851],[6.2061281,42.9824616],[6.2062052,42.9824282],[6.2063541,42.9824311],[6.2064721,42.9824567],[6.2064694,42.9825293],[6.2064224,42.9825626],[6.2064922,42.9826009],[6.2067427,42.9826388],[6.2067631,42.982699],[6.2068757,42.9826794],[6.2069803,42.9827206],[6.2069964,42.982803],[6.2070407,42.982802],[6.2070863,42.9827677],[6.2072177,42.9827834],[6.2073048,42.982829],[6.2071275,42.9829157],[6.2072003,42.983011],[6.2073151,42.9829678],[6.2074323,42.9829757],[6.2075957,42.9830048],[6.2077032,42.9830404],[6.2077683,42.9831038],[6.207836,42.9831768],[6.2078159,42.9832837],[6.2080139,42.983362],[6.208123,42.983476],[6.2081139,42.9835487],[6.2082463,42.983527],[6.2083588,42.9835365],[6.2083925,42.98353],[6.2083255,42.9834417],[6.2082142,42.9833544],[6.2081766,42.9832749],[6.2082101,42.9832533],[6.2084153,42.9832621],[6.2085226,42.9833349],[6.2085816,42.9834083],[6.2086565,42.9834288],[6.2086862,42.9834848],[6.2086806,42.9835569],[6.2086245,42.9836233],[6.2086619,42.9837168],[6.2085921,42.9838212],[6.2086567,42.9838773],[6.2086646,42.9839297],[6.2087373,42.9839556],[6.2088673,42.9840539],[6.2089252,42.9840627],[6.2090886,42.9841274],[6.2091328,42.9841686],[6.2090859,42.984203],[6.2091167,42.9842569],[6.2091919,42.984266],[6.2092964,42.9841981],[6.2093689,42.9842462],[6.2094681,42.9841804],[6.2096009,42.9842049],[6.2096475,42.984279],[6.2096331,42.9843374],[6.2095821,42.9843796],[6.2095284,42.9843992],[6.2095043,42.9843825],[6.2094574,42.9843433],[6.2094359,42.9843855],[6.2094561,42.9844271],[6.2093715,42.9844581],[6.2092737,42.9844396],[6.2092093,42.9844443],[6.2091865,42.9844708],[6.2092186,42.9845709],[6.2091288,42.9846258],[6.2091238,42.9847532],[6.209047,42.9848505],[6.2089638,42.9848829],[6.2089504,42.9849172],[6.2090041,42.9849408],[6.209088,42.9849228],[6.2091596,42.9850212],[6.2092079,42.9850752],[6.2091932,42.9851173],[6.2090666,42.9851968],[6.2089853,42.9852282],[6.2090926,42.9852949],[6.209043,42.9853606],[6.2089075,42.9854548],[6.2088847,42.985547],[6.2089826,42.9855029],[6.2091181,42.9854686],[6.2092184,42.9855262],[6.2092334,42.9855843],[6.2091368,42.9856579],[6.2091288,42.9857197],[6.209148,42.9857435],[6.2092951,42.9857354],[6.209334,42.985756],[6.2093957,42.9857344],[6.2094265,42.9856324],[6.2094761,42.9856402],[6.2094828,42.9856991],[6.2096009,42.9857354],[6.2096336,42.9858079],[6.2097975,42.9858618],[6.2099522,42.9857256],[6.2101722,42.9856864],[6.2103103,42.9857344],[6.2103954,42.9858137],[6.2103103,42.9858718],[6.2103519,42.9859277],[6.2103585,42.9860145],[6.2104431,42.9860385],[6.2105144,42.9860392],[6.2106697,42.9860454],[6.2108079,42.9860925],[6.2108901,42.9861387],[6.2108749,42.9861975],[6.2108923,42.9862269],[6.2108468,42.9863348],[6.2109074,42.9863641],[6.2109916,42.9863535],[6.211009,42.9862769],[6.2110573,42.986223],[6.21117,42.9862416],[6.2112209,42.9862936],[6.2112249,42.9863495],[6.2111928,42.9864145],[6.211115,42.9865036],[6.2111405,42.986532],[6.2112008,42.9865251],[6.2112612,42.9864771],[6.2113456,42.9865222],[6.2113765,42.9864996],[6.2114433,42.9865309],[6.2114717,42.9865732],[6.211461,42.9866311],[6.2115522,42.9866664],[6.2115589,42.9867272],[6.2116595,42.9867047],[6.2117554,42.9867851],[6.2118271,42.9867302],[6.2119478,42.986686],[6.2120806,42.9867263],[6.2121755,42.9868677],[6.2123072,42.9867674],[6.212334,42.9866497],[6.2121838,42.9866223],[6.2121584,42.9865644],[6.2121691,42.986461],[6.2123743,42.9864751],[6.2125191,42.9864378],[6.2126457,42.9864298],[6.21279,42.9864957],[6.2128504,42.9865575],[6.2128034,42.9866272],[6.2128973,42.9866566],[6.2128074,42.9867449],[6.2128812,42.9867812],[6.2129115,42.9868174],[6.2128852,42.9868577],[6.2129684,42.9868587],[6.2130101,42.9868811],[6.21301,42.9869058],[6.2129308,42.9869421],[6.2129179,42.9870169],[6.213022,42.9870137],[6.2131226,42.9870407],[6.2131736,42.9870686],[6.2132527,42.9870445],[6.2133318,42.9870598],[6.2133761,42.9870382],[6.2134236,42.9870378],[6.2135424,42.9871285],[6.2135504,42.9871756],[6.2136206,42.9872104],[6.2136872,42.9871824],[6.2137956,42.9872509],[6.2137598,42.9873444],[6.2137543,42.9873963],[6.213647,42.9874355],[6.2135746,42.9874512],[6.2134981,42.9874983],[6.2134639,42.9874814],[6.2133935,42.9874777],[6.2133425,42.9874905],[6.2133144,42.9875631],[6.2134476,42.9875704],[6.2136456,42.9875513],[6.2137127,42.9875405],[6.2138066,42.9875395],[6.2138948,42.9875627],[6.2140185,42.9876239],[6.2141123,42.9876828],[6.2140916,42.9877491],[6.2139849,42.9877495],[6.2138455,42.987823],[6.2138025,42.9878181],[6.2137529,42.9878338],[6.2136194,42.9878619],[6.2135437,42.9878819],[6.2134123,42.9878829],[6.2132581,42.9878721],[6.2132073,42.9878898],[6.2131736,42.987927],[6.2131883,42.9879673],[6.2132339,42.9880065],[6.2132218,42.9880967],[6.2130918,42.9881644],[6.2131481,42.9882199],[6.2132969,42.9882517],[6.213411,42.9883077],[6.2134914,42.9883028],[6.2135907,42.9882606],[6.213714,42.988238],[6.2140151,42.988279],[6.2140131,42.9883508],[6.2138709,42.9883832],[6.2139353,42.9884332],[6.2138986,42.988533],[6.2139004,42.9886736],[6.2138002,42.9887573],[6.2135729,42.9888697],[6.2136543,42.9890944],[6.2138059,42.9891077],[6.2140175,42.9892725],[6.2139641,42.9893543],[6.2137814,42.9893791],[6.2137617,42.9897241],[6.2139077,42.9897806],[6.2139602,42.9899448],[6.2143027,42.9900621],[6.21461,42.9900207],[6.2148401,42.9899512],[6.2150501,42.9900915],[6.2152017,42.9902339],[6.2150818,42.9902346],[6.2152159,42.9903256],[6.2152614,42.9904158],[6.2151328,42.9904634],[6.2152396,42.9906938],[6.215231,42.9909523],[6.2153801,42.991187],[6.2155418,42.9913243],[6.2157894,42.9914205],[6.2159285,42.991248],[6.2162106,42.9912667],[6.216379,42.9913667],[6.2164478,42.9914291],[6.2166489,42.9914632],[6.2167462,42.9915886],[6.2170193,42.991407],[6.2172487,42.9911961],[6.2175038,42.9911291],[6.2178231,42.9911393],[6.2180647,42.9909895],[6.2183968,42.990812],[6.2184649,42.990699],[6.2186787,42.9906362],[6.2188225,42.9903976],[6.2190064,42.990262],[6.2193077,42.9902578],[6.2195672,42.9902549],[6.2197124,42.9902106],[6.2197982,42.9900686],[6.2201186,42.9899714],[6.2203064,42.9900264],[6.2203557,42.9901415],[6.2202944,42.9902297],[6.2203966,42.9902569],[6.2205658,42.9901527],[6.2206826,42.990234],[6.2206843,42.9903023],[6.2208737,42.9903818],[6.2207483,42.9905153],[6.2207594,42.990558],[6.2205588,42.9905649],[6.2205599,42.9907125],[6.2203171,42.9908439],[6.2202032,42.990897],[6.2201808,42.99107],[6.2203309,42.9910586],[6.220418,42.9911109],[6.2206401,42.9910479],[6.2206946,42.9911137],[6.220457,42.9911957],[6.220267,42.9913683],[6.2198069,42.9916787],[6.2195217,42.9918922],[6.2193882,42.9921757],[6.2194405,42.9922021],[6.2194969,42.9922237],[6.219576,42.9922257],[6.2199654,42.9920183],[6.2201843,42.9920353],[6.220272,42.9920105],[6.2205377,42.9919308],[6.2208717,42.9919131],[6.2211606,42.9919769],[6.2212983,42.9920336],[6.2212067,42.992079],[6.2211446,42.9921188],[6.2211485,42.9921802],[6.2212432,42.99222],[6.2212587,42.9923301],[6.221392,42.9923194],[6.2215604,42.9922028],[6.2217607,42.9921897],[6.2217913,42.9921456],[6.2219422,42.9921466],[6.2219717,42.992084],[6.2224649,42.9919378],[6.2226308,42.9919136],[6.2227173,42.9916954],[6.2229206,42.991672],[6.2231674,42.9917905],[6.2231908,42.9918552],[6.223084,42.992017],[6.223199,42.9920944],[6.2231331,42.9923128],[6.2231846,42.9924478],[6.2232314,42.9927844],[6.2233499,42.9928049],[6.2233779,42.9927179],[6.223545,42.9927121],[6.2236322,42.9926352],[6.2236807,42.9927381],[6.2238181,42.9926596],[6.2238317,42.9924807],[6.2239659,42.9923531],[6.2242126,42.9924122],[6.2244125,42.9925735],[6.2245002,42.9927687],[6.2246176,42.992847],[6.2247828,42.9928106],[6.2249122,42.9927384],[6.2250514,42.9928197],[6.225148,42.9928669],[6.2255381,42.9929627],[6.2257674,42.992881],[6.2259553,42.9928068],[6.2261175,42.9928867],[6.2261518,42.9929968],[6.2262362,42.9930061],[6.2263541,42.9927561],[6.2265158,42.9925352],[6.2267234,42.9925975],[6.2270367,42.9926893],[6.2271275,42.9925386],[6.2274392,42.992581],[6.2276775,42.9927532],[6.2277482,42.992955],[6.228016,42.9931965],[6.2280939,42.993366],[6.2284339,42.993182],[6.2285286,42.9932217],[6.2286684,42.993419],[6.228759,42.9935394],[6.229005,42.9936663],[6.2292055,42.9937553],[6.229583,42.9938889],[6.2298908,42.9938273],[6.2301867,42.9940078],[6.2303549,42.9940401],[6.2304295,42.9938531],[6.2304501,42.9936362],[6.23055,42.9936303],[6.2307154,42.993958],[6.2308829,42.9942556],[6.2308325,42.9944622],[6.2307886,42.9946994],[6.2307801,42.9948582],[6.2308253,42.9950219],[6.2307696,42.9953672],[6.2309933,42.9956137],[6.23129,42.9956479],[6.2313941,42.9957842],[6.2314011,42.995892],[6.2313459,42.9959766],[6.2314154,42.9961141],[6.231682,42.9960857],[6.2318384,42.9962265],[6.2318175,42.9963335],[6.2317535,42.9963884],[6.2317836,42.9964509],[6.2318564,42.9965056],[6.2320963,42.996599],[6.2322963,42.9966112],[6.2322395,42.9964033],[6.2323515,42.9963931],[6.232642,42.9964656],[6.2327734,42.9963073],[6.2328483,42.9961723],[6.2333783,42.9961984],[6.2338848,42.996397],[6.2340338,42.996324],[6.233943,42.9960898],[6.234085,42.9960086],[6.234259,42.9960216],[6.2344287,42.9958313],[6.2344695,42.9956582],[6.2346023,42.9957524],[6.234818,42.9958241],[6.2348106,42.9955764],[6.2347263,42.9954776],[6.2346983,42.9954068],[6.2347236,42.9953006],[6.2347627,42.9953048],[6.2349088,42.9954056],[6.2349403,42.9954543],[6.2350148,42.995447],[6.2350497,42.9953941],[6.2351979,42.9953333],[6.2353018,42.9953274],[6.2354067,42.995329],[6.2354815,42.9953489],[6.2355217,42.995348],[6.2355646,42.9953156],[6.2355794,42.9953735],[6.2356049,42.9954156],[6.2356518,42.9954078],[6.2357108,42.9954971],[6.2357832,42.9955647],[6.2358182,42.9956389],[6.235857,42.995706],[6.2358825,42.9957845],[6.2358409,42.995807],[6.2358409,42.9958678],[6.2357926,42.9958816],[6.2358637,42.9960356],[6.2358758,42.9961042],[6.2358714,42.9961721],[6.2358527,42.9962723],[6.2358288,42.9963141],[6.2358237,42.9963892],[6.2357806,42.9965093],[6.2356705,42.9967213],[6.235739,42.9967143],[6.2358524,42.9967312],[6.235823,42.9966348],[6.2359342,42.9965144],[6.2359871,42.996577],[6.2360743,42.9965486],[6.236136,42.9965721],[6.2361158,42.9966574],[6.2360984,42.9966928],[6.2361869,42.9967781],[6.2362232,42.9968001],[6.2362781,42.9967967],[6.2363006,42.9967713],[6.2362428,42.9966965],[6.2362392,42.9966182],[6.2363277,42.9966202],[6.2363599,42.9966476],[6.2364221,42.9966479],[6.236486,42.9966476],[6.2365517,42.9966672],[6.2366308,42.9967369],[6.2367193,42.9967496],[6.2368092,42.9967781],[6.2368852,42.9967993],[6.2368642,42.9968664],[6.2369045,42.9969098],[6.2369379,42.9969733],[6.2369661,42.9969998],[6.2369741,42.9970929],[6.2369292,42.9971297],[6.2369581,42.9971616],[6.2369671,42.9971934],[6.2369007,42.9972267],[6.2369969,42.9972577],[6.2370519,42.9973048],[6.237127,42.9973274],[6.2371565,42.9973843],[6.2371791,42.9974549],[6.2372755,42.9976123],[6.2373633,42.9976732],[6.2374194,42.9976893],[6.2374483,42.997705],[6.2375999,42.9977082],[6.2377037,42.9976726],[6.2377761,42.9976618],[6.2378749,42.9976594],[6.2379101,42.9975667],[6.2380256,42.9974379],[6.2381141,42.9974019],[6.2381389,42.9973553],[6.2381047,42.9972803],[6.2380289,42.9972053],[6.2380444,42.9971283],[6.2381101,42.9970845],[6.2381798,42.9970547],[6.238267,42.9970488],[6.2384091,42.9971116],[6.2385003,42.9971273],[6.2385929,42.9971263],[6.2386737,42.9971957],[6.238915,42.9972126],[6.2390663,42.9972773],[6.2391226,42.997242],[6.2392285,42.9972675],[6.239242,42.9973166],[6.2393305,42.9973921],[6.2393895,42.997449],[6.2394565,42.9974568],[6.2395632,42.9975197],[6.2395893,42.9975706],[6.2396537,42.9976128],[6.2396356,42.9976733],[6.2397261,42.9976834],[6.2398522,42.9975942],[6.239879,42.9976108],[6.2398852,42.9976645],[6.2400198,42.9977491],[6.2401472,42.9977285],[6.2402156,42.9978001],[6.240335,42.9977913],[6.2404683,42.9978699],[6.2405455,42.9978923],[6.2405777,42.9979316],[6.2407291,42.9980103],[6.2407896,42.9980071],[6.2409499,42.9980864],[6.2410346,42.9980851],[6.2412637,42.9981708],[6.2414581,42.9983288],[6.2415472,42.9984139],[6.2416472,42.9984415],[6.2415935,42.9983584],[6.2416211,42.9982739],[6.2416787,42.9982778],[6.2417981,42.9983298],[6.2418513,42.9984301],[6.2419309,42.9984985],[6.2419759,42.9985692],[6.2419627,42.9986352],[6.2420393,42.9986679],[6.2420882,42.9985529],[6.2421136,42.9983167],[6.2421857,42.9982484],[6.2422621,42.9982592],[6.2423862,42.9982832],[6.2424807,42.998318],[6.2426326,42.9983986],[6.2427557,42.9984966],[6.2428333,42.9986183],[6.2428788,42.9985655],[6.243002,42.9985285],[6.2430621,42.9984252],[6.2430613,42.9983247],[6.2431383,42.9983031],[6.2433295,42.9984117],[6.2434828,42.9984256],[6.2435618,42.9984661],[6.24364,42.9985263],[6.2436865,42.9986076],[6.2438715,42.9985855],[6.2440731,42.9985652],[6.2442905,42.9984824],[6.2444602,42.9984897],[6.2446627,42.9984279],[6.2448779,42.998396],[6.2451517,42.998407],[6.2451076,42.9981957],[6.244939,42.9979777],[6.2450288,42.9979257],[6.2452012,42.9980268],[6.2453118,42.9980002],[6.2452971,42.9978616],[6.2452219,42.9977255],[6.2450834,42.9975393],[6.2451621,42.9973264],[6.2452747,42.9972872],[6.2453447,42.9971145],[6.2454543,42.9971224],[6.2455251,42.9971493],[6.2455295,42.9970994],[6.24554,42.9970597],[6.2457053,42.9970771],[6.2457396,42.9970576],[6.2457141,42.996988],[6.2457396,42.9969576],[6.2458603,42.9970184],[6.2459098,42.9970975],[6.2459676,42.9971165],[6.2459847,42.9972544],[6.2460668,42.9974152],[6.2461806,42.997574],[6.2462167,42.9976725],[6.2463042,42.9977325],[6.2463797,42.9978707],[6.2464714,42.9978236],[6.2465525,42.9977513],[6.2466931,42.9977335],[6.2468541,42.9977403],[6.2468751,42.9977154],[6.2470686,42.997758],[6.2471761,42.9978028],[6.247302,42.9978051],[6.247424,42.9978364],[6.2474938,42.9978649],[6.2475193,42.9979071],[6.2475168,42.9979925],[6.247594,42.9980393],[6.2476898,42.9980618],[6.2478425,42.9979787],[6.2479229,42.9979492],[6.2479688,42.9980015],[6.2480342,42.9982258],[6.2482709,42.9984609],[6.2483295,42.9984599],[6.2484497,42.9981829],[6.2484956,42.9981739],[6.2485681,42.9982063],[6.2486028,42.9984338],[6.2486994,42.9984877],[6.2487638,42.9985417],[6.2487467,42.9986022],[6.2488201,42.9985888],[6.2489453,42.9985893],[6.2490468,42.9985937],[6.2491178,42.9986496],[6.2491648,42.9986476],[6.2492158,42.9986613],[6.2492269,42.9986978],[6.24915,42.9988075],[6.2491603,42.9988703],[6.2492251,42.9989003],[6.2493525,42.998833],[6.2494342,42.9988424],[6.2494786,42.9989075],[6.2495554,42.9989994],[6.2496811,42.9989154],[6.2498035,42.9988469],[6.2498984,42.9988977],[6.2499965,42.9989634],[6.2500378,42.9991213],[6.2501317,42.9992175],[6.2501524,42.9994262],[6.2502224,42.9995697],[6.250338,42.9997312],[6.2505397,42.999708],[6.2507777,42.9998506],[6.2508603,43.0000313],[6.2507478,43.0001209],[6.2508532,43.0002493],[6.2507454,43.0003715],[6.2502556,43.0004813],[6.2503152,43.001017],[6.2505212,43.0010244],[6.2506076,43.0010358],[6.2507379,43.0011654],[6.2507578,43.0014007],[6.2507695,43.0015804],[6.2509765,43.0016381],[6.2509256,43.00175],[6.251006,43.0018599],[6.2509816,43.0019796],[6.2507756,43.0019386],[6.250535,43.0018255],[6.2504005,43.0017198],[6.250415,43.0016365],[6.250276,43.0016275],[6.2501292,43.0016271],[6.2500698,43.0016291],[6.2498877,43.0015807],[6.2498125,43.001648],[6.249791,43.0019069],[6.249897,43.0020034],[6.2498273,43.0021566],[6.2495898,43.00216],[6.2496094,43.0024931],[6.2494127,43.0027472],[6.2495416,43.0028799],[6.2495842,43.0029919],[6.2496723,43.0031587],[6.2495717,43.0033968],[6.2493691,43.0034904],[6.249386,43.0035566],[6.2492852,43.0036632],[6.2492185,43.003742],[6.2493436,43.0038851],[6.2495292,43.0038959]]}},{"type":"Feature","properties":{},"geometry":{"type":"LineString","coordinates":[[6.1362854,43.032986],[6.1364001,43.0329034],[6.1363754,43.0328029],[6.1363285,43.0327906],[6.1364981,43.0326295],[6.1364396,43.0325333],[6.1363228,43.0325218],[6.1364356,43.0324303],[6.1365369,43.0323601],[6.1367708,43.0323686],[6.1369138,43.0324119],[6.137031,43.032345],[6.1370122,43.0322872],[6.137094,43.0322313],[6.1369894,43.0321009],[6.1370283,43.0320657],[6.1371461,43.0321771],[6.1372188,43.0321362],[6.1371818,43.0320272],[6.1371893,43.0318059],[6.1371611,43.0316833],[6.1372279,43.0315851],[6.1370873,43.0315716],[6.1370424,43.0315446],[6.1370431,43.0315],[6.136968,43.0314775],[6.136974,43.031426],[6.1372134,43.0314164],[6.137228,43.031375],[6.1371678,43.0313392],[6.1371195,43.0312785],[6.1371329,43.0312373],[6.1371724,43.0312197],[6.1373452,43.0312659],[6.1373997,43.0312089],[6.1372563,43.0311785],[6.1371531,43.0311324],[6.1371396,43.0310929],[6.1371946,43.0310569],[6.1371142,43.0310079],[6.1371887,43.0309818],[6.1372536,43.0309961],[6.1374387,43.0310569],[6.1374682,43.0310324],[6.1375581,43.0310589],[6.1376337,43.031037],[6.137695,43.0309938],[6.1374602,43.0309167],[6.1373185,43.030905],[6.1373475,43.030853],[6.1373019,43.0308236],[6.1373153,43.0307907],[6.1373643,43.0307672],[6.1373489,43.0307481],[6.1373407,43.0306637],[6.1373985,43.0306609],[6.1374132,43.0307246],[6.1374615,43.0307089],[6.1376901,43.0306284],[6.1376922,43.0306589],[6.1377713,43.0306609],[6.1377941,43.0305795],[6.1380208,43.0305383],[6.138192,43.0305535],[6.1381763,43.0306687],[6.1382255,43.0307475],[6.1383282,43.0307449],[6.1383721,43.0306785],[6.1384364,43.030637],[6.1384512,43.0305824],[6.1384633,43.0304638],[6.1383929,43.0304267],[6.1384056,43.0303893],[6.1384445,43.0303355],[6.1385612,43.0303305],[6.1386712,43.0303422],[6.1387348,43.0303164],[6.1387195,43.0302589],[6.1385766,43.0302344],[6.1385451,43.0302236],[6.1385076,43.0302084],[6.1385766,43.0301858],[6.1388754,43.0301748],[6.1389434,43.0301981],[6.1389716,43.0302256],[6.1389941,43.0302782],[6.1391987,43.0303242],[6.1391808,43.030406],[6.1392117,43.0304334],[6.1392532,43.0305011],[6.1393619,43.030495],[6.1394021,43.0304373],[6.1394983,43.0304139],[6.1395577,43.0303677],[6.139567,43.0303119],[6.1396459,43.0302857],[6.1396824,43.0302766],[6.1396877,43.0303442],[6.1397333,43.0303405],[6.1398728,43.0303275],[6.1399972,43.0303093],[6.1400364,43.0302148],[6.140186,43.0301271],[6.140247,43.0300962],[6.1404307,43.0301049],[6.1404656,43.030054],[6.1404726,43.0300015],[6.1405233,43.030003],[6.14056,43.0300241],[6.1405461,43.0300619],[6.1404468,43.0301207],[6.1404957,43.0301932],[6.1404213,43.0302275],[6.1404254,43.0302677],[6.1404736,43.0302726],[6.1404401,43.0303579],[6.1404752,43.0304418],[6.1405139,43.030405],[6.140644,43.0303589],[6.140763,43.0303516],[6.1407861,43.0303089],[6.1407673,43.0302226],[6.1408963,43.0301014],[6.1412004,43.0300349],[6.1412704,43.0300581],[6.1413183,43.0301579],[6.1414926,43.0301325],[6.1415532,43.0301099],[6.1415505,43.0300248],[6.1416939,43.0300759],[6.1416781,43.0301594],[6.1416974,43.0302339],[6.1417584,43.0301805],[6.1418315,43.0302579],[6.1418465,43.0301846],[6.1419678,43.0300175],[6.1420311,43.0300868],[6.1421771,43.030057],[6.1421728,43.0298356],[6.1423069,43.0299197],[6.1423581,43.0298872],[6.1423579,43.0298432],[6.1422777,43.0298202],[6.1422627,43.0297736],[6.142327,43.029749],[6.1422814,43.0296903],[6.1423257,43.0296472],[6.1422653,43.0296305],[6.1423753,43.0295766],[6.1422989,43.0295168],[6.1423367,43.0294458],[6.1424665,43.0294491],[6.142437,43.0295423],[6.1425926,43.0294972],[6.1426167,43.0294491],[6.1427719,43.0294636],[6.1428648,43.0294619],[6.142896,43.029419],[6.1427812,43.0293357],[6.1428131,43.0293079],[6.1432359,43.029318],[6.1433758,43.0293472],[6.1434133,43.0293456],[6.1434562,43.0293109],[6.1435528,43.0293031],[6.1435552,43.0292617],[6.1432497,43.0291928],[6.1431926,43.0291271],[6.1433257,43.0291149],[6.1433844,43.0289418],[6.142962,43.0288837],[6.1430671,43.0287805],[6.1431317,43.0286982],[6.1428971,43.0287321],[6.1428959,43.0286272],[6.1431,43.0285993],[6.1431062,43.0286678],[6.1432242,43.0286511],[6.1433275,43.028706],[6.1434429,43.0286103],[6.1433329,43.0285874],[6.1431719,43.0285472],[6.1432971,43.0285129],[6.1433047,43.028459],[6.1433384,43.0284536],[6.1433597,43.0284511],[6.1434281,43.0285198],[6.1435957,43.0285042],[6.1435866,43.0286142],[6.1436481,43.0286391],[6.1437247,43.0287162],[6.1437578,43.0288851],[6.1439394,43.0288687],[6.1440723,43.0287993],[6.1440846,43.0287928],[6.144073,43.0286968],[6.1439484,43.0286529],[6.144105,43.0285817],[6.1442024,43.0286149],[6.1442412,43.028591],[6.1443727,43.0285074],[6.1446531,43.0284638],[6.1446249,43.0283911],[6.1445623,43.0283422],[6.1445606,43.0283096],[6.1446299,43.0283158],[6.1448082,43.0284073],[6.144917,43.0282749],[6.144953,43.0281927],[6.1448407,43.0281288],[6.1449272,43.0280791],[6.144897,43.0280555],[6.1451791,43.027921],[6.1452518,43.0279429],[6.1453428,43.0280253],[6.1454652,43.0280629],[6.1454586,43.0280869],[6.1457162,43.0281145],[6.1458741,43.0281679],[6.1460025,43.028221],[6.146058,43.0282252],[6.1461209,43.0282394],[6.1462371,43.0281525],[6.1462971,43.0280202],[6.146314,43.0279257],[6.1461568,43.0278429],[6.1458535,43.0276994],[6.1457926,43.0277272],[6.1457964,43.0277581],[6.1456513,43.0277931],[6.1456608,43.0278467],[6.145695,43.0279078],[6.1456034,43.0279871],[6.1454798,43.0279643],[6.1452039,43.0278332],[6.1451859,43.0277422],[6.1449551,43.0275804],[6.1451212,43.027522],[6.1453436,43.0276497],[6.1454219,43.0276574],[6.1454424,43.0275801],[6.1455594,43.0275622],[6.1457315,43.0277095],[6.1458059,43.0276849],[6.1456965,43.0275878],[6.1456785,43.0275834],[6.1456955,43.0275258],[6.1457717,43.0274486],[6.1457123,43.0274176],[6.1457099,43.0273279],[6.1455266,43.0272235],[6.1453255,43.0271637],[6.1453363,43.0271145],[6.1456,43.0270484],[6.1457583,43.0270114],[6.145834,43.0269245],[6.1456175,43.0269125],[6.1455955,43.0268739],[6.1456839,43.0268176],[6.1457932,43.0268227],[6.145879,43.0267616],[6.1459704,43.026764],[6.1460033,43.0267974],[6.1460899,43.026795],[6.1461831,43.0269198],[6.1463113,43.0269473],[6.1463667,43.0269425],[6.1463595,43.0270194],[6.14648,43.02707],[6.1467418,43.0270987],[6.1468697,43.0270756],[6.1469935,43.0270591],[6.1471088,43.0270086],[6.1473117,43.0270161],[6.1473073,43.0271044],[6.1472479,43.0271615],[6.1469571,43.0272185],[6.1467488,43.0272334],[6.146559,43.0272213],[6.1461408,43.0271821],[6.1460174,43.0273798],[6.1465637,43.0275754],[6.1465361,43.0276023],[6.1459878,43.02741],[6.1458513,43.0276129],[6.1464095,43.0278774],[6.1464296,43.0278869],[6.1465354,43.027937],[6.1465748,43.0279363],[6.1466483,43.0279036],[6.1467064,43.0278639],[6.1466715,43.0278418],[6.146646,43.0277919],[6.146715,43.0278041],[6.1468126,43.0277432],[6.1468562,43.0277299],[6.1469178,43.027711],[6.1470466,43.0277074],[6.1470437,43.0277563],[6.1471113,43.0277545],[6.147147,43.027657],[6.1471765,43.0276335],[6.1472476,43.0276493],[6.1472905,43.0276198],[6.1473347,43.0275423],[6.1474299,43.0275149],[6.1474258,43.0274751],[6.1475069,43.0274579],[6.1475027,43.0274005],[6.1475514,43.0274004],[6.1476224,43.0274703],[6.1476901,43.0274635],[6.1477278,43.0275161],[6.147828,43.027504],[6.1477954,43.0274546],[6.1477216,43.0274335],[6.1477379,43.0274157],[6.1477552,43.0274257],[6.1478078,43.0273724],[6.1478674,43.0273753],[6.1478658,43.0273436],[6.1477828,43.0273318],[6.1478781,43.027308],[6.1479259,43.0272686],[6.1480326,43.0272663],[6.1481034,43.0271961],[6.1481433,43.0271626],[6.1481184,43.0270811],[6.148157,43.0270227],[6.14825,43.0270087],[6.1483376,43.0270923],[6.1484454,43.0271122],[6.1485784,43.0270646],[6.1486469,43.0269787],[6.1486493,43.0268736],[6.148564,43.0267842],[6.1485571,43.0266985],[6.1484476,43.0266957],[6.1483814,43.0265734],[6.1484377,43.0265031],[6.1483213,43.0264165],[6.148299,43.0263369],[6.1483473,43.0263126],[6.1482848,43.0262628],[6.1482885,43.0262321],[6.1484112,43.0261886],[6.148468,43.0261226],[6.1484751,43.0261143],[6.1486018,43.0260974],[6.1487026,43.0261328],[6.1488203,43.026143],[6.1490117,43.0261186],[6.1490222,43.0261718],[6.1489654,43.0262326],[6.1490057,43.0262563],[6.1490583,43.0262148],[6.1491716,43.0261906],[6.1493277,43.0261882],[6.1493461,43.0262431],[6.1494169,43.0263042],[6.1495691,43.0263268],[6.1496622,43.0263643],[6.1497283,43.0264351],[6.1497482,43.0264689],[6.1498186,43.0264708],[6.1498297,43.0263826],[6.149912,43.0263632],[6.1499733,43.0263901],[6.1500969,43.0263486],[6.1501402,43.0263951],[6.1501261,43.0265273],[6.1500466,43.0265505],[6.1500595,43.0265998],[6.1501318,43.0266895],[6.1500622,43.0267545],[6.1498911,43.02687],[6.1498019,43.0269087],[6.1498502,43.0270373],[6.1499264,43.027102],[6.1499282,43.027188],[6.1498876,43.0272082],[6.1498945,43.0272424],[6.1499955,43.0272816],[6.1500444,43.0274235],[6.150089,43.0274815],[6.1500468,43.0275816],[6.1501457,43.0277416],[6.1502768,43.0277935],[6.15039,43.0279202],[6.1505783,43.0279812],[6.1507925,43.0280505],[6.1510304,43.0280707],[6.151268,43.0280638],[6.1512783,43.0280588],[6.1514169,43.0279913],[6.1515412,43.0279764],[6.1515764,43.0279029],[6.1517718,43.0278803],[6.1518267,43.027901],[6.1518321,43.0279277],[6.1520306,43.0279367],[6.1520618,43.0279189],[6.152103,43.0279228],[6.1520919,43.0279517],[6.1521297,43.0279793],[6.1521735,43.0279686],[6.1522016,43.0279086],[6.1522635,43.0278954],[6.1523822,43.0279265],[6.1525219,43.027959],[6.1526055,43.027996],[6.1526841,43.0280767],[6.1528327,43.0280803],[6.1530801,43.0280811],[6.1532181,43.0280811]]}},{"type":"Feature","properties":{},"geometry":{"type":"LineString","coordinates":[[6.1733732,43.0328357],[6.1733508,43.0328102],[6.1732677,43.0327563],[6.1733194,43.0327144],[6.173341,43.0326848],[6.1733093,43.0326549],[6.1733535,43.0325901],[6.1734442,43.0325734],[6.1735607,43.0325328],[6.1736742,43.0325379],[6.1737377,43.0325483],[6.1738215,43.0325769],[6.1739208,43.0326307],[6.1739577,43.0326578],[6.1739397,43.0326763],[6.1738459,43.0327192],[6.1738886,43.0327506],[6.1739146,43.0328129],[6.1738792,43.0328249],[6.1737926,43.0328432],[6.1736579,43.0328783],[6.1736008,43.0328565],[6.1735045,43.0328657],[6.1733732,43.0328357]]}},{"type":"Feature","properties":{},"geometry":{"type":"LineString","coordinates":[[6.0984706,43.0421984],[6.0984414,43.0422095],[6.0984334,43.0422277],[6.0984052,43.0422468],[6.0983831,43.0422818],[6.0983897,43.0423069],[6.0984233,43.04231],[6.0984622,43.0423277],[6.0985024,43.0423629],[6.0985158,43.0423972],[6.0984501,43.0423816],[6.0983846,43.0423951],[6.0983777,43.0424335],[6.098399,43.0424848],[6.0984448,43.0424766],[6.0984709,43.042506],[6.0984796,43.0425296],[6.0984591,43.0425715],[6.0984018,43.0425766],[6.0983603,43.0425835],[6.0983308,43.0426119],[6.0983898,43.0426124],[6.0984354,43.0426099],[6.0984568,43.0426153],[6.0984676,43.0426227],[6.0984474,43.0426467],[6.0984115,43.0426682],[6.0984421,43.0426991],[6.0984602,43.0427334],[6.0984877,43.0427329],[6.0985031,43.0427413],[6.0984803,43.0427633],[6.0984099,43.04278],[6.0983857,43.0427777],[6.0983462,43.0428099],[6.0982892,43.0428167],[6.0982422,43.0428534],[6.0981014,43.0428393],[6.0980545,43.0428265],[6.0979459,43.0428295],[6.0979117,43.0428115],[6.0978922,43.0427883],[6.0979204,43.0427687],[6.0979652,43.0427607],[6.0979888,43.0427619],[6.0980183,43.0427628],[6.0980546,43.0427536],[6.0980303,43.0427235],[6.0979995,43.0427256],[6.0979599,43.0427129],[6.0979526,43.0426972],[6.0979009,43.042708],[6.0978436,43.0427433],[6.0976991,43.0427717],[6.0976656,43.0427815],[6.0976186,43.0427824],[6.0975637,43.042803],[6.097514,43.0428143],[6.0974959,43.0428123],[6.0974503,43.0428387],[6.097386,43.0428457],[6.097335,43.0428403],[6.097269,43.0428264],[6.097282,43.0427864],[6.0973247,43.0427632],[6.097329,43.0427427],[6.0973451,43.0427241],[6.097392,43.0427192],[6.0974418,43.042681],[6.0974865,43.0426629],[6.0975241,43.0426702],[6.0975543,43.0426663],[6.0975996,43.0426727],[6.0976309,43.04263],[6.0975806,43.042605],[6.0975452,43.0425826],[6.0975049,43.0425295],[6.0975274,43.0425178],[6.0975744,43.0425335],[6.0976133,43.0425394],[6.0976714,43.0425566],[6.0976776,43.0425168],[6.0977248,43.0424758],[6.0977608,43.04246],[6.0977823,43.0424384],[6.0978359,43.0424355],[6.0978787,43.0424205],[6.0979578,43.0424368],[6.0979729,43.042426],[6.0979588,43.042367],[6.0979036,43.0423674],[6.0979016,43.0423463],[6.0979512,43.0423164],[6.0979492,43.0422978],[6.0979612,43.0422644],[6.0979794,43.0422512],[6.098027,43.0422267],[6.0980223,43.042213],[6.0979531,43.0422279],[6.0979258,43.0422198],[6.0979841,43.0421899],[6.0980223,43.0422042],[6.0980862,43.0421983],[6.0981162,43.0422012],[6.0981369,43.0421812],[6.0981578,43.0421424],[6.0981899,43.0421404],[6.0982013,43.0421091],[6.0982526,43.0420898],[6.0983093,43.042088],[6.0983666,43.0420939],[6.0984079,43.0421243],[6.0984615,43.0421302],[6.0985132,43.0421542],[6.0985031,43.0421826],[6.0984706,43.0421984]]}},{"type":"Feature","properties":{},"geometry":{"type":"LineString","coordinates":[[6.0912739,43.0415239],[6.0912149,43.0415479],[6.0911257,43.0415984],[6.0910794,43.0415842],[6.0910694,43.0415656],[6.0910224,43.0415734],[6.0910003,43.041571],[6.0909775,43.0415984],[6.0909071,43.041618],[6.0908461,43.0416278],[6.0908266,43.0416161],[6.0907844,43.041617],[6.0907696,43.0416043],[6.0907012,43.0416131],[6.0906865,43.0416342],[6.0905899,43.0416058],[6.0905322,43.0415827],[6.0905047,43.0415646],[6.0904357,43.041568],[6.0904082,43.0415837],[6.0903277,43.0415822],[6.0903029,43.0415671],[6.0902271,43.0415832],[6.0900977,43.0415832],[6.0900494,43.0416038],[6.0900307,43.0415602],[6.0899723,43.0415607],[6.0899576,43.0415857],[6.089965,43.0416283],[6.089971,43.0416602],[6.0898872,43.0416778],[6.089792,43.0417018],[6.0897148,43.0416901],[6.0896739,43.0416386],[6.089682,43.0415979],[6.0897008,43.041544],[6.0897477,43.0415455],[6.0897906,43.0415391],[6.0898308,43.0414921],[6.0897812,43.0414612],[6.0898094,43.041423],[6.0898422,43.0414093],[6.0899039,43.0414308],[6.0899703,43.0414195],[6.0900515,43.0414318],[6.0901869,43.0414798],[6.0902486,43.0414877],[6.090313,43.041471],[6.0903452,43.0414362],[6.0903197,43.0413931],[6.0902761,43.0413671],[6.090197,43.0413691],[6.0901205,43.0414004],[6.0900803,43.041372],[6.0902023,43.0412289],[6.0902654,43.0412171],[6.0902949,43.0411799],[6.0902667,43.0411417],[6.0901849,43.0411495],[6.0901916,43.0411064],[6.0902439,43.0410927],[6.0903592,43.0410093],[6.0904907,43.0410103],[6.090555,43.041028],[6.0906664,43.0409917],[6.0907669,43.0409133],[6.090893,43.0408809],[6.0910861,43.0408359],[6.0911585,43.0408594],[6.0911666,43.0408917],[6.091298,43.0408898],[6.0913289,43.040824],[6.0913921,43.0407902],[6.091476,43.0407866],[6.0915501,43.0406998],[6.0917323,43.0406123],[6.091998,43.0406083],[6.0920705,43.0406545],[6.0921188,43.0406614],[6.0920946,43.0407055],[6.0921121,43.0407506],[6.0920262,43.0408319],[6.0920061,43.0408839],[6.0918546,43.040926],[6.0917969,43.0410035],[6.091699,43.0410231],[6.0916547,43.0411211],[6.0915716,43.0412034],[6.0915609,43.0412652],[6.0914952,43.0413024],[6.0914764,43.0413367],[6.0915005,43.0413544],[6.0914817,43.0413896],[6.0914133,43.04142],[6.0913503,43.0414308],[6.0912953,43.0414592],[6.091302,43.0415033],[6.0912739,43.0415239]]}},{"type":"Feature","properties":{},"geometry":{"type":"LineString","coordinates":[[6.1096259,43.083992],[6.110203,43.0838712],[6.1110002,43.0838718],[6.1110266,43.0836732],[6.1112696,43.0834152],[6.1113326,43.0834088],[6.1113903,43.0834635],[6.1112993,43.0835316],[6.1112015,43.0836541],[6.1111463,43.0837715],[6.1111722,43.0838689],[6.1139727,43.0837329],[6.1157103,43.0829273],[6.1167132,43.0825611],[6.1175194,43.0819154],[6.1176284,43.0819001],[6.1177743,43.0819028],[6.1180229,43.0816442],[6.1180045,43.0815619],[6.1183031,43.0812349],[6.1184266,43.0810996],[6.1188183,43.0808806],[6.1194595,43.0807528],[6.1194603,43.0806619],[6.1195667,43.0805949],[6.1197139,43.0805626],[6.1197212,43.0806241],[6.1197886,43.0806878],[6.119992,43.0806377],[6.120137,43.0806742],[6.120701,43.0805959],[6.121243,43.0803944],[6.1218611,43.0803736],[6.1225643,43.0800431],[6.1227081,43.0799514]]}},{"type":"Feature","properties":{},"geometry":{"type":"LineString","coordinates":[[6.3638686,43.1252594],[6.3637538,43.1254197],[6.3636209,43.1256231],[6.3635502,43.1258842],[6.3634944,43.1261101],[6.3635119,43.1263027],[6.3635769,43.1265008],[6.3636846,43.1266458],[6.3637915,43.1267677],[6.3640073,43.1268864],[6.3649138,43.1264507],[6.3649672,43.1263721],[6.3651493,43.1263513],[6.365228,43.1264454],[6.365157,43.1265393],[6.3649939,43.1265485],[6.3640592,43.126981],[6.3638138,43.1271113],[6.3643331,43.1287921],[6.364733,43.1299591],[6.3649581,43.130573],[6.3650705,43.131125],[6.3650843,43.1311918],[6.3650943,43.1312405],[6.3655511,43.1325455],[6.3659889,43.1336007],[6.3660861,43.1337394],[6.3662429,43.1338246],[6.3663216,43.13387],[6.3667665,43.1336911],[6.3667896,43.1337217],[6.366814,43.133754],[6.3665446,43.1338612],[6.3663686,43.1339312],[6.3663667,43.1340943],[6.3664896,43.1343463],[6.3667491,43.1348206],[6.3670606,43.1353224],[6.3672196,43.1355029],[6.3674311,43.1357607],[6.3677368,43.1360724],[6.3680723,43.136309],[6.3683504,43.1365044],[6.368663,43.1366322],[6.3696179,43.1369438],[6.3696345,43.1367928],[6.3697216,43.1366645],[6.3697658,43.1366786],[6.3697447,43.1367292],[6.3697007,43.136805],[6.369668,43.136988],[6.3696215,43.1372497],[6.3695794,43.1374961],[6.3700085,43.1375349],[6.3704372,43.1375343],[6.3707197,43.1375373],[6.3709755,43.1375383],[6.3709667,43.1369627],[6.3707636,43.1369602],[6.3704994,43.1368646],[6.3705168,43.1368303],[6.3707909,43.1369171],[6.3708765,43.1367778],[6.3706086,43.13669],[6.3706235,43.1366538],[6.3708988,43.1367434],[6.3709869,43.1366022],[6.3707226,43.1365115],[6.3707388,43.1364791],[6.3710283,43.1365785],[6.3717035,43.1368074],[6.3716925,43.1368715],[6.3714251,43.1370028],[6.3716688,43.1375148],[6.3717381,43.1374974],[6.3717468,43.1375149],[6.371864,43.1377634],[6.3717876,43.137785],[6.371798,43.1378069],[6.3718077,43.1378251],[6.3720057,43.1377703],[6.3722434,43.1378002],[6.3726662,43.1378489],[6.3727886,43.1378619],[6.3731034,43.1377924],[6.3734704,43.1377123],[6.3735282,43.1373765],[6.3736521,43.1373875],[6.3736966,43.1371313],[6.3734477,43.1369371],[6.3735021,43.136894],[6.3732193,43.13668],[6.373,43.1368413],[6.3708687,43.1361165],[6.3704574,43.135786],[6.3704381,43.1357188],[6.3705151,43.1356694],[6.3706149,43.1356893],[6.3709748,43.1359646],[6.3713279,43.1360513],[6.371487,43.1360667],[6.371621,43.136165],[6.3727041,43.1365225],[6.3728446,43.1365362],[6.3728671,43.1364775],[6.3730762,43.1363714],[6.3731821,43.1363765],[6.3733397,43.1361917],[6.373367,43.1360689],[6.3733792,43.136006],[6.373449,43.1359522],[6.3734431,43.135921],[6.3734396,43.1359022],[6.3735427,43.1358855],[6.3739113,43.1360106],[6.3738067,43.1361815],[6.3736764,43.1361377],[6.3732852,43.136538],[6.3733993,43.1367204],[6.3733828,43.1367349],[6.373559,43.1368666],[6.3736248,43.136819],[6.3737279,43.13685],[6.3739016,43.1367173],[6.3740471,43.1367669],[6.3745862,43.1369508],[6.3746284,43.1369651],[6.3745723,43.1370501],[6.3749864,43.1371898],[6.3753755,43.1373238],[6.3756999,43.1374316],[6.3757999,43.1372674],[6.3758302,43.1372768],[6.3761462,43.1373862],[6.3765398,43.1375152],[6.376984,43.1368063],[6.3769238,43.1367372],[6.3769601,43.1366973],[6.3771994,43.1368186],[6.3772345,43.1367714],[6.3770087,43.1366498],[6.37706,43.1365261],[6.3763498,43.1361772],[6.3756563,43.1358761],[6.3750634,43.1356535],[6.374544,43.1354886],[6.3741106,43.1354104],[6.3737034,43.1353926],[6.3737,43.1354484],[6.3735621,43.1354519],[6.3734513,43.1353891],[6.3734141,43.1353728],[6.3730976,43.1354295],[6.3728021,43.1355509],[6.3727907,43.1356136],[6.3727759,43.1356818],[6.372672,43.1357413],[6.3725655,43.1357163],[6.3724647,43.135619],[6.3724778,43.1355147],[6.3729052,43.1352965],[6.3732294,43.1352157],[6.3738833,43.1351645],[6.3744926,43.1352207],[6.3750362,43.1353843],[6.3762408,43.1358573],[6.377139,43.1362972],[6.3773167,43.1362832],[6.3779347,43.1365868],[6.378055,43.136729],[6.3781202,43.1371533],[6.3780902,43.137816],[6.3782047,43.1379576],[6.3784038,43.1380373],[6.3792504,43.1382049],[6.3796476,43.1384132],[6.379975,43.1384524],[6.3802057,43.1385581],[6.3806297,43.13866],[6.3807634,43.1387941],[6.3809323,43.1389184],[6.3810174,43.1389217],[6.3811087,43.138957],[6.3812502,43.1390818],[6.3813233,43.1390891],[6.3814292,43.1391361],[6.3815144,43.1391278],[6.3816178,43.1391686],[6.3817283,43.1391474],[6.3817911,43.139141],[6.3817517,43.1391023],[6.3817477,43.1390661],[6.3818483,43.1390632],[6.3819026,43.139049],[6.3819569,43.1390564],[6.382024,43.1390397],[6.3822681,43.1390867],[6.3824968,43.1391889],[6.3825712,43.1392296],[6.3826704,43.1392535],[6.3828219,43.1392873],[6.3829366,43.1393279],[6.3830365,43.1393744],[6.3831633,43.1394077],[6.3834268,43.1394385],[6.3834328,43.1394537],[6.3833322,43.1394551],[6.3832726,43.1394595],[6.3831579,43.139459],[6.3828783,43.1393646],[6.3828313,43.1393362],[6.3826396,43.1393039],[6.38248,43.1392599],[6.3823794,43.1392296],[6.3822654,43.1391767],[6.3821205,43.1391483],[6.3823217,43.1392922],[6.3821916,43.1392491],[6.3820106,43.1392305],[6.3821192,43.1393538],[6.3821194,43.1393858],[6.381902,43.1393411],[6.3817491,43.1394282],[6.3816699,43.1394772],[6.3815667,43.1395427],[6.3815343,43.1396193],[6.3814712,43.1398417],[6.3814042,43.140125],[6.3813796,43.1405624],[6.3815714,43.1410111],[6.3818709,43.1415286],[6.3823213,43.1421488],[6.3825443,43.1424481],[6.3827555,43.1427599],[6.3829639,43.1429979],[6.3833182,43.1433256],[6.3836079,43.1434955],[6.38442,43.1438031],[6.3845722,43.1440311],[6.3846394,43.1442604],[6.3853354,43.1444011],[6.3856206,43.144548],[6.3860812,43.1446608],[6.3864089,43.1448356],[6.3866688,43.1448784],[6.3870596,43.1448005],[6.3874068,43.1448295],[6.3877003,43.1448662],[6.388479,43.1442835],[6.3890002,43.1441809],[6.3892741,43.1440047],[6.3899898,43.1441747],[6.3904426,43.1443032],[6.3916928,43.1444767],[6.3918767,43.1446642],[6.3924885,43.1447977],[6.3931525,43.1451284],[6.3933946,43.1450681],[6.3938253,43.1454592],[6.394133,43.1454856],[6.3942985,43.1454758],[6.3945686,43.1454597],[6.3951808,43.1453679],[6.3957511,43.145166],[6.3959859,43.1449641],[6.3960494,43.1447372],[6.3958298,43.1444053],[6.3958517,43.1441441],[6.3957964,43.1439305],[6.3960943,43.1437249],[6.3968153,43.1435908],[6.3973025,43.1438015],[6.3976212,43.144083],[6.3979075,43.1442084],[6.3982669,43.1447132],[6.3981747,43.1448845],[6.3983089,43.1450926],[6.3984431,43.1452088],[6.3984682,43.1454291],[6.3987198,43.1457534],[6.3987114,43.1461266],[6.3989863,43.1465245],[6.3990206,43.1467469],[6.3991448,43.1469548],[6.4004725,43.1475584],[6.4006319,43.1475951],[6.4007996,43.1474911],[6.4008798,43.1475364],[6.4007038,43.1476491],[6.40097,43.1477901],[6.4011589,43.147787],[6.4013048,43.1478464],[6.4014261,43.1484049],[6.4015863,43.1485933],[6.4021755,43.1490028],[6.4030876,43.1494103],[6.4037392,43.1495749],[6.4044142,43.1496007],[6.4047702,43.1495225],[6.4054406,43.1493752],[6.4061048,43.1490522],[6.4068051,43.1488739],[6.4069165,43.1486606],[6.4068723,43.1484144],[6.4072386,43.1482935],[6.4076379,43.1483892],[6.4076948,43.1485333],[6.4079634,43.1487444],[6.408312,43.1488172],[6.408659,43.1487297],[6.4089695,43.1484648],[6.4095599,43.148318],[6.4099524,43.1481399],[6.4104522,43.1483669],[6.410895,43.1486361],[6.4112551,43.1492791],[6.4117872,43.1494535],[6.4124652,43.1495453],[6.4129546,43.1496199],[6.4134504,43.1495754],[6.4134996,43.1495522],[6.4138925,43.1493669],[6.4146707,43.1491912],[6.4151953,43.1493012],[6.4155678,43.1491497],[6.4162268,43.1491318],[6.4165508,43.1490882],[6.4170716,43.1488555],[6.4172288,43.1486311],[6.4175486,43.1484631],[6.4178939,43.1480364],[6.418445,43.147784],[6.4185878,43.1476947],[6.4186616,43.1476713],[6.418704,43.1476227],[6.4186884,43.1475666],[6.4185998,43.147545],[6.4184371,43.1474305],[6.4183492,43.1471775],[6.418481,43.1470026],[6.4187365,43.1472349],[6.4189428,43.1472525],[6.419016,43.1474998],[6.4190247,43.1475291],[6.4191035,43.1475563],[6.4191361,43.1475676],[6.4194783,43.1473381],[6.4197318,43.1473342],[6.4200032,43.1470744],[6.4201198,43.1469897],[6.420335,43.1468696],[6.4205607,43.1469041],[6.4210732,43.146824],[6.4214033,43.1468758],[6.4215318,43.146988],[6.4215483,43.1470761],[6.421476,43.1472198],[6.4213128,43.1472856],[6.4209316,43.1476303],[6.420334,43.1478864],[6.4202477,43.1481274],[6.4204635,43.148446],[6.4207571,43.1487636],[6.421326,43.1490162],[6.4214996,43.1491523],[6.4220013,43.149415],[6.4221016,43.1496106],[6.4222035,43.1497319],[6.4221977,43.1498873],[6.4238839,43.1504412],[6.4239461,43.1504629],[6.4251579,43.1508857],[6.4263729,43.1512225],[6.4280496,43.1515979],[6.4292154,43.1516532],[6.4298196,43.1516453],[6.4303991,43.1515905],[6.4314676,43.1514347],[6.4321781,43.151289],[6.4330798,43.1510424],[6.4356748,43.1501437],[6.4375719,43.1492432],[6.438123,43.1488722],[6.4380634,43.1488328],[6.4380808,43.1487065],[6.4382042,43.1486791],[6.4382927,43.1486703],[6.4382377,43.1486087],[6.4381626,43.1485568],[6.4382992,43.1483924],[6.4384456,43.1482408],[6.4388018,43.1480386],[6.4391658,43.1477623],[6.439269,43.1476635],[6.4395336,43.1474785],[6.439717,43.1472496],[6.4396258,43.1468543],[6.4397571,43.1458423],[6.4398538,43.1456263],[6.4399838,43.1456126],[6.4400724,43.1456293],[6.4401957,43.1455246],[6.4402226,43.1454649],[6.4402387,43.1454179],[6.4402373,43.1452604],[6.4402319,43.145233],[6.4402802,43.1451869],[6.4400388,43.1448524],[6.4398068,43.1447916],[6.4397062,43.1447291],[6.4395826,43.1446823],[6.4392658,43.1440423],[6.4392384,43.1437959],[6.4392976,43.1433889],[6.4390817,43.1427363],[6.4388967,43.1426294],[6.4388565,43.142497],[6.4388119,43.1423146],[6.4389225,43.1422161],[6.4390692,43.1422856],[6.4392275,43.1423967],[6.4393208,43.1427307],[6.439533,43.1426945],[6.4396593,43.1428121],[6.4396915,43.1429726],[6.4400209,43.1431966],[6.440417,43.14316],[6.4407368,43.1434488],[6.4409253,43.1435225],[6.4410561,43.1436917],[6.4412284,43.1437045],[6.4412847,43.1435695],[6.4418117,43.1434698],[6.4420504,43.1436534],[6.4420735,43.143794],[6.4421967,43.1438865],[6.4422315,43.1440627],[6.4423174,43.1441429],[6.4423925,43.144139],[6.442453,43.1440583],[6.4437129,43.1448182],[6.4437577,43.1451253],[6.4437381,43.1453953],[6.4439318,43.1453817],[6.4441786,43.1455887],[6.4445873,43.1456225],[6.4445179,43.1457631],[6.444506,43.1458768],[6.444649,43.1458419],[6.444726,43.145775],[6.4448762,43.145777],[6.4449379,43.1458502],[6.4449513,43.1459707],[6.4449272,43.1461116],[6.4449835,43.1462134],[6.4450425,43.1461019],[6.4451039,43.1461457],[6.4456591,43.1466352],[6.4457362,43.1468996],[6.4459675,43.1468658],[6.4462914,43.1472315],[6.4462451,43.1476591],[6.4471858,43.1484748],[6.4479646,43.1489136],[6.4484982,43.1490366],[6.4485822,43.1494847],[6.4484574,43.1497342],[6.4483733,43.1500106],[6.4483502,43.1502919],[6.4479929,43.1506115],[6.447828,43.150634],[6.4477904,43.150773],[6.4477605,43.1509268],[6.4475544,43.1510342],[6.4473183,43.1510988],[6.4471369,43.1511585],[6.4470609,43.1512289],[6.4470528,43.1513238],[6.4471255,43.1515671],[6.4473212,43.151831],[6.4477275,43.1522031],[6.4485017,43.1529343]]}},{"type":"Feature","properties":{},"geometry":{"type":"LineString","coordinates":[[6.234145,43.113357],[6.2342285,43.1132676],[6.2343175,43.1130937],[6.2343885,43.1131018],[6.2343366,43.1132095],[6.2349376,43.1133194],[6.2352527,43.1133253],[6.2353034,43.1132357],[6.2353649,43.1131249],[6.2353221,43.1131197],[6.2353334,43.1130849],[6.2354302,43.1131069],[6.2353707,43.1132569],[6.2357167,43.1133801],[6.2360112,43.1134122],[6.2362188,43.1134177],[6.2363032,43.113257],[6.2363304,43.1132052],[6.2363858,43.1132113],[6.2363594,43.113265],[6.236685,43.1133722],[6.2373704,43.1133889],[6.2373899,43.113304],[6.2374535,43.1133034],[6.2374539,43.1133983],[6.238292,43.1133472],[6.2393784,43.1134075],[6.2403029,43.1135924],[6.2403177,43.113444],[6.2403937,43.1134394],[6.2404381,43.1134741],[6.240549,43.1134579],[6.2405878,43.1135002],[6.2405885,43.1135366],[6.2405522,43.1135713],[6.2404793,43.113599],[6.2404166,43.1136302],[6.240412,43.1137187],[6.2406059,43.1138671],[6.2409093,43.1140387],[6.2413098,43.1142299],[6.2417997,43.1144848],[6.2432267,43.1150096],[6.2435904,43.1150905],[6.2438,43.1150835],[6.2440356,43.1148181],[6.243954,43.1146052],[6.2440375,43.1146026],[6.2440816,43.1146254],[6.2441574,43.1147872],[6.2442102,43.1148154],[6.2442271,43.1148312],[6.2442317,43.1148716],[6.2442148,43.114904],[6.2441802,43.1149205],[6.2441434,43.1149182],[6.2440535,43.1150133],[6.2441198,43.1150545],[6.2443068,43.1150376],[6.2445473,43.1150739],[6.2445639,43.1150764],[6.2447891,43.1150705],[6.2449757,43.1150279],[6.2449466,43.1149576],[6.2449637,43.1148574],[6.2451845,43.1144402],[6.2459132,43.1143503],[6.246683,43.1145725],[6.246683,43.1146576],[6.2466139,43.1146995],[6.2458904,43.1144856],[6.2453043,43.1145612],[6.2451409,43.1149341],[6.2452608,43.1153926],[6.2455344,43.1154631],[6.2454498,43.1156342],[6.2457941,43.1157244],[6.2461658,43.1158225],[6.2462498,43.1156425],[6.2462764,43.1156478],[6.246688,43.1157598],[6.2470779,43.1158646],[6.2471168,43.1158741],[6.2470708,43.1159619],[6.2473639,43.1160389],[6.2473885,43.1160477],[6.2473385,43.1161317],[6.2472887,43.1162041],[6.2473156,43.1162611],[6.2476158,43.1163434],[6.2479292,43.116425],[6.2480074,43.1162437],[6.2480708,43.116259],[6.2482724,43.1163098],[6.2484557,43.116356],[6.2484123,43.1164592],[6.248471,43.1164721],[6.2485265,43.1164843],[6.2485944,43.1163127],[6.2487529,43.1158844],[6.2484586,43.1155385],[6.2475281,43.1150876],[6.2475043,43.1151117],[6.2473127,43.1150223],[6.2472724,43.1149058],[6.247412,43.1148014],[6.2474261,43.1147905],[6.2473263,43.1144858],[6.2472771,43.1144474],[6.2468758,43.1142902],[6.2466557,43.1142033],[6.2465892,43.1141937],[6.2465616,43.1141561],[6.2465664,43.1141111],[6.2466158,43.1140867],[6.2466941,43.1140926],[6.2467642,43.1141234],[6.2474747,43.1143779],[6.2476008,43.1147047],[6.247698,43.1148735],[6.247895,43.1150761],[6.2485084,43.1153385],[6.2486489,43.1154393],[6.2489881,43.1158272],[6.2489795,43.1159125],[6.2489021,43.116048],[6.248679,43.1165878],[6.2484112,43.1172509],[6.2484238,43.1172718],[6.2483861,43.1173426],[6.2483167,43.1173967],[6.2475909,43.1199908],[6.2476392,43.1200066],[6.2476347,43.1200385],[6.2477483,43.1200531],[6.2478936,43.1200723],[6.2480038,43.1200894],[6.2480076,43.1200736],[6.2480132,43.1200502],[6.2479022,43.1200332],[6.2483167,43.1185538],[6.2482656,43.1185143],[6.2482827,43.1184545],[6.2483502,43.118434],[6.2485496,43.1177225],[6.2485133,43.1176544],[6.248562,43.117593],[6.2486289,43.1176842],[6.2480602,43.1197181],[6.2484027,43.1197689],[6.2485966,43.1194629],[6.2487446,43.1192315],[6.248874,43.1190175],[6.2489737,43.1188048],[6.2490319,43.118562],[6.2490646,43.1184601],[6.2491628,43.1184759],[6.2491739,43.118441],[6.2490727,43.1184266],[6.2491017,43.1183053],[6.2492679,43.1183328],[6.2493357,43.1180776],[6.2493928,43.1178184],[6.2494434,43.1176494],[6.2494835,43.1175423],[6.2487806,43.117432],[6.2487471,43.117526],[6.2486115,43.1173958],[6.2486254,43.1173697],[6.2495134,43.115563],[6.2495826,43.1155644],[6.2496209,43.1155974],[6.2491057,43.116697],[6.2500801,43.1171775],[6.2507651,43.1175604],[6.2509943,43.1176211],[6.2512591,43.1176076],[6.2513331,43.1176793],[6.2531061,43.1183512],[6.2532521,43.1184135],[6.2532457,43.1184486],[6.2533135,43.1185303],[6.2540823,43.1188367],[6.2548089,43.119017],[6.2555903,43.119106],[6.2561348,43.119193],[6.2565709,43.1193001],[6.256774,43.1194295],[6.2571397,43.1195332],[6.2578028,43.1197244],[6.2580912,43.1198465],[6.2588955,43.1202405],[6.2591407,43.120419],[6.2599781,43.120779],[6.2604657,43.1208947],[6.2615972,43.1213282],[6.262439,43.1213604],[6.2628204,43.121242],[6.2628987,43.1212325],[6.2634011,43.1213022],[6.2638101,43.121252],[6.2639678,43.1209433],[6.2640122,43.1209065],[6.2640658,43.1209163],[6.2640823,43.1209631],[6.2640348,43.1210964],[6.2648175,43.1212868],[6.265428,43.1212719],[6.266008,43.1211625],[6.2661701,43.1210548],[6.2661579,43.1209476],[6.2662597,43.1208996],[6.2662832,43.1209297],[6.2663091,43.1209574],[6.2664302,43.1209022],[6.2664467,43.1207358],[6.26658,43.1206184],[6.266739,43.1205225],[6.2667989,43.1203926],[6.2669986,43.1203453],[6.267166,43.1203741],[6.2672435,43.1204318],[6.2673511,43.1204249],[6.2673044,43.1205349],[6.2676188,43.1206125],[6.2678554,43.1206196],[6.2680761,43.1207428],[6.2682511,43.1209035],[6.2684245,43.1210511],[6.2686288,43.1210844],[6.2695198,43.121189],[6.2700851,43.121229],[6.2715077,43.1211695],[6.2716142,43.1211721]]}},{"type":"Feature","properties":{},"geometry":{"type":"LineString","coordinates":[[6.4905633,43.1529029],[6.4909087,43.15283],[6.4911713,43.1525885],[6.4911885,43.1524324],[6.491144,43.1523221],[6.4913486,43.1522635],[6.4914567,43.1522602],[6.4915647,43.152257],[6.4916601,43.1520791],[6.491753,43.1520334],[6.4918571,43.1520555],[6.4919943,43.1519783],[6.4920616,43.1518934],[6.4921223,43.1517908],[6.4921716,43.1516922],[6.4920056,43.1515393],[6.4917463,43.1513467],[6.4917297,43.151359],[6.4916955,43.1513473],[6.4916828,43.1513268],[6.4916633,43.1513135],[6.4916231,43.1513189],[6.4915862,43.1512998],[6.4916009,43.1512769],[6.491552,43.1512455],[6.4915493,43.1512162],[6.4916459,43.1511668],[6.4916781,43.1511653],[6.4916895,43.151179],[6.4917485,43.1512147],[6.4917807,43.1512152],[6.4918229,43.1511981],[6.4918786,43.1512157],[6.491898,43.1511849],[6.4918967,43.1511267],[6.4919476,43.1510763],[6.4920221,43.151043],[6.4921092,43.1510029],[6.4921307,43.1510058],[6.4921535,43.1509956],[6.4921454,43.1509711],[6.4922011,43.1509447],[6.4923171,43.1509075],[6.4923513,43.150908],[6.4923607,43.1508894],[6.4924204,43.1508933],[6.4924049,43.1508811],[6.4922668,43.1508449],[6.4922681,43.1508331],[6.4923137,43.1508287],[6.4923453,43.1508371],[6.4923949,43.1508229],[6.4924234,43.1508398],[6.4924462,43.15084],[6.4924753,43.150852],[6.4924747,43.1508444],[6.4924878,43.1508207],[6.4924945,43.1507977],[6.4923493,43.1507441],[6.4923171,43.150705],[6.492356,43.1506546],[6.492468,43.1506101],[6.4925672,43.1505959],[6.4925974,43.1506556],[6.4926557,43.150704],[6.4926799,43.1507016],[6.4926946,43.1506605],[6.4927147,43.150658],[6.4927053,43.1506497],[6.4926155,43.1505734],[6.4926095,43.1505528],[6.4926443,43.1505377],[6.4926866,43.150544],[6.4927074,43.1505709],[6.4927583,43.1505744],[6.4927576,43.1505421],[6.4926973,43.1504799],[6.4927382,43.150453],[6.4927798,43.1504496],[6.4928073,43.1504843],[6.4928086,43.1505015],[6.49282,43.1505294],[6.4928502,43.1505357],[6.4929152,43.1504741],[6.4929883,43.1504535],[6.4930078,43.1504408],[6.4930795,43.1504511],[6.4931097,43.1504442],[6.4931586,43.1504594],[6.4931908,43.1504511],[6.49328,43.1504545],[6.493278,43.1505137],[6.4932163,43.1505729],[6.4932103,43.1505993],[6.4932378,43.1506091],[6.4932773,43.1505954],[6.4932921,43.1506037],[6.4933015,43.1505895],[6.4933383,43.1505812],[6.4933967,43.1505895],[6.4934403,43.150544],[6.4935377,43.1505031],[6.4936381,43.1504291],[6.4937799,43.1504856],[6.4938722,43.1504792],[6.4939334,43.1504452],[6.4939317,43.1505278],[6.4938614,43.1506279],[6.4938492,43.1506821],[6.4934688,43.1508348],[6.4933144,43.1509587],[6.4931441,43.1510189],[6.4931646,43.1511335],[6.4931762,43.1512525],[6.4933626,43.1513651],[6.4937761,43.1514798],[6.4937907,43.1513863],[6.4941197,43.15145],[6.4941605,43.1513544],[6.4943826,43.1513725],[6.4948652,43.1514819],[6.4949264,43.1516009],[6.4949788,43.1516327],[6.4949962,43.1514373],[6.4951098,43.1513077],[6.4954243,43.1513736],[6.4956776,43.1513651],[6.4958262,43.1513205],[6.4960591,43.1513459],[6.4962688,43.1513332],[6.4964057,43.1514033],[6.4965338,43.1513481],[6.4969023,43.1513945],[6.4969793,43.1514734],[6.4971074,43.1515138],[6.4969677,43.1516752],[6.4969356,43.1518409],[6.4971278,43.1521086],[6.4970521,43.1523954],[6.4970958,43.1526142],[6.4969211,43.1527311],[6.4967376,43.1529966],[6.4968104,43.153105],[6.4969029,43.153391],[6.4973857,43.153507],[6.4976915,43.1535282],[6.4979514,43.1538787],[6.4982335,43.1539418],[6.4984929,43.1540713],[6.4987659,43.1541343],[6.4993073,43.1540513],[6.4997077,43.1540613],[6.4997987,43.154121],[6.4999762,43.154121],[6.5,43.15411232019231]]}},{"type":"Feature","properties":{},"geometry":{"type":"LineString","coordinates":[[6.4485017,43.1529343],[6.4489261,43.1533265],[6.4490449,43.1534702],[6.4491504,43.1536481],[6.4492189,43.1537014],[6.4492534,43.1537095],[6.4492905,43.153702],[6.4493731,43.1537149],[6.4494554,43.153654],[6.4496335,43.1537334],[6.449785,43.1536898],[6.4499024,43.1537575],[6.4502549,43.1537897],[6.4504708,43.1537401],[6.4507259,43.1538159],[6.4509493,43.1538809],[6.4511241,43.1540137],[6.4513213,43.1541813],[6.4515417,43.1543335],[6.4517245,43.1544597],[6.4518835,43.1545691],[6.4522187,43.1547618],[6.4523327,43.1548156],[6.4524586,43.1548563],[6.4526908,43.1549301],[6.452783,43.1549847],[6.4530135,43.1551626],[6.4532821,43.1553529],[6.4534324,43.1554633],[6.4535854,43.1555619],[6.4535872,43.1554417],[6.4538327,43.1553974],[6.4541269,43.1553985],[6.4543598,43.155453],[6.4545268,43.1555544],[6.4546567,43.1555558],[6.4548011,43.1554006],[6.454795,43.1553332],[6.4547923,43.1552872],[6.4548956,43.1551801],[6.4549959,43.1551796],[6.455215,43.1550917],[6.4553339,43.1550692],[6.4554648,43.1549582],[6.4555736,43.1549149],[6.4556808,43.1548775],[6.455837,43.1548783],[6.4559802,43.1547875],[6.4562582,43.1547671],[6.4563868,43.1547868],[6.456527,43.15485],[6.4565503,43.1549048],[6.4566573,43.1549486],[6.456857,43.1550476],[6.4569712,43.1550593],[6.4570207,43.1551659],[6.4571153,43.1551983],[6.4572942,43.1554216],[6.4575563,43.1554437],[6.458204,43.1556003],[6.4586171,43.1556423],[6.4590082,43.1558027],[6.4594768,43.1562688],[6.4600908,43.1563584],[6.4607398,43.1565278],[6.4611109,43.1567994],[6.4611946,43.1571941],[6.4613414,43.1572765],[6.4616268,43.1573316],[6.4620203,43.1573536],[6.4625659,43.1574116],[6.4628962,43.157454],[6.4637095,43.1575292],[6.4637744,43.1575352],[6.4640994,43.1575392],[6.4646393,43.1575457],[6.4646527,43.1575459],[6.4647378,43.1575328],[6.4652268,43.1574842],[6.4654938,43.1574069],[6.4654255,43.1573143],[6.4654884,43.1571807],[6.4656413,43.1572489],[6.4657308,43.1574247],[6.465879,43.1574102],[6.4659956,43.1574048],[6.4660008,43.1574046],[6.4661891,43.157374],[6.4662887,43.1573254],[6.4664301,43.1572706],[6.4666258,43.1570748],[6.4669903,43.1568976],[6.4671833,43.1567471],[6.4674392,43.1566852],[6.4677716,43.156524],[6.4679919,43.1562309],[6.4680893,43.1560218],[6.4678457,43.1557314],[6.4677754,43.1555912],[6.4676487,43.1555265],[6.4676363,43.155441],[6.4675007,43.15539],[6.4676303,43.1551685],[6.4679357,43.1552459],[6.4680309,43.1552348],[6.468013,43.1551664],[6.4678357,43.1550886],[6.4677843,43.1549693],[6.4678773,43.1548366],[6.468372,43.1545384],[6.4686449,43.1545973],[6.4689103,43.1545512],[6.4690119,43.154688],[6.4692148,43.154755],[6.4692785,43.1548481],[6.4693804,43.1548149],[6.4692563,43.1546167],[6.4694705,43.1544857],[6.4695839,43.1544563],[6.4696746,43.1544409],[6.4697443,43.1544346],[6.4698127,43.1544042],[6.4698717,43.154437],[6.4700085,43.1543563],[6.4700749,43.154302],[6.4701439,43.1542678],[6.4702157,43.1542678],[6.4702667,43.1543049],[6.4703719,43.1543318],[6.4704745,43.1543314],[6.4705986,43.1542702],[6.4706495,43.1542878],[6.4706904,43.1543411],[6.4707622,43.1544023],[6.4708011,43.1544507],[6.470895,43.154481],[6.4710975,43.1544267],[6.4710961,43.1543989],[6.4711451,43.1543441],[6.4710995,43.1542927],[6.47108,43.1542482],[6.4711283,43.1542267],[6.4711223,43.15421],[6.4711887,43.1541895],[6.4713523,43.1541787],[6.4713999,43.1542492],[6.471528,43.1542555],[6.4715816,43.1543089],[6.4716788,43.1542976],[6.4717104,43.1543103],[6.4717908,43.1543128],[6.4718384,43.1543362],[6.4719477,43.1542746],[6.4720879,43.1541401],[6.4721442,43.154121],[6.4722267,43.154121],[6.472285,43.1541714],[6.4723896,43.1542115],[6.4724278,43.1542683],[6.4724232,43.1545207],[6.4724044,43.1545569],[6.4724292,43.1546073],[6.4725412,43.1546322],[6.4725532,43.154594],[6.4726558,43.1545691],[6.4726666,43.1546161],[6.47269,43.1546523],[6.47269,43.1547041],[6.4726538,43.1547163],[6.4726277,43.1547193],[6.472627,43.1547442],[6.4727215,43.1547878],[6.4727175,43.1548328],[6.4728127,43.1548787],[6.4729629,43.1548978],[6.4730863,43.1548885],[6.4731507,43.1548484],[6.4732037,43.1548279],[6.4732432,43.1548504],[6.4734062,43.1548748],[6.4734484,43.1549008],[6.4734638,43.1549643],[6.4735222,43.155023],[6.4736073,43.155026],[6.4736382,43.1550407],[6.4736603,43.155071],[6.4736094,43.1551179],[6.4736047,43.1551576],[6.4736067,43.155183],[6.4736476,43.1551962],[6.4736972,43.1551967],[6.4737643,43.1552241],[6.4738253,43.1551957],[6.4739554,43.1552133],[6.474034,43.1553001],[6.4741972,43.1556744],[6.4743068,43.1558824],[6.4747061,43.1558878],[6.4753086,43.1559819],[6.4758673,43.1560478],[6.4768223,43.1561532],[6.4770866,43.1561213],[6.4774116,43.1560789],[6.477907,43.1561066],[6.4784177,43.1560772],[6.4785311,43.1560366],[6.4787068,43.1559737],[6.478983,43.1556889],[6.4790119,43.1556289],[6.4792513,43.1551325],[6.479647,43.1549575],[6.4796662,43.1548775],[6.4797141,43.1548296],[6.4800534,43.1548225],[6.4801177,43.1547716],[6.4802717,43.1547482],[6.4804839,43.1547697],[6.4805268,43.1548518],[6.4807387,43.1548802],[6.4808023,43.1548379],[6.481078,43.1547834],[6.4811674,43.154732],[6.4815974,43.154539],[6.4818114,43.1543134],[6.4818918,43.1541765],[6.4819096,43.1541137],[6.481776,43.1540018],[6.4819821,43.1536367],[6.4816867,43.1533968],[6.4816681,43.1533461],[6.4816251,43.1532982],[6.4817472,43.1532767],[6.4817512,43.1532258],[6.4816372,43.1531309],[6.4817095,43.1530099],[6.4818612,43.1530203],[6.4820816,43.1530202],[6.4823339,43.1531347],[6.4825273,43.1532323],[6.482757,43.1531808],[6.4830341,43.1532446],[6.4832675,43.1532556],[6.483449,43.1531955],[6.4834477,43.1531055],[6.4836628,43.1529723],[6.4836757,43.1527073],[6.4837602,43.1526385],[6.4838493,43.1524911],[6.4840314,43.1524129],[6.4841625,43.1525214],[6.484239,43.1524969],[6.4842617,43.1524597],[6.4843837,43.1524697],[6.484483,43.1524989],[6.4845581,43.1524343],[6.4846332,43.1524539],[6.4847271,43.1525938],[6.4849528,43.1525554],[6.4848357,43.1523697],[6.4849471,43.1523267],[6.4849224,43.1522054],[6.4850098,43.1521695],[6.4850986,43.1520848],[6.4851885,43.1521026],[6.485344,43.1522034],[6.4853789,43.1521535],[6.4853454,43.1521124],[6.4853807,43.1520658],[6.4854751,43.1520942],[6.4856587,43.1520578],[6.4859287,43.1518543],[6.4858865,43.1518194],[6.4857678,43.15177],[6.4858807,43.1517163],[6.486264,43.1515884],[6.4865684,43.1513855],[6.4866068,43.1513222],[6.4866194,43.151272],[6.4867655,43.1513445],[6.4868537,43.1513505],[6.4870045,43.1513496],[6.4870754,43.1514346],[6.4868756,43.151453],[6.4870217,43.1515097],[6.4870124,43.151816],[6.4869634,43.1519545],[6.4871076,43.1521321],[6.4871687,43.1523222],[6.4873241,43.1524219],[6.4874201,43.1525321],[6.48756,43.1526055],[6.4877929,43.1525527],[6.4878814,43.1525517],[6.4879624,43.1525249],[6.4880732,43.1525429],[6.4881203,43.1525927],[6.4881155,43.1529195],[6.488654,43.1530228],[6.4889789,43.1530118],[6.4890994,43.1529936],[6.4891134,43.152997],[6.4895047,43.1530915],[6.4897365,43.1530742],[6.4901124,43.1530283],[6.4905633,43.1529029]]}},{"type":"Feature","properties":{},"geometry":{"type":"LineString","coordinates":[[6.1526923,43.0711546],[6.1530082,43.0711876],[6.153414,43.0711626],[6.1535405,43.0711673],[6.153636,43.0711337],[6.1537021,43.0711519],[6.1537009,43.0712073],[6.153639,43.0712237],[6.1535331,43.0712138],[6.1534409,43.0712333],[6.1533332,43.0712586],[6.1532595,43.0712826],[6.1532392,43.071326],[6.1532144,43.0715979],[6.1532053,43.0719933],[6.1532964,43.0725865],[6.1534159,43.0728214],[6.1534903,43.0729314],[6.1535452,43.0729601],[6.1535731,43.0729815],[6.153507,43.0735007],[6.1537312,43.0748076],[6.1538067,43.0754606],[6.1538128,43.0755132],[6.1540231,43.0761219],[6.1542356,43.0762008],[6.155367,43.0762395],[6.1555824,43.0764216],[6.1556551,43.0764528],[6.1556667,43.0765034],[6.1556309,43.0765498],[6.1555397,43.076554],[6.1555016,43.0765127],[6.1554785,43.0764326],[6.1553253,43.0763254],[6.1545293,43.0762984],[6.1544428,43.0763405],[6.1543472,43.0764484],[6.1542228,43.0766265],[6.1544524,43.077212],[6.1545097,43.0772995],[6.1545698,43.0778219],[6.1545905,43.0778716],[6.1547429,43.078127],[6.1548395,43.0783265],[6.1550353,43.0783169],[6.1555094,43.0783487],[6.1557517,43.0783324],[6.1559748,43.0781798],[6.1560802,43.0782291],[6.1563792,43.0784398],[6.1573994,43.0785569],[6.1579697,43.0785691],[6.1580326,43.0786235],[6.1580216,43.0787079],[6.1579621,43.0787454],[6.1557902,43.0785099],[6.1555604,43.0786707],[6.1556208,43.0787504],[6.1555193,43.078789],[6.1553687,43.0786033],[6.154663,43.0789214],[6.1547338,43.0796234],[6.1548832,43.0796199],[6.1549234,43.0798912],[6.154623,43.0799037],[6.1545851,43.0803439],[6.154655,43.0804905],[6.1553605,43.0803427],[6.1554469,43.0803227],[6.1553401,43.0800632],[6.1558281,43.07996],[6.1556994,43.0796139],[6.1553726,43.0796756],[6.1551825,43.0791976],[6.155738,43.079092],[6.1561433,43.0801823],[6.1566377,43.0800817],[6.1571478,43.079981],[6.1575909,43.0798801],[6.1576496,43.0798671],[6.1576899,43.0799687],[6.1577716,43.0801791],[6.1578282,43.0803111],[6.1582956,43.0803575],[6.1584848,43.0803766],[6.1585135,43.0804097],[6.1584806,43.0805326],[6.1584428,43.0805485],[6.1579661,43.0804944],[6.1575092,43.0804426],[6.1573842,43.0804682],[6.1568781,43.0805712],[6.156354,43.0806832],[6.1570554,43.0825328],[6.1573327,43.0824535],[6.1585415,43.0820723],[6.158566,43.0817667],[6.1587606,43.0817026],[6.1588546,43.0816717],[6.1589782,43.0802986],[6.1587852,43.0789279],[6.1586979,43.0783081],[6.1586207,43.078234],[6.1585113,43.0781187],[6.1584695,43.0780518],[6.1585034,43.0779689],[6.1585782,43.0779207],[6.1586671,43.0778983],[6.1587909,43.0779122],[6.1588676,43.0779727],[6.1588983,43.0780654],[6.1588859,43.0782658],[6.1592013,43.0801579],[6.1592497,43.0802053],[6.159299,43.0802593],[6.1592881,43.0803369],[6.1592022,43.0804125],[6.159146,43.0809972],[6.1590885,43.0810564],[6.1589176,43.082715],[6.158155,43.0828751],[6.1581829,43.0829535],[6.1581942,43.0829852],[6.1583113,43.0833146],[6.159723,43.0830141],[6.1597641,43.0823787],[6.1597077,43.0822939],[6.1597599,43.0822196],[6.1598982,43.0821936],[6.1600357,43.0822663],[6.1599605,43.0829855],[6.1599907,43.0830402],[6.1601436,43.0830705],[6.1601557,43.0831176],[6.1600497,43.0832302],[6.1602725,43.0837108],[6.1602196,43.0837927],[6.1600566,43.0838369],[6.159795,43.0832079],[6.1590805,43.0833536],[6.1584894,43.0834704],[6.1580036,43.0835712],[6.1582161,43.0841315],[6.1579192,43.0841899],[6.1584664,43.0856723],[6.1588374,43.085598],[6.1588858,43.0857044],[6.159232,43.0856425],[6.1595792,43.0855804],[6.1594956,43.0853263],[6.1598204,43.0852645],[6.1602993,43.0851682],[6.1603595,43.0851676],[6.1604368,43.0851668],[6.1604379,43.0852432],[6.1605966,43.0852398],[6.1607529,43.0852364],[6.1607527,43.0851599],[6.1609351,43.0851592],[6.1609086,43.0842796],[6.1609368,43.0842784],[6.1609671,43.0842763],[6.1609492,43.0834002],[6.1606597,43.08334],[6.1606557,43.0832663],[6.1607027,43.0832472],[6.1608483,43.0832698],[6.1608796,43.0832605],[6.1609076,43.0831852],[6.1609734,43.0831625],[6.1610733,43.0831754],[6.1611299,43.0832574],[6.1611684,43.0857007],[6.1610819,43.0857567],[6.1608854,43.08574],[6.1602917,43.0858308],[6.1601985,43.0858828],[6.1600624,43.0859944],[6.1596729,43.0861886],[6.1597968,43.0867252],[6.1601335,43.0877519],[6.1603955,43.0884149],[6.1604652,43.0885826],[6.1605216,43.0885748],[6.1606213,43.0886807],[6.1606773,43.0887801],[6.1608326,43.0890057],[6.1608822,43.0890945],[6.1610902,43.089396],[6.1614855,43.0898471],[6.1615367,43.0899476],[6.1615847,43.0899932],[6.1616199,43.0900715],[6.162092,43.0907049],[6.1624297,43.0912145],[6.1628266,43.0918163],[6.1637468,43.0927407]]}},{"type":"Feature","properties":{},"geometry":{"type":"LineString","coordinates":[[6.0975162,43.0272409],[6.0975643,43.0273108],[6.0975931,43.0275076],[6.097614,43.0275486],[6.0975629,43.0276161],[6.0975256,43.0276297],[6.0974894,43.0276756],[6.0975363,43.02771],[6.0975301,43.0277472],[6.0974699,43.0277881],[6.0974861,43.0278712],[6.0974292,43.0279524],[6.0973456,43.0280406],[6.0973101,43.0280832],[6.0973238,43.0281272],[6.0973471,43.0281845],[6.0973782,43.0282237],[6.0974127,43.0282267],[6.0975412,43.028189],[6.0976368,43.0282382],[6.0976825,43.0282709],[6.0976384,43.0282833],[6.0976484,43.0283229],[6.0976842,43.0283557],[6.0976857,43.0284094],[6.0977149,43.0284547],[6.0978275,43.0284327],[6.0978861,43.0284629],[6.097927,43.028505],[6.0980169,43.0285193],[6.0980847,43.0285433],[6.0981283,43.028507],[6.0981492,43.0284785],[6.0980424,43.0284438],[6.0981078,43.0284089],[6.0981073,43.0283317],[6.0981997,43.0282875],[6.0983062,43.0282911],[6.0984288,43.0283346],[6.0984627,43.0282354],[6.0986478,43.0282445],[6.0987463,43.0283184],[6.0987672,43.0283788],[6.098782,43.0284325],[6.0988736,43.0284421],[6.0988766,43.028507],[6.0989404,43.0284942],[6.099008,43.0285031],[6.099076,43.0284821],[6.0990832,43.0283874],[6.0992327,43.0283321],[6.0993265,43.0283362],[6.0994007,43.0283547],[6.0994136,43.0283939],[6.0993487,43.0285134],[6.0992454,43.0285252],[6.0991899,43.0286242],[6.0992302,43.0286675],[6.0992308,43.0287728],[6.0992858,43.0288748],[6.0993312,43.0288531],[6.0993902,43.028884],[6.0993252,43.0288982],[6.0993549,43.0289393],[6.0994491,43.028987],[6.0995157,43.0290304],[6.0996017,43.0290886],[6.0997255,43.0291031],[6.0996692,43.0291933],[6.0997708,43.0293394],[6.0999039,43.0293609],[6.0999237,43.0294079],[6.0999998,43.0293981],[6.1001433,43.0292854],[6.1002199,43.0291779],[6.100329,43.0290694],[6.1002941,43.0290168],[6.1003572,43.0289737],[6.1004336,43.0290149],[6.1005419,43.0290289],[6.1004873,43.0290864],[6.1005138,43.0292153],[6.1006237,43.029344],[6.1006267,43.0292619],[6.1006509,43.0292541],[6.1006911,43.029306],[6.1007287,43.0293109],[6.100738,43.0292776],[6.1009263,43.0293578],[6.1009902,43.0293295],[6.1008476,43.0291183],[6.1008292,43.0289433],[6.1008661,43.0289271],[6.100905,43.0288585],[6.1009891,43.0287289],[6.1009969,43.0286786],[6.1009499,43.0286502],[6.101019,43.0285997],[6.1010941,43.028583],[6.1011042,43.0286149],[6.1012019,43.0286141],[6.1011887,43.0285492],[6.1012222,43.0285119],[6.1011893,43.0284977],[6.1010552,43.0284526],[6.1010385,43.0284286],[6.1011136,43.0284021],[6.1011994,43.0284541],[6.101257,43.028426],[6.1012101,43.0283668],[6.1012678,43.0283688],[6.1013428,43.0283906],[6.1013482,43.0283335],[6.1015864,43.0283117],[6.1016084,43.0283031],[6.101646,43.0282374],[6.1016044,43.0281894],[6.1015656,43.0281727],[6.1015527,43.0281165],[6.1014676,43.0280639],[6.1014801,43.0280105],[6.1015658,43.0279515],[6.1017671,43.0279541],[6.1019585,43.0280482],[6.1020036,43.0280519],[6.1020349,43.0280688],[6.1021826,43.0280353],[6.1023943,43.028008],[6.102434,43.0280203],[6.1025099,43.0280126],[6.1026183,43.027957],[6.1026773,43.027958],[6.102735,43.0279335],[6.1027991,43.0279697],[6.1028181,43.0278933],[6.1028664,43.0278531],[6.1029361,43.0278031],[6.1029241,43.0277424],[6.1029643,43.0276484],[6.1030917,43.0276149],[6.1031489,43.0276258],[6.1033091,43.0276104],[6.1033193,43.0276616],[6.1034471,43.0277286],[6.1034042,43.0277757],[6.1034246,43.02783],[6.1034229,43.0278708],[6.1033889,43.0279484],[6.1033864,43.0279707],[6.1034811,43.0280564],[6.1036514,43.0280874],[6.1036712,43.0281989],[6.1035991,43.0282662],[6.1036985,43.0284236],[6.1038012,43.0285964],[6.1038481,43.0287272],[6.1038748,43.0288456],[6.1038917,43.0289788],[6.1038324,43.0290619],[6.1037628,43.029198],[6.1038226,43.029255],[6.1038932,43.0292292],[6.103824,43.0294097],[6.1038078,43.0295786],[6.1037636,43.0295872],[6.1037461,43.0296766],[6.1036322,43.0296952],[6.1036214,43.0297325],[6.1036718,43.0297521],[6.1036896,43.0298136],[6.1037529,43.0298393],[6.1038583,43.0298397],[6.1038633,43.0298829],[6.1036511,43.0300047],[6.1035739,43.0300657],[6.1035007,43.0300756],[6.1034257,43.0301251],[6.1035987,43.0301189],[6.1034907,43.0301961],[6.1036791,43.0302109],[6.1036461,43.0302826],[6.1036429,43.0303207],[6.1037341,43.030354],[6.1036456,43.0303854],[6.1036011,43.0304184],[6.1036039,43.0305104],[6.1035032,43.0306324],[6.1034166,43.0307068],[6.1033023,43.0307842],[6.1031997,43.030905],[6.1034941,43.0311258],[6.1037073,43.0311412],[6.1038682,43.0311369],[6.1039731,43.0310982],[6.1041257,43.0310726],[6.1041901,43.0310971],[6.1042786,43.0311294],[6.104302,43.0311857],[6.1043403,43.0311834],[6.1044261,43.0311412],[6.1044154,43.0310785],[6.1045401,43.0310579],[6.104624,43.0310754],[6.1047165,43.0310433],[6.1048264,43.0310859],[6.104954,43.0310559],[6.1050673,43.0311268],[6.1051104,43.0311573],[6.105187,43.0311541],[6.1053404,43.0310515],[6.1054195,43.0310066],[6.1055292,43.0309718],[6.1055972,43.0308975],[6.1056217,43.0308369],[6.105601,43.0307743],[6.1056036,43.0306579],[6.1056232,43.0306325],[6.1056696,43.0308312],[6.1056784,43.0308401],[6.1056504,43.0308829],[6.1057359,43.0308452],[6.1057901,43.0307841],[6.1059869,43.0306239],[6.1060503,43.0306244],[6.1060416,43.0305716],[6.1061682,43.0305089],[6.1063306,43.0304466],[6.1063496,43.0303444],[6.1063517,43.0303318],[6.1062904,43.0303113],[6.1063539,43.0301877],[6.1063335,43.0301046],[6.1063951,43.0300698],[6.1064703,43.0300945],[6.1065183,43.0301064],[6.1065092,43.0301683],[6.106505,43.0302038],[6.1064777,43.0302128],[6.1064673,43.0302593],[6.1065863,43.0302711],[6.1066497,43.03026],[6.1066585,43.0302223],[6.1067542,43.0301923],[6.106828,43.0301707],[6.1068651,43.0301836],[6.1069061,43.03023],[6.1069199,43.030259],[6.1070324,43.0302313],[6.1070894,43.0302395],[6.1071178,43.0302327],[6.1071995,43.0301844],[6.107296,43.0301985],[6.1072934,43.0302432],[6.1072736,43.0303056],[6.1073564,43.0303044],[6.1073993,43.0303658],[6.1074259,43.0304043],[6.1073796,43.0304354],[6.1073304,43.0305162],[6.1072832,43.0306171],[6.1072398,43.0306515],[6.1072531,43.0306776],[6.1073201,43.0306316],[6.1073303,43.0306534],[6.1072185,43.0307191],[6.1072287,43.0307911],[6.1071388,43.0307953],[6.107075,43.0308008],[6.1070246,43.0308513],[6.1070226,43.0309359],[6.1070688,43.031027],[6.1071143,43.0311064],[6.107215,43.0311711],[6.1072746,43.0311549],[6.1073038,43.0311947],[6.1073864,43.0312604],[6.1074219,43.031321],[6.107494,43.0313134],[6.107585,43.0312726],[6.1076486,43.0312903],[6.1077802,43.031252],[6.1076997,43.0313432],[6.1075967,43.0313156],[6.1076669,43.0314026],[6.1077046,43.0314178],[6.107669,43.031477],[6.1076531,43.0314959],[6.1076216,43.0315159],[6.1076028,43.0315512],[6.1076689,43.0315598],[6.1076771,43.0315908],[6.1077053,43.0316309],[6.1077127,43.0316623],[6.1077089,43.0317066],[6.1077938,43.031713],[6.1077601,43.0317649],[6.1078392,43.0318029],[6.1078788,43.0318876],[6.1077671,43.0318901],[6.1077473,43.0319337],[6.107717,43.0319872],[6.1077161,43.0320292],[6.1078044,43.032083],[6.1078343,43.0321012],[6.1080017,43.0320403],[6.1081791,43.032125],[6.1082093,43.0321861],[6.1081915,43.0322262],[6.1080945,43.0322575],[6.108086,43.0322823],[6.1081121,43.0323501],[6.1082296,43.0323568],[6.1082827,43.0323681],[6.1084016,43.0324528],[6.1084603,43.032454],[6.1085517,43.0324581],[6.1085525,43.0325372],[6.1086808,43.0324962],[6.108795,43.0324958],[6.1088356,43.032497],[6.1088779,43.0324799],[6.1089525,43.03246],[6.1090314,43.0324711],[6.1090765,43.0324699],[6.1090895,43.0324275],[6.1092121,43.032349],[6.1092416,43.0323968],[6.1092733,43.0324108],[6.1093343,43.0324309],[6.1093744,43.0323999],[6.1094087,43.0323448],[6.1094816,43.0323151],[6.1096771,43.0321882],[6.1097561,43.0321352],[6.1097692,43.0321614],[6.1097567,43.0321912],[6.109635,43.0322941],[6.1094437,43.0323843],[6.1094947,43.0323944],[6.1095842,43.0323905],[6.1096797,43.0323864],[6.1098373,43.0323712],[6.1098713,43.0324432],[6.1098248,43.0324871],[6.1098214,43.0325011],[6.1098761,43.0325189],[6.1099084,43.0325939],[6.1100318,43.0325407],[6.1100207,43.0326653],[6.1100178,43.0327273],[6.1099645,43.0328061],[6.1100466,43.0327963],[6.1102139,43.0327907],[6.1102848,43.0328017],[6.1104316,43.0328024],[6.1104596,43.0328276],[6.1104827,43.0328628],[6.1106169,43.0328553],[6.1106184,43.0329093],[6.1107194,43.0329028],[6.1107712,43.032932],[6.1107361,43.0329864],[6.1106639,43.0330313],[6.1107059,43.033054],[6.1107381,43.0331455],[6.1108816,43.0331217],[6.1109935,43.0330779],[6.1109592,43.0332045],[6.1110465,43.0332987],[6.1110646,43.033392],[6.1111164,43.0334262],[6.1111107,43.0334564],[6.1110557,43.033465],[6.1111149,43.0335394],[6.1111021,43.0335734],[6.1111323,43.0335991],[6.1112085,43.0335793],[6.1112617,43.0335832],[6.1112846,43.0335319],[6.111349,43.0334959],[6.1114173,43.0334827],[6.111461,43.0335176],[6.1114992,43.0335113],[6.1115431,43.0334496],[6.111542,43.0334384],[6.1116032,43.033404],[6.1116339,43.0334003],[6.1117725,43.0333358],[6.1118107,43.0333007],[6.1118257,43.0332869],[6.1119143,43.0332807],[6.1119696,43.0333162],[6.1119181,43.0334026],[6.1117934,43.0334644],[6.1117782,43.0334966],[6.1117244,43.0335299],[6.1117252,43.0335936],[6.1116471,43.0336222],[6.1116492,43.0336333],[6.1116537,43.0336574],[6.1116049,43.0336941],[6.1115634,43.0336684],[6.1115109,43.0336949],[6.1114843,43.0337331],[6.1114312,43.0337395],[6.1114687,43.0338146],[6.1115297,43.0338766],[6.1116069,43.0339596],[6.1116855,43.0339782],[6.1117002,43.0340174],[6.1117576,43.0340152],[6.111782,43.033989],[6.1117995,43.0339145],[6.1118411,43.0338861],[6.1118524,43.0339156],[6.1119339,43.0339063],[6.1119993,43.0339488],[6.111943,43.0339547],[6.1119482,43.0340006],[6.1119975,43.0340063],[6.1120023,43.0340684],[6.1121033,43.0342041],[6.1121158,43.0342622],[6.1120214,43.0343591],[6.1120315,43.0344331],[6.1119336,43.0345357],[6.1119126,43.0346989],[6.1119148,43.0347634],[6.1121634,43.0349813],[6.1124209,43.0351021],[6.1128445,43.0352973],[6.1128551,43.0353024],[6.1130467,43.0353678],[6.1132753,43.0353854],[6.1134111,43.035427],[6.1137659,43.0353953],[6.1138017,43.0353712],[6.1138366,43.0354143],[6.1138742,43.03538],[6.1139204,43.0354373],[6.1140431,43.0354594],[6.1141764,43.0353678],[6.1142205,43.0352469],[6.1141313,43.0352217],[6.1141303,43.0351908],[6.1141905,43.0351874],[6.1143483,43.0351268],[6.1144895,43.0350247],[6.1146412,43.0349623],[6.1147347,43.0349904],[6.1148462,43.03488],[6.114748,43.0348397],[6.114657,43.0347777],[6.1147794,43.0347003],[6.1148652,43.0346769],[6.1150827,43.0346326],[6.1150704,43.0347271],[6.1149705,43.0347722],[6.1150596,43.0347974],[6.1151542,43.0347642],[6.1152156,43.0346551],[6.1151856,43.0346406],[6.1152197,43.0345721],[6.1152721,43.0345633],[6.1153562,43.0344579],[6.115539,43.0343486],[6.1156529,43.034367],[6.1157008,43.0344056],[6.1158438,43.0344201],[6.1156848,43.0345649],[6.115675,43.0346082],[6.1156826,43.034624],[6.1158059,43.0345807],[6.1159153,43.0345931],[6.1159059,43.0348075],[6.1158302,43.0348962],[6.1158962,43.0349588],[6.1160744,43.0349263],[6.1161438,43.0349736],[6.116272,43.0349455],[6.1162962,43.0348436],[6.1162564,43.0347188],[6.1162929,43.0346135],[6.1164111,43.0345615],[6.1163649,43.0346299],[6.1165352,43.0346069],[6.1165247,43.0346471],[6.1164275,43.0347111],[6.1165354,43.0346928],[6.1164647,43.0347837],[6.1165402,43.0347878],[6.1166364,43.0347054],[6.116616,43.034798],[6.1165317,43.0348679],[6.1165517,43.0349318],[6.1167004,43.0349904],[6.1169526,43.0349717],[6.1171296,43.0349119],[6.1172082,43.0348453],[6.1172254,43.0347692],[6.1172051,43.0346991],[6.1172435,43.0346306],[6.1171609,43.0346512],[6.1171389,43.0345475],[6.1172388,43.0345386],[6.1172829,43.0345006],[6.1173999,43.0344974],[6.1174094,43.0344358],[6.1172826,43.0344116],[6.1172879,43.0343501],[6.1173745,43.0343262],[6.117422,43.0343556],[6.1174202,43.0344017],[6.1174858,43.0343754],[6.1176017,43.0343507],[6.1178654,43.0342699],[6.1179772,43.0342484],[6.1178756,43.0341407],[6.1178019,43.0340905],[6.11777,43.0340392],[6.1178389,43.0339944],[6.1178749,43.0340456],[6.1180318,43.0340045],[6.1181216,43.0339591],[6.1181479,43.0339],[6.1180837,43.0338711],[6.1182379,43.0338607],[6.1183489,43.0339038],[6.1185384,43.0339293],[6.118648,43.0339447],[6.1186619,43.0338891],[6.1185994,43.033811],[6.1186164,43.0337338],[6.1185472,43.0336897],[6.1186068,43.0336267],[6.1186682,43.0336004],[6.1186986,43.0336211],[6.1187521,43.0336871],[6.1188432,43.0335864],[6.1190407,43.0334368],[6.1191533,43.0333187],[6.1190602,43.0332136],[6.1191702,43.0331842],[6.1192901,43.0332397],[6.1194273,43.0332237],[6.1193989,43.0333227],[6.1195482,43.03338],[6.1196723,43.0333521],[6.1198051,43.0332862]]}},{"type":"Feature","properties":{},"geometry":{"type":"LineString","coordinates":[[6.25401,42.9975306],[6.2540357,42.997498],[6.2541173,42.9974835],[6.2541711,42.9975265],[6.2541656,42.9976012],[6.2542301,42.9977619],[6.2543211,42.9979151],[6.2542436,42.9979561],[6.2541656,42.9979582],[6.2540395,42.9979073],[6.2539954,42.9978257],[6.2539617,42.9977267],[6.2540261,42.9976208],[6.25401,42.9975306]]}},{"type":"Feature","properties":{},"geometry":{"type":"LineString","coordinates":[[6.2602751,42.9970835],[6.260082,42.9969736],[6.2602107,42.9968167],[6.2603824,42.9969579],[6.2602751,42.9970835]]}},{"type":"Feature","properties":{},"geometry":{"type":"LineString","coordinates":[[6.2588878,42.9964882],[6.2588824,42.9964436],[6.2588999,42.9964309],[6.2589247,42.9964392],[6.2589515,42.996399],[6.258973,42.9964009],[6.2589884,42.9963642],[6.2589461,42.9963529],[6.2589233,42.9963176],[6.2590494,42.996267],[6.2590796,42.9963038],[6.259097,42.9963421],[6.2591708,42.9963965],[6.2591869,42.9964166],[6.2592392,42.9964098],[6.2592398,42.9963769],[6.259276,42.9963632],[6.2593129,42.996373],[6.2593337,42.9963637],[6.2593579,42.9963382],[6.259378,42.9963372],[6.2594209,42.996345],[6.2594571,42.9963279],[6.2595074,42.9963009],[6.2596127,42.9963632],[6.2597047,42.9964077],[6.2597407,42.9964588],[6.2597414,42.996501],[6.2598413,42.9966059],[6.2598641,42.996654],[6.2598554,42.9966756],[6.2598742,42.9967055],[6.2598152,42.996704],[6.2597588,42.9967246],[6.2597709,42.9967325],[6.2597997,42.99673],[6.2598111,42.9967438],[6.2598078,42.9967595],[6.259899,42.9968546],[6.2599003,42.9968884],[6.2598058,42.9969502],[6.2597072,42.9969836],[6.2596214,42.9969389],[6.2595832,42.9969424],[6.2595436,42.9969581],[6.2594705,42.9969497],[6.2593337,42.9968963],[6.2592646,42.9968899],[6.2592204,42.9969125],[6.2591614,42.9968914],[6.2591185,42.9968968],[6.2590796,42.9969237],[6.2590186,42.9969296],[6.258973,42.9969002],[6.2589689,42.996861],[6.2589401,42.9968384],[6.2588844,42.9968443],[6.2588207,42.9968281],[6.258753,42.9967776],[6.258694,42.9967202],[6.2586766,42.9966746],[6.2587416,42.996593],[6.2588361,42.996546],[6.2588878,42.9964882]]}},{"type":"Feature","properties":{},"geometry":{"type":"LineString","coordinates":[[6.2539094,42.999044],[6.253911,42.998988],[6.2539458,42.9989605],[6.2540156,42.998936],[6.2540636,42.9989106],[6.2541175,42.9989183],[6.2541577,42.9989477],[6.2542167,42.9989654],[6.2542768,42.9989979],[6.2542489,42.9990399],[6.254269,42.9991194],[6.2543158,42.9992215],[6.2542784,42.9992851],[6.2542151,42.9993265],[6.2540652,42.9992606],[6.2540826,42.9991979],[6.254025,42.9991194],[6.2539094,42.999044]]}},{"type":"Feature","properties":{},"geometry":{"type":"LineString","coordinates":[[6.2525938,43.004114],[6.2524972,43.0040669],[6.2524972,43.0039727],[6.2525509,43.0039178],[6.2526474,43.004012],[6.2525938,43.004114]]}},{"type":"Feature","properties":{},"geometry":{"type":"LineString","coordinates":[[6.1227081,43.0799514],[6.1230058,43.0797615],[6.1236582,43.0797347],[6.1241052,43.0795888],[6.1246647,43.0791637],[6.1251937,43.0787371],[6.1254232,43.0785137],[6.125733,43.078145],[6.1259135,43.0777292],[6.1262992,43.0766579],[6.1268089,43.0758766],[6.1273681,43.0744344],[6.1278831,43.0733972],[6.1280276,43.0729393],[6.128173,43.0722111],[6.129442,43.0690746],[6.1302287,43.0669441],[6.1309706,43.0632189],[6.1314265,43.062284],[6.1323667,43.0588835],[6.1329144,43.056034],[6.1329695,43.0543716],[6.1326622,43.052597],[6.1324466,43.051583],[6.1320593,43.0503587],[6.1319277,43.0492518],[6.1317433,43.0486974],[6.1310899,43.0474673],[6.1303722,43.0463],[6.1301393,43.0457123],[6.1298718,43.044799],[6.1296249,43.044183],[6.129604,43.0441105],[6.1292405,43.0436753],[6.1291112,43.0436686],[6.1288355,43.0433519],[6.1287859,43.0433343],[6.127679,43.0422454],[6.1275367,43.0420545],[6.1275066,43.0420306]]}},{"type":"Feature","properties":{},"geometry":{"type":"LineString","coordinates":[[6.0883406,43.0404775],[6.0883382,43.0405148],[6.0883107,43.0405394],[6.0882604,43.0405438],[6.0882141,43.0405109],[6.0881156,43.04053],[6.0879627,43.0406026],[6.087909,43.0406741],[6.0879059,43.0407112],[6.087862,43.0407247],[6.0878413,43.040703],[6.087736,43.0407222],[6.0876462,43.0407521],[6.0876281,43.0408153],[6.0875805,43.0408246],[6.0875919,43.0407721],[6.0875805,43.0407599],[6.0875972,43.0407217],[6.0876925,43.0406055],[6.08761,43.0405663],[6.0876133,43.0405325],[6.087559,43.0405148],[6.0875094,43.0405688],[6.0874236,43.0405884],[6.0873257,43.0406384],[6.0872251,43.040655],[6.0872009,43.040582],[6.0872941,43.0404732],[6.0872452,43.0404159],[6.0873062,43.0403879],[6.0873511,43.0404149],[6.0873914,43.0403864],[6.0873974,43.0403428],[6.0874336,43.0402845],[6.0874939,43.040294],[6.0875838,43.040184],[6.0875536,43.0401757],[6.0875691,43.0401541],[6.0875959,43.0401571],[6.0876462,43.04016],[6.0876623,43.0401311],[6.0877374,43.0401125],[6.0878393,43.040138],[6.0879439,43.0401889],[6.0880405,43.040213],[6.0880069,43.0401076],[6.088009,43.040061],[6.0880519,43.0400664],[6.0880834,43.040013],[6.0880485,43.0400027],[6.088021,43.039889],[6.0880344,43.0398209],[6.0880948,43.039815],[6.0881209,43.0398307],[6.088139,43.0398263],[6.0881778,43.0398463],[6.0882006,43.0398845],[6.0881833,43.039938],[6.0881411,43.0399939],[6.0881035,43.0401507],[6.0881337,43.0401399],[6.0881739,43.040037],[6.0882141,43.0400184],[6.0882182,43.0400331],[6.0882309,43.0401086],[6.0882115,43.0401537],[6.0881746,43.0402629],[6.0882242,43.0402708],[6.0883355,43.0402316],[6.0884106,43.0400458],[6.0883704,43.0400605],[6.0883409,43.0400635],[6.0883717,43.0399905],[6.0884146,43.0399723],[6.0884609,43.0399949],[6.0885038,43.0399591],[6.0885333,43.0399503],[6.0885462,43.0399713],[6.0885556,43.0400682],[6.0885104,43.0402309],[6.0884222,43.040317],[6.0883406,43.0404775]]}},{"type":"Feature","properties":{},"geometry":{"type":"LineString","coordinates":[[6.0858359,43.0397399],[6.0859539,43.0397438],[6.0860732,43.0399195],[6.0860142,43.0399901],[6.0859646,43.0399634],[6.0858359,43.0397399]]}},{"type":"Feature","properties":{},"geometry":{"type":"LineString","coordinates":[[6.0853423,43.0399203],[6.0853759,43.0398607],[6.0853329,43.0398176],[6.085219,43.0398027],[6.0850848,43.0398732],[6.0849896,43.039892],[6.0850862,43.0397156],[6.085231,43.0396646],[6.0854764,43.039736],[6.085573,43.0398575],[6.0854496,43.0399203],[6.0853423,43.0399203]]}},{"type":"Feature","properties":{},"geometry":{"type":"LineString","coordinates":[[6.0887219,43.0412063],[6.0890438,43.0411984],[6.089017,43.0413513],[6.0888238,43.0413592],[6.0887756,43.0414023],[6.0886964,43.041378],[6.0887917,43.041269],[6.0887219,43.0412063]]}},{"type":"Feature","properties":{},"geometry":{"type":"LineString","coordinates":[[5.9284006,43.0777945],[5.927505,43.0774557],[5.9273975,43.0774151],[5.9269159,43.0776257],[5.9265432,43.0777858],[5.9261427,43.0778749],[5.9259853,43.0779041],[5.9259663,43.0779076],[5.925947,43.0779112],[5.9253114,43.0780649],[5.9249474,43.0781572],[5.924926,43.0781053],[5.9244499,43.0781934],[5.9244695,43.0782404],[5.9241057,43.0786124],[5.9239016,43.0788201],[5.9236066,43.0791183],[5.9235975,43.0791275],[5.9235875,43.0791376],[5.9233272,43.0793979],[5.9233202,43.0794123],[5.9233155,43.0794218],[5.9231397,43.0797795],[5.9231332,43.0797933],[5.923128,43.0798043],[5.9229061,43.0802317],[5.9235187,43.0803283],[5.9238532,43.080381],[5.923907,43.0804187],[5.9247392,43.0805533],[5.9247595,43.0806082],[5.9247223,43.0806318],[5.9245743,43.0806068],[5.9243628,43.0805768],[5.924298,43.080566],[5.923735,43.0804711],[5.9236239,43.0804587],[5.92353,43.080549],[5.9234887,43.080422],[5.9233585,43.0804066],[5.9229739,43.0804585],[5.9228924,43.0804602],[5.9228035,43.0804898],[5.9227038,43.0805522],[5.9227371,43.0806132],[5.9227033,43.0806512],[5.9226334,43.0805836],[5.922337,43.0806927],[5.9222413,43.0807735],[5.9223379,43.0808595],[5.9220915,43.0812086],[5.9220976,43.0813368],[5.9220458,43.0813597],[5.9220769,43.0814261],[5.9220988,43.0814844],[5.9221874,43.0814994],[5.921764,43.0816236],[5.9214882,43.0823403],[5.9220888,43.0824701],[5.921984,43.0828789],[5.9221349,43.0829348],[5.9221255,43.0829563],[5.9220545,43.0829764],[5.9217594,43.0828892],[5.9216661,43.0829364],[5.9215153,43.0830599],[5.9213542,43.0832955],[5.9213192,43.0833712],[5.9212706,43.0835356],[5.9212651,43.0836238],[5.9212638,43.0837348],[5.9212786,43.083829],[5.9213459,43.0839081],[5.9214814,43.0839286],[5.9214863,43.0839887],[5.9214357,43.0840152],[5.9214516,43.0843923],[5.9213694,43.08448],[5.9213663,43.0845585],[5.9214791,43.0847461],[5.9215356,43.08473],[5.9217149,43.0850034],[5.9216859,43.0850206],[5.9217867,43.0850269],[5.9218367,43.0850999],[5.9218061,43.0851554],[5.921781,43.0851724],[5.9217058,43.0851796],[5.9216373,43.0851464],[5.9211757,43.084447],[5.9209325,43.0844586],[5.9203841,43.0846032],[5.9204135,43.0846358],[5.9203586,43.0846557],[5.9202546,43.0846619],[5.9201173,43.0846997],[5.919986,43.0847517],[5.9199244,43.084769],[5.9197237,43.0848253],[5.9195705,43.084867],[5.9194252,43.0849149],[5.9193056,43.084973],[5.9192651,43.084989],[5.9191391,43.0850234],[5.9189849,43.0851121],[5.9189337,43.0851377],[5.9188744,43.0851543],[5.9186751,43.0851818],[5.9186172,43.0852002],[5.9185375,43.0852534],[5.9184113,43.0853697],[5.9183246,43.0854323],[5.9182491,43.0854927],[5.9181707,43.0855467],[5.9180376,43.0856108],[5.9179718,43.0856478]]}},{"type":"Feature","properties":{},"geometry":{"type":"LineString","coordinates":[[5.7259667,43.1367315],[5.726051,43.1367718],[5.7264591,43.1367904],[5.7265094,43.1367273],[5.7265437,43.1367106],[5.7266321,43.1366489],[5.7266953,43.1365641],[5.7267941,43.1364624],[5.7268908,43.1363673],[5.726914,43.1362873],[5.7269924,43.1362463],[5.7269905,43.1361276],[5.7269868,43.136062],[5.7270807,43.1360258],[5.7272235,43.135729],[5.7272916,43.1356279],[5.7273073,43.1355239],[5.7276904,43.1354482],[5.727872,43.1353894],[5.7282084,43.1352481],[5.7282861,43.1351968],[5.7283174,43.1351584],[5.7283253,43.1351236],[5.7283876,43.1351822],[5.7285224,43.1352358],[5.7288869,43.1351052],[5.729018,43.1350926],[5.729134,43.135092],[5.7291984,43.1351174],[5.7292608,43.1351429],[5.7295063,43.1351701],[5.7298027,43.1352288],[5.730057,43.135237],[5.73047,43.1352],[5.7307499,43.1351757],[5.7311421,43.1351884],[5.7314083,43.1351991],[5.731511,43.1352767],[5.7315377,43.1353666],[5.7315407,43.1354198],[5.7315373,43.1354646],[5.7314711,43.1355113],[5.7314398,43.1355129],[5.7313558,43.1355132],[5.7313656,43.135465],[5.731062,43.1354161],[5.7303091,43.1355061],[5.7303004,43.1358438],[5.7314541,43.1358514],[5.7314866,43.1358477],[5.7315217,43.1358226],[5.7315372,43.1357834],[5.7315678,43.1357678],[5.7316056,43.1357685],[5.7316477,43.1357783],[5.7317154,43.1357734],[5.7320355,43.13569],[5.7321048,43.1356464],[5.7320615,43.1355703],[5.7319707,43.1355002],[5.7319305,43.1354341],[5.7319968,43.1354053],[5.7320447,43.1353615],[5.7320931,43.1352807],[5.7321838,43.1352826],[5.73232,43.1353532],[5.7323883,43.1353594],[5.7325289,43.1353745],[5.732575,43.1353879],[5.7326952,43.1354423],[5.7327197,43.1355209],[5.732699,43.1355335],[5.7325839,43.1355895],[5.7325677,43.135638],[5.7327074,43.1356374],[5.7328068,43.135592],[5.7329546,43.1355544],[5.7330105,43.1355416],[5.7330643,43.1356248],[5.7330438,43.1357084],[5.732962,43.1357312],[5.7329527,43.1357444],[5.7329336,43.1357855],[5.7329441,43.1359051],[5.7329354,43.1359293],[5.7329208,43.1359611],[5.7329271,43.1360052],[5.7329409,43.136049],[5.733066,43.136214],[5.7330829,43.1362679],[5.7331164,43.1363037],[5.7331909,43.1363531],[5.7333189,43.1364119],[5.7334082,43.1364323],[5.7334703,43.1364406],[5.7335343,43.1364359],[5.733595,43.1364193],[5.7337281,43.1363682],[5.7338535,43.1363359],[5.7339647,43.1363205],[5.7340713,43.1363136],[5.7342327,43.1363179],[5.7343335,43.1363195],[5.7344148,43.1362866],[5.7344694,43.1362721],[5.7345183,43.1362687],[5.7346083,43.1362577],[5.734762,43.1362143],[5.7348531,43.1361553],[5.7348602,43.1360814],[5.7349654,43.1359814],[5.7349845,43.1359623],[5.735053,43.1360165],[5.7350727,43.1361027],[5.7352112,43.1360984],[5.7354994,43.1360097],[5.7355261,43.1360107],[5.7356543,43.1360263],[5.7357147,43.136012],[5.7358025,43.1359822],[5.7358524,43.1359524],[5.7358938,43.1359163],[5.7359243,43.1358706],[5.7359486,43.1358439],[5.7359951,43.1358259],[5.7360231,43.1358227],[5.7360682,43.1358361],[5.7362528,43.1359078],[5.7362733,43.1359149],[5.7364106,43.1359485],[5.7365135,43.1359159],[5.736543,43.1359109],[5.7365872,43.1359077],[5.7366903,43.1359076],[5.7368941,43.1360065],[5.736917,43.1360701],[5.7369334,43.1360885],[5.7369639,43.1361005],[5.7370158,43.1361214],[5.7370301,43.1361316],[5.737072,43.1361327],[5.737188,43.1361309],[5.7372365,43.13612],[5.7373789,43.1360726],[5.7374162,43.1360491],[5.7374797,43.1360029],[5.7375215,43.1359438],[5.7375487,43.1359123],[5.7375706,43.1358992],[5.7376071,43.1358899],[5.7376523,43.1358773],[5.7376804,43.1358605],[5.737786,43.1357481],[5.7377849,43.1356986],[5.7377794,43.135602],[5.7377826,43.1355588],[5.7377729,43.1355302],[5.7377643,43.1355141],[5.7377392,43.1355149],[5.7377342,43.1354938],[5.7377269,43.1354765],[5.7376706,43.1354386],[5.7376497,43.1354244],[5.737608,43.1353547],[5.7375284,43.1353191],[5.7375075,43.1353055],[5.7374838,43.1352708],[5.7374679,43.1352607],[5.7374466,43.1352537],[5.7373962,43.1352044],[5.7373619,43.1351819],[5.7373383,43.1351619],[5.7372997,43.1351354],[5.7372406,43.1351171],[5.7372279,43.1351057],[5.737222,43.1350722],[5.7372076,43.1350597],[5.7372092,43.135046],[5.7372208,43.1350368],[5.7372323,43.1350265],[5.7372381,43.1350003],[5.7372639,43.1349582],[5.7372634,43.1349346],[5.7372496,43.134905],[5.7372385,43.1348935],[5.7372148,43.1348883],[5.737194,43.1348901],[5.7371807,43.1348976],[5.7371663,43.1348986],[5.7371512,43.134889],[5.7371294,43.1348596],[5.7371068,43.1348444],[5.7370992,43.1348375],[5.7371077,43.1348319],[5.7371264,43.1348349],[5.7371378,43.1348363],[5.7371487,43.1348295],[5.7371645,43.1347966],[5.737181,43.1347589],[5.7372027,43.1347453],[5.7372233,43.1347387],[5.7372495,43.134745],[5.737274,43.134752],[5.7372972,43.1347477],[5.7373273,43.1347391],[5.737354,43.1347407],[5.7373801,43.1347322],[5.7374203,43.1347452],[5.7374551,43.1347483],[5.737484,43.1347598],[5.7375342,43.1347795],[5.7375533,43.1348604],[5.7375635,43.1349132],[5.7375902,43.1349295],[5.7376865,43.1349785],[5.7376914,43.1349949],[5.7376889,43.1350079],[5.7376996,43.1350247],[5.7377136,43.1350314],[5.7377258,43.1350328],[5.7377433,43.1350423],[5.7377717,43.1350473],[5.7378197,43.1350836],[5.737853,43.1351458],[5.7378979,43.1351704],[5.7379039,43.1352038],[5.7378567,43.1352106],[5.7378486,43.1352244],[5.7378479,43.1352397],[5.7378582,43.1352518],[5.7378615,43.1352677],[5.7379303,43.1353146],[5.737939,43.1353267],[5.7379776,43.1353452],[5.7379955,43.1353666],[5.7380012,43.1353945],[5.7379858,43.1354373],[5.7380478,43.135507],[5.7381288,43.1355243],[5.7382438,43.135524],[5.7383446,43.1355106],[5.7383977,43.1354919],[5.7384202,43.1354795],[5.7384612,43.1354518],[5.7384877,43.1354108],[5.7384869,43.1353835],[5.7385081,43.1353584],[5.7385074,43.1353042],[5.7385037,43.1352813],[5.7384918,43.1352551],[5.7384751,43.135245],[5.7384608,43.1352342],[5.7384545,43.1351942],[5.7384581,43.1351735],[5.7384663,43.1351603],[5.7384694,43.1351436],[5.738479,43.1351286],[5.7384733,43.135114],[5.7384541,43.135101],[5.7384364,43.135088],[5.7384219,43.1350743],[5.7384228,43.1350612],[5.7384303,43.135051],[5.7384373,43.1350472],[5.7384352,43.1350379],[5.738442,43.1350294],[5.7384487,43.1350209],[5.7384465,43.1350104],[5.7384547,43.1350065],[5.7384568,43.1349908],[5.7384505,43.13498],[5.7384477,43.1349744],[5.7384453,43.1349685],[5.7384494,43.1349596],[5.7384586,43.1349495],[5.7384808,43.1349406],[5.7385011,43.1349343],[5.738517,43.1349323],[5.7385294,43.1349331],[5.7385426,43.1349304],[5.7385462,43.1349208],[5.7385582,43.1349137],[5.7385603,43.1349057],[5.7385709,43.1349004],[5.738571,43.1348933],[5.738582,43.1348884],[5.7385882,43.1348791],[5.7386035,43.1348674],[5.7386057,43.134851],[5.7386009,43.1348387],[5.7385976,43.1348267],[5.7385966,43.134817],[5.7386088,43.1348053],[5.7386204,43.1348004],[5.738625,43.1347912],[5.7386343,43.1347731],[5.7386346,43.1347599],[5.7386336,43.1347426],[5.7386373,43.1347353],[5.7386464,43.1347225],[5.7386554,43.134717],[5.7386604,43.1347047],[5.7386614,43.1346764],[5.7386691,43.1346682],[5.7386778,43.1346657],[5.7386784,43.1346581],[5.73869,43.1346442],[5.7386864,43.134636],[5.7386864,43.1346258],[5.7386884,43.1346163],[5.7386885,43.1346087],[5.7386841,43.1346036],[5.738678,43.1345966],[5.7386707,43.1345953],[5.7386632,43.1345993],[5.7386564,43.1345968],[5.7386471,43.1345881],[5.7386402,43.1345841],[5.7386345,43.1345843],[5.7386285,43.1345777],[5.7386256,43.1345642],[5.7386237,43.1345578],[5.7386223,43.134551],[5.7386311,43.1345512],[5.7386427,43.1345557],[5.7386533,43.1345607],[5.7386678,43.1345629],[5.7386812,43.1345621],[5.7386912,43.1345648],[5.7387036,43.1345663],[5.7387139,43.1345566],[5.7387233,43.1345491],[5.7387303,43.1345459],[5.7387393,43.1345403],[5.7387474,43.1345382],[5.7387484,43.134528],[5.7387511,43.1345218],[5.7387576,43.1345092],[5.7387521,43.1345018],[5.738744,43.1344967],[5.7387428,43.134493],[5.7387444,43.1344839],[5.7387424,43.1344768],[5.7387437,43.1344639],[5.7387434,43.1344586],[5.7387396,43.1344553],[5.7387668,43.1344428],[5.7387809,43.1344277],[5.7387775,43.1344232],[5.7387696,43.1344201],[5.7387646,43.1344127],[5.7387552,43.1344103],[5.7387482,43.1344056],[5.7387315,43.1344027],[5.7387221,43.1344003],[5.7387137,43.1343968],[5.7387087,43.1343917],[5.7387134,43.1343829],[5.7387275,43.1343768],[5.7387324,43.1343728],[5.7387356,43.1343648],[5.7387378,43.134358],[5.7387442,43.1343532],[5.7387515,43.1343553],[5.738767,43.1343374],[5.7387747,43.1343368],[5.7387844,43.1343259],[5.7387928,43.134328],[5.7388004,43.1343342],[5.7388119,43.1343376],[5.7388195,43.1343351],[5.7388302,43.1343332],[5.7388358,43.1343308],[5.7388364,43.134324],[5.7388335,43.1343188],[5.7388337,43.1343127],[5.7388392,43.1343092],[5.7388477,43.1343044],[5.7388488,43.1342976],[5.7388621,43.134276],[5.7388707,43.134264],[5.7388736,43.1342606],[5.7388739,43.1342477],[5.7388756,43.1342409],[5.7388799,43.1342358],[5.738885,43.1342349],[5.7388905,43.1342408],[5.7389004,43.1342431],[5.738903,43.134252],[5.7389176,43.13426],[5.7389222,43.1342726],[5.7389253,43.1342811],[5.7389207,43.1342911],[5.7389255,43.1342976],[5.7389263,43.1343117],[5.7389269,43.1343216],[5.7389326,43.1343304],[5.7389385,43.1343326],[5.7389559,43.1343099],[5.7389645,43.134303],[5.7389683,43.1342892],[5.7389754,43.1342781],[5.7389859,43.1342707],[5.7389948,43.1342681],[5.7390023,43.1342749],[5.7390097,43.1342809],[5.7390102,43.1342898],[5.7390128,43.1343025],[5.7390198,43.1343117],[5.73903,43.1343331],[5.739035,43.134341],[5.739043,43.1343455],[5.7390454,43.1343539],[5.7390566,43.1343578],[5.7390584,43.1343445],[5.7390692,43.1343423],[5.739088,43.1343436],[5.7391003,43.1343555],[5.7391195,43.134354],[5.7391319,43.1343555],[5.7391476,43.1343598],[5.7391602,43.1343433],[5.7391664,43.1343398],[5.7391786,43.134339],[5.7391929,43.13434],[5.7392087,43.134342],[5.7392207,43.1343428],[5.739233,43.1343424],[5.7392455,43.1343433],[5.739263,43.1343467],[5.7392736,43.1343448],[5.7392881,43.1343393],[5.7393006,43.134334],[5.739311,43.134334],[5.7393195,43.1343386],[5.7393229,43.1343409],[5.7393082,43.1343504],[5.7393064,43.1343562],[5.7393048,43.1343635],[5.7393097,43.1343694],[5.7393176,43.1343716],[5.7393291,43.1343713],[5.7393347,43.1343744],[5.7393378,43.1343779],[5.739337,43.1343861],[5.7393346,43.1343944],[5.7393362,43.1344016],[5.7393411,43.1344081],[5.7393491,43.1344096],[5.7393539,43.1344146],[5.7393604,43.1344304],[5.7393723,43.1344348],[5.7393812,43.1344449],[5.7393875,43.1344537],[5.7393748,43.1344678],[5.7393784,43.1344757],[5.7393867,43.1344854],[5.7394059,43.1344834],[5.7394239,43.1344809],[5.739445,43.1344907],[5.7394594,43.134494],[5.7394767,43.1344925],[5.7395001,43.1344838],[5.7395192,43.134479],[5.7395327,43.1344795],[5.7395507,43.134478],[5.7395613,43.1344829],[5.7395761,43.1344834],[5.7395881,43.1344897],[5.7396109,43.1344937],[5.7396241,43.1344989],[5.7396398,43.1345032],[5.7396523,43.134508],[5.739663,43.1345034],[5.7396764,43.1345016],[5.7396834,43.1344995],[5.7397025,43.1344956],[5.7397164,43.134491],[5.7397271,43.1344859],[5.7397363,43.1344776],[5.7397477,43.1344744],[5.7397657,43.1344734],[5.7397745,43.1344798],[5.7397885,43.1344779],[5.7398055,43.1344698],[5.7398104,43.1344655],[5.7398163,43.1344563],[5.739828,43.1344583],[5.739834,43.1344501],[5.7398407,43.1344423],[5.7398567,43.1344409],[5.7398678,43.1344429],[5.7398807,43.134443],[5.739894,43.1344388],[5.7399006,43.1344311],[5.7399028,43.1344244],[5.7399107,43.1344152],[5.7399135,43.1344076],[5.7399378,43.1343927],[5.7399725,43.1343798],[5.7399853,43.134378],[5.7399967,43.1343739],[5.7400097,43.1343754],[5.7400248,43.1343693],[5.7400407,43.1343664],[5.7400562,43.1343655],[5.7400691,43.134367],[5.7400827,43.1343666],[5.740099,43.1343599],[5.7401116,43.1343534],[5.7401217,43.1343498],[5.7401479,43.1343457],[5.7401634,43.1343471],[5.7401845,43.1343215],[5.7401958,43.1343159],[5.7402136,43.1343116],[5.7402288,43.1343055],[5.7402401,43.1343009],[5.7402466,43.1342898],[5.7402519,43.1342703],[5.7402611,43.1342615],[5.7402713,43.1342603],[5.7402775,43.1342554],[5.7402917,43.1342554],[5.7402985,43.13425],[5.7403058,43.134255],[5.7403197,43.1342494],[5.7403259,43.1342449],[5.7403343,43.1342338],[5.7403431,43.1342062],[5.7403416,43.1341911],[5.7403488,43.1341824],[5.7403555,43.1341751],[5.7403615,43.1341674],[5.7403653,43.1341555],[5.7403618,43.1341499],[5.7403551,43.1341463],[5.7403515,43.1341435],[5.7403513,43.1341361],[5.7403454,43.1341329],[5.7403475,43.1341258],[5.7403564,43.1341232],[5.740362,43.1341202],[5.7403493,43.134112],[5.7403449,43.1341027],[5.7403465,43.1340966],[5.7403442,43.1340891],[5.7403349,43.1340738],[5.7403441,43.1340641],[5.740341,43.1340561],[5.7403257,43.1340363],[5.7403237,43.1339887],[5.7403149,43.1339823],[5.740305,43.133977],[5.740297,43.133972],[5.7402896,43.133968],[5.7402842,43.1339625],[5.7402799,43.1339551],[5.7402834,43.1339493],[5.7402804,43.1339418],[5.7402749,43.1339354],[5.7402811,43.1339314],[5.7402808,43.1339248],[5.7402757,43.1339155],[5.7402694,43.1339067],[5.7402867,43.1339043],[5.7402775,43.1338904],[5.7402677,43.1338874],[5.7402579,43.1338858],[5.7402506,43.1338931],[5.7402415,43.133892],[5.7402367,43.1338873],[5.7402302,43.1338837],[5.7402233,43.1338838],[5.7402218,43.1338867],[5.740221,43.1338912],[5.740217,43.1338942],[5.7402113,43.1338961],[5.7402048,43.1338975],[5.7402013,43.1338963],[5.7401989,43.1338923],[5.7401961,43.1338885],[5.7401932,43.1338886],[5.7401859,43.133895],[5.740182,43.1339013],[5.740179,43.1339045],[5.7401754,43.1339057],[5.7401684,43.1339029],[5.7401592,43.1338999],[5.7401532,43.1338954],[5.7401553,43.1338918],[5.7401579,43.133886],[5.7401601,43.1338828],[5.7401662,43.1338828],[5.7401673,43.1338793],[5.7401642,43.1338767],[5.7401579,43.1338769],[5.7401496,43.1338752],[5.7401452,43.1338715],[5.7401432,43.1338682],[5.7401459,43.1338649],[5.7401512,43.1338606],[5.7401541,43.1338551],[5.74016,43.1338528],[5.7401661,43.1338536],[5.7401723,43.133855],[5.7401766,43.1338523],[5.7401819,43.1338487],[5.7401865,43.1338455],[5.7401896,43.1338353],[5.7401883,43.1338296],[5.7401848,43.1338244],[5.7401821,43.1338183],[5.7401802,43.1338139],[5.7401834,43.1338096],[5.7401888,43.1338117],[5.7401917,43.1338109],[5.7401912,43.1338072],[5.7401945,43.1338054],[5.7401988,43.1338068],[5.740202,43.1338057],[5.7402064,43.133805],[5.740211,43.1338068],[5.7402167,43.1338051],[5.7402228,43.1338016],[5.7402271,43.1337978],[5.7402277,43.1337934],[5.7402261,43.1337884],[5.7402198,43.1337855],[5.7402142,43.1337847],[5.7402085,43.1337818],[5.7402052,43.1337784],[5.740206,43.1337747],[5.7402143,43.1337717],[5.7402183,43.1337675],[5.7402209,43.133762],[5.740225,43.1337559],[5.740227,43.1337493],[5.7402294,43.1337444],[5.7402323,43.1337402],[5.7402329,43.1337362],[5.7402305,43.1337322],[5.7402256,43.133729],[5.740222,43.1337266],[5.7402195,43.1337228],[5.7402213,43.1337139],[5.7402306,43.1337103],[5.7402317,43.1337064],[5.7402237,43.1336867],[5.7402178,43.1336654],[5.7402188,43.1336551],[5.740213,43.133644],[5.7402022,43.1336345],[5.7401962,43.1336294],[5.740189,43.1336304],[5.7401731,43.1336044],[5.7401656,43.133599],[5.7401593,43.1335977],[5.74016,43.1335916],[5.7401454,43.1335879],[5.7401331,43.1335799],[5.7401253,43.1335707],[5.7401234,43.1335636],[5.7401309,43.1335592],[5.7401326,43.1335531],[5.7401376,43.1335496],[5.7401372,43.1335428],[5.7401325,43.1335335],[5.7401336,43.1335244],[5.7401384,43.133519],[5.7401326,43.1335082],[5.7401339,43.1335029],[5.7401449,43.1335056],[5.7401543,43.1335174],[5.7401707,43.1335248],[5.7401842,43.1335259],[5.740194,43.133526],[5.7402031,43.1335408],[5.7402021,43.1335503],[5.7401946,43.1335558],[5.7402059,43.1335641],[5.7402157,43.1335642],[5.7402168,43.1335576],[5.7402218,43.1335564],[5.7402301,43.1335638],[5.7402389,43.1335628],[5.7402506,43.13358],[5.7402576,43.133582],[5.7402634,43.1335804],[5.7402691,43.1335804],[5.7402696,43.1335845],[5.740269,43.1335961],[5.7402758,43.1336],[5.7402811,43.1336004],[5.7402855,43.1335973],[5.7402872,43.1335912],[5.7402937,43.1335894],[5.7403001,43.1335918],[5.7403044,43.1335929],[5.740318,43.1335874],[5.7403211,43.1335844],[5.7403218,43.13358],[5.7403147,43.1335766],[5.7403062,43.1335771],[5.7402991,43.1335747],[5.7402973,43.1335721],[5.7402983,43.133567],[5.7403027,43.1335625],[5.7403025,43.1335584],[5.7402992,43.1335532],[5.7402957,43.1335501],[5.7402906,43.1335467],[5.7402881,43.1335426],[5.7402894,43.1335375],[5.7402952,43.133534],[5.740297,43.1335312],[5.7402957,43.133526],[5.7402932,43.1335236],[5.7402892,43.1335213],[5.7402886,43.1335168],[5.7402907,43.133514],[5.7402893,43.1335117],[5.7402852,43.1335089],[5.7402847,43.1335004],[5.7402884,43.1334962],[5.740293,43.1334958],[5.7402966,43.1335003],[5.740302,43.1335084],[5.7403085,43.1335132],[5.7403148,43.1335135],[5.7403206,43.1335119],[5.7403251,43.1335149],[5.7403281,43.1335204],[5.7403346,43.1335255],[5.740341,43.1335282],[5.740347,43.1335292],[5.7403509,43.1335332],[5.7403499,43.1335393],[5.7403515,43.1335443],[5.7403563,43.1335478],[5.740367,43.1335547],[5.7403712,43.1335592],[5.7403725,43.1335645],[5.7403711,43.1335698],[5.740372,43.1335747],[5.7403705,43.133582],[5.7403671,43.1335932],[5.7403664,43.1335978],[5.7403689,43.1336001],[5.7403753,43.1336028],[5.7403787,43.1336049],[5.7403813,43.1336099],[5.740386,43.133611],[5.7403911,43.1336137],[5.7403923,43.133618],[5.7403952,43.1336218],[5.7404005,43.1336226],[5.740406,43.1336212],[5.7404109,43.1336199],[5.7404171,43.1336195],[5.7404249,43.1336219],[5.7404295,43.1336217],[5.740435,43.1336204],[5.7404384,43.1336222],[5.7404471,43.1336243],[5.7404535,43.1336254],[5.7404617,43.1336254],[5.7404621,43.1336208],[5.7404602,43.1336165],[5.7404534,43.1336133],[5.7404483,43.1336093],[5.7404451,43.1336056],[5.7404422,43.1336013],[5.7404377,43.1335968],[5.7404371,43.1335925],[5.7404389,43.1335905],[5.7404444,43.1335884],[5.7404499,43.1335866],[5.7404554,43.1335835],[5.7404571,43.1335796],[5.7404556,43.1335757],[5.7404531,43.133572],[5.7404542,43.133569],[5.7404596,43.1335699],[5.7404645,43.1335681],[5.7404676,43.1335646],[5.7404693,43.1335602],[5.7404724,43.1335567],[5.7404787,43.1335563],[5.7404851,43.1335587],[5.7404897,43.1335639],[5.7405089,43.1335839],[5.7405276,43.1335935],[5.7405376,43.1335953],[5.7405422,43.1335995],[5.7405431,43.1336044],[5.7405397,43.133609],[5.7405353,43.1336123],[5.7405358,43.1336157],[5.7405428,43.1336164],[5.7405465,43.1336183],[5.7405437,43.1336215],[5.740542,43.1336254],[5.740547,43.133627],[5.7405489,43.1336315],[5.7405461,43.133634],[5.7405372,43.1336405],[5.7405382,43.1336516],[5.7405468,43.1336521],[5.7405508,43.1336525],[5.7405548,43.1336601],[5.7405633,43.1336632],[5.7405697,43.1336654],[5.7405776,43.1336657],[5.7405861,43.1336652],[5.7405881,43.1336709],[5.740594,43.1336751],[5.7405997,43.1336771],[5.7406084,43.1336785],[5.7406136,43.1336784],[5.7406187,43.1336741],[5.7406224,43.1336757],[5.7406283,43.133683],[5.7406383,43.133686],[5.7406479,43.1336862],[5.7406533,43.1336849],[5.7406578,43.1336849],[5.7406682,43.1336888],[5.7407107,43.1337008],[5.740748,43.1337319],[5.7408089,43.133766],[5.7408861,43.1337677],[5.7409471,43.1337887],[5.7410145,43.1338119],[5.7410759,43.133844],[5.741245,43.133956],[5.7413295,43.1340354],[5.7414851,43.1341313],[5.7415197,43.1342025],[5.7415663,43.1342365],[5.7416842,43.1342709],[5.7417911,43.1342937],[5.7418873,43.1343427],[5.7419117,43.1344527],[5.7419337,43.1345702],[5.7419326,43.1347798],[5.7419815,43.1348577],[5.7420901,43.1349071],[5.7422457,43.1349633],[5.7424368,43.134981],[5.742589,43.1349345],[5.742644,43.1348914],[5.7426541,43.1348508],[5.7427265,43.1347681],[5.7429156,43.1348307],[5.7433043,43.1349887],[5.7434448,43.1349828],[5.7435541,43.1349732],[5.7436358,43.1350173],[5.7436558,43.1350756],[5.7439401,43.1351802],[5.7440565,43.1351484]]}},{"type":"Feature","properties":{},"geometry":{"type":"LineString","coordinates":[[5.7793073,43.0831247],[5.7792089,43.0830731],[5.7792089,43.0830148],[5.7792313,43.0829795],[5.7793799,43.0829687],[5.7795688,43.082981],[5.7795995,43.0830259],[5.7795483,43.0830869],[5.7795288,43.0831202],[5.7794334,43.0831405],[5.7793842,43.0831247],[5.7793073,43.0831247]]}},{"type":"Feature","properties":{},"geometry":{"type":"LineString","coordinates":[[5.7800609,43.0827316],[5.7800209,43.0826889],[5.7799748,43.0826597],[5.7799382,43.0826186],[5.7799301,43.0825785],[5.7799952,43.0825556],[5.7800685,43.0825392],[5.7801215,43.0825294],[5.7801544,43.0825073],[5.7801778,43.0825047],[5.7801995,43.0825513],[5.780176,43.0826224],[5.7802115,43.0826556],[5.7801959,43.0827126],[5.780141,43.0827307],[5.7800609,43.0827316]]}},{"type":"Feature","properties":{},"geometry":{"type":"LineString","coordinates":[[5.7802742,43.0826427],[5.7802664,43.082619],[5.7802516,43.0826028],[5.7802328,43.0825498],[5.7802639,43.0825272],[5.7803364,43.0825588],[5.7803582,43.0825827],[5.7803603,43.0826131],[5.7803187,43.0826234],[5.7802965,43.082643],[5.7802742,43.0826427]]}},{"type":"Feature","properties":{},"geometry":{"type":"LineString","coordinates":[[5.7750399,43.0770353],[5.774989,43.0769831],[5.775047,43.0769344],[5.7751173,43.076953],[5.7751647,43.0770222],[5.775125,43.0770869],[5.7750399,43.0770353]]}},{"type":"Feature","properties":{},"geometry":{"type":"LineString","coordinates":[[5.7779939,43.0847399],[5.7778924,43.0847691],[5.7778586,43.0846905],[5.7779755,43.0846411],[5.7780739,43.0846635],[5.7781693,43.0847107],[5.7780862,43.0847354],[5.7779939,43.0847399]]}},{"type":"Feature","properties":{},"geometry":{"type":"LineString","coordinates":[[6.1685441,43.0323138],[6.1684395,43.0322146],[6.1683,43.0321205],[6.1684905,43.0320472],[6.1686943,43.0320158],[6.1687935,43.032097],[6.1686621,43.032157],[6.1686621,43.0322433],[6.1685441,43.0323138]]}},{"type":"Feature","properties":{},"geometry":{"type":"LineString","coordinates":[[6.1580873,43.0346892],[6.1580012,43.034689],[6.157964,43.0346236],[6.1579698,43.0345371],[6.1576265,43.0344595],[6.1573199,43.0344502],[6.1570481,43.0345177],[6.1566702,43.034663],[6.1566303,43.0347898],[6.1566471,43.034849],[6.1565535,43.0348516],[6.156543,43.0349149],[6.1564663,43.0348771],[6.156417,43.0349337],[6.1563657,43.0349516],[6.1563236,43.0350163],[6.1563741,43.0350828],[6.1563293,43.0350813],[6.1563038,43.0351148],[6.1562344,43.0351695],[6.156127,43.0351585],[6.1560532,43.0351251],[6.1560157,43.0351477],[6.1559781,43.0351555],[6.1559097,43.0351202],[6.1558493,43.0351697],[6.1557604,43.0351248],[6.1556804,43.0351388],[6.1556254,43.0352006],[6.1556579,43.0352392],[6.1555329,43.0352457],[6.1555084,43.0352636],[6.1556201,43.0352898],[6.1556413,43.0353216],[6.1555262,43.0352957],[6.1554906,43.0353608],[6.1553256,43.0353321],[6.1551756,43.0352559],[6.1551145,43.0352369],[6.1549937,43.0352834],[6.155009,43.0353586],[6.15504,43.0353812],[6.1550494,43.035439],[6.1548664,43.0354094],[6.1547678,43.0354241],[6.1546652,43.0353888],[6.1546056,43.0353165],[6.1544953,43.0353251],[6.1544104,43.0353682],[6.154413,43.0354339],[6.1544487,43.0354501],[6.1544688,43.035494],[6.1545121,43.0355126],[6.154437,43.0355298],[6.1541431,43.0355223],[6.1539099,43.0353833],[6.1538955,43.0353019],[6.1538284,43.0352516],[6.1536964,43.0352304],[6.1535011,43.0352571],[6.153251,43.035359]]}},{"type":"Feature","properties":{},"geometry":{"type":"LineString","coordinates":[[5.7613315,43.0789477],[5.7613343,43.0789903],[5.7612969,43.0790017],[5.7613018,43.0790437],[5.7613139,43.0790986],[5.7613105,43.0791436],[5.7612643,43.0792112],[5.7612629,43.0792719],[5.7612844,43.0793469],[5.7613076,43.0793629],[5.7613085,43.0793978],[5.7613495,43.0794135],[5.7613454,43.0794536],[5.7613649,43.0794826],[5.7613461,43.0795707],[5.7613037,43.0796045],[5.7612535,43.0796025],[5.7612106,43.0796011],[5.7611563,43.07958],[5.7610859,43.079558],[5.761064,43.0795405],[5.7610913,43.0794717],[5.7611371,43.0794326],[5.7611449,43.0793865],[5.7611429,43.0793557],[5.7611261,43.0793395],[5.7610589,43.0793128],[5.7610624,43.0792813],[5.7611148,43.0792282],[5.7611348,43.079172],[5.7611188,43.0791524],[5.7611126,43.0791366],[5.7610242,43.0791691],[5.7609829,43.0791521],[5.760988,43.0791172],[5.7610604,43.0790271],[5.7610242,43.0789683],[5.7610302,43.0789438],[5.7610532,43.0789204],[5.761132,43.0788923],[5.7612156,43.0788293],[5.7611109,43.0788498],[5.7610945,43.0788059],[5.7611517,43.0787769],[5.7610929,43.0787345],[5.7610778,43.0786845],[5.7611543,43.0786415],[5.7612471,43.0786638],[5.7612945,43.078696],[5.7613085,43.0787431],[5.7613703,43.0787919],[5.7613488,43.0788566],[5.7613488,43.0789178],[5.7613315,43.0789477]]}},{"type":"Feature","properties":{},"geometry":{"type":"LineString","coordinates":[[5.7611058,43.0797093],[5.7612905,43.0797231],[5.7614113,43.0797496],[5.7614807,43.0798055],[5.7616069,43.0798305],[5.7616528,43.0799342],[5.7616693,43.079989],[5.7616602,43.0800429],[5.7615985,43.0800587],[5.7615714,43.0800095],[5.7615199,43.0799905],[5.7614409,43.0800298],[5.7613622,43.0800086],[5.7612807,43.0799484],[5.761224,43.0799459],[5.7611883,43.0799622],[5.7611342,43.080034],[5.7610966,43.0800654],[5.7610703,43.0801577],[5.7609934,43.0802105],[5.7609269,43.0802094],[5.7609095,43.0801448],[5.7608847,43.0801095],[5.7609102,43.0800566],[5.7609952,43.0800176],[5.7608208,43.0799505],[5.7608261,43.0798947],[5.7608592,43.0798665],[5.760929,43.0798861],[5.7610416,43.0799302],[5.7610416,43.0798812],[5.7610711,43.0798293],[5.7610215,43.0797842],[5.7610309,43.0797529],[5.7611058,43.0797093]]}},{"type":"Feature","properties":{},"geometry":{"type":"LineString","coordinates":[[5.682842,43.1545545],[5.6830292,43.1546319],[5.6831434,43.1547309],[5.683294,43.154784],[5.6834659,43.1549994],[5.6836045,43.155117],[5.6838509,43.1550498],[5.684051,43.1550225],[5.6842129,43.1550357],[5.684235,43.155139],[5.6844485,43.1550359],[5.6844571,43.1549136],[5.6845552,43.1548084],[5.684993,43.1549086],[5.6851966,43.1549706],[5.6853181,43.1549039],[5.6854138,43.1549694],[5.6854442,43.1550101],[5.6855229,43.1549743],[5.685722,43.1549658],[5.6858824,43.1549366],[5.685976,43.154948],[5.6860697,43.1550429],[5.6861634,43.1550692],[5.6863365,43.1549852],[5.6864762,43.1548675],[5.6866033,43.1547475],[5.686504,43.1545989],[5.6866906,43.1545821],[5.6868798,43.1545758],[5.6870725,43.1544557],[5.687243,43.1543228],[5.6872913,43.1541974],[5.6871907,43.1540811],[5.6873464,43.1539168],[5.6873936,43.1538479],[5.6874255,43.1537547],[5.687549,43.1537239],[5.6876078,43.1536661],[5.6873754,43.1536083],[5.6873846,43.1533961],[5.6876317,43.1532101],[5.6881505,43.1532132],[5.68829,43.1531509],[5.688621,43.1531931],[5.6888929,43.1532439],[5.6891229,43.1532309],[5.6893455,43.1531761],[5.6894894,43.1531382],[5.6895668,43.153108],[5.6896592,43.1531244],[5.689725,43.1531329],[5.6897632,43.153102],[5.6897636,43.153063],[5.6897482,43.152996],[5.6897778,43.1529715],[5.6897517,43.1529346],[5.6897084,43.1528861],[5.6897166,43.152845],[5.6897744,43.1528123],[5.6898389,43.152806],[5.6898808,43.1528407],[5.6899213,43.1528544],[5.6899318,43.1528],[5.689958,43.152771],[5.6900639,43.1527468],[5.6901257,43.1527437],[5.6902551,43.1527133],[5.6903859,43.1526872],[5.6904035,43.1526337],[5.6904604,43.1525835],[5.690741,43.1525554],[5.6907782,43.1525845],[5.6908596,43.1525689],[5.6908959,43.1526128],[5.6908578,43.1526497],[5.6908774,43.1526995],[5.6909219,43.1527563],[5.6909662,43.1528598],[5.6909577,43.152963],[5.6909422,43.1530207],[5.6909816,43.1530872],[5.6910115,43.1531194],[5.6910956,43.1530945],[5.6911822,43.1530916],[5.6913051,43.1530922],[5.6914831,43.1530851],[5.6914824,43.1530348],[5.69153,43.1530086],[5.6916001,43.1530274],[5.6916789,43.1529979],[5.6917657,43.15292],[5.6916979,43.1527768],[5.6917076,43.1527212],[5.6916536,43.1526356],[5.691592,43.1525769],[5.6915163,43.1525171],[5.6915619,43.1525033],[5.6915948,43.1524938],[5.6915952,43.1524725],[5.6915599,43.1524498],[5.6915951,43.1524238],[5.6917092,43.1524128],[5.691797,43.1523896],[5.6918972,43.1523685],[5.691995,43.1523389],[5.6920717,43.1523064],[5.6920997,43.15227],[5.6922806,43.1522179],[5.6927516,43.1522891],[5.6928372,43.1521841],[5.693079,43.1521933],[5.6932979,43.1521495],[5.6932828,43.1520464],[5.6932363,43.1519472],[5.6932162,43.1518413],[5.6932056,43.1517441],[5.6932399,43.1515474],[5.6928126,43.1513284],[5.6925271,43.1514771],[5.69228,43.151312],[5.6922983,43.1511178],[5.6919837,43.1510667],[5.6918234,43.150874],[5.6919998,43.1508759],[5.6921088,43.1508948],[5.6922599,43.1508252],[5.6923871,43.150773],[5.6925133,43.1506614],[5.6928724,43.1506088],[5.6930867,43.1506802],[5.6932299,43.1507788],[5.6932537,43.1508774],[5.6932034,43.1510461],[5.6932671,43.1510987],[5.6933215,43.1511679],[5.6934373,43.1512395],[5.693501,43.1512269],[5.6935317,43.1511919],[5.6935399,43.1511617],[5.693543,43.1511313],[5.6935743,43.1511065],[5.6935704,43.1510651],[5.6935525,43.1510182],[5.6935652,43.1509747],[5.6935964,43.150932],[5.6936082,43.1508866],[5.6936184,43.1508474],[5.6936013,43.1508023],[5.6936321,43.1507662],[5.693682,43.150757],[5.6937119,43.1507773],[5.693763,43.1507767],[5.6938082,43.1507665],[5.6938525,43.1507362],[5.6938353,43.1507128],[5.6938563,43.1506843],[5.6938727,43.1506375],[5.6939492,43.1506488],[5.6940149,43.1506192],[5.6940872,43.1506097],[5.6941971,43.1505407],[5.6942091,43.1505115],[5.6942489,43.1505072],[5.6942801,43.1505055],[5.6943112,43.1504778],[5.6943253,43.1504377],[5.6943733,43.150412],[5.6943941,43.1503609],[5.6944283,43.1503079],[5.6944868,43.1502515],[5.6945522,43.1502143],[5.694624,43.1501645],[5.6946758,43.1501208],[5.6947446,43.1500935],[5.694801,43.1500673],[5.6948034,43.1500086],[5.6947928,43.1499289],[5.6947484,43.1498102],[5.6946769,43.1497521],[5.6946362,43.1496934],[5.6946174,43.1496312],[5.6946252,43.1495706],[5.6946571,43.1495161],[5.6947998,43.1494628],[5.694896,43.1494196],[5.6949947,43.1493746],[5.695059,43.1493202],[5.6951049,43.1492705],[5.695112,43.1491883],[5.6951064,43.149133],[5.6951618,43.1490848],[5.6952156,43.1490552],[5.6952996,43.1490502],[5.6953401,43.1489999],[5.6952732,43.1489169],[5.6951778,43.1488612],[5.6951316,43.1488275],[5.6950569,43.1487742],[5.6950225,43.148719],[5.6950372,43.1486475],[5.6950082,43.1486126],[5.6949452,43.1486085],[5.6948899,43.1486047],[5.6948443,43.148563],[5.6948434,43.1484963],[5.6948539,43.1484126],[5.6948437,43.1483782],[5.6947519,43.1483939],[5.694724,43.1483675],[5.6947227,43.1483331],[5.694732,43.1483021],[5.6947197,43.1482595],[5.6945846,43.1481516],[5.6943047,43.1479966],[5.6942396,43.1480103],[5.6941641,43.148024],[5.6940783,43.1480019],[5.6939383,43.1480052],[5.6938833,43.1479442],[5.6938719,43.1478913],[5.6938856,43.1478371],[5.693916,43.1478017],[5.6939171,43.147761],[5.6938798,43.1477129],[5.6938989,43.1476756],[5.6938714,43.1476402],[5.6938183,43.1476585],[5.6937583,43.1476605],[5.6936938,43.1476227],[5.693618,43.1475745],[5.6935413,43.1475155],[5.6934956,43.1474837],[5.6934257,43.1474794],[5.6933723,43.1474419],[5.6933133,43.147455],[5.6932846,43.1474877],[5.6932484,43.1474744],[5.6931698,43.1474793],[5.6931512,43.1474531],[5.6931937,43.1474272],[5.6932468,43.1473997],[5.6932407,43.1473646],[5.6932074,43.1473225],[5.6930483,43.1472483],[5.6930246,43.1472111],[5.6931112,43.1472139],[5.6931802,43.1472015],[5.693226,43.1471841],[5.6932786,43.1471577],[5.6933247,43.1471704],[5.6933603,43.1471672],[5.6933804,43.1471076],[5.693411,43.1471048],[5.6934567,43.1471243],[5.6935006,43.1471528],[5.693526,43.147191],[5.6935586,43.1472182],[5.6936003,43.1472363],[5.693687,43.1472046],[5.6936876,43.1471579],[5.6937276,43.1471437],[5.6937775,43.1471267],[5.6937947,43.1471583],[5.6938271,43.1471506],[5.6938307,43.1471163],[5.693882,43.1471377],[5.6938966,43.1472039],[5.6939186,43.1472018],[5.6939275,43.147167],[5.6939119,43.1471427],[5.6939152,43.147116],[5.6939623,43.1470794],[5.6940087,43.1470578],[5.694039,43.1470514],[5.6940811,43.1470794],[5.6941428,43.147082],[5.6943283,43.1470685],[5.6943155,43.147027],[5.6943499,43.1470176],[5.6943983,43.1470171],[5.6943936,43.1470396],[5.6944119,43.1470714],[5.6944488,43.1470665],[5.6944868,43.1470437],[5.6945498,43.1470528],[5.6945905,43.1469963],[5.6947265,43.146926],[5.6947246,43.1468772],[5.6947938,43.1468449],[5.6948773,43.1468264],[5.6949297,43.1468258],[5.6949699,43.1468253],[5.6950223,43.1468246],[5.695014,43.146772],[5.6949491,43.1467052],[5.6949794,43.1466679],[5.6949368,43.1466008],[5.6948584,43.14659],[5.6947489,43.1465793],[5.6946181,43.1465727],[5.6945294,43.1466112],[5.6944647,43.1466346],[5.6944094,43.1466225],[5.6943638,43.1465827],[5.6943053,43.1465621],[5.6942925,43.146522],[5.6943256,43.1464959],[5.6943786,43.1464922],[5.6944169,43.1464673],[5.6944105,43.1464397],[5.6944195,43.1464082],[5.6944519,43.1463821],[5.6944851,43.1463874],[5.6945064,43.146365],[5.6945235,43.1463425],[5.694592,43.1463138],[5.6945156,43.146303],[5.6944251,43.146316],[5.6943408,43.1462948],[5.6942793,43.1463025],[5.6942183,43.1463061],[5.6941688,43.1462932],[5.6941384,43.1462433],[5.6939514,43.146217],[5.6938213,43.1461769],[5.6937271,43.1461461],[5.6936738,43.1461075],[5.6936353,43.1461165],[5.6935616,43.1461719],[5.6935075,43.1462007],[5.6934702,43.1462101],[5.6934175,43.1462253],[5.6933553,43.1461835],[5.6933647,43.1461484],[5.6933388,43.1461122],[5.6933411,43.1460672],[5.6932944,43.1460474],[5.6932702,43.1461069],[5.6932313,43.1461221],[5.693189,43.146099],[5.6931607,43.1460539],[5.6931385,43.1460178],[5.6931142,43.1458997],[5.6931611,43.1458816],[5.6932292,43.1459086],[5.6932433,43.1458549],[5.6933071,43.1457939],[5.6934908,43.1458063],[5.6935105,43.1458453],[5.6935664,43.1458968],[5.6936272,43.1458948],[5.6936762,43.1458784],[5.6937523,43.1458459],[5.6937984,43.1458534],[5.6938502,43.1458164],[5.6939437,43.1457641],[5.6939453,43.1457317],[5.6940421,43.1457389],[5.6941145,43.1457448],[5.6941443,43.145735],[5.694142,43.1457093],[5.694112,43.1456759],[5.6940817,43.1456198],[5.6940481,43.1456081],[5.6940267,43.1455684],[5.6940179,43.1455391],[5.6939968,43.1454928],[5.6939927,43.1454548],[5.6940331,43.1454168],[5.6940712,43.1453774],[5.6941374,43.1453344],[5.6941974,43.1453242],[5.6942376,43.1453526],[5.6942539,43.1453832],[5.6942889,43.1453797],[5.6943212,43.1453084],[5.6942872,43.1452515],[5.6943127,43.1451952],[5.6943889,43.1451288],[5.6944853,43.1451079],[5.6945623,43.1450755],[5.6946153,43.1450654],[5.6946444,43.1450357],[5.6946826,43.1449931],[5.6947133,43.1449623],[5.6946725,43.1449017],[5.6946653,43.1448448],[5.6946611,43.1447768],[5.6946974,43.1447455],[5.6947145,43.144715],[5.6946919,43.1446918],[5.694687,43.1446605],[5.6947045,43.1446118],[5.6946978,43.144573],[5.6947151,43.144532],[5.6947682,43.1445285],[5.6948278,43.1445282],[5.6948767,43.1445478],[5.6949558,43.144534],[5.6950475,43.1444975],[5.695093,43.1444328],[5.6951238,43.1443395],[5.6950302,43.1441514],[5.6949323,43.1440453],[5.6949137,43.1439252],[5.6948796,43.1438209],[5.6949703,43.14376],[5.6950685,43.1437031],[5.6951806,43.1436377],[5.695305,43.1435901],[5.695448,43.1435559],[5.6955183,43.1435721],[5.695643,43.1435894],[5.6957707,43.1436308],[5.6958844,43.1436054],[5.6959515,43.1435361],[5.6959608,43.1434678],[5.696041,43.1434612],[5.6960896,43.1434927],[5.6962524,43.1434747],[5.6965531,43.143441],[5.6968291,43.1433964],[5.6972373,43.1433813],[5.6974133,43.1434514],[5.6974358,43.1434843],[5.6975428,43.1435451],[5.6976171,43.1436424],[5.6977432,43.1436242],[5.6978019,43.143678],[5.6978317,43.1437667],[5.6979805,43.1437819],[5.6981122,43.143796],[5.6982311,43.1438671],[5.6983448,43.1438667],[5.6985004,43.1438119],[5.6986243,43.1438502],[5.6986529,43.1439094],[5.6986157,43.14398],[5.6986975,43.1440586],[5.6988075,43.1439584],[5.6989722,43.1438993],[5.6991132,43.1438344],[5.6992693,43.1438269],[5.6994163,43.143862],[5.6996132,43.1438044],[5.6998409,43.1436933],[5.699996,43.1437142],[5.7002076,43.1436085],[5.7004104,43.143652],[5.7006349,43.1436389],[5.7008122,43.1435668],[5.701031,43.1435349],[5.7011692,43.1435328],[5.7013188,43.1435897],[5.7014438,43.1435939],[5.7015484,43.1434903],[5.7016769,43.1434911],[5.7017037,43.1436136],[5.7017885,43.1436539],[5.7018877,43.1435692],[5.7020393,43.1435488],[5.7021176,43.1436095],[5.7021844,43.1436847],[5.7022321,43.143768],[5.7022924,43.1438163],[5.7023917,43.1439704],[5.7025373,43.1440796],[5.7026766,43.1440727],[5.7028158,43.1439986],[5.7029536,43.1440289],[5.7030273,43.1440819],[5.7030378,43.1441589],[5.7030971,43.144214],[5.7031821,43.1442234],[5.7032092,43.1441608],[5.7033176,43.1441937],[5.7033227,43.1442675],[5.7033766,43.1443389],[5.703423,43.1443645],[5.7034952,43.1443309],[5.7035689,43.144363],[5.7035719,43.1444055],[5.7037707,43.1445324],[5.7039322,43.1446684],[5.70414,43.1447984],[5.7040978,43.1448675],[5.7043346,43.1450327],[5.7044353,43.1450342],[5.7045952,43.1449515],[5.7047623,43.145036],[5.7048291,43.1452285],[5.7050155,43.1452599],[5.7050796,43.1453348],[5.7050875,43.145431],[5.7051993,43.1454025],[5.7053297,43.1454053],[5.7055072,43.1453643],[5.7056242,43.1452758],[5.7057805,43.145145],[5.705976,43.1452151],[5.7061593,43.1451895],[5.7062968,43.1451818],[5.7063769,43.145069],[5.7064262,43.1449997],[5.7065815,43.1449138],[5.7067576,43.144754],[5.7068382,43.144695],[5.7069793,43.1446772],[5.7073073,43.1447285],[5.7073868,43.1448357],[5.7074605,43.1447647],[5.7076938,43.1447347],[5.7076504,43.1449671],[5.707943,43.1449694],[5.7079113,43.1451227],[5.7077459,43.1454205],[5.7076048,43.1455836],[5.7076307,43.1456848],[5.7075535,43.1458297],[5.707485,43.1459273],[5.7074088,43.146047],[5.7075074,43.1461899],[5.7075601,43.1463245],[5.7074754,43.1464972],[5.7075088,43.1465582],[5.7075458,43.146626],[5.7077451,43.1467326],[5.7079245,43.1466681],[5.7081282,43.1465846],[5.7084844,43.1465816],[5.7087643,43.1466111],[5.7090497,43.14657],[5.7090206,43.1466847],[5.7090853,43.1467054],[5.7091621,43.146872],[5.7092706,43.147098],[5.7092744,43.1471936],[5.7093904,43.1473191],[5.7096764,43.147354],[5.7100596,43.147212],[5.7100432,43.1470593],[5.7100308,43.1469606],[5.7100137,43.1467873],[5.7100973,43.1466298],[5.7101379,43.1464272],[5.7101675,43.1462736],[5.710084,43.146193],[5.7100972,43.1460758],[5.7100531,43.1459934],[5.7099697,43.1458376],[5.709833,43.1457379],[5.7097833,43.1455023],[5.7096429,43.1454705],[5.70975,43.1452411],[5.7097117,43.1451583],[5.7097748,43.1450783],[5.7099985,43.1450342],[5.7103158,43.144982],[5.7101933,43.1448496],[5.7103256,43.1445095],[5.7103949,43.1444823],[5.7104887,43.1444756],[5.7105598,43.1445147],[5.7106121,43.1445363],[5.7106094,43.1445206],[5.7105571,43.1444687],[5.7104941,43.1444208],[5.7105021,43.1443905],[5.7105504,43.1443895],[5.7106188,43.1444365],[5.7106805,43.1444609],[5.7107247,43.1444658],[5.7106993,43.1444228],[5.7107314,43.1443738],[5.7108065,43.1443846],[5.710883,43.1444453],[5.7109737,43.1444679],[5.7109863,43.144505],[5.7109943,43.1445451],[5.7110184,43.1445803],[5.7110954,43.1445641],[5.7111248,43.1445912],[5.7111016,43.1446077],[5.7110855,43.1446742],[5.7111298,43.1446948],[5.7111593,43.144683],[5.7112398,43.1447178],[5.7112598,43.1448069],[5.7112323,43.1448469],[5.711223,43.1448939],[5.7112773,43.1449404],[5.7113571,43.1449551],[5.7114583,43.1449531],[5.7115147,43.1449507],[5.7114919,43.1449081],[5.7115053,43.1448836],[5.7115716,43.1448602],[5.7115777,43.1448283],[5.7116092,43.1448191],[5.711638,43.1448332],[5.7116749,43.1448367],[5.7116719,43.1448159],[5.7116972,43.1448094],[5.7117178,43.1448146],[5.7117306,43.1448513],[5.7117527,43.1448484],[5.7117527,43.1448142],[5.7117715,43.1448029],[5.7117798,43.1447882],[5.7119084,43.1447551],[5.712049,43.1447992],[5.7121188,43.1448859],[5.7121392,43.1450388],[5.7121421,43.1452424],[5.7121946,43.1455358],[5.712334,43.1457682],[5.7124091,43.1457275],[5.7126745,43.1458644],[5.7127661,43.145943],[5.7129133,43.1458814],[5.7129555,43.1459949],[5.7131929,43.1461582],[5.7132654,43.1461153],[5.7134831,43.1462443],[5.7136818,43.1463042],[5.7137163,43.1463741],[5.7139077,43.1463724],[5.7142059,43.1464812],[5.7146158,43.1466443],[5.71474,43.1467803],[5.714914,43.1469615],[5.715063,43.1471247],[5.7152494,43.1473241],[5.7153363,43.147451],[5.7155729,43.1476408],[5.715726,43.1475704],[5.7157771,43.1477316],[5.7159518,43.1477648],[5.7159397,43.1479025],[5.7161709,43.1481056],[5.7164917,43.1482395],[5.7166895,43.1482912],[5.7168935,43.148156],[5.7170659,43.1480729],[5.7172595,43.1479826],[5.7174363,43.1478655],[5.7174198,43.147758],[5.7175399,43.1477607],[5.7175612,43.1477285],[5.7176551,43.1475868],[5.7178232,43.1475357],[5.7179944,43.1471116],[5.7181039,43.1471835],[5.7181136,43.1472173],[5.7181028,43.1472521],[5.7181136,43.1472795],[5.7181491,43.1472868],[5.7181672,43.1472795],[5.7181786,43.1473064],[5.7182182,43.1473064],[5.7182752,43.1473313],[5.7182899,43.1473475],[5.7183684,43.1473475],[5.7184099,43.14737],[5.7184166,43.1474311],[5.7184039,43.1474698],[5.7184334,43.147481],[5.7184629,43.1474458],[5.718477,43.1474375],[5.7185414,43.1474434],[5.7185467,43.1474257],[5.7184978,43.147413],[5.718481,43.1473935],[5.7185085,43.147321],[5.7184777,43.1472966],[5.7184911,43.1472389],[5.7184924,43.1472198],[5.7184502,43.1471836],[5.7184629,43.1471606],[5.7184998,43.1471557],[5.7186306,43.147277],[5.7187023,43.1473572],[5.7187419,43.1473685],[5.7187586,43.1473607],[5.7188156,43.1473915],[5.7188921,43.1474155],[5.7189169,43.1474409],[5.7189898,43.1475929],[5.7190532,43.1476012],[5.7194051,43.1474779],[5.7196768,43.1473128],[5.7198816,43.1471709],[5.7199636,43.1469353],[5.720008,43.1468616],[5.7200913,43.1467187],[5.7199944,43.1465701],[5.7200191,43.1464312],[5.7200734,43.1463447],[5.7201198,43.146209],[5.7199717,43.1461019],[5.7199507,43.1461582],[5.7197848,43.1461053],[5.7197206,43.1460289],[5.7196101,43.1458805],[5.7195611,43.1458002],[5.7194884,43.1457381],[5.7194253,43.1456631],[5.7194466,43.1455652],[5.7195488,43.1453467],[5.7196345,43.1454112],[5.7197431,43.1455812],[5.7198941,43.1457536],[5.7199791,43.1460708],[5.7200118,43.1460178],[5.7203233,43.1459194],[5.7206115,43.1457052],[5.7206251,43.1456232],[5.720703,43.1455748],[5.7205698,43.1452787],[5.720609,43.1452135],[5.7207554,43.1450977],[5.7208761,43.1449528],[5.7209641,43.1447846],[5.7209468,43.1446096],[5.7209929,43.1444262],[5.7210795,43.1442947],[5.7212103,43.1441285],[5.721178,43.1438651],[5.7211489,43.1437204],[5.7211989,43.1435562],[5.7210497,43.1432956],[5.7210563,43.1430378],[5.72127,43.1429624],[5.7212329,43.1427295],[5.7212449,43.1424445],[5.72114,43.1422351],[5.7210756,43.1421101],[5.7210382,43.1419907],[5.721134,43.1418723],[5.7210571,43.1418504],[5.7210483,43.1415444],[5.7211152,43.1411871],[5.7213286,43.1410841],[5.7215873,43.1407899],[5.7218437,43.1409628],[5.7220073,43.140896],[5.7221398,43.1408389],[5.7221755,43.1406675],[5.7221071,43.1404457],[5.7221835,43.1403877],[5.7221461,43.1402799],[5.7222506,43.1401311],[5.7223678,43.1401045],[5.7225535,43.140059],[5.7226985,43.1400589],[5.7226952,43.1400313],[5.7225272,43.1398486],[5.7225743,43.1396822],[5.722685,43.139606],[5.7226461,43.1394607],[5.7227188,43.1391021],[5.7228891,43.1389747],[5.7232007,43.1389583],[5.7233952,43.13886],[5.7235301,43.1387398],[5.7236574,43.1386354],[5.723703,43.1385758],[5.7236884,43.138501],[5.7236721,43.1384463],[5.7236512,43.1383599],[5.7236172,43.1382899],[5.7234272,43.1382073],[5.7232674,43.1381043],[5.7232098,43.1380146],[5.7232387,43.1376687],[5.7233532,43.1374792],[5.7232608,43.137386],[5.7233011,43.1372643],[5.7236174,43.1372827],[5.7237967,43.1372261],[5.7239863,43.1371534],[5.7240849,43.1370718],[5.7241858,43.136968],[5.7241713,43.136839],[5.7241675,43.1367109],[5.7240688,43.136438],[5.724099,43.1363144],[5.7242876,43.1362671],[5.7245777,43.1363217],[5.7251665,43.1362614],[5.7256851,43.1363118],[5.7257438,43.1363926],[5.7257005,43.1364812],[5.7257194,43.1365516],[5.7258149,43.1366414],[5.7259043,43.1367016],[5.7259667,43.1367315]]}},{"type":"Feature","properties":{},"geometry":{"type":"LineString","coordinates":[[5.9303874,43.1172026],[5.9299881,43.1175019],[5.9299636,43.117521]]}},{"type":"Feature","properties":{},"geometry":{"type":"LineString","coordinates":[[5.9285472,43.121099],[5.9291827,43.1207702],[5.9292379,43.1207483],[5.9292891,43.1207455],[5.9293353,43.1207516],[5.9293773,43.1207739],[5.9296339,43.1210367],[5.9296743,43.1210782],[5.9297121,43.1211169],[5.9312493,43.1203208],[5.931165,43.1201976],[5.9317344,43.1199083],[5.9318626,43.1200035],[5.932204,43.1198281],[5.9325932,43.1196397],[5.9330638,43.1193979],[5.933316,43.1192689],[5.9333591,43.1192485],[5.9334452,43.1192029],[5.9337839,43.1190275],[5.9337953,43.119005],[5.9344352,43.1186783]]}},{"type":"Feature","properties":{},"geometry":{"type":"LineString","coordinates":[[5.928937,43.1180791],[5.9287637,43.1181402],[5.9284492,43.118235],[5.9283752,43.1182276],[5.928301,43.1182201],[5.9279293,43.1183146],[5.9275903,43.1184008],[5.9275153,43.1184199],[5.9274845,43.1184476],[5.9274708,43.1184874],[5.9274776,43.1185333],[5.9278058,43.1192137],[5.9278293,43.1192109],[5.9281798,43.1198755],[5.92822,43.1198805],[5.9281546,43.120286],[5.9280947,43.120657],[5.9282564,43.1208404],[5.9282999,43.1208177],[5.9285472,43.121099]]}},{"type":"Feature","properties":{},"geometry":{"type":"LineString","coordinates":[[5.9304155,43.1171811],[5.9303874,43.1172026]]}},{"type":"Feature","properties":{},"geometry":{"type":"LineString","coordinates":[[5.9299948,43.1023787],[5.9303604,43.1025001],[5.9307924,43.1026489],[5.9309753,43.1025834],[5.9309671,43.1027217],[5.9311648,43.1029073],[5.9314191,43.1031136],[5.9316734,43.1033405],[5.9318994,43.1034849],[5.9322512,43.1036727],[5.9325353,43.103818],[5.9330838,43.1039131],[5.9331835,43.1040161],[5.933353,43.104178],[5.9335282,43.1042808],[5.9336283,43.1043798],[5.9337542,43.1045242],[5.9338814,43.1046046],[5.9339879,43.1047233],[5.9339927,43.1047866],[5.934062,43.104879],[5.9341391,43.104924],[5.9342326,43.1049817],[5.9343359,43.1049889],[5.9348377,43.1051124],[5.9348961,43.105249],[5.935033,43.1053505],[5.935418,43.1055487],[5.9355418,43.1057785],[5.9357224,43.1059532],[5.9359619,43.1061277],[5.9367108,43.1060799],[5.9367181,43.1061827],[5.9362969,43.1062121],[5.9359686,43.1062365],[5.9360855,43.1068172],[5.9364511,43.1069917],[5.9369409,43.1070062],[5.9369296,43.1070651],[5.937299,43.1070808],[5.9373024,43.107017],[5.937316,43.1070177],[5.9374219,43.1070231],[5.9381138,43.1070581],[5.9383064,43.107103],[5.9384366,43.1069471],[5.9382958,43.1067613],[5.9381098,43.1065556],[5.9369233,43.1058885],[5.9370302,43.1058013],[5.9377507,43.1062225],[5.9382545,43.1065112],[5.9385073,43.1067625],[5.9385346,43.1067346],[5.9386183,43.1066895],[5.938666,43.1066772],[5.9387168,43.1066685],[5.9388054,43.1066605],[5.938899,43.1066648],[5.9389916,43.1066895],[5.9390642,43.1067273],[5.9391369,43.1067862],[5.9391648,43.1068233],[5.9391942,43.1068685],[5.9391991,43.1069085],[5.9391504,43.1070107],[5.9390066,43.1069733],[5.9390001,43.1070095],[5.938988,43.1070767],[5.9389874,43.10708],[5.9391189,43.1072608],[5.939261,43.1073937],[5.9394115,43.1074528],[5.9394218,43.1074559],[5.9397782,43.1075635],[5.939972,43.1072607],[5.9400474,43.1072668],[5.940092,43.1072963],[5.9399044,43.1076048],[5.9399283,43.1076494],[5.9400217,43.1077279],[5.9402867,43.1077347],[5.9408136,43.1078384],[5.9411018,43.1078412],[5.9413015,43.1078001],[5.9414921,43.1077221],[5.9416306,43.1076227],[5.9416833,43.1075659],[5.941712,43.1075068],[5.9414613,43.1073843],[5.9415273,43.1073364],[5.9417068,43.1073772],[5.9417144,43.107115],[5.9415805,43.1070728],[5.9414573,43.1070306],[5.9413888,43.1070561],[5.9413736,43.1070373],[5.9413358,43.1069887],[5.9421425,43.1067145],[5.9421906,43.1067996],[5.9420307,43.1068584],[5.9421064,43.1069257],[5.942182,43.1069585],[5.9423425,43.1069782],[5.9425362,43.1069516],[5.9427304,43.1068564],[5.942862,43.106774],[5.9429895,43.106674],[5.9430485,43.1066137],[5.9431028,43.1065123],[5.9431236,43.1063995],[5.9430789,43.1061836],[5.9424041,43.1059935],[5.9422955,43.1059392],[5.9423881,43.1058173],[5.9425646,43.1058221],[5.9429805,43.1059585],[5.9437301,43.1061719],[5.9437983,43.1061287],[5.9438516,43.1061419],[5.9439209,43.1061644],[5.9438571,43.1062387],[5.9440829,43.106309],[5.9443739,43.1063858],[5.9444678,43.1064512],[5.9443652,43.1065819],[5.9439478,43.1064664],[5.94388,43.1065178],[5.9438364,43.1065929],[5.943812,43.1066972],[5.9438242,43.106799],[5.9438771,43.1069068],[5.9439984,43.1070633],[5.9442733,43.1072424],[5.944556,43.1073658],[5.9449918,43.1074661],[5.9452269,43.1074815],[5.9454198,43.1074815],[5.9455677,43.1074699],[5.9456971,43.1074506],[5.9460855,43.1073426],[5.9463768,43.1071805],[5.9466353,43.106958],[5.9467036,43.1068149],[5.9467149,43.106663],[5.9466723,43.1065738],[5.9459907,43.1064965],[5.9459135,43.1064025],[5.946026,43.1063244],[5.9476129,43.1065153],[5.947673,43.1066219],[5.94757,43.1066845],[5.9471985,43.1066345],[5.9471062,43.106776],[5.9471169,43.1068847],[5.9471479,43.1069935],[5.9472603,43.1071249],[5.9474515,43.1072583],[5.9477805,43.1073938],[5.9480954,43.1074554],[5.9482528,43.1074615],[5.9485557,43.1074433],[5.9488234,43.1074096],[5.9490485,43.107322],[5.9493948,43.1072246],[5.9494936,43.107052],[5.9495493,43.1069187],[5.9494281,43.1067554],[5.9495153,43.1065861],[5.9494571,43.1064473],[5.9491198,43.1062696],[5.94911,43.1061909],[5.949244,43.1061567],[5.949668,43.106311],[5.9497914,43.1063933],[5.9500167,43.1064652],[5.9501763,43.1065127],[5.9504899,43.1066528],[5.9507811,43.1066669],[5.9508629,43.1066845],[5.9509434,43.1066757],[5.9511258,43.1066777],[5.9514128,43.1066767],[5.9517997,43.1066878],[5.9520176,43.1066909],[5.9521704,43.1066889],[5.9522691,43.106735],[5.9524614,43.1068424],[5.952774,43.106735],[5.9531931,43.1066028],[5.9539656,43.1063551],[5.9542163,43.1062748],[5.9543967,43.1062288],[5.9544847,43.1062112],[5.9545245,43.1062209],[5.9545728,43.1062571],[5.9545964,43.106305],[5.9545825,43.1063132],[5.9546508,43.1064151],[5.9547159,43.106507],[5.9545829,43.10654],[5.9547188,43.1067568],[5.9547691,43.1068358],[5.9547137,43.1069369],[5.9546886,43.1069773],[5.9546483,43.1070563],[5.9546307,43.1070894],[5.9545275,43.107071],[5.9542306,43.1069755],[5.9541651,43.1070618],[5.9540645,43.1072198],[5.9540343,43.10733],[5.9540443,43.1074201],[5.9541148,43.1075946],[5.9542532,43.1077177],[5.9544368,43.1078343],[5.9548093,43.1079639],[5.9551868,43.1081072],[5.9557782,43.1082928],[5.9564625,43.1084148],[5.9572599,43.1082209],[5.9573334,43.1081726],[5.9575389,43.108023],[5.9577327,43.1077601],[5.958019,43.1074973],[5.9582405,43.107322],[5.9584436,43.1072007],[5.9587391,43.1070928],[5.9589367,43.1071137],[5.9591344,43.1071687],[5.9597122,43.107148],[5.9597809,43.1071827],[5.9598494,43.1071939],[5.9598934,43.107201],[5.9600424,43.1071718],[5.9601346,43.1071848],[5.96048,43.1071206],[5.9609034,43.1070588],[5.9610449,43.1071014],[5.9616656,43.1071756],[5.9627101,43.1071275],[5.9630489,43.107045],[5.9636511,43.1067222],[5.9641498,43.1064817],[5.9645356,43.1062481],[5.9646862,43.1061932],[5.9651661,43.1061588],[5.9656174,43.106047],[5.9656648,43.1060352],[5.9661071,43.1058634],[5.9668881,43.1054237],[5.9674472,43.1051576],[5.9676315,43.1048535],[5.9675089,43.1047821],[5.9673099,43.1046711],[5.9672219,43.104571],[5.9673192,43.1044811],[5.9672936,43.1043679],[5.9674105,43.1041567],[5.9675288,43.1041427],[5.9676053,43.1041819],[5.9676576,43.1041349],[5.9676095,43.1040986],[5.9676468,43.1040477],[5.9676602,43.1038597],[5.9679177,43.1037931],[5.9679158,43.1037072],[5.9681595,43.1036565],[5.9683043,43.1037643],[5.9683427,43.1039249],[5.9682101,43.1039694],[5.9682525,43.1040191],[5.9682327,43.1040883],[5.9681228,43.1041569],[5.9681715,43.1041975],[5.9681364,43.1042322],[5.9681911,43.1042725],[5.9683373,43.1041746],[5.9684672,43.1041775],[5.9685118,43.1041401],[5.9685614,43.1041237],[5.9686853,43.1041458],[5.9687427,43.1042059],[5.96865,43.1042794],[5.968686,43.1043961],[5.9686669,43.1044856],[5.968604,43.1045681],[5.9687505,43.1045496],[5.9687969,43.1045937],[5.9688355,43.1045237],[5.9689234,43.1044221],[5.9690421,43.1043608],[5.9691898,43.104343],[5.9693289,43.104447],[5.969457,43.1044434],[5.9694814,43.1044667],[5.969675,43.1044589],[5.9698335,43.104561],[5.9700254,43.1045613],[5.9703333,43.1046804],[5.9704652,43.1048076],[5.9702607,43.104927],[5.9702828,43.1050538],[5.9703607,43.1051604],[5.9704739,43.1051072],[5.9705259,43.1051104],[5.9706897,43.1050733],[5.9707754,43.1051246],[5.9708805,43.1053673],[5.9710536,43.1053342],[5.9710137,43.1051451],[5.9710606,43.1049424],[5.9712732,43.1047508],[5.9712863,43.1046417],[5.9713954,43.1045375],[5.9715339,43.1045058],[5.9716952,43.1043518],[5.9717855,43.1044208],[5.9719274,43.1043214],[5.9720231,43.1043204],[5.9721522,43.1044146],[5.9722463,43.1044353],[5.9722839,43.1046206],[5.9722249,43.1047471],[5.9721011,43.1047848],[5.9721033,43.1050846],[5.9721683,43.1051251],[5.9721175,43.1052395],[5.9720094,43.1054381],[5.9720135,43.1055713],[5.9719611,43.1056237],[5.9718338,43.1056633],[5.9716898,43.1056545],[5.9714288,43.105774],[5.9715038,43.1057836],[5.9715138,43.1059714],[5.9714301,43.106007],[5.9714288,43.106099],[5.97141,43.1061304],[5.9714194,43.1061862],[5.971364,43.1062443],[5.971435,43.1064127],[5.9715928,43.1065785],[5.9717595,43.1067038],[5.9719431,43.106792],[5.9722285,43.1069292],[5.9723146,43.1070662],[5.9725012,43.1071753],[5.9726398,43.1072191],[5.9729099,43.1073437],[5.9731474,43.1074787],[5.9733374,43.1075192],[5.9735478,43.1075718],[5.9737113,43.1075716],[5.9737717,43.1075863],[5.9738143,43.1076165],[5.9740412,43.1076568],[5.9741338,43.1077425],[5.974414,43.1077606],[5.9744556,43.1078046],[5.9745119,43.1078144],[5.9745616,43.1077782],[5.9745951,43.1078115],[5.9748687,43.1078296],[5.9751114,43.107835],[5.9751798,43.1078056],[5.975488,43.1077885],[5.9759582,43.1077101],[5.976246,43.1076118],[5.9762896,43.1076],[5.9763432,43.1076093],[5.9764666,43.1075574],[5.9765206,43.1075246],[5.9765766,43.107505],[5.9767348,43.1074292],[5.976761,43.107389],[5.9769852,43.1072515],[5.9773717,43.1068862]]}},{"type":"Feature","properties":{},"geometry":{"type":"LineString","coordinates":[[5.9299636,43.117521],[5.9296897,43.117728]]}},{"type":"Feature","properties":{},"geometry":{"type":"LineString","coordinates":[[5.9296897,43.117728],[5.9296659,43.1177463],[5.9296517,43.1177476],[5.9296339,43.1177583],[5.929599,43.1177576],[5.9295699,43.1177488],[5.9295541,43.1177329],[5.9294482,43.1176403],[5.9292598,43.1174853],[5.9291911,43.1172056]]}},{"type":"Feature","properties":{},"geometry":{"type":"LineString","coordinates":[[6.1470488,43.0241863],[6.1469994,43.024156],[6.1470127,43.0241127],[6.1470971,43.0240863],[6.1471664,43.0240496],[6.1472596,43.0240271],[6.1473428,43.0240589],[6.1475734,43.0240678],[6.1474257,43.0241382],[6.1474742,43.0241795],[6.1476296,43.0241393],[6.1476713,43.0240923],[6.1477263,43.0240805],[6.1477344,43.0241364],[6.147871,43.024254],[6.1478122,43.0242825],[6.1478068,43.0243119],[6.1478402,43.0244137],[6.1479379,43.0244922],[6.1480469,43.0244736],[6.1480922,43.0245255],[6.1480338,43.0245895],[6.1478138,43.0245777],[6.1476438,43.024482],[6.1476153,43.0244208],[6.1475627,43.0243639],[6.1475044,43.0243526],[6.1474548,43.0243653],[6.1474423,43.0244037],[6.1473535,43.0244178],[6.147183,43.0243883],[6.1471454,43.0243177],[6.147159,43.0242246],[6.1472261,43.0241776],[6.1472103,43.0241218],[6.1470488,43.0241863]]}},{"type":"Feature","properties":{},"geometry":{"type":"LineString","coordinates":[[6.1477783,43.0235718],[6.1477102,43.0235785],[6.1476485,43.0236736],[6.1475641,43.0237197],[6.1475362,43.0237202],[6.1475131,43.0237246],[6.1474273,43.0237521],[6.147324,43.0237677],[6.1472966,43.0238168],[6.1473439,43.0240565],[6.1472623,43.0240251],[6.1472247,43.0238441],[6.147155,43.0238236],[6.1470387,43.0238163],[6.1469501,43.0237957],[6.1468305,43.0237854],[6.1467207,43.0237993],[6.1466588,43.0237677],[6.1466432,43.0236573],[6.1464399,43.0235497],[6.146393,43.0234678],[6.146245,43.0233472],[6.1463383,43.0231716],[6.146421,43.0231321],[6.1464791,43.0231344],[6.1465325,43.0230968],[6.1467823,43.0230583],[6.1468611,43.0230951],[6.1470155,43.0231069],[6.1470732,43.0231442],[6.1471832,43.0231618],[6.1472918,43.0231422],[6.1473897,43.0231481],[6.1474565,43.0231329],[6.1477311,43.0231515],[6.1478229,43.0232069],[6.1479752,43.0232312],[6.1480463,43.0232965],[6.1479925,43.0233527],[6.1480216,43.0234344],[6.1478618,43.0235364],[6.147969,43.0237118],[6.1479543,43.0238638],[6.1480053,43.023908],[6.1479712,43.0239509],[6.1478655,43.0239115],[6.1478497,43.0238354],[6.1478711,43.0236981],[6.1477783,43.0235718]]}},{"type":"Feature","properties":{},"geometry":{"type":"LineString","coordinates":[[5.9344352,43.1186783],[5.9339985,43.1181201],[5.933681,43.1180892],[5.9336612,43.1180873],[5.9332681,43.1180582],[5.9328407,43.1180246],[5.9324306,43.1179894],[5.9324069,43.1179893],[5.9323325,43.1179357],[5.9322578,43.1178819],[5.9312698,43.1172503],[5.9305919,43.1170476],[5.9304434,43.1171561],[5.9304155,43.1171811]]}},{"type":"Feature","properties":{},"geometry":{"type":"LineString","coordinates":[[5.9021845,43.0922956],[5.9028019,43.0925141],[5.9029555,43.0925996],[5.9033752,43.0927263],[5.9043184,43.0928672],[5.9043743,43.0927674],[5.9044253,43.0927814],[5.9043995,43.0928412],[5.9044463,43.0928911],[5.9046147,43.0929604],[5.9049837,43.0931622],[5.9050629,43.093187],[5.9052545,43.0931396],[5.9053575,43.0931262],[5.9053786,43.093104],[5.9056195,43.0931219],[5.9057302,43.0931232],[5.9057243,43.0931535],[5.9055387,43.0931373],[5.9055374,43.0931448],[5.9054789,43.093157],[5.9054189,43.0932117],[5.9053576,43.093352],[5.9053718,43.0933708],[5.9055388,43.0934189],[5.9058674,43.0934684],[5.9061532,43.0934697],[5.9061965,43.093431],[5.9061815,43.0932252],[5.9061281,43.0931714],[5.9059193,43.0931748],[5.9059003,43.0931625],[5.9058926,43.0930108],[5.905943,43.0930162],[5.9060166,43.0931006],[5.9064768,43.0932096],[5.9069727,43.0929959],[5.9071364,43.0928961],[5.9079872,43.092934],[5.9089958,43.0931272],[5.9097847,43.0932719],[5.9100158,43.0932675],[5.9101439,43.0932228],[5.9104617,43.0932599],[5.9106475,43.0935009],[5.9103823,43.0936117],[5.9104549,43.0937092],[5.9105195,43.0937545],[5.9105753,43.0938724],[5.9106102,43.094012],[5.9109191,43.0942781],[5.9112679,43.0943169],[5.9112159,43.0945952],[5.9108198,43.0947958],[5.9108214,43.0949046],[5.9107828,43.0950008],[5.9106572,43.0948659],[5.9104466,43.0949114],[5.910196,43.0949731],[5.9101244,43.094972],[5.9092525,43.0951367],[5.9092029,43.0950848],[5.9091301,43.0950696],[5.9090541,43.0950888],[5.908969,43.095128],[5.908862,43.0951948],[5.9087685,43.0951405],[5.9085865,43.0952148],[5.908435,43.0953053],[5.9083112,43.0954033],[5.9082851,43.0954548],[5.9083329,43.0954678],[5.9083387,43.0954976],[5.9083068,43.0955219],[5.9082365,43.0955474],[5.9082228,43.0955252],[5.9082425,43.0954675],[5.9081627,43.0954677],[5.9080774,43.0954887],[5.9080063,43.0955234],[5.9079169,43.0955775],[5.9078012,43.0957215],[5.9075549,43.0962512],[5.9075486,43.0962649],[5.9075194,43.0963276],[5.9074216,43.0968279],[5.9073848,43.0974277],[5.907366,43.0979353],[5.9074751,43.0984284],[5.907575,43.0986979],[5.9077568,43.0990373],[5.9079691,43.0992073],[5.90872,43.0994378],[5.9091602,43.0995816],[5.9095322,43.0997423],[5.9096681,43.0997341],[5.9100153,43.0997889],[5.9100589,43.0998207],[5.9103272,43.0999553],[5.9104985,43.1001696],[5.9106018,43.100325],[5.910602,43.10053],[5.9103328,43.1006765],[5.9097983,43.1008419],[5.9096204,43.1007672],[5.9093181,43.1007735],[5.9090892,43.1008352],[5.9090565,43.1008474],[5.9088779,43.1009293],[5.9086594,43.1010884],[5.9085502,43.1011568],[5.908197,43.101187],[5.9081193,43.1013047],[5.9081669,43.1013624],[5.9074628,43.1016759],[5.9074272,43.1016331],[5.9069806,43.1018431],[5.906965,43.1018862],[5.9070125,43.1021049],[5.9069861,43.1021022],[5.9068823,43.1018051],[5.9067071,43.1018364],[5.9066678,43.101907],[5.9066932,43.1020423],[5.9068901,43.1023982],[5.9068423,43.1025606],[5.9067561,43.1026593],[5.9066952,43.1026583],[5.906619,43.1026029],[5.9065999,43.1025586],[5.9066401,43.1025372],[5.9066494,43.1023237],[5.9065583,43.1022783],[5.9064808,43.1022722],[5.9061827,43.1024168],[5.9063481,43.102642],[5.906474,43.1027485],[5.9065016,43.102831],[5.9064497,43.1028654],[5.9063097,43.1028046],[5.9061787,43.1026582],[5.9060113,43.1024248],[5.9043827,43.1032387],[5.9047227,43.1035921],[5.9046738,43.1036141],[5.9043385,43.1032645],[5.9042219,43.1033225],[5.9044868,43.1036013],[5.9044421,43.1036196],[5.904173,43.1033412],[5.9041505,43.1033502],[5.903918,43.1031097],[5.9037802,43.1031856],[5.9040751,43.1035043],[5.9040541,43.1035195],[5.9038959,43.103358],[5.9038436,43.103353],[5.9037096,43.1033297],[5.9035996,43.1033277],[5.9034783,43.1034049],[5.9035259,43.1034852],[5.9034643,43.1035082],[5.9034128,43.1034182],[5.9027761,43.1037763],[5.9025972,43.103996],[5.9024292,43.1042024],[5.9018227,43.1044688],[5.8999801,43.1048252],[5.8960918,43.1055896],[5.8959698,43.1052374],[5.8996427,43.1045208],[5.8994563,43.1039618],[5.8993555,43.1039809],[5.8993351,43.1038446],[5.89546,43.103777],[5.8955033,43.1029008],[5.8952676,43.1027727],[5.8898573,43.1033329],[5.8897068,43.1022726],[5.8892601,43.1023108],[5.8893955,43.1033826],[5.8892884,43.1033869],[5.8891421,43.1023296],[5.8887364,43.1023512],[5.8888126,43.1036815],[5.8884305,43.1036976],[5.8883162,43.1020182],[5.8880379,43.1016821],[5.8878386,43.1016864],[5.8876136,43.1020529],[5.8876884,43.1029221],[5.8877362,43.1037153],[5.8875733,43.1037199],[5.8875508,43.1035899],[5.8875181,43.1035537],[5.8874897,43.1034654],[5.8865469,43.1035007],[5.8865219,43.10336],[5.8856804,43.1031624],[5.8855229,43.1031939],[5.8850006,43.103093],[5.8844605,43.1030373],[5.8842788,43.1029945],[5.8842969,43.1029473],[5.8835757,43.1027531],[5.8829755,43.1026836],[5.8830121,43.1025888],[5.8832536,43.1013645],[5.8830219,43.101156],[5.882997,43.1011489],[5.8826759,43.1010416],[5.8826546,43.1010346],[5.882311,43.1009211],[5.8822906,43.1009279],[5.8815204,43.1021546],[5.8814986,43.1021903],[5.8814119,43.1023299],[5.8824698,43.1030255],[5.8826965,43.1028828],[5.8827794,43.1029271],[5.8829191,43.1030003],[5.8827017,43.1032252],[5.8825291,43.1032943],[5.8825007,43.1033215],[5.8825111,43.103351],[5.8824809,43.1033787],[5.8824338,43.1033873],[5.882402,43.1033726],[5.8819134,43.1038879],[5.8816334,43.1041553],[5.8818066,43.1042889],[5.8805068,43.1051899],[5.8804054,43.105153],[5.8804318,43.105108],[5.8803936,43.1050986],[5.8801516,43.1054819],[5.8801593,43.1055662],[5.8805492,43.1057043],[5.8808805,43.1057364],[5.8820794,43.1049518],[5.8821867,43.1050368],[5.8822949,43.1049735],[5.8837324,43.1041565],[5.8839234,43.1042357],[5.8839893,43.1041982],[5.8841788,43.1043213],[5.8814875,43.1064459],[5.8822609,43.1069992],[5.8828603,43.1073588],[5.8835278,43.1068177],[5.8852037,43.105459],[5.8854817,43.1056408],[5.8856583,43.1055013],[5.8853773,43.1053211],[5.8855316,43.1051939],[5.8864645,43.1058872],[5.8855757,43.1066157],[5.8858594,43.1068136],[5.8866226,43.1066928],[5.8866981,43.1063147],[5.8867528,43.10629],[5.8868024,43.1062929],[5.8868446,43.1063203],[5.886913,43.1066796],[5.8868835,43.1067002],[5.8869036,43.1067399],[5.8867212,43.1067646],[5.8864213,43.1068185],[5.8865239,43.1071322],[5.8821328,43.1079289],[5.8821209,43.1080614],[5.8820592,43.1080779],[5.8820227,43.1080266],[5.8818372,43.1079504],[5.8816375,43.1079195],[5.8814367,43.1079439],[5.8811809,43.1078709],[5.8810229,43.1078712],[5.8809711,43.1078397],[5.880894,43.1078416],[5.8804936,43.107952],[5.8804934,43.1080014],[5.8809689,43.1078939],[5.8809728,43.1079607],[5.8809127,43.1079738],[5.8809194,43.1080238],[5.8811199,43.1080048],[5.881306,43.1085525],[5.8808352,43.108632],[5.8808802,43.1088468],[5.8809613,43.1089308],[5.8822402,43.1087151],[5.8822958,43.1088914],[5.8819244,43.1089562],[5.8820842,43.1093418],[5.882399,43.1092872],[5.88266,43.109159],[5.884076,43.1089189],[5.884284,43.109024],[5.8844358,43.1089829],[5.8844899,43.1089966],[5.8845768,43.108952],[5.8849966,43.1088681],[5.8852491,43.1088568],[5.8876097,43.1085533],[5.8887711,43.1083883],[5.8887699,43.1083046],[5.8915869,43.1079403],[5.8916324,43.1081464],[5.8914866,43.1081659],[5.891561,43.1084242],[5.8917182,43.1084429],[5.8917934,43.108587],[5.8917769,43.108695],[5.8918458,43.1089033],[5.8918559,43.108985],[5.8918667,43.1090333],[5.8918552,43.1090581],[5.891842,43.1090691],[5.8917858,43.109074],[5.8916062,43.1091205],[5.8915878,43.1091248],[5.8915581,43.1091369],[5.8914959,43.1091722],[5.891453,43.1091917],[5.8906503,43.109483],[5.8902374,43.1096157],[5.8901806,43.1096402],[5.8901189,43.1096746],[5.8900834,43.1096925],[5.8898592,43.1097883],[5.8896335,43.1098845],[5.8895826,43.1099085],[5.8895293,43.1099256],[5.889452,43.1099505],[5.8893262,43.1099826],[5.8892542,43.1100011],[5.8891828,43.1100198],[5.889042,43.110058],[5.8887698,43.1101373],[5.8885021,43.1102276],[5.8884382,43.1102491],[5.8883736,43.1102725],[5.8882347,43.110323],[5.8880058,43.1104203],[5.8879053,43.1104556],[5.8877814,43.1104863],[5.8877193,43.1105079],[5.8875921,43.1105712]]}},{"type":"Feature","properties":{},"geometry":{"type":"LineString","coordinates":[[5.7652805,43.0800028],[5.7652207,43.0800009],[5.7651738,43.0799601],[5.765209,43.0798831],[5.7652701,43.0798489],[5.7653988,43.0798603],[5.7654548,43.0798195],[5.765564,43.0798309],[5.7655653,43.0798774],[5.7654821,43.0799316],[5.7654652,43.0799648],[5.7653962,43.0799696],[5.7653637,43.0799886],[5.7652805,43.0800028]]}},{"type":"Feature","properties":{},"geometry":{"type":"LineString","coordinates":[[5.7562917,43.1285737],[5.7562064,43.1285786],[5.7561476,43.1285707],[5.7561029,43.1285985],[5.7560664,43.1285641],[5.7560573,43.1285085],[5.7560979,43.1284637],[5.7561517,43.1284371],[5.7561608,43.1284063],[5.7563166,43.1284015],[5.7563977,43.1284275],[5.7564292,43.1285018],[5.756334,43.1285695],[5.7562917,43.1285737]]}},{"type":"Feature","properties":{},"geometry":{"type":"LineString","coordinates":[[5.7778529,43.0770972],[5.7778594,43.0771675],[5.7778165,43.0772017],[5.777715,43.0772216],[5.7776734,43.0771941],[5.7776552,43.077158],[5.7775655,43.0770867],[5.7775616,43.0770022],[5.7776032,43.0769271],[5.7776643,43.0769689],[5.7776669,43.0770259],[5.7777059,43.0770639],[5.7777632,43.0770468],[5.7778529,43.0770972]]}},{"type":"Feature","properties":{},"geometry":{"type":"LineString","coordinates":[[5.749156,43.1284694],[5.7488492,43.1284987],[5.7488271,43.1284609],[5.7487746,43.12846],[5.7487166,43.1284536],[5.7486665,43.1284297],[5.7485543,43.1283941],[5.7484609,43.1283936],[5.7482067,43.1284406],[5.7480755,43.1284911],[5.7479557,43.1285181],[5.7478628,43.1285144],[5.7474978,43.1284163],[5.7472161,43.128509],[5.7471845,43.1285502],[5.7471471,43.1285639],[5.7471122,43.1285329],[5.7468154,43.1286176],[5.7468208,43.1286567],[5.7467945,43.1287151],[5.7466765,43.1287643],[5.7465815,43.1287629],[5.7464235,43.128791],[5.7459571,43.1286528],[5.7459195,43.1286176],[5.7460161,43.128598],[5.7459786,43.1285588],[5.7460032,43.1285192],[5.7460641,43.1285404],[5.7461234,43.1285353],[5.7461553,43.1285052],[5.7461392,43.1284386],[5.7461768,43.1283799],[5.7464614,43.1283083],[5.7465516,43.1282895],[5.7466018,43.128225],[5.746853,43.1281556],[5.7469227,43.1281751],[5.7469763,43.1282534],[5.7470421,43.1282431],[5.7471232,43.1281029],[5.7471873,43.1280527],[5.7473937,43.1280534],[5.7474913,43.1280181],[5.7475991,43.1278798],[5.747745,43.1277712],[5.7479067,43.1275921],[5.7480226,43.1274346],[5.7481512,43.1273479],[5.7484848,43.1272367],[5.7486512,43.12716],[5.7489113,43.1270332],[5.7490955,43.1269525],[5.7491706,43.1268632],[5.7492219,43.1268705],[5.7492897,43.1268914],[5.7495555,43.1267958],[5.749853,43.1266845],[5.7499199,43.1266303],[5.7499952,43.1265353],[5.7500946,43.1265136],[5.7502545,43.1265489],[5.7503892,43.126654],[5.7507908,43.1268765],[5.7508949,43.1268846],[5.751009,43.1268528],[5.7511406,43.12691],[5.7511909,43.1269964],[5.7513473,43.1270751],[5.7517309,43.1274039],[5.7518165,43.1274202],[5.7518716,43.1273784],[5.7519501,43.1273773],[5.7519865,43.1274469],[5.7520898,43.127535],[5.7522106,43.1275336],[5.7522608,43.1274109],[5.7524583,43.1275108],[5.7525631,43.1275993],[5.752525,43.1277029],[5.7525723,43.1277413],[5.7526906,43.127641],[5.752895,43.1277844],[5.7531461,43.1280168],[5.753045,43.1280717],[5.7530501,43.1280942],[5.7530808,43.1281357],[5.7531359,43.1282418],[5.7530531,43.1282283],[5.7530963,43.1282775],[5.7530982,43.1282833],[5.7530994,43.1283254],[5.7530978,43.1283375],[5.7530939,43.128346],[5.7530863,43.1283558],[5.7530701,43.1283663],[5.7529772,43.1283992],[5.7529703,43.1283951],[5.7529387,43.1284253],[5.7528656,43.1284614],[5.7527944,43.1284788],[5.7527332,43.1284841],[5.752685,43.1284818],[5.7526417,43.1284794],[5.7525965,43.1285095],[5.7525629,43.1285268],[5.7525202,43.128529],[5.7524843,43.1285351],[5.7523286,43.1285851],[5.7522888,43.1285927],[5.7521592,43.1286604],[5.7521528,43.1286537],[5.7520629,43.1287022],[5.7520467,43.1286984],[5.7520428,43.128693],[5.7520424,43.1286847],[5.7520553,43.1286781],[5.7520345,43.1286586],[5.7520728,43.128618],[5.7520179,43.1285325],[5.7521725,43.128482],[5.7521004,43.1283608],[5.7520618,43.1283786],[5.7520486,43.1283671],[5.7519156,43.1284368],[5.7518803,43.1284075],[5.7521612,43.1282559],[5.7520794,43.1281371],[5.7519112,43.1280467],[5.7518882,43.1280347],[5.7516979,43.1281849],[5.7514686,43.1280336],[5.7513811,43.1281154],[5.7513565,43.1281044],[5.7514902,43.1279756],[5.7512997,43.1278899],[5.7513041,43.1278579],[5.7511808,43.1278323],[5.7510309,43.1280169],[5.7510593,43.1280475],[5.751354,43.1282352],[5.7512253,43.1283461],[5.7512242,43.1283758],[5.7514451,43.128469],[5.7515978,43.1285351],[5.7517198,43.1285068],[5.7517312,43.1285311],[5.7516312,43.1285544],[5.7516353,43.1285854],[5.7517552,43.1286739],[5.751742,43.1286822],[5.7516236,43.1285906],[5.7511439,43.1284164],[5.7510845,43.1283825],[5.7510826,43.1283181],[5.7511238,43.128283],[5.7511486,43.1282618],[5.7509373,43.1281332],[5.7507476,43.1281462],[5.7506261,43.1281567],[5.7505478,43.1281799],[5.7505655,43.1282191],[5.7506344,43.1283666],[5.7506438,43.1283695],[5.7506462,43.1283871],[5.7506399,43.1283977],[5.7506219,43.1284037],[5.7505993,43.1284022],[5.7505862,43.1283912],[5.7505869,43.1283836],[5.7505109,43.1282369],[5.7504858,43.128194],[5.7503894,43.128232],[5.7503608,43.1282471],[5.7503126,43.1282777],[5.7502591,43.1283129],[5.7502182,43.1283501],[5.7502036,43.1283721],[5.750189,43.1283986],[5.7501749,43.1284925],[5.7501887,43.1285061],[5.7502021,43.1285227],[5.7502042,43.1285365],[5.750198,43.1285503],[5.7502664,43.1285666],[5.7503115,43.1285455],[5.7503266,43.1285432],[5.750406,43.1285289],[5.7504212,43.1285407],[5.7504242,43.1285628],[5.7504153,43.1285779],[5.7503747,43.1285797],[5.7503716,43.1285872],[5.750363,43.1285902],[5.7503235,43.1285944],[5.7503015,43.1285779],[5.750264,43.1285967],[5.7499549,43.1285237],[5.7491774,43.1284375],[5.749156,43.1284694]]}},{"type":"Feature","properties":{},"geometry":{"type":"LineString","coordinates":[[5.65,43.18851518230791],[5.6500151,43.1885174],[5.6502648,43.1886036],[5.650286,43.1886109],[5.6510061,43.18856],[5.6513026,43.1884245],[5.6515641,43.1882739],[5.6517368,43.1881617],[5.6518014,43.1880657],[5.6518432,43.1879302],[5.6519302,43.1878173],[5.6520107,43.187784],[5.65213,43.1877655],[5.6521072,43.187743],[5.6521112,43.18771],[5.6522708,43.187761],[5.6523352,43.1877576],[5.6527389,43.1876159],[5.6529146,43.1875063],[5.6530577,43.1873779],[5.6530996,43.1872648],[5.6534403,43.1870135],[5.6537756,43.1866899],[5.6541402,43.186083],[5.6540719,43.1860392],[5.6540813,43.185985],[5.6540424,43.185979],[5.6540451,43.1859535],[5.6541497,43.1859633],[5.6542744,43.1859389],[5.6545104,43.1860164],[5.6545172,43.186067],[5.6545024,43.1860953],[5.6545212,43.1861472],[5.6547076,43.1860895],[5.6547613,43.1860552],[5.6548391,43.185931],[5.6548855,43.185902],[5.6549745,43.1858636],[5.6551586,43.1858325],[5.655629,43.1857531],[5.6556933,43.1857492],[5.6557175,43.1857785],[5.6557269,43.1858176],[5.6558999,43.1857648],[5.6561882,43.1856318],[5.6563518,43.1855516],[5.6564631,43.1855235],[5.6565637,43.1853003],[5.6566372,43.1850897],[5.6566549,43.1850598],[5.6567877,43.1850119],[5.6569862,43.1849366],[5.6574462,43.1847948],[5.657701,43.1846579],[5.6579048,43.1845914],[5.6580617,43.184476],[5.6581368,43.1843625],[5.6581475,43.1842845],[5.6580336,43.1841757],[5.6580296,43.1841376],[5.6580805,43.1840999],[5.6586612,43.1838326],[5.6589831,43.1835744],[5.6592392,43.1832937],[5.6593358,43.1830619],[5.6594122,43.1828712],[5.6595047,43.1826814],[5.6595158,43.1823861],[5.6594538,43.1823158],[5.6594699,43.1822258],[5.6595209,43.1821936],[5.6596563,43.1821672],[5.6597998,43.1821192],[5.6599125,43.1820811],[5.6599688,43.1820371],[5.6600318,43.181951],[5.6600868,43.1819334],[5.6601809,43.1819235],[5.6606152,43.1820371],[5.6609719,43.1820596],[5.6611651,43.1820606],[5.661566,43.1821232],[5.6615618,43.1821461],[5.6615513,43.1822024],[5.6625074,43.1823393],[5.662765,43.1823442],[5.6630064,43.182309],[5.6631821,43.1822689],[5.6634733,43.1821836],[5.6636394,43.1820193],[5.6637064,43.181865],[5.6639492,43.1817584],[5.6639854,43.1816606],[5.6640468,43.1816377],[5.6643459,43.1815693],[5.6649389,43.1817486],[5.6652796,43.1818904],[5.6655143,43.1819686],[5.6655961,43.181953],[5.6659515,43.182129],[5.6659916,43.1821635],[5.6660641,43.1822258],[5.6663136,43.1823011],[5.6663792,43.1823119],[5.6664372,43.1823383],[5.6673113,43.1821642],[5.6677002,43.1820264],[5.6680074,43.1818415],[5.6682594,43.181548],[5.6683229,43.1814553],[5.6683842,43.1813535],[5.6684459,43.1811482],[5.6684549,43.1809092],[5.6684285,43.180888],[5.6683091,43.1808861],[5.6681951,43.1808714],[5.6681307,43.1808489],[5.6682649,43.1806132],[5.6682796,43.1804969],[5.6682771,43.1804588],[5.6682796,43.1804265],[5.6683748,43.1804157],[5.6685814,43.180357],[5.6690306,43.1801488],[5.6693984,43.1800869],[5.6700219,43.1800126],[5.670254,43.1799931],[5.6706188,43.1798542],[5.6707958,43.1797897],[5.6711365,43.1797642],[5.6719923,43.1795025]]}},{"type":"Feature","properties":{},"geometry":{"type":"LineString","coordinates":[[5.7273746,43.1329328],[5.7273963,43.1328977],[5.7274324,43.1328766],[5.7274758,43.1328643],[5.7275481,43.1328502],[5.7276131,43.1328344],[5.7276565,43.1328133],[5.7276637,43.1327728],[5.7277119,43.132757],[5.727789,43.1327816],[5.7278733,43.1327957],[5.7279359,43.1328115],[5.7279889,43.1328344],[5.7280347,43.1328695],[5.7280973,43.1329047],[5.7281816,43.1329082],[5.7282443,43.1328994],[5.7282852,43.1329082],[5.7283117,43.1329486],[5.7283478,43.1329486],[5.7283816,43.1329522],[5.7284105,43.1329856],[5.7284707,43.132982],[5.7285044,43.1330084],[5.7284611,43.1330436],[5.728502,43.1330752],[5.7285574,43.1330664],[5.7285887,43.1330383],[5.7286032,43.1329943],[5.7286393,43.1330154],[5.7286755,43.1330752],[5.7287188,43.133128],[5.7287357,43.1331666],[5.7287646,43.1332035],[5.7287935,43.1332369],[5.7287935,43.1332651],[5.7287959,43.1332967],[5.7288345,43.1333178],[5.7288585,43.1333565],[5.7288658,43.1333881],[5.7288176,43.1334215],[5.7287742,43.1334391],[5.7287333,43.1334602],[5.7287164,43.1334848],[5.7286731,43.1334848],[5.7286442,43.1335059],[5.7285804,43.1335429],[5.728533,43.1335703],[5.7284915,43.1335805],[5.7284665,43.1335953],[5.728426,43.1336092],[5.7284008,43.1336259],[5.7283705,43.1336329],[5.728345,43.133629],[5.7283235,43.1336076],[5.7283127,43.133575],[5.7282972,43.1335637],[5.7282757,43.1335558],[5.7282433,43.1335412],[5.7281974,43.1335298],[5.7281461,43.1335079],[5.7281233,43.1335258],[5.7280982,43.1335342],[5.7280886,43.1335539],[5.7280462,43.1335638],[5.7279845,43.133568],[5.7279537,43.1335624],[5.7279228,43.1335441],[5.7278747,43.1335399],[5.7278535,43.1335596],[5.7278361,43.1335821],[5.7278111,43.1336046],[5.7277725,43.1335961],[5.7277417,43.133575],[5.7277205,43.133561],[5.7276704,43.1335497],[5.7276492,43.1335258],[5.7276357,43.1335019],[5.7275923,43.1334914],[5.7275553,43.1334707],[5.7275417,43.1334509],[5.7275639,43.1334311],[5.7275787,43.1334086],[5.7275652,43.1333951],[5.7275405,43.1333672],[5.7275417,43.1333519],[5.7275109,43.133333],[5.7274838,43.133306],[5.7274813,43.1332835],[5.7275264,43.1332756],[5.7275095,43.1332545],[5.7275071,43.1332194],[5.7274782,43.1332141],[5.7274541,43.1332352],[5.7273939,43.1332317],[5.7273794,43.1331965],[5.727365,43.1331807],[5.7273024,43.1331754],[5.7272951,43.133142],[5.7272759,43.1331033],[5.7272373,43.1330664],[5.7272253,43.1330348],[5.7272445,43.1330084],[5.7272614,43.1329926],[5.7273096,43.1329873],[5.7273626,43.1329662],[5.7273746,43.1329328]]}},{"type":"Feature","properties":{},"geometry":{"type":"LineString","coordinates":[[5.7287432,43.1336174],[5.7287702,43.1336385],[5.728749,43.1336779],[5.7287201,43.133706],[5.7286969,43.1337299],[5.7286661,43.1337468],[5.7286565,43.133775],[5.7286815,43.1337946],[5.7286892,43.1338101],[5.7286603,43.13382],[5.728643,43.1338368],[5.7286237,43.1338453],[5.7285852,43.1338537],[5.7285408,43.1338579],[5.7285216,43.133872],[5.7284946,43.1338959],[5.7284637,43.1339043],[5.7284368,43.133924],[5.7284156,43.1339381],[5.7283886,43.1339212],[5.7283655,43.1339086],[5.7283712,43.1338832],[5.7284002,43.1338678],[5.7284252,43.1338551],[5.7284368,43.1338312],[5.7284406,43.1338059],[5.7284329,43.1337848],[5.7284194,43.1337693],[5.7284156,43.1337454],[5.7284214,43.1337271],[5.7284002,43.1337131],[5.7283982,43.133692],[5.7284271,43.1336793],[5.7284637,43.1336723],[5.7284955,43.1336443],[5.7285663,43.1336382],[5.7286672,43.1336368],[5.7287432,43.1336174]]}},{"type":"Feature","properties":{},"geometry":{"type":"LineString","coordinates":[[6.3814886,43.0096781],[6.3817182,43.009738],[6.3817182,43.010041],[6.3818881,43.01005],[6.381989,43.0100566],[6.382,43.0100573],[6.3820185,43.0100578],[6.3821648,43.0100616],[6.3822466,43.010039],[6.3823244,43.00999],[6.3824224,43.0099106],[6.3824531,43.0098664],[6.3826047,43.0096546],[6.3826986,43.0094948],[6.3827938,43.009331],[6.3828996,43.0092225],[6.3829449,43.0091761]]}},{"type":"Feature","properties":{},"geometry":{"type":"LineString","coordinates":[[6.1227061,43.0333031],[6.1229824,43.0332452],[6.1230437,43.0331836],[6.1230801,43.0331385],[6.1231815,43.0331151],[6.1232096,43.0332508],[6.1232949,43.033224],[6.1233627,43.0332064],[6.1235192,43.033158],[6.1234788,43.0330394],[6.1236677,43.0328672],[6.123772,43.0328077],[6.1237509,43.0327295],[6.1238265,43.0326108],[6.1237161,43.0325508],[6.1237441,43.0323421],[6.1239035,43.0322714],[6.1241719,43.0321677],[6.124421,43.0321377],[6.1245587,43.0322008],[6.124706,43.0321677],[6.1247759,43.0321059],[6.124867,43.0321224],[6.1250214,43.0320417],[6.1251586,43.0320293],[6.1251318,43.0320931],[6.1252451,43.0321246],[6.1253396,43.0321252],[6.1254578,43.0321735],[6.1255935,43.032134],[6.1256254,43.032171],[6.1258084,43.0322227],[6.125645,43.0323028],[6.1255991,43.0323292],[6.125774,43.0323906],[6.1256175,43.032439],[6.1254499,43.0325224],[6.1253472,43.0326134],[6.1253278,43.0327276],[6.1253284,43.0328657],[6.1253789,43.0328876],[6.1256397,43.0328597],[6.1256847,43.0328895],[6.1256389,43.0329498],[6.1253282,43.0330948],[6.1252511,43.033164],[6.1251497,43.0332118],[6.1251376,43.0332451],[6.1252223,43.0332849],[6.1253508,43.0332782],[6.1253542,43.0333127],[6.1253641,43.0333837],[6.1253596,43.0334365],[6.1253151,43.0334772],[6.1253078,43.0335718],[6.1252143,43.0336348],[6.1252048,43.0337013],[6.1254354,43.0336932],[6.1254345,43.0338292],[6.1253232,43.0338335],[6.1253397,43.0339056],[6.1254384,43.0339879],[6.1255787,43.0339589],[6.125693,43.0339274],[6.125652,43.0340006],[6.1256403,43.0340738],[6.1257134,43.0340762],[6.1257671,43.0340066],[6.1258172,43.0340889],[6.1257563,43.0341252],[6.125747,43.0341576],[6.1258502,43.0341743],[6.125922,43.0341375],[6.1260675,43.0340792],[6.1260507,43.0340576],[6.1260521,43.0340428],[6.1261481,43.0340172],[6.1262365,43.033986],[6.1263068,43.0338899],[6.1263464,43.0338929],[6.1263849,43.0339337],[6.1263281,43.0339983],[6.1263478,43.0340482],[6.1264225,43.0340808],[6.1264087,43.034114],[6.1264088,43.0341491],[6.126537,43.0342028],[6.1265811,43.0342386],[6.1265539,43.0343636],[6.1266147,43.0344075],[6.1267045,43.0342683],[6.1269425,43.0342159],[6.1269245,43.0341801],[6.1269328,43.0341485],[6.1270445,43.0341061],[6.1270985,43.0341574],[6.1269647,43.0342174],[6.1270126,43.0342304],[6.1269438,43.0343189],[6.1268654,43.0344095],[6.1268571,43.03449],[6.1268038,43.0345752],[6.1276842,43.0348619]]}},{"type":"Feature","properties":{},"geometry":{"type":"LineString","coordinates":[[6.1557524,43.0269259],[6.1555745,43.026908],[6.1554618,43.026909],[6.1554127,43.0269339],[6.1554506,43.0274146],[6.1555395,43.0275982],[6.1555336,43.027682],[6.1556335,43.027757],[6.155722,43.0277766],[6.1557097,43.0278464],[6.1558174,43.0279199],[6.155844,43.0279894],[6.155946,43.0279766],[6.1559721,43.0280065],[6.1559285,43.0280355],[6.1559466,43.0280634],[6.1559775,43.0280786],[6.1560539,43.0281007],[6.1560419,43.0281509],[6.1560693,43.0281815],[6.1560841,43.0281688],[6.1561022,43.028183],[6.1560854,43.0282065],[6.1562993,43.028301],[6.1563828,43.0283039],[6.1564442,43.0282815],[6.1564328,43.0281806],[6.1565159,43.0281766],[6.1565193,43.0282467],[6.1565662,43.0282462],[6.1565788,43.0283174],[6.156664,43.0283362],[6.1567244,43.0283542],[6.15672,43.0284535],[6.1568204,43.0284992],[6.1568996,43.0285168],[6.156982,43.0285114],[6.1570323,43.0284478],[6.1571308,43.0284271],[6.1571469,43.0284507],[6.1572495,43.0284453],[6.1572763,43.0284654],[6.1572623,43.0284996]]}},{"type":"Feature","properties":{},"geometry":{"type":"LineString","coordinates":[[6.1532181,43.0280811],[6.153259,43.0281679],[6.1532308,43.0282279],[6.1534193,43.0282511],[6.1534833,43.0283042],[6.153536,43.0283639],[6.1536416,43.0283805],[6.1541002,43.0283007],[6.1543031,43.0282227],[6.1545524,43.0280859],[6.1547254,43.0279741],[6.1547423,43.0276613],[6.1547495,43.0275194],[6.1547585,43.0272904],[6.15478,43.026928],[6.1537177,43.026859],[6.1537209,43.0268409],[6.1537209,43.0268277],[6.1541553,43.0268504],[6.1541641,43.0267845],[6.1535861,43.0267511]]}},{"type":"Feature","properties":{},"geometry":{"type":"LineString","coordinates":[[6.1605046,43.0302775],[6.1606391,43.0303166],[6.1608021,43.030353],[6.1609299,43.0303539],[6.1611175,43.0302964],[6.1610938,43.0302542],[6.161194,43.0302081],[6.1613691,43.0301984],[6.1614512,43.0302893],[6.1615214,43.0303279],[6.1615445,43.0303904],[6.1616495,43.0303764],[6.1617618,43.0304937],[6.1619602,43.030617],[6.1620171,43.0306422],[6.1621333,43.0306341],[6.1622679,43.0306697],[6.1624648,43.0306395],[6.1625375,43.0306834],[6.1627045,43.0306645],[6.1627185,43.0307068],[6.1627728,43.0307039],[6.1629022,43.0307732],[6.1629029,43.030851],[6.162964,43.0308765],[6.1631198,43.0308838],[6.1633328,43.0310216],[6.1634771,43.0310683],[6.1637583,43.0310852],[6.1639662,43.0311656],[6.1641808,43.0311631],[6.1642595,43.0311834],[6.1643158,43.0312226],[6.1644336,43.0312484],[6.1645786,43.0312951],[6.1648849,43.0313387],[6.1651673,43.031284],[6.1652113,43.0313262],[6.1653203,43.0312971],[6.1654158,43.0312844],[6.165626,43.0312278],[6.1656421,43.031311],[6.1656046,43.0313815],[6.1656362,43.031514],[6.1655775,43.0315833],[6.1656688,43.0316322],[6.165614,43.0316774],[6.1656942,43.031804],[6.165824,43.0318635],[6.165845,43.0319665],[6.1659989,43.0320509],[6.1660217,43.0321186],[6.1660659,43.0321304],[6.1661003,43.0321669],[6.1664189,43.0322432],[6.1664797,43.032322],[6.1665447,43.0323225],[6.1665937,43.0324304],[6.1665662,43.0324813],[6.1666196,43.03255],[6.1668288,43.0326549],[6.1670839,43.0327774],[6.1678081,43.0329282],[6.1678669,43.0329004],[6.1682276,43.0328868],[6.1685534,43.032781],[6.1686932,43.0327303],[6.1687423,43.0326624],[6.1688067,43.0326898],[6.1688788,43.0328153],[6.1690351,43.0329245],[6.1692244,43.0329552],[6.1693471,43.0330222],[6.1698271,43.0330107]]}},{"type":"Feature","properties":{},"geometry":{"type":"LineString","coordinates":[[6.1535861,43.0267511],[6.1535818,43.0266374],[6.1548115,43.0267095],[6.155097,43.0267168],[6.155199,43.0267119],[6.155207,43.0266678],[6.1552633,43.0267119],[6.1553701,43.0267342],[6.1554135,43.0266316],[6.1552902,43.0265914],[6.1553678,43.0265524],[6.1553331,43.02651],[6.1552499,43.0264855],[6.1552313,43.0264626],[6.1553264,43.0264051],[6.1551682,43.0262422],[6.1553465,43.0263002],[6.1553674,43.0262325],[6.1553223,43.0261227],[6.1554243,43.0261139],[6.1554417,43.0260561],[6.1552898,43.0260707],[6.1553586,43.0260031],[6.1554163,43.0260263],[6.1556112,43.0261011],[6.1556241,43.0260423],[6.1557595,43.0260472],[6.1557274,43.0259806],[6.1558184,43.0259756]]}},{"type":"Feature","properties":{},"geometry":{"type":"LineString","coordinates":[[6.1275468,43.03602],[6.127663,43.0360337],[6.1278048,43.0359716],[6.1278424,43.0358863],[6.1280079,43.0357927],[6.1279711,43.0356775],[6.1279276,43.0356015],[6.1279483,43.0355276],[6.128106,43.0355035],[6.1281374,43.0354501],[6.1282447,43.035408],[6.1283868,43.0352981],[6.1283594,43.0352418],[6.1284271,43.0351795]]}},{"type":"Feature","properties":{},"geometry":{"type":"LineString","coordinates":[[6.1986908,43.0039188],[6.1987553,43.0039215],[6.1988353,43.00394],[6.1989226,43.0039655],[6.1990093,43.0039862],[6.1996983,43.0040939],[6.2007952,43.0041199],[6.2008731,43.0041146],[6.2013531,43.0040163],[6.2019045,43.003878],[6.2023344,43.003733],[6.2027816,43.0035677],[6.2034679,43.0032787],[6.2033531,43.0031186],[6.2034051,43.0030947],[6.2033541,43.0030142],[6.2032928,43.003038],[6.202782,43.0022721],[6.2027592,43.0022802],[6.2010629,43.002886],[6.2012935,43.0032204],[6.2006079,43.0034934],[6.2000969,43.0035166],[6.2000993,43.0034751],[6.2005381,43.0034525],[6.2005055,43.003278],[6.199638,43.0033181],[6.199641,43.0032981],[6.1996384,43.0032801],[6.2004979,43.0032346],[6.2004853,43.0030465],[6.2004245,43.003051],[6.2004212,43.0030013],[6.2008115,43.0028573],[6.2015114,43.0025991],[6.201528,43.0026236],[6.2027729,43.0021548],[6.202791,43.0018637],[6.2026162,43.0015799],[6.2027285,43.001544],[6.2026217,43.0013805],[6.2025123,43.0014186],[6.2024673,43.0013469],[6.2023204,43.0013003],[6.2020898,43.0012015],[6.2020405,43.0011829],[6.2018913,43.0010586]]}},{"type":"Feature","properties":{},"geometry":{"type":"LineString","coordinates":[[5.7440565,43.1351484],[5.7441322,43.1351022],[5.7441984,43.1350838],[5.7442206,43.135012],[5.744236,43.1349623],[5.7441746,43.1349244],[5.7441257,43.1347752],[5.7441468,43.1347571],[5.7442156,43.1346981],[5.7444934,43.1346297],[5.7445968,43.1346627],[5.7446593,43.1346468],[5.7447651,43.1345632],[5.7449497,43.1344985],[5.7452207,43.1345353],[5.7453776,43.1345136],[5.7455067,43.1344957],[5.7460978,43.1344187],[5.7464214,43.1343667],[5.7467875,43.1343767],[5.7470637,43.1344565],[5.7471968,43.1344496],[5.7473948,43.1343795],[5.7474328,43.1343359],[5.7474884,43.1343388],[5.747512,43.1343428],[5.7475223,43.1343545],[5.747522,43.1343711],[5.7475142,43.1343924],[5.747429,43.134486],[5.7473897,43.1345853],[5.7474994,43.1347663],[5.7476336,43.1349194],[5.7476686,43.1350886],[5.7476851,43.1351725],[5.7479175,43.1353717],[5.7482053,43.135477],[5.7482657,43.1353447],[5.7483173,43.1353041],[5.74837,43.135321],[5.7483671,43.1353949],[5.7483331,43.1355345],[5.7486044,43.1356474],[5.7487984,43.135415],[5.7488421,43.1354128],[5.7488656,43.1354285],[5.7488611,43.1354574],[5.7487089,43.1356764],[5.7488096,43.1357321],[5.7489317,43.1357621],[5.7491103,43.1357882],[5.7492415,43.1357794],[5.7493095,43.135774],[5.7493999,43.1357156],[5.7495076,43.1356687],[5.749608,43.1356284],[5.7497125,43.1355737],[5.7498274,43.1355202],[5.7499516,43.1354461],[5.750064,43.1353683],[5.7501866,43.1352808],[5.7503608,43.1350939],[5.7504034,43.1350346],[5.7504138,43.1350175],[5.7504743,43.1349264],[5.7505285,43.134836],[5.7505727,43.1347518],[5.7506277,43.1346255],[5.7506903,43.1344229],[5.7507387,43.1341754],[5.7507401,43.1339924]]}},{"type":"Feature","properties":{},"geometry":{"type":"LineString","coordinates":[[6.2846148,43.1155998],[6.2850732,43.1157446],[6.2854754,43.1157978],[6.2857241,43.1157952],[6.2860503,43.1157579],[6.2865739,43.1155952],[6.2870244,43.1153938],[6.2874738,43.1150634],[6.2879584,43.1147119],[6.2884181,43.1142858],[6.2886586,43.1138278],[6.2887733,43.1134478],[6.2886804,43.1132763]]}},{"type":"Feature","properties":{},"geometry":{"type":"LineString","coordinates":[[6.2741197,43.1211524],[6.2743802,43.1211101],[6.2747153,43.1210316],[6.2748979,43.1210338],[6.2750977,43.1210406],[6.2754091,43.1209857],[6.2759823,43.1208347],[6.2764668,43.120642],[6.2768537,43.1203767],[6.2773768,43.1199689],[6.2777122,43.1196278],[6.2778671,43.1193878],[6.2778688,43.1193037],[6.2778412,43.1192524],[6.2777484,43.1191496],[6.2777792,43.1190885],[6.277707,43.1190262],[6.2776728,43.1188289],[6.2775783,43.1187104],[6.2774674,43.1184273],[6.277369,43.1184044],[6.2773358,43.1183457],[6.2773857,43.1183072],[6.2774856,43.1182616],[6.2775312,43.1181365],[6.2775814,43.1180954],[6.2776562,43.1180948],[6.2777024,43.1181723],[6.2778241,43.118088],[6.2778781,43.1180473],[6.2779164,43.1180524],[6.2779548,43.1180778],[6.2779742,43.1181397],[6.2781478,43.1181478],[6.2782465,43.1181627],[6.2783654,43.1181807],[6.2785357,43.1181657],[6.2787148,43.1180767],[6.2788543,43.1179489],[6.278952,43.1177948],[6.2789573,43.1176797],[6.2789042,43.1175054],[6.2788934,43.1175019],[6.2787659,43.1174605],[6.2785191,43.117215],[6.2784913,43.1171071],[6.2786264,43.117027],[6.2787697,43.1170092],[6.2788263,43.1170184],[6.2789332,43.1170121],[6.2790996,43.1170204],[6.279159,43.1168961],[6.2792103,43.1167897],[6.279165,43.1167146],[6.2791964,43.1165951],[6.2795502,43.1164387],[6.2796685,43.1162951],[6.2797692,43.1162147],[6.2798718,43.1160977],[6.2800001,43.1159972],[6.2800826,43.1159879],[6.2801222,43.1160412],[6.2801416,43.1161092],[6.2800805,43.1162106],[6.2801245,43.1162428],[6.2801859,43.1161943],[6.2802228,43.1161972],[6.2802454,43.1163942],[6.2802133,43.1165468],[6.2802166,43.116549],[6.2804478,43.1167007],[6.2805264,43.1168014],[6.2805247,43.116842],[6.2805934,43.1168905],[6.2807928,43.1169257],[6.2809669,43.1169372],[6.2810713,43.1169592],[6.2811523,43.116921],[6.2812485,43.1169126],[6.2813184,43.1169427],[6.2813872,43.1169461],[6.2815208,43.1169595],[6.2815861,43.1170194],[6.2817539,43.11705],[6.2818598,43.1170601],[6.2820105,43.1170576],[6.2824883,43.1169315],[6.2826505,43.1167693],[6.2826338,43.1166721],[6.282603,43.1164928],[6.2827546,43.1161906],[6.2828294,43.1159904],[6.2827896,43.1157646],[6.2829454,43.1156623],[6.2831523,43.1155283],[6.2832982,43.1155571],[6.2834494,43.1155066],[6.2837521,43.1153606],[6.2839266,43.1153533],[6.2840678,43.1154219],[6.2843936,43.1154891],[6.2846148,43.1155998]]}},{"type":"Feature","properties":{},"geometry":{"type":"LineString","coordinates":[[6.1327246,43.0360704],[6.1328205,43.0359637],[6.1330405,43.0357598],[6.133314,43.0356618],[6.1335876,43.0356501],[6.1336359,43.0358108],[6.1334489,43.0359635],[6.1335181,43.0360678],[6.1337003,43.0361245],[6.1339739,43.0361284],[6.134088,43.03642],[6.134281,43.0364419],[6.1348229,43.0364419],[6.1348678,43.036332],[6.1349727,43.036344],[6.1349489,43.036273],[6.1349891,43.0362028],[6.1350776,43.0361559],[6.1351591,43.0362178],[6.1353175,43.0359765],[6.1354608,43.0359479],[6.1355417,43.0360839],[6.1356222,43.035946],[6.1357135,43.0359533],[6.1357127,43.0360052],[6.1359347,43.0360016],[6.1360458,43.0359564],[6.1361542,43.0359052],[6.136261,43.0358056],[6.1363859,43.0356633],[6.1365312,43.0354527],[6.1366161,43.0352229],[6.1366167,43.0351424],[6.1366044,43.0350274],[6.1366316,43.034948],[6.1365225,43.0348547],[6.1364274,43.0348376],[6.1363512,43.0347286],[6.1364652,43.0345896],[6.1365286,43.0343805],[6.136504,43.0341417],[6.136354,43.0339893],[6.1363658,43.0338717],[6.1362481,43.0338293],[6.1361774,43.0336617],[6.1359993,43.0336535],[6.136038,43.0335417],[6.1356025,43.0335406],[6.1360139,43.0334185],[6.1355781,43.0334108],[6.1357171,43.0333484],[6.13549,43.0332503],[6.1353898,43.0331341],[6.1354003,43.0330405],[6.135819,43.0329612],[6.1358883,43.0329406],[6.1360259,43.0328955],[6.1361272,43.032872],[6.1361311,43.0329332],[6.1361968,43.0329897],[6.1362854,43.032986]]}},{"type":"Feature","properties":{},"geometry":{"type":"LineString","coordinates":[[6.1284271,43.0351795],[6.1285539,43.0351575],[6.1286036,43.0351762],[6.1286388,43.0351385],[6.128637,43.0350683],[6.1286612,43.035034],[6.1287148,43.0350536],[6.1288342,43.0349957],[6.1289259,43.0350301],[6.1290032,43.0350482],[6.1290286,43.0350325],[6.1290146,43.0350128],[6.1289665,43.0349803],[6.128867,43.0349437],[6.1288583,43.034885],[6.1289589,43.0348408],[6.1291405,43.0348178],[6.1291989,43.0348512],[6.1292821,43.0348144],[6.1295087,43.0347652],[6.1295986,43.0347369],[6.1296891,43.0347433],[6.1298594,43.0347169],[6.1298937,43.0347497],[6.1299379,43.0347036],[6.1299366,43.0347997],[6.1299787,43.0348393],[6.1299486,43.0348791],[6.1298548,43.0349124],[6.1298139,43.0349384],[6.1298396,43.0349672],[6.1299754,43.0349995],[6.1300841,43.0349663],[6.1301766,43.0349565],[6.1302061,43.0349006],[6.1302638,43.034885],[6.1302772,43.034837],[6.1303689,43.0348678],[6.1303832,43.0348869],[6.1303014,43.0349604],[6.1303738,43.0349928],[6.1303793,43.035057],[6.130479,43.0350795],[6.1305106,43.0351075],[6.1304945,43.0351457],[6.1304352,43.0352014],[6.1304422,43.0352388],[6.130466,43.0352383],[6.130486,43.0352454],[6.130539,43.0352249],[6.1306353,43.0351898],[6.1306968,43.0351866],[6.1307474,43.0351705],[6.1306875,43.0351221],[6.1307365,43.0350879],[6.130817,43.035058],[6.1308458,43.0350565],[6.1308605,43.0350384],[6.1309504,43.0349938],[6.1310095,43.0349849],[6.131047,43.0349653],[6.1311007,43.0350065],[6.1311476,43.0350016],[6.1312442,43.0349751],[6.1312876,43.0349119],[6.1313441,43.0349261],[6.1312911,43.0349761],[6.1312569,43.035009],[6.131267,43.0350462],[6.1312817,43.0350555],[6.1314467,43.0350369],[6.1315151,43.03508],[6.1315915,43.0350496],[6.1316921,43.0351241],[6.1316403,43.0351874],[6.1315264,43.0352878]]}},{"type":"Feature","properties":{},"geometry":{"type":"LineString","coordinates":[[6.1698271,43.0330107],[6.1699659,43.0329518],[6.1700959,43.0329715],[6.1702569,43.0329655],[6.1703669,43.0329319],[6.1706177,43.0328704],[6.1706281,43.0327511],[6.170682,43.0327146],[6.1708809,43.032642],[6.1709234,43.0325705],[6.1710682,43.0325578],[6.1710884,43.0325038],[6.1713293,43.0324741],[6.1715054,43.0324637],[6.1716065,43.032502],[6.171694,43.0324556],[6.1719596,43.0323804],[6.1721355,43.0324506],[6.1724065,43.0324992],[6.1724804,43.0325686],[6.1724464,43.0326702],[6.1726602,43.0325927],[6.1727969,43.0326019],[6.1729367,43.0326239],[6.1730705,43.0326411],[6.1731054,43.0327176],[6.1731673,43.0327925],[6.1731322,43.0328224],[6.1730678,43.0328536],[6.1729414,43.0329081],[6.172957,43.0329538],[6.17286,43.0329724],[6.1726938,43.0329905],[6.1724965,43.0329685],[6.1724053,43.0329435],[6.1723641,43.0329601],[6.1724885,43.0330018],[6.1725352,43.0330237],[6.1724999,43.0330469],[6.1725522,43.0330616],[6.1725334,43.0330832],[6.1724648,43.0330773],[6.1722547,43.0331426],[6.1722256,43.0330322],[6.1721598,43.0329735],[6.1720203,43.0329945],[6.1719413,43.0330771],[6.1719933,43.0331482],[6.171948,43.0332008],[6.1719387,43.0333154],[6.1720486,43.0333459],[6.1720406,43.0333714],[6.1719414,43.0333784],[6.1719824,43.0335154],[6.1719507,43.03359],[6.1718229,43.033634],[6.1716449,43.0337106],[6.1715088,43.0337003],[6.1713713,43.0336008],[6.1712265,43.0335851],[6.1710284,43.0334222],[6.1708461,43.0333778],[6.1706872,43.0334683],[6.1706424,43.0335156],[6.1707343,43.0335518],[6.1708605,43.033658],[6.1706592,43.033638],[6.1705708,43.0336783]]}},{"type":"Feature","properties":{},"geometry":{"type":"LineString","coordinates":[[6.1572623,43.0284996],[6.1572331,43.0285472],[6.1572549,43.0285756],[6.1573098,43.0285613],[6.157334,43.0285276],[6.1573508,43.0284973],[6.1574072,43.0284938],[6.1574453,43.0285222],[6.1574835,43.0285458],[6.1574641,43.0284987],[6.1574272,43.0284634],[6.1575164,43.0284565],[6.157558,43.0284747],[6.1575539,43.0285007],[6.1575613,43.0285139],[6.1575901,43.0285262],[6.1576384,43.0285541],[6.1576679,43.0285143],[6.1577149,43.028506],[6.1577008,43.0284835],[6.1576995,43.0284536],[6.1576518,43.0284247],[6.157627,43.0283409],[6.1576726,43.0283281],[6.1576948,43.0283051],[6.1577336,43.0283453],[6.1578215,43.0283453],[6.1578121,43.0283889],[6.1577565,43.0284046],[6.1577276,43.0284703],[6.157773,43.028455],[6.1578269,43.0284541],[6.157894,43.028409],[6.157904,43.0284511],[6.1579489,43.0284408],[6.1579905,43.0284526],[6.1580039,43.028407],[6.1580508,43.0284321],[6.1580964,43.0283904],[6.1581358,43.0283909],[6.1581426,43.0283614],[6.1582506,43.0282815],[6.1582787,43.0283064],[6.158372,43.0282291],[6.1584102,43.0282105],[6.1584069,43.0281595],[6.1584388,43.0281582],[6.1584552,43.0281972],[6.1585195,43.0281747],[6.1585276,43.0281311],[6.1584833,43.0281315],[6.1584377,43.0281041],[6.1585169,43.0280365],[6.1585524,43.0280374],[6.1585625,43.0279776],[6.1586094,43.0279541],[6.1586684,43.0279693],[6.1587529,43.0280198],[6.1587636,43.0280492],[6.1586094,43.0280982],[6.1586469,43.0281149],[6.158832,43.0281247],[6.1589042,43.0281504],[6.1589708,43.0281134],[6.1590613,43.0281051],[6.1590627,43.0280541],[6.1592062,43.0280497],[6.1593055,43.0280732],[6.1593864,43.0280392],[6.1594427,43.0281308],[6.1595254,43.0281286],[6.1595589,43.0281615],[6.1594737,43.0282031],[6.1595187,43.028233],[6.159479,43.0282733],[6.159451,43.0283076],[6.1594725,43.0283274],[6.1594959,43.0283237],[6.1595971,43.0283124],[6.1596014,43.0283423],[6.159547,43.0285003],[6.1594341,43.0285158],[6.1594115,43.0286017],[6.1595012,43.028608],[6.1594742,43.0286398],[6.1594717,43.0286805],[6.1594275,43.0287011],[6.1593778,43.0286972],[6.1593618,43.0287345],[6.1593577,43.0287609],[6.1595106,43.0288718],[6.1595187,43.0289501],[6.1594959,43.0289482],[6.1594785,43.0288786],[6.159351,43.0288019],[6.1592265,43.0288283],[6.1591727,43.0288207],[6.1591445,43.0288345],[6.159132,43.0288885],[6.1591252,43.0289181],[6.1590761,43.0289619],[6.1590961,43.0289845],[6.1591505,43.0290001],[6.1591592,43.0290217],[6.1590734,43.0290371],[6.1590322,43.029072],[6.1590379,43.0291207],[6.1590729,43.0291432],[6.1590466,43.0291604],[6.1590466,43.0292242],[6.1590768,43.029256],[6.1591109,43.0292727],[6.1591452,43.0292825],[6.1591444,43.029377],[6.1590926,43.0294012],[6.1591263,43.0294756],[6.1591776,43.0295581],[6.1592827,43.0296851],[6.1593644,43.0297285],[6.1595049,43.0297542],[6.1596233,43.0297815],[6.1596877,43.029867],[6.1599829,43.0300543],[6.1601049,43.0301532],[6.1602655,43.0301722],[6.1603693,43.0302524],[6.1604226,43.0302422],[6.1605046,43.0302775]]}},{"type":"Feature","properties":{},"geometry":{"type":"LineString","coordinates":[[6.158781,43.0346136],[6.1586858,43.0345948],[6.1585118,43.0346006],[6.1584438,43.0346071],[6.1583142,43.0347246],[6.1583693,43.0347477],[6.1582936,43.0347556],[6.1581787,43.0347146],[6.1580873,43.0346892]]}},{"type":"Feature","properties":{},"geometry":{"type":"LineString","coordinates":[[6.1705708,43.0336783],[6.1706659,43.0337832],[6.1708157,43.0338176],[6.1708336,43.0338821],[6.1707598,43.0338978],[6.1707115,43.0340195],[6.1706914,43.0340645],[6.1704554,43.0340547],[6.1703628,43.0341351],[6.1701884,43.0340685],[6.1701362,43.0341096],[6.1699683,43.0341424],[6.1698547,43.034023],[6.169661,43.0340646],[6.1696405,43.0341469],[6.1697809,43.0342751],[6.1698116,43.0343164],[6.1697996,43.0343723],[6.169927,43.0343997],[6.1699364,43.0344458],[6.1697633,43.0344223],[6.1696695,43.0343993],[6.1695689,43.0344715],[6.1695689,43.0345713],[6.1696427,43.0346056],[6.1696587,43.0347065],[6.169467,43.0346183],[6.1694452,43.03473],[6.1692735,43.0347523],[6.1693852,43.0348565],[6.1693798,43.0348997],[6.1693396,43.0349408],[6.1693852,43.0349634],[6.169412,43.0350504],[6.1694971,43.035031],[6.1695199,43.0350967],[6.1694174,43.0351016],[6.1694281,43.0351683],[6.1695555,43.0351781],[6.1695622,43.0352133],[6.1693811,43.0352339],[6.169247,43.0352339],[6.1691505,43.0350732],[6.1690244,43.0351094],[6.1689728,43.0350671],[6.1687961,43.0350643],[6.1687455,43.0351271],[6.1687843,43.0352584],[6.1687816,43.0353784],[6.1686918,43.0353741],[6.1685463,43.0353888],[6.1683592,43.0353457],[6.1682388,43.0352796],[6.1680508,43.0353741],[6.1678195,43.0352851],[6.1677849,43.0352339],[6.1676511,43.0351526],[6.1675243,43.0350849],[6.1674097,43.0350369],[6.1672493,43.0349188],[6.1666687,43.0348993],[6.1664709,43.0348408],[6.1663945,43.0347703],[6.1662788,43.034718],[6.1660418,43.034682],[6.1658326,43.034687],[6.165732,43.0345889],[6.1652708,43.0346101],[6.1650105,43.0346005],[6.1648476,43.0347003],[6.1646846,43.0346262],[6.1646012,43.0345165],[6.1642214,43.0345606],[6.1640848,43.0345027],[6.1639899,43.034485],[6.1636988,43.0345751],[6.1634478,43.0345231],[6.1632094,43.0345272],[6.1630914,43.0345772],[6.1630165,43.0345329],[6.1627845,43.0345527],[6.1626649,43.0345409],[6.1625992,43.0344203],[6.1625013,43.0343086],[6.1624637,43.0341662],[6.1624059,43.0340979],[6.1622532,43.0340782],[6.162164,43.0340354],[6.1617671,43.0340308],[6.1610901,43.0341427],[6.1607548,43.034236],[6.1602219,43.0342731],[6.1599094,43.034363],[6.1597721,43.0344301],[6.1596694,43.0345266],[6.159643,43.034575],[6.1596719,43.0346118],[6.1595985,43.0345919],[6.1594158,43.0345728],[6.1594006,43.0346345],[6.1593491,43.0346162],[6.1589924,43.0345705],[6.1589561,43.0345772],[6.1588414,43.034629],[6.158781,43.0346136]]}},{"type":"Feature","properties":{},"geometry":{"type":"LineString","coordinates":[[6.1315947,43.0359698],[6.1317112,43.0359764],[6.1318731,43.0359015],[6.1318932,43.0359279],[6.1318604,43.0360317],[6.1319857,43.0359813],[6.1319083,43.0360476],[6.1319136,43.0360845],[6.1320038,43.0360722],[6.1320456,43.0361007],[6.1321305,43.0361156],[6.1320468,43.0361895],[6.1321053,43.0362151],[6.1321331,43.0362316],[6.1321649,43.0361961],[6.1322859,43.0361928],[6.132328,43.0362262],[6.132326,43.0362535],[6.1325645,43.0362445]]}},{"type":"Feature","properties":{},"geometry":{"type":"LineString","coordinates":[[6.4326999,43.0096518],[6.4327677,43.0095878],[6.4328268,43.0094615],[6.4328027,43.0093688],[6.432958,43.0092281],[6.433041,43.0092265],[6.4330935,43.0092537],[6.4332291,43.0092569],[6.433275,43.0092377],[6.4332685,43.0091993],[6.4332247,43.0091977],[6.433146,43.0091785],[6.4331504,43.0091434],[6.4331875,43.0091114],[6.4331832,43.0090554],[6.4330673,43.0089371],[6.4329776,43.0086061],[6.4329689,43.0084878],[6.432958,43.0083983],[6.4329864,43.0083279],[6.4331198,43.0082575],[6.4332225,43.0081664],[6.4335002,43.0081424],[6.4336402,43.008128],[6.4337145,43.0081056],[6.4337954,43.0080385],[6.4337845,43.0079873],[6.4336948,43.0079585],[6.4335964,43.0079154],[6.4335527,43.0078514],[6.4335287,43.0077059],[6.4334718,43.0076404],[6.4333931,43.0075732],[6.4333843,43.0075364],[6.433404,43.0074916],[6.4334805,43.0074805],[6.4335112,43.0074469],[6.4334871,43.0073701],[6.433498,43.0073046],[6.4335942,43.0072022],[6.4336183,43.0070807],[6.4336577,43.0070535],[6.4337167,43.0070359],[6.4337714,43.0070759],[6.4337998,43.0071319],[6.4338894,43.0071639],[6.4339507,43.0071447],[6.4339703,43.0070999],[6.4339244,43.0070024],[6.4338741,43.0069736],[6.4338435,43.0068872],[6.4338829,43.0067913],[6.4340141,43.0065946],[6.4340622,43.0065355],[6.4341234,43.0065147],[6.4341562,43.0065147],[6.4342087,43.0065786],[6.4342524,43.0065834],[6.4342677,43.0065483],[6.4342655,43.0065099],[6.434318,43.0064971],[6.4344295,43.0063836],[6.4344973,43.0062844],[6.4346285,43.0061949],[6.4346985,43.0061629],[6.4349652,43.0061477],[6.4350122,43.0060973],[6.4351161,43.0060806],[6.4351172,43.0060574],[6.4350866,43.0060134],[6.4351675,43.0059382],[6.4351609,43.0058567],[6.4351489,43.0057975],[6.4351533,43.0057032],[6.4352385,43.00562],[6.4353227,43.0056144],[6.4353391,43.0055985],[6.4353249,43.0055361],[6.4353479,43.0055009],[6.4353938,43.0054793],[6.4354299,43.0055209],[6.435431,43.0055577],[6.4354769,43.0055537],[6.4354813,43.0054985],[6.435467,43.0054098],[6.4354998,43.0053666],[6.435577,43.0053659],[6.4356102,43.0054159],[6.4356426,43.005475],[6.4356934,43.0055054],[6.435832,43.0054024],[6.4358667,43.0053246],[6.435936,43.0053111],[6.4360007,43.0053973],[6.4360816,43.0054057],[6.4361786,43.0053398],[6.4362179,43.0053162],[6.4362895,43.0053179]]}},{"type":"Feature","properties":{},"geometry":{"type":"LineString","coordinates":[[6.4377649,43.003466],[6.43788,43.0035655],[6.4378794,43.0034747],[6.438021,43.0034755],[6.4382233,43.003631],[6.4382848,43.0037526],[6.4383774,43.0037879],[6.4383874,43.003871],[6.4384399,43.0039029],[6.4384572,43.0039564],[6.438544,43.0039881],[6.4386706,43.004124],[6.4385932,43.0041687],[6.4385707,43.0043203],[6.4386115,43.0044106],[6.438705,43.0045074],[6.438953,43.0044533],[6.4390376,43.0044874],[6.439123,43.0046038],[6.439077,43.0047033],[6.4392427,43.0047573],[6.4392633,43.0048689],[6.4394034,43.0049608],[6.4394203,43.0050923],[6.4394342,43.0051852],[6.439485,43.0052055],[6.4395335,43.0051802],[6.4395728,43.005143],[6.4396398,43.0051886],[6.439656,43.0052934],[6.4397554,43.0053644],[6.4398247,43.0053779],[6.4398593,43.005415],[6.4398824,43.005486],[6.4401112,43.0056296],[6.4401458,43.005802],[6.4402313,43.0058662],[6.4402729,43.0058442],[6.4403214,43.0057986],[6.4404,43.0057834],[6.4404324,43.0058155],[6.4404231,43.0059304],[6.4404023,43.0059811],[6.440534,43.0060706],[6.4405872,43.0061484],[6.4406311,43.0062802],[6.4406195,43.0063748],[6.4405502,43.0064559],[6.4405317,43.0065099],[6.4405687,43.0065758],[6.4406264,43.0066046],[6.4406865,43.0066012],[6.4407512,43.0065488],[6.4407466,43.0064728],[6.440824,43.0063993],[6.4408945,43.006319],[6.4409274,43.0062067],[6.4409904,43.0061437],[6.4411706,43.0061775],[6.4413,43.0062485],[6.4413693,43.0063634],[6.4414063,43.0065695],[6.4414063,43.0066878],[6.4414525,43.0067925],[6.4415356,43.0068365],[6.4416188,43.0068128],[6.4416327,43.0067452],[6.4417253,43.0067358],[6.4417806,43.0068111],[6.4418291,43.0068601],[6.4419238,43.0069226],[6.44197,43.0070291],[6.442044,43.0070696],[6.4421479,43.0070527],[6.4422173,43.0069953],[6.4422658,43.0069885],[6.4423143,43.007024],[6.442342,43.0070899],[6.4424298,43.0071068],[6.4426147,43.0071828],[6.4426771,43.0072352],[6.4426771,43.0073163],[6.4426355,43.0073417],[6.4425015,43.0073467],[6.4424552,43.0073974],[6.4424899,43.0074211],[6.44258,43.0074076],[6.4426516,43.0074464],[6.4426978,43.0074211],[6.4427279,43.0074464],[6.4427348,43.0075039],[6.442788,43.0075309],[6.4428134,43.0075833],[6.4429197,43.0076458],[6.4429959,43.0076323],[6.4430236,43.0075884],[6.4429774,43.0075529],[6.4429705,43.0075123],[6.4430028,43.0074988],[6.4430583,43.0075089],[6.4430906,43.00759],[6.4430583,43.0076238],[6.443019,43.0076492],[6.4430213,43.0076965],[6.4431022,43.0077404],[6.443153,43.0077539],[6.4432501,43.0078046],[6.4433032,43.0078773],[6.4433194,43.0079449],[6.4433772,43.0079601],[6.4435089,43.0079449],[6.4435481,43.007982],[6.4436036,43.007982],[6.443599,43.0078959],[6.4436406,43.0078638],[6.4437399,43.0078688],[6.4438393,43.0079313],[6.4438947,43.0080141],[6.4441188,43.0081476],[6.4441743,43.0082034],[6.4441697,43.0083166],[6.4442529,43.008374],[6.4442783,43.0084365],[6.4443014,43.0085328],[6.4443614,43.0085683],[6.4444261,43.0085582],[6.4444608,43.0085143],[6.4444354,43.0084044],[6.4444516,43.0083706],[6.4444978,43.0083588],[6.444544,43.0083892],[6.444544,43.0084534],[6.4445116,43.0085717],[6.4445394,43.0086883],[6.4446133,43.0087407],[6.4446734,43.0087086],[6.4447173,43.0086646],[6.4447542,43.0086663],[6.4447681,43.0087221],[6.4447542,43.0087677],[6.4447334,43.0088049],[6.4447635,43.0088268],[6.4448166,43.0087981],[6.4448836,43.0087964],[6.4449853,43.0088454],[6.4451101,43.0088387],[6.4451794,43.0087914],[6.4452626,43.008793],[6.4453665,43.0088539],[6.4453873,43.0089231],[6.4453989,43.0091073],[6.4453827,43.0092492],[6.4454682,43.0093776],[6.445459,43.0094621],[6.4454127,43.0095027],[6.4453411,43.0095094],[6.4452187,43.0094182],[6.4451655,43.0094233],[6.4451424,43.0094672],[6.4451701,43.0095449],[6.4454382,43.0097156],[6.4454659,43.0097831],[6.4454774,43.0100062],[6.4454174,43.0100687],[6.445355,43.010094],[6.4452117,43.0102292],[6.4451956,43.0102849],[6.4452164,43.0103306],[6.4452903,43.0103322],[6.4454266,43.0102596],[6.4454774,43.0102258],[6.4455098,43.0102275],[6.4455375,43.0102579],[6.4455098,43.0102917],[6.445519,43.0103474],[6.4455953,43.0104049],[6.4455883,43.0104454],[6.445586,43.0105063],[6.4456623,43.0105569],[6.4457986,43.0105586],[6.4459164,43.0105401],[6.4459696,43.0105654],[6.4459742,43.0106009],[6.4459164,43.0106499],[6.4459164,43.0107022],[6.4459603,43.0107935],[6.4459349,43.0108323],[6.4458656,43.010856],[6.4458102,43.0109084],[6.4458148,43.0109641],[6.4458471,43.0109692],[6.4459072,43.0109405],[6.445965,43.010954],[6.4460042,43.0109912],[6.4459811,43.0110959],[6.4459996,43.0111331],[6.4460874,43.0111381],[6.4461729,43.0111196],[6.4462469,43.0111415],[6.4463277,43.0112277],[6.4463393,43.0113172],[6.4462977,43.0113848],[6.4463069,43.0114287],[6.4463531,43.0114355],[6.4464363,43.0114254],[6.4464456,43.0114963],[6.4464987,43.01152],[6.4465518,43.0115234],[6.4465611,43.0115808],[6.4465426,43.0117008],[6.4466165,43.0117227],[6.4466165,43.0118292],[6.4466512,43.0118663],[6.4466974,43.0118528],[6.4467321,43.0117751],[6.4467737,43.011792],[6.4467921,43.0118325],[6.4468799,43.0118325],[6.446977,43.0119001],[6.4470532,43.0118731],[6.4470971,43.0119052],[6.4471179,43.0119694],[6.447208,43.0120066],[6.4472727,43.0119778],[6.4473051,43.0119255],[6.4472635,43.011792],[6.4473143,43.0114913],[6.4472658,43.0113358],[6.4472958,43.0112784],[6.4473836,43.0112615],[6.4475385,43.0112497],[6.4476748,43.0112834],[6.447751,43.0113392],[6.4477949,43.0114085],[6.4477834,43.0114592],[6.4477418,43.0115082],[6.4477418,43.0116315],[6.4477834,43.0119407],[6.4477272,43.01202],[6.4476956,43.0121637],[6.4478019,43.0123935],[6.4477972,43.0125151],[6.4476771,43.0125996],[6.4475893,43.0125759],[6.4475569,43.0125151],[6.4475015,43.0125117],[6.4474553,43.0125624],[6.4474148,43.0125573],[6.447386,43.012505],[6.4472924,43.0125066],[6.4471942,43.0125886],[6.4471838,43.0127795],[6.4472092,43.0129425],[6.4472739,43.0130388],[6.4472647,43.0131284],[6.4473016,43.0132145],[6.4474125,43.0132855],[6.4474934,43.0132787],[6.4475373,43.0132281],[6.4474842,43.0131486],[6.4475073,43.0131149],[6.4475558,43.0131149],[6.4475835,43.0131706],[6.4476944,43.0131655],[6.4477545,43.0131774],[6.4478169,43.013223],[6.4477822,43.0133024],[6.4478007,43.0133446],[6.4479047,43.0133548],[6.447944,43.0134173],[6.4479994,43.0134207],[6.4480271,43.0135102],[6.4480826,43.0135102],[6.4481126,43.0135845],[6.4481935,43.0136251],[6.4482351,43.0135913],[6.4482282,43.0135474],[6.4482859,43.0135001],[6.4483206,43.0135136],[6.448309,43.0136065],[6.4483714,43.0136386],[6.4483945,43.0136048],[6.448383,43.0135558],[6.4485308,43.013647],[6.4485539,43.0136166],[6.4485031,43.013571],[6.4483876,43.0133869],[6.4483853,43.0133091],[6.4484592,43.013147],[6.4484985,43.013147],[6.4485239,43.0131672],[6.4485355,43.0132044],[6.4485008,43.0132314],[6.4485262,43.0133818],[6.4486025,43.0134663],[6.4486394,43.0136133],[6.4487087,43.0136335],[6.4487966,43.0137011],[6.4488035,43.0138194],[6.4488358,43.0138379],[6.4488705,43.0138177],[6.4488959,43.0138363],[6.4489028,43.0138836],[6.448949,43.0138819],[6.4489745,43.0138464],[6.4490068,43.0138464],[6.4490299,43.0138954],[6.4490761,43.0138954],[6.4491015,43.0138684],[6.4491408,43.0138802],[6.4492101,43.0139444],[6.4492309,43.0141083],[6.4493072,43.0141437],[6.4493418,43.0141843],[6.4493465,43.0142721],[6.4492587,43.0142806],[6.4491709,43.0143583],[6.4492032,43.0144124],[6.4493257,43.0144411],[6.4493788,43.0145036],[6.4493788,43.014605],[6.4493719,43.0147097],[6.4494273,43.0147435],[6.4494227,43.0148938],[6.4495267,43.0150864],[6.4497462,43.0152554],[6.4499611,43.0155122],[6.4500558,43.0155814],[6.4500951,43.015671],[6.4500743,43.0157301],[6.4499865,43.015747],[6.4499865,43.0158112],[6.4500789,43.0158264],[6.4501552,43.0159024]]}},{"type":"Feature","properties":{},"geometry":{"type":"LineString","coordinates":[[6.4362895,43.0053179],[6.4363381,43.0053618],[6.4362918,43.0054497],[6.4362965,43.0055054],[6.4363427,43.0055021],[6.436375,43.0054649],[6.4363866,43.0054328],[6.4364929,43.0053787],[6.4365529,43.0053872],[6.4365853,43.0054243],[6.436576,43.0055409],[6.4365968,43.0055865],[6.4367817,43.005573],[6.4369527,43.0056001],[6.4370774,43.0055916],[6.4371629,43.0055696],[6.4372761,43.0055984],[6.4374171,43.0056119],[6.4374864,43.005595],[6.4375557,43.0055443],[6.4375465,43.0054767],[6.4374887,43.0054328],[6.4374633,43.0052554],[6.4375072,43.005203],[6.4375072,43.0051557],[6.4374333,43.0051269],[6.4374263,43.0050746],[6.4373408,43.0050594],[6.4372831,43.0049816],[6.4372091,43.0049309],[6.4371837,43.0047738],[6.4371144,43.0047383],[6.4371121,43.0046792]]}},{"type":"Feature","properties":{},"geometry":{"type":"LineString","coordinates":[[6.4343468,43.0061621],[6.4342796,43.0061021],[6.4343729,43.005995],[6.434433,43.0059511],[6.4344954,43.0059562],[6.4347033,43.0060744],[6.4347057,43.0061032],[6.4345439,43.0061268],[6.4343468,43.0061621]]}},{"type":"Feature","properties":{},"geometry":{"type":"LineString","coordinates":[[6.4503354,43.016791],[6.4502707,43.0169042],[6.4501367,43.0169735],[6.4500535,43.017009],[6.4499796,43.0170647],[6.4499796,43.0171238],[6.4501043,43.0171948],[6.4501251,43.0172826],[6.4502869,43.017286],[6.4504601,43.0173435]]}},{"type":"Feature","properties":{},"geometry":{"type":"LineString","coordinates":[[6.4522323,43.0180293],[6.4523201,43.0179584],[6.4523132,43.0179195],[6.4522554,43.017884],[6.4524056,43.0177438],[6.452468,43.0177067],[6.4522855,43.0176543],[6.4522601,43.0175833],[6.452364,43.0173874],[6.4523779,43.0172235],[6.4524542,43.0172235],[6.4524888,43.0171762],[6.4525373,43.017237],[6.4525905,43.0172032],[6.4526274,43.017232],[6.4526529,43.0172945],[6.4528562,43.0173992],[6.4529394,43.0173975],[6.4529255,43.0173604],[6.4528862,43.0173418],[6.4528238,43.0173502],[6.4527915,43.017335],[6.4528054,43.0172928],[6.452877,43.0172624],[6.4529648,43.01721],[6.4529671,43.0171441],[6.453011,43.0170478],[6.4529902,43.0169481],[6.4530457,43.0168975],[6.4530988,43.0168975],[6.4531311,43.0169836],[6.4532236,43.0169735],[6.4532929,43.017058],[6.4533622,43.0170968],[6.4534246,43.017058],[6.4534107,43.0170123],[6.4533275,43.0169431],[6.453286,43.0167978],[6.4533067,43.016742],[6.4533576,43.0167049],[6.4533619,43.0166104],[6.4533934,43.0165799],[6.4534396,43.0165748],[6.4534604,43.0165934],[6.4534465,43.0166441],[6.4534997,43.0166441],[6.4535505,43.0166626],[6.4536221,43.0166525],[6.4536083,43.0164988],[6.4536591,43.0164667],[6.4537631,43.016519],[6.453844,43.0165055],[6.4538832,43.0164498],[6.4538116,43.0163231],[6.4538001,43.016242],[6.4538486,43.0162302],[6.4538971,43.0162606],[6.4539225,43.0162335],[6.4539179,43.0161947],[6.4538832,43.016166],[6.4538832,43.0161204],[6.453911,43.0161119],[6.4539664,43.016144],[6.4539849,43.0160866],[6.4540519,43.016068],[6.4541559,43.0160747],[6.4542714,43.0159751],[6.4543731,43.0159599],[6.4543939,43.0159193],[6.4544054,43.015818]]}},{"type":"Feature","properties":{},"geometry":{"type":"LineString","coordinates":[[6.4501552,43.0159024],[6.4501043,43.0159632],[6.4500951,43.0160899],[6.4501736,43.016242],[6.4502591,43.0162876],[6.4502776,43.0163569],[6.4502568,43.0164329],[6.4503354,43.0166694],[6.4503354,43.016791]]}},{"type":"Feature","properties":{},"geometry":{"type":"LineString","coordinates":[[6.4329762,43.0109768],[6.4329254,43.0109464],[6.4328768,43.0109548],[6.432826,43.0110072],[6.4327012,43.0109988],[6.4325834,43.0110799],[6.4325164,43.0110832],[6.4324101,43.0110579],[6.4324124,43.0109988],[6.4324563,43.0109396],[6.4323893,43.0107453],[6.4323893,43.0105679],[6.4323454,43.0104716],[6.4324222,43.0103489],[6.4323938,43.010245],[6.4324507,43.0101874],[6.4324397,43.0100691],[6.4324966,43.0100148],[6.4324572,43.0099892],[6.4323545,43.0099732],[6.4323654,43.0099348],[6.4324354,43.0099252],[6.4324222,43.0097557],[6.4324048,43.0096358],[6.4324332,43.0095671],[6.4324725,43.0095479],[6.4325578,43.0095543],[6.4326081,43.0096326],[6.4326999,43.0096518]]}},{"type":"Feature","properties":{},"geometry":{"type":"LineString","coordinates":[[6.4330016,43.0112708],[6.4330455,43.01121],[6.4331033,43.011161],[6.4331518,43.0111508],[6.4331587,43.0111052],[6.4330594,43.0110494],[6.4330062,43.0110376],[6.4329762,43.0109768]]}},{"type":"Feature","properties":{},"geometry":{"type":"LineString","coordinates":[[6.4442651,43.0248084],[6.4442061,43.0248127],[6.4440077,43.0250008],[6.4438803,43.0250284],[6.4438236,43.0250837],[6.4437008,43.0250975],[6.4435143,43.0250854],[6.4434813,43.0249887],[6.4434128,43.0249318],[6.4432971,43.0249335],[6.4432098,43.0249905],[6.4430941,43.0250492],[6.4429088,43.0250509],[6.4429159,43.0251001],[6.4429135,43.025151],[6.442884,43.0251605],[6.4427589,43.0251139],[6.4426904,43.0251329],[6.4427069,43.0252261],[6.4426125,43.0252399],[6.4425133,43.0252658],[6.4424638,43.0252209],[6.4423599,43.0252416],[6.442223,43.025233],[6.4420955,43.0251812],[6.4419184,43.0251967],[6.4416457,43.0250319],[6.4415265,43.0249974],[6.4414793,43.0250039],[6.4414817,43.0250815],[6.4414274,43.0250901],[6.4414061,43.0250453],[6.4413565,43.0250453],[6.4413188,43.025085],[6.4412833,43.0250694],[6.4412763,43.02499],[6.4412208,43.0249719],[6.4411511,43.0249978],[6.4410909,43.0249797],[6.4410661,43.0249409],[6.4409823,43.0248787],[6.4408973,43.0248727],[6.4408171,43.0248925],[6.44081,43.0249417],[6.4408065,43.0249633],[6.440771,43.0249736],[6.4407108,43.0249555],[6.4406294,43.024965],[6.4405928,43.0250004],[6.4406046,43.0250453],[6.4406577,43.0250953],[6.4407333,43.0251419],[6.4407533,43.0251859],[6.4407364,43.0252239],[6.4406967,43.0252377],[6.4406417,43.0252283],[6.4405527,43.0251497],[6.4404795,43.0250763],[6.4404382,43.0250254],[6.440385,43.0250073],[6.4403083,43.0250142],[6.440267,43.024984],[6.4402694,43.0249063],[6.440241,43.0248502],[6.4401702,43.0248088],[6.4400722,43.0248183],[6.4399459,43.0247743],[6.4398102,43.0247631],[6.4397783,43.0247441],[6.4397636,43.0246651],[6.4398456,43.0246172],[6.4398527,43.0245637],[6.4398391,43.0245228],[6.4398037,43.0245051],[6.4397323,43.0245064],[6.439642,43.0245236],[6.4395877,43.0245581],[6.4394743,43.0245944],[6.4393799,43.0245857],[6.4391981,43.0244529],[6.4391556,43.0244459],[6.4390943,43.0243873],[6.4390518,43.0243993],[6.4389809,43.0243993],[6.4389668,43.0243286],[6.4389951,43.0242751],[6.4389691,43.0242009],[6.4389077,43.0241612],[6.438844,43.024206],[6.438759,43.0242129],[6.4385465,43.0241439],[6.4384781,43.0240956],[6.4383223,43.0240973],[6.4382727,43.0241197],[6.4381476,43.0240352],[6.438072,43.0240196],[6.438013,43.0240473],[6.4379233,43.0240455],[6.4377982,43.0239627],[6.4377462,43.0239765],[6.4376565,43.0239765],[6.4375904,43.0239247],[6.4375267,43.0238229],[6.437496,43.0237073],[6.4375078,43.0236641],[6.4376069,43.0236399],[6.4376305,43.0235864],[6.4375975,43.0235554],[6.4375101,43.0235623],[6.43747,43.0235139],[6.4374346,43.0235433],[6.4373921,43.0235381],[6.4373732,43.0234863],[6.4373992,43.0234156],[6.4373732,43.0233552],[6.4372788,43.0233552],[6.4372552,43.0232809],[6.4371584,43.0232361],[6.4369837,43.0232067],[6.4368326,43.0231187],[6.4368397,43.0230341],[6.4370073,43.0229064],[6.4369919,43.0228641],[6.4369376,43.0228719],[6.4368727,43.0228262],[6.4368326,43.0227563],[6.4367865,43.0227131],[6.4368373,43.0226717],[6.4368338,43.0225949],[6.4367771,43.0224378],[6.4367924,43.0223299],[6.436855,43.0222713],[6.4369176,43.0222704],[6.4369763,43.0223116],[6.4370132,43.0223144],[6.4370604,43.0222833],[6.4370828,43.0222523]]}},{"type":"Feature","properties":{},"geometry":{"type":"LineString","coordinates":[[6.4370828,43.0222523],[6.4370875,43.0221522],[6.4371052,43.0221228],[6.4371123,43.0220831],[6.4370958,43.0220322],[6.4369565,43.0219554],[6.4369364,43.0219097],[6.436901,43.0218889],[6.4368692,43.0218924],[6.4368562,43.0218769],[6.436881,43.0218182],[6.4368633,43.0217621],[6.4368113,43.0216999],[6.4367665,43.0216741],[6.4367122,43.0216844],[6.4366791,43.0216672],[6.4366744,43.0216326],[6.4366921,43.0215118],[6.4367311,43.0214799],[6.4367582,43.0214333],[6.4367252,43.0214108],[6.4366295,43.0214669],[6.4365443,43.0214725],[6.436364,43.0213357],[6.4361746,43.0213222],[6.4360475,43.0212512],[6.4359782,43.0212377],[6.4357864,43.0211448],[6.4357494,43.0211009],[6.4355854,43.0209962],[6.4355415,43.0209894],[6.4353636,43.0208813],[6.4353289,43.0208188],[6.4352712,43.0208205],[6.4352134,43.0207918],[6.4351695,43.0206921],[6.4350563,43.0206363],[6.4349823,43.020611],[6.4347767,43.020486],[6.4345965,43.0204032],[6.4344902,43.0203897],[6.4343446,43.0203002],[6.4342291,43.0202884],[6.4341066,43.0202191],[6.4340211,43.020209],[6.433969,43.020233],[6.4339495,43.02029],[6.4339565,43.0203863],[6.4339149,43.020437],[6.4339333,43.0204877],[6.4338687,43.0205012],[6.4336492,43.0203627],[6.4336099,43.0202529],[6.4335267,43.0201397],[6.4335151,43.0200451],[6.4335429,43.0199589],[6.4335706,43.0199471],[6.4336099,43.0199623],[6.4336122,43.0200046],[6.4336584,43.020013],[6.4337115,43.0199944],[6.4337138,43.0199556],[6.4336699,43.0199167],[6.4335798,43.0196988],[6.4334158,43.0195383],[6.4333673,43.0193711],[6.4333996,43.0191819],[6.4334366,43.0191042],[6.4334389,43.0190163],[6.4335267,43.018942],[6.4336168,43.0188068],[6.4337162,43.0187156],[6.4337577,43.0184572],[6.4336954,43.0183609],[6.4337439,43.0182156],[6.4337693,43.0181733],[6.4337185,43.0181412],[6.4337046,43.0180483],[6.4336399,43.0180466],[6.4335336,43.0179301],[6.4334042,43.0178693],[6.4333765,43.0178253],[6.4333488,43.0175686],[6.4333742,43.0174131],[6.4334343,43.017327],[6.433529,43.0173084],[6.4335336,43.0172087],[6.4335937,43.0171648],[6.4336122,43.0170364],[6.4338075,43.0168928],[6.4339035,43.0168396],[6.4338921,43.0167688],[6.4338218,43.0166936],[6.4338795,43.0165605],[6.4338489,43.016373],[6.4339794,43.0162046],[6.4340806,43.0160274],[6.4340357,43.0158513],[6.4337141,43.0157367],[6.433547,43.0156388],[6.4335618,43.0156008],[6.4336382,43.0156074],[6.4341643,43.015784],[6.4343055,43.0157922],[6.43446,43.0156498],[6.4345431,43.0156641],[6.434595,43.0156263],[6.4346813,43.0155629],[6.434703,43.0155091],[6.4341925,43.0154412],[6.4341948,43.0154069],[6.434575,43.0154608],[6.4342887,43.015321],[6.4343061,43.015296],[6.4343462,43.0153135],[6.4343643,43.0152922],[6.434411,43.0153135],[6.4344708,43.0152777],[6.4344948,43.0152633]]}},{"type":"Feature","properties":{},"geometry":{"type":"LineString","coordinates":[[6.4344948,43.0152633],[6.4343227,43.0151806],[6.4342326,43.0151147],[6.4340778,43.0150336],[6.4339206,43.0150134],[6.4338652,43.0149694],[6.4338467,43.0149103],[6.4339368,43.0148917],[6.433953,43.0148377],[6.4339437,43.0146738],[6.4340131,43.0145353],[6.4340061,43.0144626],[6.4340708,43.0144187],[6.4340616,43.0141991],[6.4340847,43.0139423],[6.433983,43.0138679],[6.4339784,43.0137294],[6.4340061,43.0136348],[6.4339322,43.0135841],[6.4338906,43.0134219],[6.4339692,43.0132935],[6.4340939,43.0132023],[6.4340939,43.013128],[6.434117,43.0130874],[6.4342326,43.0130705],[6.4342518,43.0129847],[6.4342239,43.0129113],[6.4342239,43.0127795],[6.4342701,43.012739],[6.4341731,43.0126545],[6.4341869,43.0125261],[6.4341453,43.0123977],[6.4341916,43.0123335],[6.4342493,43.0122406],[6.4342123,43.0122101],[6.4340483,43.0121865],[6.4339397,43.0121206],[6.4338219,43.0121088],[6.4337572,43.0120632],[6.4336763,43.0118891],[6.4336001,43.0118385],[6.4335515,43.0116408],[6.4334938,43.0115749],[6.4333852,43.0115394],[6.4333574,43.0114397],[6.4333182,43.0114093],[6.4331403,43.0114144],[6.4330201,43.0113333],[6.4330016,43.0112708]]}},{"type":"Feature","properties":{},"geometry":{"type":"LineString","coordinates":[[5.9251424,43.1026715],[5.925175,43.1025773],[5.9252223,43.1024967],[5.9253447,43.1024123],[5.9253727,43.1023651],[5.9255446,43.1023096],[5.9256837,43.1022803],[5.9257641,43.1022079],[5.9258111,43.1022245],[5.9258297,43.1022704],[5.9258366,43.1023048],[5.9257896,43.102341],[5.9254879,43.1023988],[5.9254329,43.1024575],[5.9253538,43.1025075],[5.9253162,43.1025721],[5.9252773,43.1026514],[5.9252639,43.1027464],[5.9252223,43.1028257],[5.9252411,43.1029001],[5.9252639,43.1029569],[5.9253135,43.1030333],[5.9253712,43.1030451],[5.9254087,43.1030323],[5.9254087,43.1029305],[5.9253739,43.1027503],[5.9253994,43.102626],[5.9254275,43.1025545],[5.9255308,43.1024703],[5.9255978,43.1024331],[5.9256609,43.1024507],[5.925964,43.1023851],[5.9259103,43.1022588],[5.9259138,43.1022306],[5.9259962,43.1021746],[5.9259821,43.1020032],[5.9260156,43.101989],[5.9260532,43.1020169],[5.9260672,43.1021726],[5.9262751,43.1021677],[5.9262738,43.1022284],[5.9264453,43.1022217],[5.9265769,43.1022656],[5.9267331,43.1023351],[5.9267378,43.1023033],[5.9267143,43.1021016],[5.9266097,43.1015038],[5.9265252,43.1014671],[5.9264575,43.1014475],[5.9261893,43.10147],[5.9261202,43.1014656],[5.926084,43.1014431],[5.9260894,43.1014083],[5.9261323,43.1013922],[5.9262617,43.1013819],[5.9264159,43.1013706],[5.9264629,43.1013604],[5.9265286,43.1013702],[5.9265547,43.1013501],[5.9265795,43.1013339],[5.9264857,43.1012438],[5.9262061,43.101294],[5.9261342,43.1012688],[5.9261162,43.1012131],[5.9260996,43.1012145],[5.9260852,43.101174],[5.9261062,43.1011506],[5.9261208,43.1011412],[5.926119,43.1010947],[5.9261467,43.1010903],[5.926144,43.1010737],[5.9261859,43.1010666],[5.9261987,43.1011021],[5.9262754,43.1010899],[5.9262677,43.10105],[5.9263106,43.1010463],[5.926318,43.1010835],[5.9264497,43.101054],[5.9265002,43.1010435],[5.9265078,43.1010737],[5.9264702,43.1010835],[5.9265322,43.1010943],[5.9265412,43.1011166],[5.9265303,43.1011206],[5.9265433,43.1011503],[5.9265249,43.1011577],[5.9265489,43.10118],[5.9265261,43.1012031],[5.9266687,43.1013378],[5.9266996,43.10133],[5.9267257,43.1013589],[5.9267291,43.1014069],[5.9267177,43.1014793],[5.9267324,43.1015738],[5.9267519,43.1015988],[5.9267539,43.1016698],[5.9267458,43.1016933],[5.9267331,43.101732],[5.9267633,43.1017868],[5.926774,43.1018338],[5.9267666,43.1018681],[5.9267894,43.1019087],[5.9267941,43.1019738],[5.9267887,43.1020096],[5.9267961,43.1020722],[5.9268008,43.1021134],[5.9268223,43.1021437],[5.9268283,43.1021824],[5.926839,43.1022617],[5.9268297,43.1023048],[5.9268129,43.1023518],[5.9273224,43.1025567],[5.9277462,43.1025773],[5.9282942,43.1025553],[5.9287771,43.1022832],[5.9291216,43.1022388],[5.9291065,43.1021087],[5.9292436,43.1020409],[5.9295583,43.1022851],[5.9296141,43.1022086],[5.9298219,43.1023112],[5.9299043,43.102232],[5.9299948,43.1023787]]}},{"type":"Feature","properties":{},"geometry":{"type":"LineString","coordinates":[[5.9267486,43.1053869],[5.9267242,43.1053483],[5.925985,43.1042019],[5.9259008,43.1041026],[5.9257968,43.10398],[5.9256411,43.1038988]]}},{"type":"Feature","properties":{},"geometry":{"type":"LineString","coordinates":[[5.9291911,43.1172056],[5.9293695,43.1172156],[5.9295508,43.1172193],[5.9296934,43.1156938],[5.9300476,43.1157863],[5.9299693,43.1159412],[5.9299054,43.1160675],[5.9308059,43.1163388],[5.9335994,43.1171612],[5.9335902,43.117178],[5.9337344,43.1172242],[5.9338482,43.1171973],[5.9338936,43.1170968],[5.9336617,43.1155059],[5.9341502,43.115451],[5.9341395,43.1153566],[5.9337327,43.1153991],[5.9336568,43.1154151],[5.933638,43.1153583],[5.9337209,43.1153432],[5.9341329,43.115295],[5.9341303,43.1152185],[5.9340955,43.1149202],[5.9336323,43.1150344],[5.9336172,43.1149999],[5.9340962,43.1148793],[5.9340742,43.1144891],[5.9336514,43.1146577],[5.9336188,43.1146166],[5.933639,43.114605],[5.9340619,43.1144248],[5.934041,43.1140574],[5.93364,43.1142526],[5.933596,43.1142051],[5.9336204,43.1141938],[5.9340405,43.1139799],[5.934188,43.113905],[5.9343086,43.1140269],[5.9343538,43.1140033],[5.9342354,43.1138791],[5.9343812,43.1138042],[5.9346407,43.1136747],[5.9346306,43.1135929],[5.9344809,43.1134156],[5.9344741,43.1134075],[5.9327863,43.1136933],[5.9323876,43.1137588],[5.9320479,43.1138285],[5.9320058,43.1138356],[5.9319429,43.1138444],[5.9318575,43.1138562],[5.9318483,43.1138317],[5.9317281,43.1138533],[5.9317372,43.1138797],[5.9314081,43.113932],[5.9309167,43.1140185],[5.9308971,43.114043],[5.9310242,43.1149499],[5.9310251,43.1149582],[5.9309857,43.1149594],[5.9309683,43.1148543],[5.9309516,43.1148366],[5.9309329,43.1148361],[5.9309137,43.1148365],[5.9308798,43.1148133],[5.9308751,43.1147315],[5.9308043,43.11434],[5.9307889,43.114217],[5.9307468,43.1141745],[5.9306019,43.1141553],[5.9305086,43.1141429],[5.9302601,43.1140927],[5.9301489,43.1140027],[5.9299749,43.1133664],[5.929834,43.1129355],[5.9297267,43.1127543],[5.9297401,43.1126564],[5.9299548,43.1124703],[5.9299629,43.1124634],[5.930109,43.1123381],[5.9302834,43.1122451],[5.9306188,43.1122206],[5.9307798,43.1121422],[5.9308249,43.111968],[5.9299654,43.1106147]]}},{"type":"Feature","properties":{},"geometry":{"type":"LineString","coordinates":[[5.8842895,43.1133802],[5.8843514,43.113439],[5.8844234,43.1135275],[5.8844865,43.1136205],[5.8845121,43.1136633],[5.8845255,43.1136852],[5.8845358,43.1137059],[5.8845598,43.1137607],[5.8845832,43.1138154],[5.8845958,43.1138502],[5.884609,43.1138897],[5.8846256,43.1139504],[5.884641,43.1140108],[5.884669,43.11401],[5.8846816,43.1140396],[5.8846442,43.1140425],[5.8847144,43.1142634],[5.8847258,43.1142856],[5.8847357,43.1142989],[5.8847474,43.1143122],[5.8847753,43.1143425],[5.8847818,43.1143536],[5.8847907,43.1143789],[5.8847957,43.1144074],[5.8848013,43.1144358],[5.8848635,43.114531],[5.8848778,43.1145846],[5.8848781,43.1146051],[5.8848718,43.1146343],[5.8848762,43.1146822],[5.8848828,43.1147079],[5.8848845,43.1147274],[5.8849035,43.1147663],[5.8849205,43.1147994],[5.8849256,43.1148135],[5.8849302,43.1148272],[5.8849384,43.1148599],[5.8849396,43.1150398],[5.8849304,43.1151129],[5.884929,43.1151388],[5.8849295,43.1151653],[5.8849323,43.1152257],[5.8849389,43.1152592],[5.884955,43.1153156],[5.8849793,43.1153593],[5.8850101,43.1154013],[5.8850283,43.1154235],[5.885037,43.1154347],[5.8850589,43.1154591],[5.8851141,43.1155089],[5.8851673,43.1155626],[5.8852204,43.1156147],[5.885242,43.1156448],[5.8852757,43.1157138],[5.8852942,43.1157564],[5.8853241,43.1158041],[5.8853521,43.1158656],[5.8853703,43.1158931],[5.8853856,43.115912],[5.8853924,43.1159189],[5.8854018,43.1159259],[5.8854099,43.1159302],[5.8854271,43.115936],[5.8854224,43.1159502],[5.8854328,43.1159659],[5.8854337,43.1159823],[5.8854167,43.1159977],[5.8854025,43.1159986],[5.8853931,43.1159984],[5.8853803,43.1159951],[5.8851961,43.1158831],[5.884587,43.1159684],[5.8846969,43.1163958],[5.8851622,43.1163393],[5.8852606,43.1165303],[5.8853844,43.1171321],[5.8853371,43.1171356],[5.8853503,43.1171975],[5.8853045,43.1172017],[5.8853016,43.1172048],[5.8853466,43.1172821],[5.8853858,43.1173573],[5.8854051,43.1174174],[5.8854551,43.117415]]}},{"type":"Feature","properties":{},"geometry":{"type":"LineString","coordinates":[[5.8854551,43.117415],[5.8854745,43.1173705],[5.8858476,43.1173275],[5.8858472,43.1170568],[5.885715,43.1165444],[5.885752,43.1164654],[5.885694,43.1162036],[5.8856946,43.1161598],[5.885711,43.1161486],[5.8857381,43.1161569],[5.8857546,43.1161995],[5.8858037,43.1163847],[5.8858173,43.1164017],[5.8858389,43.1164119],[5.8858779,43.1164187],[5.8859438,43.1164237],[5.8860596,43.1164244],[5.8861199,43.1164004],[5.8861546,43.116398],[5.8861814,43.1163992],[5.8862202,43.1164037],[5.8862368,43.1164132],[5.8868339,43.1163374],[5.8869194,43.116322],[5.8874057,43.1162568]]}},{"type":"Feature","properties":{},"geometry":{"type":"LineString","coordinates":[[5.8874057,43.1162568],[5.887579,43.1162351],[5.8876994,43.1161658],[5.8877694,43.1161413],[5.8877791,43.1161553],[5.8880067,43.1161153],[5.888057,43.1161475],[5.8880809,43.1162168],[5.8883902,43.1161887],[5.888458,43.1161251],[5.8885504,43.1161244],[5.8886052,43.1161776],[5.8886202,43.116223],[5.8886305,43.1163549],[5.8886303,43.1164505],[5.8886638,43.1165249],[5.8886933,43.1166795],[5.8886819,43.1167877],[5.8888061,43.1173994],[5.8887781,43.1174038],[5.8889229,43.1179601],[5.888899,43.1179762],[5.8889054,43.1180183],[5.8889419,43.1180286],[5.8890022,43.11827],[5.8892197,43.1182426],[5.8899648,43.1181454],[5.8899114,43.1177736],[5.8898591,43.1174018],[5.8898457,43.1173088],[5.8898314,43.1172159],[5.8898011,43.1170299],[5.8897383,43.1166577],[5.889712,43.1165969],[5.8896212,43.1163871],[5.8896355,43.1163494],[5.8895993,43.1161443],[5.8895961,43.1161123],[5.8896035,43.116088],[5.8896381,43.1160553],[5.8896872,43.1160313],[5.8898606,43.1160296],[5.8899457,43.1160247],[5.8903357,43.1158699],[5.8904476,43.1158594],[5.8905354,43.1158662],[5.890629,43.1158871],[5.890708,43.1159233],[5.8907622,43.1160071],[5.8908684,43.116075],[5.8909156,43.1161491],[5.8912533,43.1166274],[5.8913431,43.116833],[5.8914304,43.1169873],[5.8914691,43.1170734],[5.8916084,43.1171569],[5.892131,43.1178314],[5.8922057,43.1178837],[5.8923602,43.1181137],[5.892483,43.1182766],[5.8926069,43.1184014],[5.8926861,43.1183222]]}},{"type":"Feature","properties":{},"geometry":{"type":"LineString","coordinates":[[5.8875921,43.1105712],[5.8874045,43.1106535],[5.8873681,43.1106931],[5.8873442,43.111317],[5.887315,43.1118962],[5.8873058,43.1119434],[5.8873083,43.1119931],[5.8873158,43.1120581],[5.8873261,43.1121016],[5.887368,43.1121961],[5.8874089,43.1122682],[5.887421,43.1122998],[5.8874344,43.1123907],[5.8874418,43.1124663],[5.8874414,43.1125016],[5.8874254,43.1125672],[5.8874093,43.1126605],[5.8874046,43.112736],[5.8873982,43.1127567],[5.8873806,43.1127759],[5.8872402,43.1128074],[5.8871583,43.1128309],[5.8869968,43.112834],[5.886852,43.1128412],[5.88675,43.1128616],[5.8866768,43.112871],[5.8866389,43.1128697],[5.8866222,43.1128585],[5.8865712,43.1128614],[5.8865595,43.1128666],[5.8865275,43.1128698],[5.8864376,43.1128666],[5.8863661,43.1128703],[5.8863238,43.1128698],[5.8862529,43.1128634],[5.8861195,43.1128465],[5.8859817,43.1128228],[5.8859628,43.1129159],[5.8861639,43.1129705],[5.8862113,43.1129924],[5.8862388,43.1130322],[5.8862416,43.1130568],[5.8862315,43.1130756],[5.8861788,43.1130759],[5.8861531,43.1131459],[5.8861208,43.1132515],[5.8861352,43.113256],[5.88612,43.1133225],[5.886108,43.1133611],[5.8860884,43.1133996],[5.8860601,43.1134452],[5.8860404,43.1134704],[5.8860042,43.1135122],[5.8859682,43.1135394],[5.8859327,43.1135558],[5.8858806,43.113585],[5.8857934,43.1136406],[5.8857431,43.1136562],[5.8856928,43.1136659],[5.8856363,43.1136739],[5.8855603,43.1136738],[5.8854619,43.1136692],[5.8853444,43.1136592],[5.8852688,43.1136462],[5.8851982,43.1136302],[5.8851585,43.1136115],[5.8851501,43.1136083],[5.8851371,43.1136003],[5.8851236,43.113588],[5.8851158,43.1135765],[5.8850942,43.1135107],[5.8850617,43.1134316],[5.8850266,43.1133603],[5.8850215,43.1133554],[5.8850125,43.1133487],[5.8849981,43.1133425],[5.8849835,43.1133399],[5.8847051,43.1133271]]}},{"type":"Feature","properties":{},"geometry":{"type":"LineString","coordinates":[[5.9287422,43.1176097],[5.9287722,43.1176317]]}},{"type":"Feature","properties":{},"geometry":{"type":"LineString","coordinates":[[5.9287722,43.1176317],[5.928796,43.1176506],[5.9288847,43.1178554],[5.9289104,43.1178555],[5.9290029,43.1180398],[5.9289934,43.1180621],[5.928937,43.1180791]]}},{"type":"Feature","properties":{},"geometry":{"type":"LineString","coordinates":[[5.9179718,43.0856478],[5.9178991,43.0856888],[5.9177875,43.0857213],[5.9175044,43.085795],[5.9173603,43.0858446],[5.9172904,43.0858596],[5.9172176,43.0858727],[5.9171254,43.0858737],[5.9170356,43.0858697],[5.9169425,43.085854],[5.9168697,43.0858671],[5.9168271,43.0858695],[5.916768,43.0858655],[5.9167163,43.0858505],[5.9164369,43.0857595],[5.9163478,43.0857221],[5.9162175,43.085689],[5.9161309,43.0856487],[5.9158936,43.0855376],[5.9157997,43.0854822],[5.9156892,43.0854232],[5.9156502,43.0853877],[5.9156223,43.0853689],[5.9155989,43.0853402],[5.9155574,43.0852888],[5.9155303,43.0852566],[5.9155054,43.0852304],[5.9154416,43.0851147],[5.9153933,43.0850341],[5.9153276,43.0849417],[5.9153081,43.0849227],[5.915298,43.0848936],[5.915275,43.0848453],[5.9152605,43.0847979],[5.91525,43.0847333],[5.9152365,43.0846748],[5.9151832,43.0845943],[5.9151796,43.0845344],[5.9151218,43.0844896],[5.9140783,43.0838928],[5.9141282,43.083849],[5.9140087,43.083771],[5.9139526,43.0838222],[5.9139185,43.0838004],[5.9139794,43.0837479],[5.9136904,43.0835537],[5.9130971,43.0834319],[5.9129492,43.0835401],[5.912745,43.0834732],[5.9126743,43.0834441],[5.9120992,43.0831568],[5.9123323,43.0829918],[5.9118813,43.0826668],[5.9116593,43.0828255],[5.9116213,43.0827942],[5.9118311,43.0826503],[5.9118299,43.0826299],[5.9118005,43.0826056],[5.9117241,43.0825623],[5.9115768,43.0824864],[5.9115509,43.0824643],[5.9115442,43.0824345],[5.9115457,43.0824055],[5.9115583,43.082369],[5.9115764,43.082342],[5.9116195,43.0823214],[5.9116725,43.0823004],[5.9116988,43.0822731],[5.9117149,43.0822413],[5.9117092,43.0821994],[5.9116881,43.0821483],[5.9116648,43.0821154],[5.9116299,43.0820816],[5.9115816,43.0820133],[5.9114738,43.0818487],[5.9113996,43.0817496],[5.9113341,43.0816722]]}},{"type":"Feature","properties":{},"geometry":{"type":"LineString","coordinates":[[5.9113341,43.0816722],[5.9112702,43.0816032],[5.9112048,43.0815476],[5.9110746,43.0814494],[5.9110135,43.0814058],[5.9109594,43.081378],[5.9109342,43.0813645],[5.9109125,43.0813482],[5.9108891,43.081323],[5.9107832,43.0812129],[5.9107215,43.0811461],[5.9106888,43.0810967],[5.9105719,43.0808522],[5.9105187,43.0807707],[5.9104575,43.0807113],[5.9103704,43.080654],[5.9102773,43.0805902],[5.9102006,43.0805504],[5.9101166,43.0805148],[5.9100082,43.0804746],[5.9099755,43.080458],[5.9099579,43.0804422],[5.9098312,43.0802612],[5.9098154,43.0802571],[5.9097274,43.0802785],[5.9097226,43.0802671],[5.9098263,43.080245],[5.9096619,43.0798437],[5.9088471,43.0800046],[5.9080076,43.0784003],[5.9078711,43.0784229],[5.9078593,43.0784036],[5.9076838,43.078453],[5.9074348,43.078523],[5.9074034,43.0785588],[5.9069719,43.0786661],[5.9067262,43.078728],[5.9069085,43.0791135],[5.9066969,43.0791697],[5.9066756,43.0791757],[5.9063807,43.0792584],[5.9064663,43.0794244],[5.906358,43.079454],[5.9063461,43.0794572],[5.9059835,43.0787405],[5.9056216,43.0788147],[5.9055598,43.0789454],[5.905331,43.0790008],[5.9059487,43.0802335],[5.9057694,43.0804641],[5.9050101,43.0806074],[5.9042394,43.0790862],[5.9040386,43.0791702],[5.9037776,43.0792498]]}},{"type":"Feature","properties":{},"geometry":{"type":"LineString","coordinates":[[5.9275149,43.0815676],[5.9271517,43.0815307],[5.9269389,43.0814798],[5.9266198,43.0813466],[5.9264561,43.0811861],[5.9263863,43.0810655],[5.9261235,43.0807795],[5.9260384,43.0806835],[5.9259595,43.0806794],[5.9259311,43.0806712],[5.9254208,43.0807124],[5.9254027,43.0807021],[5.9254067,43.0806516],[5.9256052,43.080632],[5.9260308,43.0805788],[5.926033,43.0805301],[5.9261068,43.0803209],[5.9261106,43.0803101],[5.9261146,43.0802988],[5.9261638,43.0801712],[5.9262872,43.0801085],[5.9263069,43.0800675],[5.9265264,43.0797105],[5.9265329,43.0797],[5.9265391,43.07969],[5.9268156,43.0793785],[5.9268625,43.0793337],[5.9268357,43.079319],[5.9269584,43.0792073],[5.9269933,43.0792244],[5.927268,43.0790627],[5.9274253,43.0789845],[5.9275533,43.0788692],[5.927829,43.078663],[5.9278421,43.0786532],[5.9278501,43.0786472],[5.9281433,43.0784001],[5.9283647,43.0782031],[5.9283741,43.0781948],[5.9283819,43.0781879],[5.9284598,43.0781148],[5.9284906,43.0780861],[5.9284006,43.0777945]]}},{"type":"Feature","properties":{},"geometry":{"type":"LineString","coordinates":[[5.9308333,43.0829833],[5.9307223,43.0829494],[5.9307235,43.0828962],[5.9304714,43.0827512],[5.9303054,43.0824176],[5.9303729,43.0823618],[5.930612,43.0824356],[5.9309653,43.0818774],[5.9302614,43.0816405],[5.9299109,43.0822259],[5.9300942,43.0823044],[5.9299968,43.0824157],[5.929363,43.0828118],[5.9292806,43.0829198],[5.9300603,43.0832484],[5.9299978,43.0833245],[5.9291432,43.0829794],[5.9290043,43.0828171],[5.928422,43.0828403],[5.9281538,43.0823823],[5.9284321,43.0823026],[5.9280454,43.0816401],[5.9279706,43.0816299],[5.9275149,43.0815676]]}},{"type":"Feature","properties":{},"geometry":{"type":"LineString","coordinates":[[5.9299654,43.1106147],[5.9288953,43.1088557],[5.9275435,43.1066472],[5.9276954,43.1066015],[5.928016,43.1071033],[5.9289531,43.1067837],[5.9281857,43.1055768],[5.9272823,43.1059306],[5.9274612,43.106256],[5.9273971,43.1063265],[5.9273013,43.1063012],[5.9267793,43.1054826]]}},{"type":"Feature","properties":{},"geometry":{"type":"LineString","coordinates":[[5.9256411,43.1038988],[5.9254012,43.1037737],[5.9251752,43.1035055],[5.9250905,43.1031342],[5.925166,43.1030705],[5.9251158,43.1028641],[5.9251424,43.1026715]]}},{"type":"Feature","properties":{},"geometry":{"type":"LineString","coordinates":[[6.0212767,43.0859465],[6.0211838,43.0859295],[6.0211017,43.0859398],[6.0210065,43.0859415],[6.0209566,43.0859352],[6.0208816,43.0859158],[6.0207929,43.0858578],[6.0207163,43.0857968],[6.0207266,43.0856741],[6.0206963,43.0856041],[6.0206621,43.0855625],[6.0205705,43.085484],[6.0205576,43.0854715],[6.0205345,43.0854718],[6.0204838,43.0854875],[6.0204694,43.0854758],[6.0204701,43.0854621],[6.0205085,43.0854499],[6.0204624,43.0853716],[6.0204465,43.085376],[6.0204324,43.0853855],[6.0204195,43.0853769],[6.020408,43.0853583],[6.0204349,43.0853367],[6.020434,43.0853226],[6.020362,43.0852609],[6.0202805,43.0852124],[6.0200696,43.0851346],[6.0198845,43.0850917],[6.0197662,43.0850967],[6.0197091,43.0851151],[6.0199002,43.0853246],[6.0198726,43.0853371],[6.0196983,43.0851441],[6.0196729,43.0851443],[6.0196436,43.0851282],[6.0195607,43.0851364],[6.0195374,43.0850589],[6.0192691,43.0851283],[6.0196366,43.0855476],[6.0196181,43.0855583],[6.0191873,43.0850734],[6.0190769,43.0851117],[6.0190538,43.0850737],[6.0190667,43.0848287],[6.019694,43.0849004],[6.0197133,43.0847314],[6.0193892,43.0847054],[6.0193885,43.0846945],[6.0197239,43.084717],[6.0197476,43.0845324],[6.0193229,43.084501],[6.0193054,43.0846188],[6.0184945,43.0845571],[6.0184797,43.0846112],[6.0184991,43.0846134],[6.0184523,43.0847161],[6.0185136,43.0847169],[6.0185128,43.0847307],[6.0185045,43.0848721],[6.0189597,43.0850093],[6.018955,43.0851188],[6.0189013,43.085144],[6.0189698,43.0852275],[6.0190536,43.0852128],[6.0190518,43.085233],[6.0188269,43.0852922],[6.0192891,43.0858183],[6.019201,43.0858873],[6.0191163,43.0858819],[6.0187084,43.0854336],[6.018665,43.085349],[6.0184532,43.0851448],[6.0183712,43.0850349],[6.0182149,43.0848925],[6.0181285,43.0847705],[6.0179522,43.0845827],[6.0178733,43.0845055],[6.0178266,43.0844063],[6.0177737,43.0843367],[6.0176928,43.0842746],[6.0176812,43.0843023],[6.0176617,43.084325],[6.0176221,43.0843057],[6.0176194,43.0842854],[6.0176597,43.0842654],[6.0176343,43.0841726],[6.0176243,43.0841306],[6.0175986,43.0840738],[6.0174971,43.0840253],[6.0174156,43.084027]]}},{"type":"Feature","properties":{},"geometry":{"type":"LineString","coordinates":[[6.0178542,43.0821321],[6.0178771,43.0821136],[6.017882,43.0821033],[6.0179054,43.0820672],[6.0179295,43.0820289],[6.01794,43.0820082],[6.0179641,43.0819582],[6.0179955,43.0818829],[6.0180461,43.0817653],[6.0180899,43.0816621],[6.0181553,43.0815138],[6.0181911,43.0813935],[6.0182152,43.0813142],[6.0182356,43.0812849],[6.0183355,43.0812186],[6.0184441,43.0811429],[6.0186323,43.0810902],[6.0186909,43.0810442],[6.0187354,43.0809834],[6.0187755,43.0809288],[6.0188156,43.0809031],[6.0188625,43.0808923],[6.0190383,43.0808811],[6.0191266,43.0808761],[6.0192123,43.0808779],[6.019303,43.0808608],[6.0193326,43.0808288],[6.0193715,43.0807418],[6.0194061,43.0806598],[6.0194567,43.080594],[6.019498,43.0805453],[6.0198573,43.0801814],[6.0200218,43.0800308],[6.0201879,43.0799064],[6.0202815,43.0798367],[6.0203376,43.0797771],[6.0203728,43.0797303],[6.0204383,43.079693],[6.0205064,43.0796599],[6.020595,43.0796304],[6.0206968,43.0796074],[6.0207837,43.0795865],[6.0209158,43.0794342],[6.0209799,43.079394],[6.0212392,43.0789816],[6.0212067,43.078851],[6.0213215,43.0786259],[6.0215586,43.0785099]]}},{"type":"Feature","properties":{},"geometry":{"type":"LineString","coordinates":[[6.0174156,43.084027],[6.0172342,43.0839658],[6.017219,43.0838834],[6.0172365,43.0838187],[6.0172204,43.0837364],[6.017266,43.0836571],[6.0172872,43.0835443],[6.0172888,43.0835082],[6.0172677,43.0834377],[6.017267,43.0834161],[6.0172707,43.0833645],[6.0172814,43.0833189],[6.0173102,43.0832545],[6.0173234,43.0832268],[6.0173971,43.083169],[6.0174157,43.0831275],[6.0174266,43.0830988],[6.0174377,43.0830636],[6.0174655,43.083028],[6.0175075,43.082983],[6.0175543,43.0829397],[6.0175768,43.0828696],[6.0175988,43.0828005],[6.0176156,43.0827521],[6.0176197,43.0827031],[6.0176432,43.0825693],[6.0176592,43.0824521],[6.0176854,43.0823789],[6.0177154,43.0822786],[6.0177314,43.0822362],[6.0177913,43.0821781],[6.0178542,43.0821321]]}},{"type":"Feature","properties":{},"geometry":{"type":"LineString","coordinates":[[6.0215586,43.0785099],[6.0216531,43.0784883],[6.0218376,43.078506],[6.0223693,43.0784765],[6.0223451,43.0783884],[6.0225704,43.0784961],[6.0228877,43.0784915],[6.0235154,43.0786738],[6.0237861,43.0787302],[6.0241212,43.0787513],[6.0242496,43.0787],[6.0243116,43.0786944],[6.0244977,43.0787016],[6.0246254,43.0787142],[6.0247273,43.0787299],[6.0248718,43.0787677],[6.0253729,43.0789291],[6.0255139,43.0789602],[6.0256054,43.0789752],[6.0256631,43.0789787],[6.0258723,43.078979],[6.0259513,43.0789907],[6.0261579,43.0789884],[6.0262919,43.079015],[6.026593,43.0789655],[6.0265605,43.079028],[6.0266701,43.0790558],[6.0267344,43.0790251],[6.0269019,43.0790095],[6.0270182,43.0789302],[6.0273389,43.0787731],[6.0274282,43.0787169],[6.0280625,43.0784734],[6.0283036,43.0784697],[6.0291017,43.0783468],[6.0293008,43.0783304],[6.0298972,43.0781538],[6.0298178,43.0779848],[6.0299492,43.0780299],[6.0300727,43.0780069],[6.0302868,43.0780335],[6.0307255,43.0779139],[6.0307147,43.0778408],[6.0305605,43.0777302],[6.0306477,43.077677],[6.0308353,43.0778256],[6.0309049,43.0777932],[6.0315619,43.0776963],[6.031741,43.0777253],[6.0319355,43.0777417],[6.0325372,43.0778208],[6.0327256,43.0778855],[6.0329688,43.0778501],[6.0331051,43.0778952]]}},{"type":"Feature","properties":{},"geometry":{"type":"LineString","coordinates":[[6.03427,43.0783393],[6.0347503,43.0784587],[6.0368589,43.0788386],[6.0372922,43.0789836],[6.0378608,43.0790825],[6.0382151,43.079071],[6.0385537,43.0789271],[6.0388885,43.0789157],[6.0389944,43.0789566]]}},{"type":"Feature","properties":{},"geometry":{"type":"LineString","coordinates":[[6.0331051,43.0778952],[6.0338666,43.0780941],[6.03427,43.0783393]]}},{"type":"Feature","properties":{},"geometry":{"type":"LineString","coordinates":[[5.7507401,43.1339924],[5.7506294,43.1337105],[5.7505858,43.1335912],[5.7505169,43.1334494],[5.7504307,43.1333513],[5.7503144,43.1332712],[5.7502634,43.1332057],[5.7501511,43.133106],[5.7500787,43.1330582],[5.7499601,43.1329953],[5.7498204,43.132946],[5.7496592,43.132898],[5.7494998,43.1328411],[5.7494455,43.1328339],[5.7493699,43.1328349],[5.7492952,43.1328512],[5.749184,43.1329081],[5.7490415,43.1329689],[5.7489769,43.1330366],[5.7489531,43.1330633],[5.7489473,43.1330932],[5.7489595,43.1331262],[5.7490461,43.1331715],[5.7490554,43.1331987],[5.7490277,43.1332174],[5.7489964,43.1332154],[5.7489158,43.1331705],[5.7488417,43.1331445],[5.7488157,43.1331726],[5.7487283,43.1333902],[5.7486402,43.1335028],[5.7485646,43.1336913],[5.7484993,43.1337177],[5.7484337,43.1337157],[5.7484031,43.133692],[5.748383,43.1336624],[5.7483824,43.1336248],[5.7485502,43.1332772],[5.74856,43.1332078],[5.7485514,43.133159],[5.7485101,43.1330911],[5.7484877,43.1330428],[5.7484753,43.1329625],[5.7485402,43.1326839],[5.7485524,43.1326216],[5.7485847,43.1325659],[5.748579,43.1325358],[5.7485951,43.1325065],[5.7486486,43.1323752],[5.7486561,43.1322986],[5.7486437,43.1322529],[5.7486413,43.1322112],[5.7486446,43.132165],[5.7486632,43.1321457],[5.7486803,43.1321697],[5.7486969,43.132185],[5.7487364,43.1321881],[5.7487646,43.1321657],[5.7487825,43.1321334],[5.7488088,43.132111],[5.7488551,43.1320952],[5.7489117,43.1320877],[5.7489727,43.1320527],[5.7489868,43.1320249],[5.7490111,43.1320011],[5.7490156,43.1319765],[5.7489967,43.1319555],[5.7489529,43.1319467],[5.7489336,43.1319185],[5.7489594,43.1318874],[5.748979,43.1318868],[5.7489999,43.1319078],[5.7490074,43.1319364],[5.7490529,43.1319408],[5.7490259,43.1318987],[5.7490773,43.1318692],[5.7491463,43.1318167],[5.7491856,43.1317427],[5.749196,43.1315764],[5.7492096,43.1314039],[5.7492867,43.1312547],[5.7494836,43.1310482],[5.7495762,43.1309521],[5.7502302,43.1307368],[5.7503642,43.1306287],[5.750497,43.1305996],[5.7506422,43.1306018],[5.7507748,43.1306106],[5.750912,43.130579],[5.7510129,43.130515],[5.7512145,43.1304148],[5.7513299,43.13028],[5.7513297,43.1301905],[5.7513897,43.1301224],[5.751445,43.1300355],[5.7514189,43.1299948],[5.7513954,43.1299582],[5.7513088,43.1299084],[5.7511723,43.129827],[5.7510991,43.1297481],[5.7511383,43.1296832],[5.7512622,43.1296614],[5.7513875,43.1297193],[5.7522661,43.1300867],[5.7523737,43.1301065],[5.7524579,43.1300867],[5.7526089,43.1300064],[5.7526563,43.130016],[5.7526653,43.1300623],[5.7526443,43.1300982],[5.7525955,43.1301216],[5.7526136,43.1301502],[5.7526265,43.1301705],[5.7527064,43.1301332],[5.7527941,43.1302542],[5.7528887,43.1303407],[5.7533755,43.130599],[5.7535657,43.130679],[5.754009,43.1309402],[5.7548385,43.1312983],[5.7572093,43.1326357],[5.7570701,43.1327798],[5.757345,43.1330575],[5.7573446,43.1330888],[5.7573151,43.1331126],[5.7572724,43.1331092],[5.757225,43.1330865],[5.756991,43.1328366],[5.7569405,43.132807],[5.7569142,43.132787],[5.7568808,43.1327209],[5.7567706,43.1326207],[5.7567651,43.1325908],[5.756528,43.132449],[5.756068,43.1322026],[5.7549749,43.1316041],[5.7542994,43.1312304],[5.7542128,43.1312685],[5.7540309,43.1313484],[5.7540057,43.1313531],[5.7539261,43.131246],[5.7538673,43.1312332],[5.7534157,43.1314191],[5.7529595,43.1315955],[5.7525033,43.1317707],[5.7523525,43.1318323],[5.7523277,43.1318954],[5.7521839,43.1323115],[5.7520226,43.1327682],[5.75216,43.1330163],[5.7523793,43.1334069],[5.7524511,43.1335388],[5.7525278,43.1336796],[5.7529839,43.1341684],[5.7532726,43.1344742],[5.7532686,43.1345232],[5.7534663,43.1346613],[5.7534979,43.1346618],[5.753748,43.134852],[5.7540647,43.1350139],[5.7541146,43.135042],[5.7541457,43.1350501],[5.7550778,43.1355032],[5.7552007,43.1355485],[5.7560996,43.1358618],[5.7571297,43.1361128],[5.7571467,43.1361151],[5.7571627,43.1361135],[5.7571797,43.1361077],[5.7571943,43.1360981],[5.7572031,43.1360864],[5.7572691,43.1358917],[5.7573834,43.1355387],[5.7573612,43.1354008],[5.7574288,43.1353929],[5.7573869,43.1351812],[5.7575279,43.1351652],[5.7574758,43.1348895],[5.757576,43.1348611],[5.7574782,43.134658],[5.7577182,43.1345923],[5.757701,43.1345288],[5.7574494,43.1346075],[5.7573233,43.1343533],[5.7572066,43.1341181],[5.757189,43.1340824],[5.7570976,43.1338982],[5.7570798,43.1338686],[5.7570577,43.1338283],[5.7570217,43.1337691],[5.7569006,43.1335417],[5.7568456,43.1334274],[5.7568781,43.1333959],[5.7569187,43.1333993],[5.7569749,43.1335067],[5.7570394,43.1336087],[5.7570986,43.1336794],[5.7571736,43.1338038],[5.7576698,43.1341162],[5.7578691,43.134229],[5.7588042,43.1346482],[5.759151,43.1348162],[5.7593447,43.1348628],[5.7594134,43.1350288],[5.7592138,43.135046],[5.7589676,43.1350064],[5.7587369,43.1350284],[5.7587143,43.1351395],[5.7586779,43.1353184],[5.7586791,43.135411],[5.7586806,43.1355298],[5.7587379,43.1357269],[5.7588681,43.1358847],[5.7591534,43.13607],[5.759521,43.1362537],[5.759821,43.1363648],[5.7599423,43.1363695],[5.7599887,43.1363424],[5.7600625,43.1362595],[5.7603777,43.1359726],[5.7604253,43.1359293],[5.7605309,43.1358156],[5.7605816,43.1357907],[5.7606509,43.1357824],[5.7614223,43.1359329],[5.761527,43.1359708],[5.7616379,43.1360414],[5.7618884,43.1364202],[5.7621429,43.1367544],[5.7620189,43.1368025],[5.761895,43.1368425],[5.7618303,43.1368802],[5.7617808,43.1369295],[5.7617535,43.1369953],[5.7617866,43.1371341],[5.7618778,43.1373754],[5.7620737,43.1375335],[5.7623148,43.1377064],[5.7625113,43.1377601],[5.7629621,43.1378513],[5.7631355,43.1379237],[5.7634784,43.1379825],[5.7637534,43.1380562],[5.7640686,43.1381436],[5.764163,43.1382057],[5.7643371,43.1382588],[5.764448,43.1382167],[5.7645371,43.1381943],[5.7645763,43.1381822],[5.7646836,43.1381857],[5.7648056,43.138231],[5.7648617,43.1382965],[5.764969,43.1383323],[5.7649628,43.1384014],[5.7651608,43.1384564],[5.7655076,43.1386343],[5.7659676,43.1388566],[5.7660978,43.1389195],[5.7661623,43.1389506],[5.7666566,43.1391577],[5.7668259,43.1392078],[5.7670495,43.1392079],[5.7672282,43.1392347],[5.7676718,43.1391476],[5.7680988,43.1391112],[5.7681209,43.1389863],[5.7681964,43.1389859],[5.768241,43.1390724],[5.7683847,43.1391315],[5.7686928,43.1391035],[5.7689688,43.1390355],[5.769226,43.1389254],[5.7693032,43.1387839],[5.7693142,43.1386974],[5.7691176,43.1386876],[5.7691278,43.1386202],[5.7692723,43.1385915],[5.7694756,43.1385956],[5.7696036,43.1385952],[5.7697001,43.1386402],[5.7697334,43.1388216],[5.769945,43.1390937]]}},{"type":"Feature","properties":{},"geometry":{"type":"LineString","coordinates":[[6.250746,42.9996873],[6.2507674,42.9996775],[6.2508076,42.9996799],[6.2508398,42.9997275],[6.2508385,42.9997417],[6.2508526,42.9997643],[6.2508445,42.9997687],[6.2508016,42.9997662],[6.250746,42.9996873]]}},{"type":"Feature","properties":{},"geometry":{"type":"LineString","coordinates":[[6.2508157,42.9996167],[6.2508076,42.9996559],[6.2507352,42.9996652],[6.2506668,42.9996309],[6.2506628,42.9995897],[6.2506903,42.999576],[6.2507426,42.9995961],[6.2507828,42.9996005],[6.2508157,42.9996167]]}},{"type":"Feature","properties":{},"geometry":{"type":"LineString","coordinates":[[6.2508747,43.0069705],[6.2508318,43.006942],[6.2508211,43.0069165],[6.2507862,43.0068587],[6.2507875,43.0067125],[6.2508251,43.0066596],[6.2509015,43.006639],[6.2509713,43.0067214],[6.2510021,43.0069146],[6.2509686,43.0069685],[6.2509029,43.0069852],[6.2508747,43.0069705]]}},{"type":"Feature","properties":{},"geometry":{"type":"LineString","coordinates":[[6.4780954,43.0279217],[6.4780417,43.0278884],[6.478027,43.0278404],[6.4780699,43.0278345],[6.4780873,43.0278012],[6.4781383,43.0278061],[6.4781924,43.0278435],[6.4782147,43.0278835],[6.4782482,43.0279031],[6.4782402,43.0279396],[6.4782002,43.027969],[6.4781664,43.0279825],[6.4781383,43.0279639],[6.4781436,43.0279335],[6.4781249,43.0279178],[6.4780954,43.0279217]]}},{"type":"Feature","properties":{},"geometry":{"type":"LineString","coordinates":[[6.4741994,43.0256002],[6.4742008,43.0255649],[6.4742678,43.0255139],[6.4743282,43.0255178],[6.474418,43.0255482],[6.4744046,43.0255835],[6.4744493,43.0256195],[6.4744161,43.0256389],[6.4743818,43.0256413],[6.4743175,43.02566],[6.4742625,43.0256227],[6.4741994,43.0256002]]}},{"type":"Feature","properties":{},"geometry":{"type":"LineString","coordinates":[[6.4371121,43.0046792],[6.4371641,43.0046513],[6.4372253,43.004479],[6.4373177,43.0044519],[6.4373339,43.0043725],[6.4374333,43.0043066],[6.437394,43.0041444],[6.4374379,43.0041005],[6.4375395,43.0040988],[6.4375673,43.0040667],[6.4375095,43.003896],[6.4374818,43.0037693],[6.4375395,43.0037304],[6.4376112,43.0037794],[6.4376574,43.0037726],[6.437662,43.0037203],[6.437699,43.0036746],[6.4377646,43.0035791],[6.4377325,43.0034714],[6.4377649,43.003466]]}},{"type":"Feature","properties":{},"geometry":{"type":"LineString","coordinates":[[6.0912471,43.0369807],[6.0912229,43.0369925],[6.0911867,43.036966],[6.0911747,43.0369317],[6.0912189,43.0369072],[6.0912792,43.0369278],[6.0912631,43.0369474],[6.0912698,43.0369621],[6.0912471,43.0369807]]}},{"type":"Feature","properties":{},"geometry":{"type":"LineString","coordinates":[[6.0910137,43.0369013],[6.0909198,43.0369533],[6.0908756,43.0369415],[6.0908286,43.0368366],[6.0908622,43.0367808],[6.0908957,43.0367768],[6.0909024,43.0368219],[6.0909668,43.0368249],[6.0909627,43.0368905],[6.091011,43.0368827],[6.0910137,43.0369013]]}},{"type":"Feature","properties":{},"geometry":{"type":"LineString","coordinates":[[6.0908796,43.0367396],[6.0907415,43.03682],[6.0906275,43.0368631],[6.0906248,43.0368298],[6.0906449,43.0368062],[6.0906395,43.0367425],[6.0907173,43.0367092],[6.0908702,43.0367141],[6.0908796,43.0367396]]}},{"type":"Feature","properties":{},"geometry":{"type":"LineString","coordinates":[[6.0931849,43.0398557],[6.0930173,43.0398076],[6.0930093,43.0397714],[6.0928953,43.0396675],[6.0929221,43.0396195],[6.0929503,43.0396224],[6.0929368,43.0396783],[6.0930455,43.0397204],[6.0932761,43.0397537],[6.0933016,43.0397802],[6.0932359,43.0398106],[6.0932104,43.0398576],[6.0931849,43.0398557]]}},{"type":"Feature","properties":{},"geometry":{"type":"LineString","coordinates":[[6.2993315,43.1056865],[6.2993094,43.1056498],[6.2991316,43.1056725],[6.299097,43.1055602],[6.2990796,43.105485],[6.2990165,43.105513],[6.2989951,43.1053562],[6.2991053,43.1051957],[6.2992328,43.1051455],[6.2993556,43.1051229],[6.2994183,43.1051576],[6.2993868,43.1052281],[6.2994657,43.1052502],[6.2994919,43.1052949],[6.2995356,43.1053582],[6.2996187,43.1054783],[6.299703,43.1054133],[6.2997687,43.1054513],[6.2996345,43.1055295],[6.2994598,43.1057511],[6.2994924,43.1057475],[6.299538,43.105724],[6.2995635,43.1056946],[6.2996104,43.1056868],[6.2996708,43.1057054],[6.2997191,43.1057054],[6.299774,43.1057064],[6.2997754,43.105724],[6.2996963,43.1057407],[6.2996748,43.1057661],[6.2996574,43.105772],[6.2996533,43.1057886],[6.2995809,43.10582],[6.2994803,43.1058082],[6.2994288,43.1057904],[6.2992285,43.1058395],[6.2992109,43.1057663],[6.2993315,43.1056865]]}},{"type":"Feature","properties":{},"geometry":{"type":"LineString","coordinates":[[6.2989565,43.1045917],[6.2990029,43.1046142],[6.2990371,43.1046088],[6.2990592,43.1045544],[6.2990874,43.1045647],[6.2991303,43.1045872],[6.2991759,43.1045799],[6.2992188,43.1046328],[6.2992557,43.1046386],[6.2992561,43.1046895],[6.2992477,43.1047038],[6.299243,43.1047209],[6.299184,43.1047273],[6.2992007,43.1047424],[6.2992101,43.1047669],[6.2992731,43.1047889],[6.2992685,43.1048051],[6.2992973,43.1048257],[6.2992919,43.1048506],[6.2992537,43.1048296],[6.2992269,43.1048457],[6.2992021,43.1048805],[6.2992195,43.1049084],[6.2991823,43.1049279],[6.2991565,43.1049578],[6.2991256,43.1049784],[6.2990727,43.1049853],[6.2989466,43.104999],[6.2988681,43.1049691],[6.298846,43.1049481],[6.2987776,43.1049632],[6.2986851,43.104925],[6.2986609,43.1048937],[6.2986308,43.1049001],[6.2986274,43.1048678],[6.2986502,43.104835],[6.2986509,43.1048149],[6.298614,43.1047821],[6.2986361,43.104765],[6.2986422,43.1047434],[6.2986958,43.1047498],[6.298724,43.1047669],[6.2988031,43.1047537],[6.2987857,43.1047243],[6.2988024,43.1047042],[6.2987749,43.1046822],[6.298793,43.1046475],[6.2988145,43.1046411],[6.2988568,43.1046561],[6.2989068,43.1046176],[6.2989565,43.1045917]]}},{"type":"Feature","properties":{},"geometry":{"type":"LineString","coordinates":[[6.3046727,43.1052268],[6.304619,43.105203],[6.3046493,43.1051706],[6.3047287,43.1051774],[6.3048898,43.1051672],[6.3051187,43.1051672],[6.3052401,43.1051706],[6.3052237,43.1052098],[6.3050603,43.1052166],[6.3049469,43.1052389],[6.3048781,43.1052524],[6.3046727,43.1052268]]}},{"type":"Feature","properties":{},"geometry":{"type":"LineString","coordinates":[[6.3045629,43.1053871],[6.3046937,43.1053377],[6.3048455,43.105324],[6.3049139,43.1052931],[6.3049622,43.1052712],[6.3051537,43.1052626],[6.3054105,43.1052524],[6.3053965,43.1052916],[6.3052681,43.1053291],[6.3051397,43.105411],[6.3049972,43.1054468],[6.3049118,43.105488],[6.304881,43.1055057],[6.3049091,43.105536],[6.3049172,43.1055625],[6.3048287,43.1055693],[6.3047884,43.105536],[6.3047925,43.1055096],[6.3048233,43.1055027],[6.3048314,43.1054851],[6.3047777,43.1054704],[6.3047805,43.1054465],[6.3047217,43.1054451],[6.3045909,43.1054041],[6.3045629,43.1053871]]}},{"type":"Feature","properties":{},"geometry":{"type":"LineString","coordinates":[[6.4518673,43.0180614],[6.4522323,43.0180293]]}},{"type":"Feature","properties":{},"geometry":{"type":"LineString","coordinates":[[6.4504601,43.0173435],[6.450504,43.017455],[6.4506427,43.0175293],[6.4509546,43.0175665],[6.4510771,43.0175479],[6.4512111,43.0176121],[6.4514953,43.0175969],[6.4515969,43.0176256],[6.4517217,43.0177337],[6.4518049,43.0178672],[6.4518673,43.0180614]]}},{"type":"Feature","properties":{},"geometry":{"type":"LineString","coordinates":[[5.7775726,43.0839065],[5.7776033,43.0838391],[5.7776433,43.0837425],[5.7778155,43.0837111],[5.777954,43.0836594],[5.7780616,43.0835808],[5.7782431,43.0835605],[5.7783354,43.0835897],[5.7785168,43.0834842],[5.7786676,43.0835201],[5.7788306,43.0834595],[5.7789198,43.0834797],[5.7790613,43.0834415],[5.7791966,43.0835089],[5.7790951,43.0835987],[5.7790305,43.0836032],[5.7789167,43.0837605],[5.7788429,43.0838189],[5.7788613,43.0839132],[5.7789567,43.0839851],[5.7789997,43.0840413],[5.7789844,43.0841356],[5.7790613,43.0842682],[5.779052,43.0843805],[5.7789075,43.0844434],[5.7787752,43.0844322],[5.7787598,43.0843603],[5.7787014,43.0843625],[5.7786368,43.0844479],[5.7785599,43.0844456],[5.7784892,43.084522],[5.7783507,43.084513],[5.7782523,43.0844704],[5.7781908,43.0844614],[5.7780462,43.0844434],[5.7780216,43.0843198],[5.7779294,43.0842637],[5.7778002,43.0842165],[5.7776064,43.084203],[5.777508,43.0841536],[5.7774834,43.0840795],[5.7775233,43.0840053],[5.7776125,43.0839761],[5.7775726,43.0839065]]}},{"type":"Feature","properties":{},"geometry":{"type":"LineString","coordinates":[[5.7792203,43.0828422],[5.779217,43.082812],[5.7792331,43.0827811],[5.7792706,43.0827524],[5.7793108,43.0827404],[5.7793377,43.0827032],[5.779394,43.0827179],[5.7794141,43.082716],[5.7794392,43.0827054],[5.7794818,43.0827062],[5.779518,43.0826949],[5.7795429,43.0826638],[5.7795953,43.0826628],[5.7796339,43.0826083],[5.7796734,43.082598],[5.7797065,43.0826185],[5.7797018,43.0826459],[5.7796703,43.0826732],[5.779658,43.0827451],[5.7796796,43.0827796],[5.7796882,43.0828101],[5.7796689,43.0828639],[5.7796426,43.0828866],[5.7795811,43.0829001],[5.7795154,43.0828947],[5.7794647,43.0828966],[5.7794128,43.0828849],[5.7793786,43.0828727],[5.7792889,43.0828686],[5.7792203,43.0828422]]}},{"type":"Feature","properties":{},"geometry":{"type":"LineString","coordinates":[[5.7748129,43.0776465],[5.7746958,43.0776933],[5.7745479,43.0776562],[5.7742917,43.0775336],[5.7742011,43.0775433],[5.7741371,43.0776207],[5.7739803,43.0776336],[5.7739273,43.0775917],[5.774009,43.0775384],[5.773998,43.0774884],[5.7738389,43.0775094],[5.773744,43.077432],[5.7737241,43.0773642],[5.7738014,43.0773642],[5.7737793,43.0773094],[5.7736689,43.077269],[5.7736689,43.0772271],[5.7737087,43.0771852],[5.773702,43.0771061],[5.7738102,43.0771239],[5.7739339,43.0771142],[5.7740355,43.07704],[5.774009,43.07699],[5.7739096,43.07699],[5.7738522,43.0769238],[5.7738986,43.0768512],[5.7740576,43.0768174],[5.7741614,43.0769109],[5.7743734,43.0769706],[5.7744154,43.0770642],[5.774645,43.077098],[5.7747334,43.0772045],[5.7747334,43.0772577],[5.7748791,43.0772368],[5.7749697,43.0771948],[5.7751022,43.0772174],[5.7750381,43.0773013],[5.7750867,43.0773465],[5.7750072,43.0774368],[5.7749034,43.0774449],[5.7748526,43.0774626],[5.7748681,43.0775562],[5.7748129,43.0776465]]}},{"type":"Feature","properties":{},"geometry":{"type":"LineString","coordinates":[[6.2716142,43.1211721],[6.2729037,43.1211884],[6.2741197,43.1211524]]}},{"type":"Feature","properties":{},"geometry":{"type":"LineString","coordinates":[[6.2844049,43.1094146],[6.2844073,43.1093777],[6.2844172,43.1093781],[6.2844203,43.1093316],[6.2843987,43.1093309],[6.2843992,43.1093242],[6.2844122,43.1093247],[6.284414,43.1092963],[6.2846996,43.1093064],[6.2846918,43.1094247],[6.2844049,43.1094146]]}},{"type":"Feature","properties":{},"geometry":{"type":"LineString","coordinates":[[6.2766236,43.1180209],[6.2766122,43.1180116],[6.2766062,43.1179974],[6.2766216,43.1179808],[6.2766518,43.1179774],[6.2766786,43.1179681],[6.2766732,43.1179504],[6.2766947,43.1179397],[6.2767215,43.1179274],[6.276753,43.1179377],[6.2767852,43.1179548],[6.2767872,43.1179734],[6.2767651,43.1179872],[6.2767282,43.1180018],[6.2766679,43.1180151],[6.2766236,43.1180209]]}},{"type":"Feature","properties":{},"geometry":{"type":"LineString","coordinates":[[6.2830757,43.1142857],[6.2830384,43.1143324],[6.2830022,43.1143491],[6.2830156,43.1144083],[6.2830766,43.1143902],[6.2830954,43.1143985],[6.2830867,43.114422],[6.2830163,43.1144405],[6.2829179,43.114464],[6.2828788,43.1144577],[6.2828144,43.1144303],[6.2827762,43.1143975],[6.2827333,43.1143936],[6.282685,43.1143647],[6.2825563,43.1143236],[6.2824691,43.1142654],[6.282453,43.1142076],[6.2823544,43.1141543],[6.282331,43.114095],[6.2822632,43.1140769],[6.2822358,43.1140505],[6.2822478,43.1139746],[6.2823276,43.1139007],[6.2823658,43.1138517],[6.2824235,43.1138571],[6.2825181,43.1138454],[6.2826233,43.1138204],[6.2827595,43.1137773],[6.2827621,43.113749],[6.2827628,43.1136951],[6.2828178,43.1136506],[6.2828728,43.1136359],[6.2828681,43.1136834],[6.2830116,43.11366],[6.283025,43.1136902],[6.2830619,43.1137093],[6.2830538,43.1137426],[6.2830351,43.1137656],[6.2830404,43.1137798],[6.2831021,43.113772],[6.2831638,43.1137886],[6.2831578,43.1138106],[6.2831014,43.1138601],[6.2831216,43.1138909],[6.2831926,43.1138943],[6.2831859,43.1139971],[6.2831403,43.1140231],[6.2831028,43.1140632],[6.2831055,43.1140901],[6.2831377,43.1140895],[6.2831354,43.1140976],[6.2830757,43.1142857]]}},{"type":"Feature","properties":{},"geometry":{"type":"LineString","coordinates":[[5.844058,43.0467442],[5.8441667,43.046774],[5.8442753,43.0468366],[5.8443956,43.0468411],[5.8444793,43.0469898],[5.8444551,43.0470896],[5.8443904,43.047331],[5.8444782,43.0474218],[5.8445991,43.0474373],[5.8447516,43.04753],[5.8447244,43.0477192],[5.8446316,43.0478256],[5.8447564,43.0479075],[5.8448215,43.0479957],[5.8449274,43.0482169],[5.845042,43.0482523],[5.8450615,43.0483948],[5.845209,43.0485035],[5.8454393,43.0485701],[5.8455207,43.0486143],[5.8455155,43.048719],[5.8457143,43.0488476],[5.8459902,43.0489463],[5.8461906,43.048973],[5.8464326,43.04907],[5.8471142,43.049566],[5.8475522,43.0497808]]}},{"type":"Feature","properties":{},"geometry":{"type":"LineString","coordinates":[[6.0932506,43.03774],[6.0931805,43.0377553],[6.0930039,43.0377179],[6.0931903,43.0376776],[6.0931206,43.0376159],[6.093083,43.037564],[6.0931407,43.0375551],[6.0931769,43.0376336],[6.0932225,43.0376316],[6.0932198,43.0375179],[6.0932547,43.0373934],[6.0933799,43.0373962],[6.0934291,43.0373306],[6.0933968,43.0372846],[6.0932115,43.0372935],[6.0931087,43.0372741],[6.0930937,43.0371807],[6.0930374,43.0371483],[6.0930106,43.0370882],[6.0929422,43.0371287],[6.0928107,43.0371181],[6.0926833,43.0371327],[6.0926458,43.0370964],[6.0925707,43.0371091],[6.0925826,43.037044],[6.0924165,43.037018],[6.0923736,43.0370357],[6.0923813,43.0370895],[6.0923468,43.0371332],[6.0923253,43.0371047],[6.0923253,43.0370591],[6.0921382,43.0370582],[6.0921168,43.0370773],[6.0920678,43.0370895],[6.0920484,43.0370611],[6.0920209,43.0370253],[6.0920343,43.0369258],[6.0919565,43.0368954],[6.0919122,43.0369249],[6.0918666,43.0369161],[6.091821,43.036916],[6.0917003,43.0369151],[6.09159,43.0368685],[6.091534,43.036918],[6.091463,43.0369396],[6.0914201,43.0369317],[6.0913825,43.0369562],[6.0913141,43.0369601],[6.0913007,43.0369317],[6.0912658,43.0369023],[6.0912792,43.0368513],[6.0914402,43.0368141],[6.0915541,43.0368248],[6.091534,43.0367641],[6.0914732,43.0366648],[6.0913074,43.0365544],[6.0912366,43.0365811],[6.0912363,43.0365239],[6.0911827,43.0364553],[6.0911706,43.036369],[6.0912055,43.0362975],[6.0911625,43.0362142],[6.0911679,43.0360113],[6.0912311,43.0359027],[6.0912591,43.0358535],[6.0913476,43.0358172],[6.0914321,43.0358279],[6.0914797,43.0357301],[6.0915262,43.0357169],[6.0914822,43.0356664],[6.0914588,43.0356147],[6.0914239,43.0356123],[6.0914065,43.035581],[6.0913641,43.0354976],[6.0913656,43.035477],[6.0913665,43.0354645],[6.0913579,43.035434],[6.0913517,43.0354008],[6.0913576,43.0353747],[6.0913535,43.0353545],[6.0913585,43.0353362],[6.0913867,43.0353241],[6.0914122,43.0353247],[6.0914214,43.0353423],[6.0914278,43.0353509],[6.091441,43.0353697],[6.0914536,43.0353795],[6.0914626,43.0353886],[6.091518,43.0354354],[6.091528,43.0354961],[6.0915689,43.03552],[6.0915871,43.0355671],[6.0916391,43.035591],[6.0917302,43.0356426],[6.091747,43.0356721],[6.0918602,43.0357156],[6.0918837,43.0357192],[6.0919306,43.0357546],[6.0919797,43.0357717],[6.092036,43.0357726],[6.0920845,43.0357761],[6.0921567,43.0357597],[6.0921593,43.0357124],[6.0921078,43.0356854],[6.0921384,43.0356306],[6.0921536,43.0355374],[6.0922212,43.0355703],[6.0922681,43.0355687],[6.0922835,43.0355525],[6.0922395,43.0355373],[6.0922376,43.0355248],[6.0922679,43.035511],[6.0923126,43.035505],[6.0923389,43.0354823],[6.0922658,43.0354337],[6.0922652,43.0353614],[6.0922454,43.0353158],[6.0922864,43.0352766],[6.0922784,43.0352614],[6.0923374,43.0352207],[6.0924122,43.0351579],[6.0924767,43.0351131],[6.0925069,43.0351056],[6.0926332,43.0350127],[6.0926722,43.034974],[6.0926954,43.0349426],[6.0927163,43.0349154],[6.0927271,43.0348976],[6.0928292,43.034728],[6.0928172,43.0347184],[6.0928132,43.0346977],[6.092935,43.0344673],[6.0929983,43.0344449],[6.0930485,43.0343985],[6.0930468,43.0343625],[6.0931014,43.0342731],[6.0931225,43.034223],[6.0931197,43.0341384],[6.0931497,43.0340726],[6.0931839,43.0340091],[6.0932092,43.0339975],[6.0932064,43.0339537],[6.093324,43.0338597],[6.0933419,43.0338118],[6.0933756,43.0337881],[6.0934087,43.0337591],[6.0934344,43.0337483],[6.0934478,43.0337219],[6.09345,43.0336962],[6.0935141,43.0336801],[6.0935715,43.0336969],[6.0936319,43.0337319],[6.0937092,43.0337432],[6.0937657,43.0337129],[6.0938044,43.0336739],[6.0938646,43.033677],[6.0939213,43.0336988],[6.0939501,43.0336685],[6.0940282,43.0336712],[6.0940737,43.0336787],[6.0941381,43.0336941],[6.0941945,43.0336885],[6.0942624,43.0336752],[6.0942632,43.0336618],[6.0943284,43.0336404],[6.0944358,43.0336334],[6.0945145,43.0336805],[6.0945123,43.0337168],[6.0945485,43.0337744],[6.0945941,43.033779],[6.0947369,43.0337252],[6.0948399,43.033662],[6.0948988,43.0336092],[6.0950069,43.0335181],[6.0951638,43.0334917],[6.0951541,43.0334374],[6.0952249,43.0333471],[6.0953564,43.0332631],[6.0954066,43.0332269],[6.0954398,43.0332235],[6.0954978,43.033247],[6.0955634,43.0332883],[6.095676,43.0332992],[6.0957852,43.0332998],[6.0959038,43.0333114],[6.0959019,43.0333497],[6.0959638,43.0333226],[6.0959926,43.0333625],[6.0960713,43.0333616],[6.0960989,43.033427],[6.0960909,43.0335156],[6.0961579,43.0335422],[6.0961561,43.0335641],[6.0962122,43.0336105],[6.0962172,43.0337032],[6.0962393,43.0336967],[6.0962975,43.0335789],[6.0963438,43.0335857],[6.0964097,43.0335177],[6.0964833,43.0335206],[6.096521,43.0334932],[6.0966031,43.0334598],[6.0966116,43.0334251],[6.0965687,43.0334154],[6.0965691,43.033355],[6.0965792,43.0332598],[6.0966433,43.0331635],[6.0966824,43.033108],[6.0967324,43.0330832],[6.0967682,43.0330858],[6.0968007,43.0331074],[6.0967965,43.033175],[6.0968786,43.0333666],[6.0969579,43.0332027],[6.0970473,43.0331097],[6.0972109,43.0330705],[6.0973688,43.0329721],[6.097327,43.0328095],[6.0971506,43.0327463],[6.0973025,43.0327],[6.0975573,43.0327371],[6.0977115,43.032754],[6.0977823,43.0327156],[6.0977849,43.0325901],[6.0977608,43.0324705],[6.0977202,43.0323091],[6.0975946,43.0321676],[6.0974443,43.0322568],[6.0973021,43.0322352],[6.0971546,43.0321725],[6.0971475,43.0320701],[6.0971332,43.031947],[6.0971197,43.0318412],[6.0972235,43.0317232],[6.0974094,43.0317863],[6.0974255,43.0317157],[6.0974202,43.0316863],[6.0974175,43.0316706],[6.0973927,43.0316539],[6.0973746,43.0316676],[6.0973451,43.0316461],[6.097286,43.0316863],[6.0972404,43.0316549],[6.0973919,43.0315845],[6.0973499,43.0315244],[6.0971454,43.0314447],[6.0966665,43.0317216],[6.096366,43.0317157],[6.0963017,43.0316157],[6.0964411,43.031598],[6.096594,43.031551],[6.0967013,43.0314902],[6.096763,43.0314765],[6.0969481,43.0314765],[6.0970151,43.0314784],[6.0971439,43.0313843],[6.0970608,43.0313309],[6.0967427,43.0313131],[6.0968327,43.0312726],[6.0966343,43.0312138],[6.0965136,43.0311321],[6.0964036,43.0311079],[6.0964204,43.0310467],[6.0963526,43.030951],[6.0962427,43.0308893],[6.0961542,43.0307746],[6.0959879,43.030655],[6.0959101,43.0306177],[6.0958378,43.0305898],[6.0958457,43.0304452],[6.0958756,43.030319],[6.0958752,43.0302099],[6.0959262,43.0301197],[6.0959677,43.0301168],[6.0960187,43.0298854],[6.0960882,43.0297145]]}},{"type":"Feature","properties":{},"geometry":{"type":"LineString","coordinates":[[6.2495292,43.0038959],[6.2495669,43.0039002],[6.2495825,43.0038689],[6.2496234,43.0038728],[6.2496355,43.0039022],[6.2496583,43.0039199],[6.2496892,43.0039449],[6.2497361,43.0039591],[6.2498327,43.0039125],[6.2498441,43.0038674],[6.249893,43.0038321],[6.2499601,43.0038297],[6.2500419,43.0038562],[6.2501103,43.0039434],[6.2501465,43.0039513],[6.2502001,43.0039326],[6.250235,43.0038934],[6.2502846,43.0037826],[6.2503557,43.0037365],[6.2504067,43.0037262],[6.2504616,43.0037247],[6.250516,43.0037547],[6.2506265,43.003791],[6.2506238,43.0036321],[6.2508102,43.0035889],[6.2514081,43.0036781],[6.2514693,43.0037234],[6.2516888,43.0039051],[6.2518857,43.0041059],[6.2520233,43.0040345],[6.2521078,43.0040592],[6.25213,43.0040508],[6.2521447,43.004019],[6.2522359,43.0039429],[6.2523285,43.0039817],[6.2523881,43.0040601],[6.2523895,43.0041376],[6.2524317,43.0042612],[6.2524009,43.0042681],[6.2524813,43.0043789],[6.2524726,43.0044588],[6.2525075,43.0044985],[6.2524632,43.0045407],[6.2524599,43.0045795],[6.2524384,43.004604],[6.2524445,43.0046339],[6.2524056,43.0046579],[6.2523821,43.0046555],[6.2523405,43.0046074],[6.2522808,43.0045922],[6.2522433,43.0045638],[6.2521521,43.0045657],[6.25214,43.0045927],[6.2521836,43.0046815],[6.2522252,43.004757],[6.2522218,43.0047962],[6.2521628,43.0048443],[6.2521447,43.0048889],[6.2521769,43.0049242],[6.2521447,43.004959],[6.2520683,43.0049742],[6.2520314,43.0050326],[6.2520415,43.0050556],[6.2520696,43.0050644],[6.2521078,43.0050527],[6.252136,43.0050742],[6.2521588,43.0051248],[6.2522285,43.0051066],[6.2522527,43.0051375],[6.2522171,43.0053248],[6.2521836,43.0053788],[6.2521736,43.0054219],[6.2521441,43.0054528],[6.2521588,43.0054871],[6.2521306,43.00552],[6.2520964,43.0055362],[6.2520716,43.0055381],[6.2520482,43.0055626],[6.2519469,43.0055558],[6.2519147,43.005621],[6.2518631,43.0056377],[6.2518191,43.0056032],[6.2518101,43.0056453],[6.2514689,43.0056215],[6.2513932,43.0056552],[6.2511454,43.0056949],[6.2511468,43.0055858],[6.2511941,43.0055276],[6.2510808,43.005582],[6.2508989,43.0055602],[6.2507245,43.0057501],[6.2506188,43.0058877],[6.2506315,43.0060248],[6.2505202,43.0061132],[6.2504078,43.006197],[6.2500922,43.0061403],[6.249886,43.006134],[6.2497977,43.0062228],[6.2497399,43.006342],[6.249771,43.006559],[6.249966,43.0066021],[6.2501637,43.0065611],[6.2503419,43.0066565],[6.2505472,43.0066979],[6.250666,43.0066698],[6.2507323,43.0068542],[6.250668,43.007026]]}},{"type":"Feature","properties":{},"geometry":{"type":"LineString","coordinates":[[6.1685222,43.0002311],[6.168836,43.0001338],[6.1691128,42.9999379],[6.1690466,42.9998378],[6.1691946,42.9997647],[6.1692517,42.9995313],[6.1690242,42.9995101],[6.1689892,42.9994045],[6.1692416,42.9992624],[6.1689712,42.9992136],[6.1688077,42.9989639],[6.1688937,42.9987067],[6.1685042,42.9985046],[6.1685976,42.9982466],[6.1688815,42.9980552],[6.1691288,42.9980865],[6.1692487,42.9980309],[6.1691937,42.9978603],[6.1690687,42.9977831],[6.1691934,42.9977219],[6.1692986,42.9977653],[6.1694508,42.9977039],[6.1691436,42.9975972],[6.1692506,42.9975845],[6.1693848,42.9973891],[6.169276,42.9973218],[6.1695855,42.9971778],[6.1697513,42.9971814],[6.1695321,42.9969188],[6.1700888,42.9967896],[6.170209,42.9969014],[6.1705154,42.996863],[6.1705651,42.9970379],[6.1708623,42.9968526],[6.171003,42.996851],[6.1712926,42.9967454],[6.1716159,42.9967305],[6.1715438,42.9965041],[6.1714182,42.9965051],[6.1713605,42.9963234],[6.1717468,42.9963649],[6.1720013,42.9962879],[6.1719386,42.9961873],[6.1721909,42.9961394],[6.1722921,42.9960707],[6.1720083,42.9959784],[6.1719871,42.9958386],[6.1720666,42.9956637]]}},{"type":"Feature","properties":{},"geometry":{"type":"LineString","coordinates":[[6.1683885,43.001313],[6.1683418,43.0012811],[6.16826,43.001289],[6.1682479,43.0013321],[6.1681487,43.0013949],[6.16804,43.0014341],[6.1680159,43.0014635],[6.1679649,43.0014851],[6.1678375,43.0014577],[6.1678483,43.0014106],[6.1677852,43.0013586],[6.1677624,43.0013066],[6.1677919,43.0012556],[6.1678664,43.0012126],[6.167872,43.0010918],[6.1678017,43.0009818],[6.1672898,43.0008205],[6.1667857,43.0006746],[6.1662171,43.0006903],[6.1655969,43.0007684],[6.1649015,43.0011566],[6.1644161,43.0016332],[6.1638149,43.0018256],[6.1634561,43.0019049],[6.1634481,43.001795],[6.1632738,43.0017613],[6.1629707,43.0019324],[6.1627507,43.0019677],[6.1627858,43.0018683],[6.162694,43.0018225],[6.162417,43.0018609],[6.1622605,43.0019477],[6.1620346,43.0020657],[6.1621883,43.0022368],[6.1619846,43.0022057],[6.1615551,43.001946],[6.161146,43.001884],[6.1606572,43.001964],[6.1604858,43.0019765],[6.1603522,43.0019318],[6.1602083,43.0018612],[6.1600642,43.00184],[6.1599458,43.0018595],[6.1598536,43.0019453],[6.1596884,43.0019246],[6.1597078,43.0018732],[6.1597118,43.0018139],[6.1598784,43.0018401],[6.1597841,43.0017375],[6.1598326,43.0017271],[6.1597359,43.0016227],[6.1597839,43.0015285],[6.1598725,43.0014509],[6.1599493,43.0014741],[6.1601286,43.0014761],[6.1602578,43.0014771],[6.1603519,43.0014311],[6.1602299,43.001312],[6.1603177,43.0012632],[6.1604472,43.0013341],[6.1604615,43.0013886],[6.1605547,43.0014395],[6.1606526,43.0014041],[6.1607661,43.0014454],[6.160879,43.001458],[6.1607635,43.0013951],[6.1607663,43.0013445],[6.1608548,43.0013058],[6.1608858,43.0012687],[6.1608247,43.0012365],[6.160766,43.0012975],[6.1606953,43.0012963],[6.1606216,43.0012423],[6.1607226,43.0012058],[6.1606861,43.0011328],[6.1607553,43.0011003],[6.160699,43.0010646],[6.160763,43.0010197],[6.1610005,43.0009565],[6.1609912,43.000905],[6.1611028,43.0008817],[6.1613899,43.0008529],[6.1615703,43.0007811],[6.1614647,43.0006965],[6.1617663,43.0004357],[6.1621322,43.0004787],[6.1621962,43.000385],[6.1623102,43.0003262],[6.1621258,43.0001924],[6.1622435,43.0000492],[6.1619585,42.999994],[6.16171,42.999857],[6.161769,42.9996471],[6.1612728,42.9998511],[6.1612862,42.9997314],[6.1616102,42.9995603],[6.1614257,42.9994784],[6.1613042,42.9993934],[6.161238,42.9992959],[6.1613882,42.999243],[6.1612084,42.99909],[6.1612713,42.9989198],[6.1614686,42.9988938],[6.1616108,42.9987879],[6.1616966,42.9988487],[6.1619726,42.9988781],[6.1617905,42.998676],[6.1619043,42.9985571],[6.1621273,42.9984957],[6.1623001,42.9982307],[6.1626303,42.9981476],[6.1630334,42.9980449],[6.1633274,42.9980934],[6.1633998,42.9981719],[6.1634105,42.9982602],[6.1635554,42.9982307],[6.1639979,42.9983936],[6.164102,42.998605],[6.1644525,42.998458],[6.1641966,42.9982155],[6.1641106,42.9980738],[6.1641837,42.9980012],[6.164345,42.9980454],[6.1646229,42.9980462],[6.164963,42.9979969],[6.1654243,42.9981067],[6.165596,42.9983343],[6.1656496,42.9986324],[6.1655559,42.9991001],[6.1659491,42.9990207],[6.1661777,42.9989007],[6.1661056,42.9986564],[6.1663347,42.9985282],[6.166515,42.9985515],[6.1666284,42.998559],[6.1669206,42.9985153],[6.167016,42.9986125],[6.1670568,42.9987286],[6.1671035,42.9987877],[6.1674591,42.9987685],[6.1672232,42.9988776],[6.1673568,42.9989333],[6.1672697,42.9990326],[6.1669273,42.9990971],[6.166725,42.9993272],[6.1665509,42.9993267],[6.1666164,42.9993978],[6.1666754,42.9994228],[6.1666454,42.9994865],[6.1667005,42.9995928],[6.1666737,42.9997144],[6.1667488,42.9998047],[6.1668479,42.9998986],[6.1671018,43.0000771],[6.1674263,43.0001968],[6.167784,43.0002687],[6.1685222,43.0002311]]}},{"type":"Feature","properties":{},"geometry":{"type":"LineString","coordinates":[[6.1687631,43.0014581],[6.1685497,43.0013498],[6.1683885,43.001313]]}},{"type":"Feature","properties":{},"geometry":{"type":"LineString","coordinates":[[6.2072647,43.001904],[6.2072147,43.0019104],[6.2071614,43.0019395],[6.2071052,43.0019651],[6.2070628,43.0020424],[6.2070936,43.0020569],[6.2071232,43.0020924],[6.2071248,43.0021288],[6.2070046,43.0021685],[6.2069936,43.0022402],[6.2069349,43.0022842],[6.2068504,43.0023696],[6.2068148,43.0024615],[6.2067257,43.0025365],[6.2066157,43.0025866],[6.2066291,43.0026233],[6.2065981,43.0026638],[6.2066032,43.0027163],[6.2065428,43.0027818],[6.206516,43.0028564],[6.2064429,43.0029216],[6.2063043,43.0029936],[6.2062211,43.0029289],[6.2061433,43.0029583],[6.2059933,43.0029289],[6.2058418,43.0029384],[6.2057142,43.0028721],[6.2056589,43.0028198],[6.2055838,43.0028171],[6.2054387,43.0027829],[6.205177,43.002708],[6.2049862,43.0027151],[6.204876,43.0027484],[6.2047689,43.0028064],[6.2045631,43.0029375],[6.2043153,43.003046],[6.2040935,43.0031487],[6.2035745,43.0033584],[6.2028358,43.0036546],[6.2022503,43.0038795],[6.2022063,43.0039296],[6.2021996,43.0039565],[6.2021562,43.0039915],[6.2020954,43.0040089],[6.2020277,43.0040147],[6.2019449,43.0040022],[6.2019147,43.0039878],[6.2008995,43.004228],[6.1997744,43.0042081],[6.198947,43.0040847],[6.1989098,43.0040844],[6.1988319,43.0041245],[6.1987491,43.0041378],[6.1986826,43.0041315],[6.1986412,43.0041157],[6.1985999,43.0040953],[6.1985805,43.0040733],[6.1985679,43.0040459],[6.1985674,43.0040061],[6.1985824,43.0039764],[6.1986274,43.0039363],[6.1986908,43.0039188]]}},{"type":"Feature","properties":{},"geometry":{"type":"LineString","coordinates":[[6.4042119,43.1061403],[6.404151,43.1061302],[6.404151,43.1060715],[6.4041373,43.1060428],[6.404155,43.1060227],[6.4041373,43.1059883],[6.4041353,43.1059568],[6.4041196,43.1059281],[6.4041452,43.1058952],[6.404259,43.1059081],[6.4043159,43.1059324],[6.4043925,43.1059783],[6.4043886,43.1060213],[6.4043375,43.1060528],[6.4043787,43.1061173],[6.4042924,43.1061832],[6.4042119,43.1061403]]}},{"type":"Feature","properties":{},"geometry":{"type":"LineString","coordinates":[[5.9787123,43.1069136],[5.978809,43.107025],[5.9788261,43.1070702]]}},{"type":"Feature","properties":{},"geometry":{"type":"LineString","coordinates":[[6.0681184,43.0402379],[6.0680151,43.040237],[6.067944,43.0402027],[6.0679387,43.0401507],[6.0678743,43.0401409],[6.0678609,43.0400958],[6.0679239,43.0400517],[6.0680151,43.0400419],[6.0680795,43.0400733],[6.0681197,43.0401213],[6.0680929,43.0401664],[6.0681278,43.0402174],[6.0681184,43.0402379]]}},{"type":"Feature","properties":{},"geometry":{"type":"LineString","coordinates":[[6.0687956,43.0401164],[6.0687956,43.0400184],[6.069434,43.0396479],[6.0696834,43.0396479],[6.0697317,43.0397145],[6.0697156,43.0398439],[6.0696754,43.0399302],[6.0695654,43.0399596],[6.0695145,43.0399478],[6.0695252,43.0400694],[6.0694206,43.0400733],[6.0692945,43.040185],[6.0691899,43.0401968],[6.0691175,43.0402301],[6.0689244,43.0402183],[6.0688975,43.0401693],[6.0687956,43.0401164]]}},{"type":"Feature","properties":{},"geometry":{"type":"LineString","coordinates":[[6.1137387,43.0352447],[6.1137179,43.0352153],[6.1137246,43.0351771],[6.1137038,43.0351315],[6.113726,43.0351031],[6.1137796,43.0350732],[6.1138292,43.0351187],[6.1138118,43.0351668],[6.1138205,43.0351888],[6.1138071,43.035207],[6.1138091,43.0352325],[6.1137682,43.0352472],[6.1137387,43.0352447]]}},{"type":"Feature","properties":{},"geometry":{"type":"LineString","coordinates":[[6.1558184,43.0259756],[6.155903,43.0259874],[6.1558279,43.0260306],[6.15584,43.0260796],[6.1559701,43.0261198],[6.15616,43.0261992],[6.1562142,43.0261894],[6.1561659,43.0262374],[6.1561391,43.026311],[6.156233,43.0263365],[6.1562598,43.0263514],[6.1560435,43.0263566],[6.1561935,43.0264367],[6.1559875,43.0264237],[6.1559312,43.0264443],[6.1559634,43.0264708],[6.1560237,43.0264972],[6.1560318,43.0265384],[6.1559863,43.0265378],[6.155899,43.0265002],[6.1558507,43.0265031],[6.1557482,43.0265478],[6.1557426,43.0266457],[6.1555895,43.0266393],[6.1555373,43.026823],[6.1555839,43.0268656],[6.1557524,43.0269259]]}},{"type":"Feature","properties":{},"geometry":{"type":"LineString","coordinates":[[5.8075011,43.0651903],[5.8075548,43.065221],[5.8075835,43.065263],[5.8078558,43.0654072],[5.8079374,43.0655292],[5.808046,43.0656105],[5.8081331,43.0656995],[5.8083424,43.0657614],[5.8084819,43.0658006],[5.8086257,43.0658019],[5.8087595,43.0658476],[5.8089514,43.0658479],[5.8091108,43.0658427],[5.8094099,43.0658045],[5.8096691,43.065748],[5.8097895,43.0656576],[5.8097219,43.0655976],[5.8097371,43.065539],[5.8097841,43.0654909],[5.8098432,43.0654847],[5.8099607,43.0654933],[5.8100335,43.0654916],[5.8100888,43.0655196],[5.8101147,43.0655044],[5.8101082,43.0654553],[5.8100416,43.0653866],[5.8100718,43.0653257],[5.8100054,43.0652519],[5.8100237,43.0652129],[5.8100217,43.0651543],[5.8100361,43.0651272],[5.8100663,43.0651248],[5.8101082,43.0651323],[5.8100981,43.065094],[5.8101302,43.0650542],[5.8102427,43.0650339],[5.8103085,43.0649864],[5.8105243,43.0649192],[5.8106413,43.0647385],[5.8107872,43.0646748],[5.8109485,43.0646347],[5.8109749,43.0646525],[5.8109756,43.0646803],[5.8110149,43.0647179],[5.8115016,43.0644709],[5.8115845,43.0644438],[5.811692,43.0643779],[5.8117067,43.0642927],[5.8117759,43.0642466],[5.8117756,43.0641924],[5.8118086,43.0641861],[5.8118172,43.0641593],[5.8117609,43.0641387],[5.8117779,43.0641052],[5.8118193,43.0640699],[5.8117959,43.0640374],[5.8118677,43.0640291],[5.8119007,43.0640483],[5.8119848,43.0639989],[5.8120214,43.0640042],[5.8120671,43.0639921],[5.812136,43.064007],[5.8121656,43.0639923],[5.8122071,43.064008],[5.8122196,43.064048],[5.8122248,43.0641382],[5.8122473,43.0641523],[5.8123824,43.0641067],[5.8124167,43.0640727],[5.8124726,43.0640614],[5.8125117,43.0640696],[5.8125214,43.0640792],[5.8125094,43.0641046],[5.8124697,43.064138],[5.8124608,43.0641595],[5.8125774,43.0641453],[5.812601,43.064152],[5.8128513,43.0640943],[5.8130173,43.0639744],[5.8133784,43.0641468],[5.8136152,43.064151],[5.8138699,43.0641007],[5.8140753,43.0639247],[5.8146188,43.0638693],[5.8150249,43.063984],[5.815199,43.063994],[5.8154779,43.0639082],[5.8158319,43.063666],[5.8157669,43.0635408],[5.8159594,43.0633229],[5.8160713,43.0632577],[5.8162361,43.0633178],[5.8164843,43.0632179],[5.8167717,43.0630827],[5.8169958,43.0629023],[5.8170656,43.0627789],[5.8169957,43.0626489],[5.81676,43.0624385],[5.8166683,43.0623074],[5.8166872,43.0621532],[5.8167978,43.0620523],[5.8168052,43.0618563],[5.8167472,43.0615353],[5.8168328,43.0611954],[5.8170676,43.0609267],[5.8172869,43.0608826],[5.8174299,43.0607953],[5.8175004,43.0608074],[5.8175705,43.0608004],[5.8175974,43.0607883],[5.8177215,43.0607737],[5.8177427,43.0607466],[5.8177014,43.0607187],[5.8177413,43.0606889],[5.81781,43.0607081],[5.8178471,43.0606835],[5.8178377,43.0606539],[5.8178675,43.060636],[5.817868,43.0606061],[5.8179943,43.0605407],[5.8180701,43.0605359],[5.8181412,43.0605063],[5.8181574,43.0604629],[5.818116,43.0604149],[5.818097,43.0603338],[5.8181303,43.0602981],[5.8181647,43.0603077],[5.8181962,43.0603373],[5.8181763,43.0603444],[5.8181784,43.060357],[5.8181958,43.0603639],[5.8182011,43.0603993],[5.8182373,43.0604144],[5.8182567,43.0604461],[5.818296,43.0604384],[5.8183397,43.06045],[5.8183688,43.0604351],[5.8183644,43.0604201],[5.8183963,43.0604049],[5.8184094,43.0603791],[5.8184904,43.0603882],[5.8185249,43.06037],[5.8185769,43.0603599],[5.8186549,43.0602998],[5.8186853,43.0602861],[5.8187059,43.0602372],[5.81874,43.0602039],[5.8187639,43.0602036],[5.8188118,43.060219],[5.8188513,43.0602069],[5.8188954,43.0601643],[5.8189487,43.0601236],[5.818982,43.0600833],[5.8189815,43.0600627],[5.8190195,43.0600188],[5.8190312,43.0599763],[5.8191027,43.0599529],[5.8191629,43.0599606],[5.8192036,43.0599613],[5.8192751,43.0599806],[5.8193865,43.0600322],[5.8195147,43.0599682],[5.8196569,43.0598057]]}},{"type":"Feature","properties":{},"geometry":{"type":"LineString","coordinates":[[5.8847051,43.1133271],[5.8846407,43.1133246],[5.8845627,43.1133236],[5.8844889,43.1133259],[5.8844387,43.1133409],[5.8842895,43.1133802]]}},{"type":"Feature","properties":{},"geometry":{"type":"LineString","coordinates":[[6.4690742,43.016469],[6.4689198,43.0163599],[6.4688826,43.0162026],[6.469019,43.0160961],[6.4690049,43.0159896],[6.4691153,43.0159894],[6.4691863,43.0160694],[6.4692668,43.0161281],[6.4691104,43.0162795],[6.4690742,43.016469]]}},{"type":"Feature","properties":{},"geometry":{"type":"LineString","coordinates":[[5.9341462,43.0835934],[5.9324321,43.0830882],[5.9308333,43.0829833]]}},{"type":"Feature","properties":{},"geometry":{"type":"LineString","coordinates":[[5.9349714,43.0838397],[5.9347716,43.0839774],[5.9342051,43.0863942],[5.934258,43.0864404],[5.9342673,43.0864862],[5.9342305,43.086531],[5.9341704,43.08655],[5.9340951,43.0865398],[5.9340428,43.0865068],[5.9340294,43.0864453],[5.9340428,43.0863988],[5.9340857,43.0863733],[5.9342021,43.0858303],[5.9346453,43.0839599],[5.9344652,43.0839073],[5.9341462,43.0835934]]}},{"type":"Feature","properties":{},"geometry":{"type":"LineString","coordinates":[[5.936559,43.0842118],[5.9349714,43.0838397]]}},{"type":"Feature","properties":{},"geometry":{"type":"LineString","coordinates":[[5.9367471,43.0842688],[5.9366941,43.0843835],[5.9366532,43.0843718],[5.936585,43.0845254],[5.9364718,43.0845012],[5.9365426,43.084339],[5.9365077,43.0843302],[5.936559,43.0842118]]}},{"type":"Feature","properties":{},"geometry":{"type":"LineString","coordinates":[[5.9405517,43.083582],[5.9402003,43.0837074],[5.9394085,43.0840363],[5.938915,43.084003],[5.9385207,43.0841499],[5.9380718,43.0846015],[5.9367471,43.0842688]]}},{"type":"Feature","properties":{},"geometry":{"type":"LineString","coordinates":[[5.76065,43.0785678],[5.7606306,43.0786142],[5.7605783,43.0786421],[5.7605425,43.0786189],[5.7605111,43.0785903],[5.7604626,43.0785745],[5.7604543,43.0785453],[5.7604872,43.078524],[5.7604467,43.0784866],[5.7605007,43.0784563],[5.7605561,43.0784744],[5.7605945,43.078456],[5.7606379,43.0784749],[5.7606572,43.0785045],[5.7606351,43.078539],[5.76065,43.0785678]]}},{"type":"Feature","properties":{},"geometry":{"type":"LineString","coordinates":[[6.161816,42.9981567],[6.1619286,42.9981312],[6.1619568,42.9981533],[6.1618971,42.9982342],[6.1618274,42.9982484],[6.1618052,42.9982381],[6.1618039,42.9982209],[6.1617878,42.9982072],[6.1617959,42.9981714],[6.161816,42.9981567]]}},{"type":"Feature","properties":{},"geometry":{"type":"LineString","coordinates":[[6.1444339,43.0204322],[6.1443213,43.0204842],[6.1442676,43.0204655],[6.1442502,43.0204273],[6.1443226,43.0203891],[6.1443427,43.0203479],[6.1443856,43.0203361],[6.1444259,43.0203694],[6.1444178,43.0203979],[6.1444393,43.0203998],[6.1444339,43.0204322]]}},{"type":"Feature","properties":{},"geometry":{"type":"LineString","coordinates":[[6.3194936,43.101874],[6.3193005,43.1018975],[6.3192522,43.1018798],[6.3193676,43.1018113],[6.3192254,43.1018113],[6.3192657,43.1017623],[6.3193408,43.1017349],[6.319263,43.1016546],[6.319204,43.1016585],[6.319212,43.1016017],[6.3193461,43.1015626],[6.3194346,43.1016174],[6.3195151,43.1018152],[6.3194936,43.101874]]}},{"type":"Feature","properties":{},"geometry":{"type":"LineString","coordinates":[[6.2931772,43.1080005],[6.2931852,43.1079476],[6.2932576,43.1079192],[6.2933287,43.107928],[6.2933797,43.1078967],[6.2934615,43.1079368],[6.293432,43.1080063],[6.2933595,43.1079799],[6.293216,43.108021],[6.2931772,43.1080005]]}},{"type":"Feature","properties":{},"geometry":{"type":"LineString","coordinates":[[6.3836963,43.1392604],[6.3836427,43.1392501],[6.3835528,43.1392276],[6.3835126,43.139209],[6.3834885,43.139162],[6.3834281,43.1391816],[6.3834026,43.1391762],[6.3834965,43.1391082],[6.3835274,43.1390994],[6.3835891,43.1391327],[6.383632,43.1391112],[6.3836682,43.13912],[6.3837259,43.1390935],[6.3838023,43.1391043],[6.3838465,43.1391297],[6.3839512,43.1391043],[6.3840236,43.139162],[6.3840665,43.1391718],[6.3840719,43.13921],[6.3839753,43.1392178],[6.3839015,43.1392305],[6.38386,43.1392178],[6.3838117,43.1392452],[6.3837567,43.139254],[6.3836963,43.1392604]]}},{"type":"Feature","properties":{},"geometry":{"type":"LineString","coordinates":[[5.9773717,43.1068862],[5.9773638,43.1068461],[5.97738,43.1067266],[5.9773643,43.1066134],[5.9772518,43.1065837],[5.9771278,43.1065716],[5.9771271,43.1065499],[5.9773638,43.1065328],[5.977331,43.1064373],[5.9771358,43.1063996],[5.9770842,43.1065759],[5.976997,43.1066268],[5.9769849,43.1066155],[5.9770473,43.1065675],[5.977103,43.1063884],[5.9770989,43.1063644],[5.9770815,43.1063558],[5.9770862,43.1063438],[5.9770057,43.1063198],[5.976993,43.1063286],[5.9769712,43.106324],[5.9769635,43.1063399],[5.9769474,43.106337],[5.9769139,43.1065445],[5.9768991,43.1065455],[5.9768917,43.1065852],[5.97682,43.1066003],[5.9768066,43.1065817],[5.9768616,43.1063888],[5.9769036,43.1062932],[5.9768954,43.1062727],[5.9768656,43.1062811],[5.9768039,43.106266],[5.976824,43.1062121],[5.9769226,43.1062288],[5.9769467,43.1061935],[5.9769863,43.1061808],[5.9770507,43.1060687],[5.9771231,43.1059688],[5.9772639,43.1058954],[5.9773122,43.1058866],[5.9773484,43.1058709],[5.9774423,43.1058748],[5.9776005,43.1058366],[5.977677,43.1058631],[5.9777239,43.105864],[5.977744,43.1058915],[5.9778084,43.1059042],[5.9778325,43.1059708],[5.9779975,43.106052],[5.9781678,43.1060775],[5.9782335,43.1061588],[5.9783703,43.1061666],[5.9785232,43.1062596],[5.9786989,43.1062361],[5.9787565,43.1062988]]}},{"type":"Feature","properties":{},"geometry":{"type":"LineString","coordinates":[[5.9789399,43.1071229],[5.9791667,43.1072268],[5.9794301,43.1072903],[5.9796989,43.1073154],[5.9799776,43.1072862],[5.980252,43.1072476],[5.9805281,43.1072691],[5.9806648,43.1072944],[5.9809611,43.1073065],[5.9812228,43.1072852]]}},{"type":"Feature","properties":{},"geometry":{"type":"LineString","coordinates":[[5.9788261,43.1070702],[5.9789399,43.1071229]]}},{"type":"Feature","properties":{},"geometry":{"type":"LineString","coordinates":[[5.9787565,43.1062988],[5.9788625,43.1062978],[5.9789228,43.1062674],[5.9789242,43.1062283],[5.9790298,43.1061375],[5.9791267,43.1062146],[5.979246,43.1062635],[5.9791978,43.1063418],[5.9790623,43.1064868],[5.9790127,43.1065308],[5.978943,43.1065974],[5.978786,43.1066189],[5.9786962,43.1066385],[5.9786855,43.1066836],[5.9787136,43.1068853],[5.9787197,43.106897],[5.9787123,43.1069136]]}},{"type":"Feature","properties":{},"geometry":{"type":"LineString","coordinates":[[5.8475522,43.0497808],[5.847872,43.0498659],[5.8484539,43.0499094],[5.8489491,43.0499063],[5.8492778,43.0498609],[5.8493931,43.0498828],[5.8494848,43.0498502],[5.849559,43.0498652],[5.8496338,43.0498456],[5.8496944,43.0497962],[5.8498344,43.0497512],[5.8498732,43.0497063],[5.8498542,43.0496768],[5.8497444,43.0496582],[5.8497112,43.049597],[5.8497511,43.0495607],[5.8497926,43.0494891],[5.8498567,43.0494899],[5.849923,43.0495429],[5.8499736,43.0495416],[5.8499855,43.0494885],[5.8500299,43.0494913],[5.8504386,43.0492948],[5.8510481,43.0490613],[5.8516282,43.0489284],[5.8520116,43.0488925],[5.8527894,43.0489614],[5.8528325,43.0489222],[5.8529396,43.0489002],[5.8529428,43.0488645],[5.8529026,43.0488051],[5.8529094,43.0487717],[5.8529482,43.0487545],[5.8529866,43.0487562],[5.8530609,43.0487109],[5.8531402,43.0487126],[5.8531851,43.0486838],[5.8531998,43.0485675],[5.8534176,43.0484719],[5.8534365,43.0484087],[5.8534076,43.0483639],[5.8532343,43.0482964],[5.8532191,43.0482642],[5.8532236,43.0482288],[5.8533395,43.0481649],[5.8533893,43.0481605],[5.8534545,43.0481833],[5.8535048,43.0482383],[5.8535637,43.0482657],[5.8535335,43.0483338],[5.853512,43.048349],[5.8535319,43.048372],[5.8535087,43.0484485],[5.8535434,43.0484801],[5.8535862,43.0484799],[5.8536552,43.0484376],[5.8537025,43.0484388],[5.8537506,43.0484707],[5.8538098,43.0484273],[5.8538645,43.0484077],[5.8538747,43.0483652],[5.8538444,43.0483413],[5.8538536,43.0482984],[5.853964,43.0482486],[5.8541566,43.0482466],[5.8542533,43.0482007],[5.854257,43.0481377],[5.8542879,43.0481155],[5.8545092,43.0481765],[5.8545736,43.0482358],[5.8546319,43.048224],[5.8546363,43.0481915],[5.854589,43.0481132],[5.85466,43.0480382],[5.8547528,43.0480252],[5.8548633,43.0480839],[5.8549469,43.0481583],[5.8550363,43.0482431],[5.8551522,43.0482458],[5.8552179,43.0482129],[5.8553802,43.0482283],[5.8554204,43.0481778],[5.8558597,43.0478399],[5.8559234,43.0478348],[5.8559623,43.0478937],[5.8560348,43.0479172],[5.8561555,43.0480113],[5.8562802,43.048024],[5.8563044,43.0480695],[5.8563898,43.0480378],[5.8565417,43.0479809],[5.8565631,43.0480083],[5.856661,43.0479887],[5.8569372,43.0479949],[5.8571439,43.0480622],[5.8571912,43.0479287],[5.8571625,43.0478702],[5.8570855,43.0478375],[5.8570461,43.0478],[5.8570592,43.0477094],[5.8570889,43.0476643],[5.85719,43.0475988],[5.8572391,43.0475595],[5.8572793,43.0475693],[5.8573389,43.0475192],[5.8574067,43.0475055],[5.8574738,43.047433],[5.8575059,43.0473595],[5.8574121,43.0473928],[5.857341,43.0474007],[5.8572397,43.047421],[5.857223,43.0473438],[5.857164,43.047288],[5.8570366,43.0472948],[5.8569293,43.0472713],[5.8568729,43.0472311],[5.8569078,43.0472154],[5.8569641,43.047235],[5.8570755,43.0472311],[5.8571412,43.0472498],[5.8572391,43.0472429],[5.8573009,43.0472089],[5.8572732,43.0471134],[5.8573383,43.0471263],[5.8574402,43.0471772],[5.8574094,43.0471968],[5.857463,43.047287],[5.8574984,43.047316],[5.8575491,43.0472534],[5.8575717,43.0472684],[5.8576253,43.0472096],[5.8576106,43.0471811],[5.8576301,43.0471541],[5.8576655,43.0471527],[5.8577272,43.0471919],[5.8577991,43.0471993],[5.8577809,43.0471419],[5.8577353,43.0471096],[5.8577178,43.0470743],[5.8577189,43.0470207],[5.8577849,43.0469567],[5.8578769,43.0469272],[5.857976,43.0468447],[5.857971,43.0467785],[5.8579124,43.0467804],[5.8578788,43.0467597],[5.8578266,43.046757],[5.8577929,43.0467264],[5.8578169,43.0466839],[5.8577823,43.0466662],[5.8577709,43.0466156],[5.8577443,43.0465766],[5.8576576,43.0465569],[5.8576052,43.0465706],[5.8575663,43.0465627],[5.8575314,43.0465951],[5.8574403,43.0466227],[5.8573893,43.0466117],[5.8573641,43.0465723],[5.8572883,43.0465464],[5.8572833,43.0464696],[5.8573237,43.046437],[5.857346,43.0464021],[5.8574523,43.0463873],[5.8575475,43.0463863],[5.8576414,43.0463363],[5.8577205,43.0463338],[5.8577594,43.046364],[5.8577281,43.0464009],[5.8576887,43.0464288],[5.8576929,43.0464726],[5.8576828,43.0465052],[5.8577485,43.0465018],[5.8578058,43.0464791],[5.8578618,43.0464166],[5.857941,43.0463793],[5.8580031,43.0464082],[5.8580785,43.0463822],[5.858075,43.0462722],[5.8581259,43.046203],[5.8582391,43.0462205],[5.8582356,43.0462529],[5.8581883,43.0462464],[5.8581939,43.0462795],[5.8582703,43.0463005],[5.8582678,43.0462787],[5.8582771,43.0462361],[5.8583247,43.0462051],[5.8584329,43.0462314],[5.8584931,43.0462265],[5.8585562,43.0462305],[5.8585697,43.0461955],[5.8584425,43.0461026],[5.8584492,43.0460325],[5.8585362,43.0460137],[5.8588004,43.0460884],[5.8588633,43.046065],[5.8588299,43.0460136],[5.8587832,43.0459649],[5.8588065,43.0458997],[5.85885,43.0458894],[5.858894,43.0459041],[5.8589476,43.045911],[5.8589679,43.0458976],[5.8589213,43.0458557],[5.8590083,43.0458545],[5.8591083,43.045868],[5.8592313,43.0458432]]}},{"type":"Feature","properties":{},"geometry":{"type":"LineString","coordinates":[[6.1602636,43.0043926],[6.1602603,43.0044132],[6.1602281,43.0044196],[6.160212,43.0044103],[6.1602093,43.0043926],[6.1602563,43.0043818],[6.160265,43.0043858],[6.1602636,43.0043926]]}},{"type":"Feature","properties":{},"geometry":{"type":"LineString","coordinates":[[6.1616664,43.0054523],[6.1615176,43.0055273],[6.16147,43.0055273],[6.1614881,43.0054724],[6.1615591,43.0054415],[6.1616108,43.0053886],[6.1616718,43.0053596],[6.1617268,43.0053484],[6.1617382,43.0053631],[6.1617167,43.0053822],[6.1617167,43.0054155],[6.1616664,43.0054523]]}},{"type":"Feature","properties":{},"geometry":{"type":"LineString","coordinates":[[6.1603542,43.0050512],[6.1603133,43.0050943],[6.1601979,43.0051233],[6.1601899,43.0050855],[6.1603434,43.0050321],[6.1603622,43.005036],[6.1603542,43.0050512]]}},{"type":"Feature","properties":{},"geometry":{"type":"LineString","coordinates":[[6.258413,42.9967487],[6.2582038,42.9967438],[6.2581582,42.9967094],[6.2581596,42.9966427],[6.2581784,42.996577],[6.2581421,42.9965054],[6.2582776,42.9965123],[6.2583487,42.9965898],[6.2584104,42.9967261],[6.258413,42.9967487]]}},{"type":"Feature","properties":{},"geometry":{"type":"LineString","coordinates":[[6.0924113,43.0407803],[6.092387,43.0407271],[6.0923669,43.0406986],[6.0922851,43.0407079],[6.092271,43.0407432],[6.0921784,43.0407599],[6.0921717,43.0407261],[6.0921972,43.0407035],[6.0921878,43.0406805],[6.092271,43.0406168],[6.0923059,43.040605],[6.0923072,43.0405604],[6.0922589,43.0404928],[6.0922938,43.0404703],[6.0923072,43.040435],[6.0922703,43.0403962],[6.0922998,43.0403708],[6.0923293,43.0403747],[6.0923468,43.0403017],[6.09244,43.0402752],[6.0924775,43.0402923],[6.0925104,43.0402928],[6.0925345,43.0403325],[6.0925613,43.0403477],[6.0926116,43.0403296],[6.0926646,43.0403492],[6.0926921,43.0403717],[6.0926888,43.0403832],[6.0927245,43.0403873],[6.0928216,43.0405168],[6.0928965,43.0405447],[6.0928601,43.040578],[6.0926165,43.04067],[6.0925958,43.0407346],[6.092542,43.0407976],[6.0925099,43.0407474],[6.0924113,43.0407803]]}},{"type":"Feature","properties":{},"geometry":{"type":"LineString","coordinates":[[6.2988319,43.1063727],[6.2987528,43.1063688],[6.2986831,43.1063448],[6.2986475,43.1063384],[6.2986368,43.1062958],[6.2986797,43.1062753],[6.2987461,43.1062488],[6.2988192,43.1062655],[6.2988279,43.1063037],[6.2988473,43.1063115],[6.2988668,43.1063389],[6.298844,43.1063722],[6.2988319,43.1063727]]}},{"type":"Feature","properties":{},"geometry":{"type":"LineString","coordinates":[[5.7176589,43.1474668],[5.7176388,43.1474595],[5.7176093,43.1474551],[5.7175758,43.1474243],[5.7175831,43.1474052],[5.7176321,43.1474301],[5.7176549,43.147437],[5.7176549,43.1474507],[5.7176629,43.1474585],[5.7176589,43.1474668]]}},{"type":"Feature","properties":{},"geometry":{"type":"LineString","coordinates":[[5.7106952,43.1443327],[5.7106389,43.1443239],[5.7106282,43.1442946],[5.7106805,43.1441537],[5.7107167,43.1441546],[5.7107247,43.1441243],[5.7107502,43.1441214],[5.7107851,43.144186],[5.7107234,43.1441967],[5.7107046,43.144231],[5.7107341,43.1442496],[5.7107462,43.1443112],[5.7106952,43.1443327]]}},{"type":"Feature","properties":{},"geometry":{"type":"LineString","coordinates":[[5.6861403,43.1541998],[5.6860659,43.1541704],[5.6859954,43.1541288],[5.6860075,43.1541156],[5.6860558,43.1541195],[5.6861785,43.1541753],[5.6861671,43.1541866],[5.6861403,43.1541998]]}},{"type":"Feature","properties":{},"geometry":{"type":"LineString","coordinates":[[5.6926574,43.150362],[5.6925823,43.1503904],[5.6925186,43.1503826],[5.6924354,43.1503547],[5.6924301,43.1503342],[5.6924542,43.1503263],[5.6924884,43.1503366],[5.6926198,43.1503322],[5.692654,43.1503439],[5.6926574,43.150362]]}},{"type":"Feature","properties":{},"geometry":{"type":"LineString","coordinates":[[6.3837332,43.1393044],[6.3837782,43.1393108],[6.3838989,43.139303],[6.3839766,43.1392824],[6.3840477,43.1392433],[6.3841389,43.1392912],[6.3841242,43.139346],[6.3840799,43.1393636],[6.3840128,43.1393548],[6.3840102,43.1393832],[6.3839498,43.1394028],[6.3838841,43.1393998],[6.3837124,43.1394292],[6.3835837,43.1394077],[6.3834402,43.1393842],[6.3833503,43.1393627],[6.3833141,43.1393421],[6.3832659,43.1393323],[6.3832176,43.1392971],[6.3831961,43.1392433],[6.383298,43.1392178],[6.3833798,43.1392442],[6.3834134,43.1392296],[6.3835984,43.1392775],[6.3837332,43.1393044]]}},{"type":"Feature","properties":{},"geometry":{"type":"LineString","coordinates":[[6.4212473,43.0141037],[6.421207,43.0140557],[6.4211574,43.0140312],[6.4211199,43.0139625],[6.421089,43.01394],[6.4210756,43.0138763],[6.4210984,43.0138743],[6.4211266,43.0139223],[6.4211547,43.0139361],[6.4211681,43.0139165],[6.4212526,43.0139606],[6.4212526,43.0140057],[6.4212956,43.014089],[6.4212701,43.0141028],[6.4212473,43.0141037]]}},{"type":"Feature","properties":{},"geometry":{"type":"LineString","coordinates":[[6.1474729,43.0184207],[6.1474749,43.0184305],[6.1474252,43.018453],[6.1474038,43.0184334],[6.1474078,43.0184192],[6.1474353,43.018406],[6.1474729,43.0184207]]}},{"type":"Feature","properties":{},"geometry":{"type":"LineString","coordinates":[[5.7657556,43.1158557],[5.7656369,43.115818],[5.7656329,43.1157936],[5.7657134,43.1157823],[5.765763,43.1157476],[5.7657932,43.1157432],[5.7658441,43.1157534],[5.7658488,43.115775],[5.7659454,43.1157985],[5.7659803,43.1158259],[5.7659668,43.115844],[5.7658448,43.1158087],[5.7657952,43.115819],[5.7657643,43.1158156],[5.7657898,43.1158406],[5.7657778,43.1158528],[5.7657556,43.1158557]]}},{"type":"Feature","properties":{},"geometry":{"type":"LineString","coordinates":[[5.7659823,43.1157432],[5.7659581,43.1157373],[5.765938,43.1157133],[5.765985,43.1157045],[5.7660453,43.1156727],[5.7660768,43.1156683],[5.7661016,43.11568],[5.7660654,43.1157084],[5.7660413,43.1157162],[5.7660339,43.1157285],[5.7660191,43.1157334],[5.7660037,43.1157285],[5.7659823,43.1157432]]}},{"type":"Feature","properties":{},"geometry":{"type":"LineString","coordinates":[[6.1264626,43.0412564],[6.1258455,43.0408767],[6.1254014,43.0409559],[6.1250358,43.0407781],[6.1248376,43.040656],[6.1242302,43.0407598],[6.1241991,43.040868],[6.1240496,43.0409861],[6.1239698,43.0408541],[6.12371,43.0407807],[6.1234051,43.0407294],[6.1230643,43.0406969],[6.1226833,43.0409002],[6.122443,43.0407762],[6.1225082,43.0405856],[6.1220061,43.0403193],[6.121619,43.0402218],[6.1210857,43.0399547],[6.1208786,43.0398402],[6.1207659,43.0396475],[6.1204665,43.0394796],[6.1203949,43.0394009],[6.1202786,43.0393396],[6.120064,43.0392695],[6.1199125,43.0392269],[6.1198139,43.0391945],[6.1197294,43.0391838],[6.1196537,43.0391411],[6.1195604,43.0391166],[6.1194002,43.0390681],[6.1193204,43.0390279],[6.1192174,43.0389824],[6.1186862,43.0389625],[6.1182232,43.0389585],[6.1181665,43.0390255],[6.1180071,43.0390505],[6.1179183,43.0390219],[6.1175163,43.039097],[6.1171256,43.0392275],[6.116954,43.0393642],[6.1166357,43.0394599],[6.1164574,43.0394999],[6.1157326,43.0394349],[6.1152656,43.0394497],[6.1146315,43.0395062],[6.114597,43.0395115],[6.1143583,43.0396211],[6.1143253,43.0397481],[6.1142509,43.0397812],[6.1141675,43.0397483],[6.1140279,43.0397748],[6.1139587,43.0397746],[6.1138278,43.0397741],[6.1137078,43.0398069],[6.1136016,43.0397596],[6.1134748,43.0397458],[6.1132925,43.0397259],[6.1131312,43.0397083],[6.1129543,43.0397383],[6.1125429,43.0396911],[6.1121629,43.0397239],[6.1117552,43.0397376],[6.1117232,43.0397517],[6.1112916,43.0398773],[6.1112231,43.0398621],[6.1109571,43.0398108],[6.1109174,43.0398045],[6.1106322,43.0397846],[6.1103887,43.0397708],[6.1102133,43.0398314],[6.1101359,43.0398581],[6.1100849,43.0398757],[6.1100342,43.0398932],[6.1100751,43.039988],[6.1097128,43.0400897],[6.1096953,43.0400958],[6.1096662,43.0400472],[6.1096014,43.0400752],[6.1094308,43.040232],[6.1093458,43.0402569],[6.1092,43.0402534],[6.1092091,43.0402079],[6.1087243,43.0401948],[6.1084051,43.0402277],[6.1081785,43.0402556],[6.107976,43.0403075],[6.1078908,43.0403477],[6.1078949,43.0403874],[6.1077142,43.0404559],[6.1076485,43.0404727]]}},{"type":"Feature","properties":{},"geometry":{"type":"LineString","coordinates":[[6.1275066,43.0420306],[6.1273634,43.0419169],[6.1272035,43.0418663],[6.1269615,43.0417052],[6.1268448,43.0415346],[6.1264626,43.0412564]]}},{"type":"Feature","properties":{},"geometry":{"type":"LineString","coordinates":[[6.1325645,43.0362445],[6.132673,43.0361279],[6.1327246,43.0360704]]}},{"type":"Feature","properties":{},"geometry":{"type":"LineString","coordinates":[[6.1268926,43.0360093],[6.1269685,43.0360509],[6.1270349,43.0360823],[6.12716,43.0361091],[6.1272638,43.0361179],[6.1273583,43.0361117],[6.1274066,43.0361024],[6.1274347,43.0360809],[6.1274547,43.0360552],[6.1275468,43.03602]]}},{"type":"Feature","properties":{},"geometry":{"type":"LineString","coordinates":[[6.1276842,43.0348619],[6.1277127,43.0349296],[6.1276919,43.0349903],[6.1276365,43.0350328],[6.1275953,43.0350384],[6.127531,43.035043],[6.1274803,43.0350188],[6.1274602,43.0349918],[6.1272912,43.0349443],[6.1268968,43.0348039],[6.1268243,43.0348576],[6.1266852,43.0351748],[6.1266884,43.035231],[6.1267941,43.0354038],[6.1268158,43.035572],[6.1268006,43.0356932],[6.1267941,43.0357204],[6.1267649,43.035726],[6.1267662,43.0357348],[6.1267354,43.03575],[6.1267783,43.0358532],[6.1269546,43.0358187],[6.1269573,43.0358289],[6.1269285,43.0358353],[6.1269233,43.0358542],[6.1269154,43.0358695],[6.1268901,43.0358945],[6.1268522,43.035906],[6.1268527,43.0359705],[6.1268926,43.0360093]]}},{"type":"Feature","properties":{},"geometry":{"type":"LineString","coordinates":[[6.1315264,43.0352878],[6.1316725,43.0353129],[6.1318003,43.035288],[6.1317511,43.0354221],[6.1316958,43.0355282],[6.1314407,43.035597],[6.1314376,43.0356605],[6.1314273,43.0357225],[6.1315031,43.0357575],[6.1315409,43.0358379]]}},{"type":"Feature","properties":{},"geometry":{"type":"LineString","coordinates":[[6.1315409,43.0358379],[6.1315632,43.0358793],[6.1316054,43.0359152],[6.1315947,43.0359698]]}},{"type":"Feature","properties":{},"geometry":{"type":"LineString","coordinates":[[6.0959597,43.0294709],[6.0958524,43.0294991],[6.0956714,43.0294227],[6.0955432,43.0294812],[6.0954541,43.0294501],[6.0954045,43.0294364],[6.0953911,43.029409],[6.0953616,43.0293913],[6.0953267,43.0293482],[6.0952771,43.0293139],[6.0952838,43.0291992],[6.0953374,43.0291776],[6.0953817,43.029106],[6.0953642,43.0290766],[6.09543,43.0289482],[6.095548,43.0287256],[6.095733,43.0285413],[6.0958323,43.0283864],[6.0960013,43.0283247],[6.0960482,43.0282296],[6.0962494,43.0281139],[6.0963003,43.0280776],[6.096299,43.0279619],[6.0963607,43.0279482],[6.0964411,43.0279737],[6.0965189,43.0280168],[6.0965672,43.0279992],[6.0966215,43.0279423],[6.0966638,43.0277355],[6.0967261,43.0277281],[6.0967355,43.0276982],[6.0969072,43.0275433],[6.096956,43.0275235],[6.0971325,43.0273517],[6.097283,43.0273389],[6.0973545,43.0273207],[6.0974081,43.0272652],[6.0975162,43.0272409]]}},{"type":"Feature","properties":{},"geometry":{"type":"LineString","coordinates":[[6.0960882,43.0297145],[6.096103,43.0296353],[6.0959597,43.0294709]]}},{"type":"Feature","properties":{},"geometry":{"type":"LineString","coordinates":[[6.0959168,43.0308618],[6.0959516,43.0308814],[6.0959449,43.0309177],[6.0959034,43.0309559],[6.0958363,43.0309579],[6.0957894,43.0309148],[6.0957921,43.0308795],[6.0958564,43.0308785],[6.0958953,43.0308579],[6.0959168,43.0308618]]}},{"type":"Feature","properties":{},"geometry":{"type":"LineString","coordinates":[[6.0960522,43.0308118],[6.0960858,43.0308295],[6.0960858,43.0308569],[6.0960361,43.0308912],[6.0959785,43.0308618],[6.0959744,43.0308344],[6.0960147,43.0308138],[6.0960522,43.0308118]]}},{"type":"Feature","properties":{},"geometry":{"type":"LineString","coordinates":[[6.1017778,43.0409974],[6.1017237,43.0409206],[6.1016648,43.040855],[6.1015389,43.0407732],[6.1013155,43.0407398],[6.1010331,43.0407457],[6.1009271,43.0407712],[6.1009052,43.0407793]]}},{"type":"Feature","properties":{},"geometry":{"type":"LineString","coordinates":[[6.1025402,43.0418851],[6.1025673,43.041967],[6.1025096,43.0419871],[6.1025062,43.0420348],[6.1025814,43.0420826],[6.1025621,43.0421134],[6.1025174,43.042153],[6.1024513,43.0420772],[6.1023809,43.0420615],[6.1023521,43.0421556],[6.1022723,43.0421944],[6.1022253,43.0421762],[6.1022267,43.0421145],[6.1023018,43.0421081],[6.1023669,43.0420402],[6.102151,43.0420462],[6.1021429,43.0420209],[6.102171,43.0419822],[6.1021395,43.0419581],[6.1020456,43.0419469],[6.1020504,43.0418678],[6.1021249,43.0417794],[6.1020899,43.0417597],[6.1020711,43.0417778],[6.1018344,43.0417376],[6.1018806,43.0416597],[6.1018625,43.0416524],[6.101748,43.0417062],[6.1016386,43.0416543],[6.1016252,43.0416268],[6.101597,43.0416259],[6.1015512,43.0415971],[6.1015756,43.0415244],[6.1014576,43.0415994],[6.1014924,43.0415097],[6.101447,43.041473],[6.1015011,43.0414372],[6.101532,43.0414421],[6.1015982,43.0413772],[6.1016795,43.0411672],[6.1016621,43.0410642],[6.1017778,43.0409974]]}},{"type":"Feature","properties":{},"geometry":{"type":"LineString","coordinates":[[6.1076485,43.0404727],[6.1076387,43.0404874],[6.1076049,43.0404839],[6.1075789,43.0404906],[6.1075247,43.0405065],[6.107453,43.0405438],[6.1073622,43.0406189],[6.1073966,43.0406521],[6.1074071,43.0407103],[6.1073497,43.0407452],[6.1072335,43.0407743],[6.107123,43.0407717],[6.1070761,43.0407496],[6.1069093,43.0407776],[6.1066845,43.0408388],[6.1066912,43.0408584],[6.1064373,43.0409434],[6.1063506,43.0410152],[6.1062892,43.0411387],[6.1063319,43.0412634],[6.1064918,43.0415452],[6.106602,43.0415651],[6.1061663,43.0419874],[6.1059396,43.0420447],[6.1056564,43.042205],[6.1056333,43.0421598],[6.1057226,43.0420707],[6.1057472,43.0420461],[6.1056344,43.0420111],[6.1054386,43.042115],[6.1053607,43.0422206],[6.1053471,43.0422592],[6.1050674,43.0422395],[6.1050339,43.0422371],[6.1047139,43.0422878],[6.1048505,43.0421086],[6.1048076,43.04198],[6.1045872,43.0420432],[6.1045237,43.0420221],[6.1046632,43.0419],[6.1047719,43.0417864],[6.1046757,43.0416326],[6.1043383,43.0416456],[6.1041439,43.0417119],[6.1039425,43.0417402],[6.1037508,43.0415584],[6.1034891,43.041619],[6.1034425,43.0414548],[6.1032848,43.0414543],[6.1031252,43.0414906],[6.1030787,43.0415271],[6.1030649,43.0416053],[6.1029336,43.041691],[6.1028263,43.0416789],[6.1027859,43.0417445],[6.1027068,43.041717],[6.1026328,43.0417605],[6.1025402,43.0418851]]}},{"type":"Feature","properties":{},"geometry":{"type":"LineString","coordinates":[[6.1009052,43.0407793],[6.100907,43.0408898],[6.1007957,43.0409143],[6.1006951,43.0409633],[6.1005816,43.0409978],[6.1004913,43.0410123],[6.1004953,43.0410976],[6.1003894,43.0411495],[6.1003411,43.0410652],[6.1002794,43.0410527],[6.1001483,43.0409694],[6.100093,43.0410182],[6.1001064,43.0411172],[6.1000793,43.0411304],[6.0999488,43.0409718],[6.0998632,43.0409409],[6.0994628,43.0408457],[6.0992989,43.0408647],[6.0990526,43.0409072],[6.098843,43.0409434],[6.0985645,43.0408902],[6.0979097,43.0406039],[6.0971305,43.0404289],[6.096853,43.0404282],[6.0967033,43.0405085],[6.0966329,43.040485],[6.0965378,43.0404723],[6.0965652,43.040361],[6.096532,43.0402503],[6.0964796,43.0401629],[6.0963982,43.0400716],[6.0962648,43.0399761],[6.0960492,43.0399135],[6.0959148,43.0399232],[6.095857,43.0400112],[6.0958162,43.0400733],[6.0957523,43.0400819],[6.0955572,43.0401789],[6.0954729,43.0402395],[6.0954259,43.040333],[6.0952805,43.0403932],[6.095086,43.040389],[6.0951657,43.0404376],[6.0951309,43.0404761],[6.0950444,43.0404418],[6.0949066,43.040441],[6.0947916,43.0405114],[6.0947789,43.0404682],[6.0947491,43.0404221],[6.0946347,43.0404232],[6.0945199,43.0404121],[6.0943288,43.0404779],[6.0942849,43.0406099],[6.0942096,43.0405552],[6.0940835,43.0405516],[6.0940339,43.0405516],[6.0939538,43.0405361],[6.0938998,43.040482],[6.0938778,43.040406],[6.0938615,43.0403841],[6.0938247,43.0403575],[6.0938059,43.0403164],[6.093775,43.0402262],[6.0938475,43.0402076],[6.0938978,43.0401338],[6.0938019,43.0400939],[6.0937737,43.040038],[6.0936634,43.0400229],[6.0937589,43.0398429],[6.0937134,43.0397497],[6.0937455,43.0396413],[6.0935716,43.0395024],[6.0934235,43.0393222],[6.0934451,43.0392823],[6.0933687,43.0392107],[6.0933875,43.0391715],[6.0933419,43.0391392],[6.0934143,43.0390686],[6.0933861,43.0389941],[6.0932989,43.0389647],[6.0932681,43.0389167],[6.0933056,43.038897],[6.0931796,43.0387334],[6.0931997,43.0386677],[6.0931501,43.0386432],[6.0931085,43.0386843],[6.0930884,43.0388044],[6.0930482,43.0388059],[6.0930012,43.038702],[6.0930824,43.0386677],[6.0929744,43.0386167],[6.0929275,43.0385667],[6.0929363,43.03845],[6.0929731,43.0384364],[6.0930052,43.0383971],[6.0931018,43.0383883],[6.0931098,43.038356],[6.0931474,43.038355],[6.0931393,43.0383226],[6.0931474,43.0382825],[6.0931192,43.0382609],[6.0931072,43.0382138],[6.0930374,43.0381913],[6.0930414,43.0381403],[6.0930213,43.038109],[6.093028,43.0380609],[6.0930616,43.038056],[6.0930777,43.0380335],[6.0930696,43.038009],[6.093083,43.0379786],[6.0931675,43.0379531],[6.0932399,43.0379364],[6.0933097,43.0379492],[6.0933333,43.0379786],[6.0934532,43.0379511],[6.0935524,43.0379453],[6.0936214,43.0379437],[6.0935764,43.0378738],[6.093598,43.0378139],[6.0936233,43.0376789],[6.0935001,43.0377295],[6.0934009,43.0377071],[6.0932506,43.03774]]}},{"type":"Feature","properties":{},"geometry":{"type":"LineString","coordinates":[[6.1515209,43.0654324],[6.1515069,43.0655037],[6.1514975,43.0655959],[6.1515002,43.0659201],[6.1514305,43.0664022],[6.1514692,43.0672331],[6.1515552,43.067763],[6.1517614,43.0685173],[6.1519681,43.0690015],[6.1523262,43.070476],[6.1525464,43.0710199],[6.1526923,43.0711546]]}},{"type":"Feature","properties":{},"geometry":{"type":"LineString","coordinates":[[6.153251,43.035359],[6.1530626,43.035526],[6.1528008,43.0358411],[6.1526397,43.0361709],[6.1523665,43.0367033],[6.1523786,43.0367651],[6.1524698,43.0367955],[6.1524698,43.0368126],[6.1524215,43.0368229],[6.1523263,43.0368141],[6.1522914,43.0368847],[6.152278,43.0369959],[6.1522646,43.037015],[6.1522365,43.0370297],[6.1521775,43.0370248],[6.1521707,43.037065],[6.1521842,43.0371062],[6.1521465,43.0372238],[6.1520614,43.0374517],[6.1519924,43.0376801],[6.1519206,43.0379203],[6.151843,43.0381174],[6.1518194,43.0382045],[6.1518321,43.0382477],[6.1518288,43.0382776],[6.1518033,43.0383128],[6.1517765,43.0383893],[6.1517684,43.0384883],[6.1517456,43.0386461],[6.1516352,43.0391018],[6.1515284,43.0394068],[6.151472,43.0397812],[6.1514291,43.0400537],[6.1513419,43.0402193],[6.1513232,43.0403615],[6.1513393,43.0404801],[6.1513325,43.0406114],[6.151287,43.0407506],[6.1512558,43.0409003],[6.1512119,43.0412083],[6.1512031,43.0413049],[6.1511609,43.0413985],[6.1511153,43.0414965],[6.1510268,43.0421081],[6.1508954,43.0425472],[6.1507317,43.0432431],[6.1506754,43.043494],[6.1506432,43.043764],[6.1504957,43.044482],[6.1503869,43.0452273],[6.1503064,43.0460765],[6.1502302,43.0467911],[6.1501685,43.046991],[6.150147,43.0471968],[6.1500907,43.0475359],[6.1499888,43.0482043],[6.1498091,43.0493196],[6.1497098,43.0498704],[6.1496241,43.0504255],[6.1496159,43.0507426],[6.1495698,43.0510392],[6.1495475,43.0514502],[6.1495394,43.0518442],[6.1495247,43.0523106],[6.1495636,43.0526301],[6.1495883,43.0528701],[6.1495784,43.0532553],[6.1495851,43.0536414],[6.149565,43.0540657],[6.1495443,43.0544627],[6.1494899,43.0550329],[6.1494681,43.0555314],[6.1494708,43.0558612],[6.149463,43.0561489],[6.1494845,43.056544],[6.1495248,43.0569407],[6.1496133,43.0574769],[6.1496508,43.0577454],[6.1496786,43.0580176],[6.1497393,43.058496],[6.1498386,43.0588311],[6.1498815,43.0591917],[6.1499432,43.0595817],[6.1499485,43.0599795],[6.1500263,43.0604812],[6.1500478,43.0609006],[6.150135,43.0614599],[6.1502033,43.0620744],[6.150206,43.0623194],[6.1502557,43.0625967],[6.1502677,43.0629562],[6.1502905,43.063261],[6.1503016,43.0640296],[6.1504072,43.0643584],[6.1503879,43.0644655],[6.1505104,43.0647973],[6.1505982,43.0649132],[6.1507752,43.064995],[6.1510093,43.0648894],[6.1513082,43.0648295],[6.1513956,43.0648238],[6.1515176,43.064858],[6.151527,43.0649473],[6.1515117,43.0650369],[6.1514807,43.0650862],[6.1514264,43.0650849],[6.1514432,43.0650408],[6.1511684,43.0649989],[6.1510555,43.064972],[6.1506622,43.0651881],[6.1506935,43.0652313],[6.1506519,43.0652524],[6.1506996,43.0653151],[6.1507505,43.0652999],[6.1507839,43.0653409],[6.1507956,43.0653535],[6.150535,43.0654688],[6.1504195,43.0655198],[6.1505401,43.0656794],[6.1505504,43.065694],[6.1505329,43.0657021],[6.1505384,43.0657097],[6.1505735,43.0657552],[6.1505915,43.0657783],[6.1509105,43.0656634],[6.1509513,43.0656696],[6.1510268,43.0656889],[6.1510629,43.0656988],[6.1510971,43.0657082],[6.151291,43.0655184],[6.1514331,43.0653959],[6.1515814,43.0652759],[6.1516322,43.0651656],[6.1517054,43.0650905],[6.1517135,43.0649762],[6.1517015,43.0648247],[6.1517282,43.0647806],[6.1517903,43.0647978],[6.1518208,43.0649512],[6.1518295,43.0650979],[6.1520776,43.0651159],[6.1521345,43.0651539],[6.1520834,43.0651916],[6.1518083,43.0651594],[6.1515209,43.0654324]]}},{"type":"Feature","properties":{},"geometry":{"type":"LineString","coordinates":[[6.3724429,42.9957229],[6.3723849,42.9956516],[6.3723382,42.9955562],[6.3723704,42.9955308],[6.3724937,42.9954996],[6.3725186,42.9955998],[6.3725057,42.9956923],[6.3724429,42.9957229]]}},{"type":"Feature","properties":{},"geometry":{"type":"LineString","coordinates":[[6.3907228,43.0138492],[6.3907228,43.01381],[6.3907072,43.0137574],[6.3907574,43.013772],[6.3907617,43.0138144],[6.3907228,43.0138492]]}},{"type":"Feature","properties":{},"geometry":{"type":"LineString","coordinates":[[6.1198051,43.0332862],[6.120013,43.0332231],[6.1202102,43.0331502],[6.1201616,43.0330994],[6.1201526,43.0330045],[6.1200792,43.0329604],[6.1200928,43.0328158],[6.1199848,43.0327482],[6.119923,43.0327683],[6.11987,43.0327114],[6.1199513,43.0326935],[6.1199267,43.0325932],[6.1198885,43.032582],[6.1199765,43.0325028],[6.1200722,43.0324082],[6.1202532,43.032348],[6.1202142,43.0323214],[6.1204026,43.0322426],[6.1205469,43.0321988],[6.1205684,43.0322714],[6.1207186,43.0321951],[6.120629,43.0322892],[6.1206975,43.0323169],[6.1205607,43.0323994],[6.1206607,43.0324388],[6.120672,43.0325771],[6.120831,43.0324894],[6.1208804,43.0324517],[6.1210692,43.0323304],[6.1210397,43.0324195],[6.1212051,43.0324176],[6.1213229,43.0324522],[6.1212573,43.0325139],[6.1213653,43.0326118],[6.121463,43.0325902],[6.1216075,43.0325141],[6.1217846,43.0324651],[6.1219039,43.0324573],[6.1219683,43.0324877],[6.1220088,43.0325236],[6.121945,43.0326086],[6.1220477,43.0326846],[6.1221514,43.0326975],[6.1221449,43.0328237],[6.1223119,43.0328042],[6.122415,43.0330684],[6.1224638,43.033132],[6.1226756,43.033189],[6.1226038,43.0332334],[6.1227061,43.0333031]]}},{"type":"Feature","properties":{},"geometry":{"type":"LineString","coordinates":[[6.4148436,43.0044698],[6.4146776,43.004336],[6.4146762,43.0042323],[6.4147216,43.004167],[6.4147684,43.0042095],[6.4148237,43.0041577],[6.4148932,43.0042199],[6.4148989,43.0043692],[6.4148877,43.0044177],[6.4148436,43.0044698]]}},{"type":"Feature","properties":{},"geometry":{"type":"LineString","coordinates":[[6.3904112,42.9960858],[6.3903601,42.9960697],[6.390346,42.9960537],[6.3903241,42.9960523],[6.3903151,42.9960167],[6.3903507,42.996035],[6.390372,42.9960245],[6.3904073,42.9959798],[6.3904325,42.9959741],[6.3904557,42.9959894],[6.3904299,42.9960209],[6.3904016,42.9960326],[6.3904112,42.9960858]]}},{"type":"Feature","properties":{},"geometry":{"type":"LineString","coordinates":[[6.3891802,42.9977992],[6.3891583,42.9977561],[6.3891735,42.9976668],[6.389245,42.9977598],[6.3892265,42.9977776],[6.3892055,42.9977733],[6.3891802,42.9977992]]}},{"type":"Feature","properties":{},"geometry":{"type":"LineString","coordinates":[[6.3868441,42.9983024],[6.3867886,42.998236],[6.386803,42.998193],[6.3867084,42.9980405],[6.3867704,42.9980816],[6.3868666,42.9982086],[6.3868687,42.9982469],[6.3868473,42.9982508],[6.3868441,42.9983024]]}},{"type":"Feature","properties":{},"geometry":{"type":"LineString","coordinates":[[6.3826617,42.9976472],[6.3826487,42.9975473],[6.3827094,42.9974807],[6.3827463,42.9975885],[6.3827181,42.9976297],[6.3826617,42.9976472]]}},{"type":"Feature","properties":{},"geometry":{"type":"LineString","coordinates":[[6.3818034,42.997495],[6.3816647,42.9973666],[6.3817947,42.9973396],[6.3818663,42.9973808],[6.3819551,42.997514],[6.3818034,42.997495]]}},{"type":"Feature","properties":{},"geometry":{"type":"LineString","coordinates":[[6.3810859,42.9974569],[6.3809432,42.9973762],[6.3809538,42.9973365],[6.381038,42.9973876],[6.3810014,42.9973127],[6.3809211,42.9972839],[6.380867,42.9971596],[6.3807955,42.9970622],[6.3808865,42.9970527],[6.3809776,42.9971288],[6.3810881,42.9971113],[6.3811232,42.9972659],[6.3811835,42.9973808],[6.3811878,42.9974379],[6.3810859,42.9974569]]}},{"type":"Feature","properties":{},"geometry":{"type":"LineString","coordinates":[[6.3763587,42.9971687],[6.3763048,42.9970671],[6.3763361,42.9970401],[6.3763361,42.99701],[6.3763034,42.9969561],[6.3762921,42.9968866],[6.3763644,42.9967943],[6.3763985,42.9968555],[6.3763658,42.9968928],[6.37638,42.996926],[6.3763956,42.9969841],[6.3764353,42.9969437],[6.3764594,42.9969883],[6.3764013,42.9970837],[6.3764169,42.9971397],[6.3763587,42.9971687]]}},{"type":"Feature","properties":{},"geometry":{"type":"LineString","coordinates":[[6.3749676,42.9972062],[6.3748789,42.9971035],[6.3749343,42.9969703],[6.3750624,42.9970594],[6.3750968,42.9972062],[6.3749676,42.9972062]]}},{"type":"Feature","properties":{},"geometry":{"type":"LineString","coordinates":[[5.9267793,43.1054826],[5.9268025,43.1054755],[5.9267486,43.1053869]]}},{"type":"Feature","properties":{},"geometry":{"type":"LineString","coordinates":[[5.8592313,43.0458432],[5.8592815,43.0458853],[5.8592107,43.0459495],[5.8591354,43.0459962],[5.8591166,43.0460266],[5.8591451,43.0460649],[5.8590738,43.0460973],[5.8591382,43.0461433],[5.8591354,43.0462364],[5.8591657,43.0463253],[5.859134,43.0463344],[5.8590804,43.0463657],[5.8590656,43.0464043],[5.8590241,43.0464206],[5.8589677,43.0464726],[5.8589526,43.0465108],[5.8588913,43.046551],[5.8589463,43.0465911],[5.8589279,43.046625],[5.8588591,43.0466773],[5.8587897,43.0467056],[5.8588522,43.0467358],[5.8589181,43.046748],[5.8589496,43.0467548],[5.8589636,43.0467746],[5.8588987,43.0468156],[5.858841,43.0468385],[5.8588618,43.0468553],[5.8589118,43.0468609],[5.8589429,43.0468891],[5.8589514,43.0469166],[5.8588775,43.0469182],[5.8588973,43.0469582],[5.8588979,43.047002],[5.8588672,43.0470121],[5.8587988,43.0469964],[5.8587666,43.0470508],[5.858725,43.0470787],[5.8587961,43.0470846],[5.858809,43.047095],[5.858797,43.0471188],[5.8587344,43.0471228],[5.8586928,43.0471508],[5.8586868,43.0471743],[5.8586247,43.047204],[5.8585869,43.0471968],[5.8585574,43.0472194],[5.8585501,43.0472446],[5.8585138,43.0472385],[5.8585031,43.0472502],[5.8585252,43.0473094],[5.8584662,43.0473899],[5.8584756,43.047408],[5.8584698,43.0474293],[5.8584282,43.0474283],[5.8584265,43.0474684],[5.858491,43.0474717],[5.8585229,43.0474791],[5.8584689,43.0475031],[5.858438,43.0475085],[5.8584463,43.0475409],[5.8585239,43.0475531],[5.858527,43.0475654],[5.8584836,43.0475987],[5.8584367,43.0476001],[5.8584085,43.0476388],[5.8583736,43.0476477],[5.8583696,43.0476657],[5.8584246,43.0476653],[5.8584744,43.0476676],[5.8585064,43.0477016],[5.858501,43.0477672],[5.8585068,43.047823],[5.8585118,43.0478633],[5.8584782,43.0479358],[5.8584112,43.0480054],[5.8584099,43.0480397],[5.8584715,43.0480269],[5.8585279,43.0479828],[5.8585332,43.0479544],[5.858607,43.0478986],[5.8588243,43.0478005],[5.8588752,43.0477515],[5.8590203,43.0477106],[5.8590591,43.0477656],[5.8589842,43.047818],[5.8588321,43.0478286],[5.8586749,43.0479036],[5.8585649,43.0479933],[5.8587618,43.0480822],[5.8589741,43.0482181],[5.8591395,43.0483225],[5.8593519,43.0483126],[5.8594012,43.0481842],[5.859545,43.0481471],[5.8596034,43.0482292],[5.859714,43.0482288],[5.8598657,43.0481448],[5.8599453,43.0481851],[5.8599567,43.0482108],[5.8599049,43.048243],[5.8598826,43.0482974],[5.8598173,43.0483163],[5.8597788,43.0484178],[5.8598115,43.0484472],[5.8599631,43.048414],[5.8599776,43.0483713],[5.8600113,43.0483352],[5.8600558,43.0483214],[5.8600471,43.0483779],[5.860015,43.0484583],[5.8599458,43.0484827],[5.8599591,43.0485451]]}},{"type":"Feature","properties":{},"geometry":{"type":"LineString","coordinates":[[5.9154416,43.118981],[5.9139462,43.1188212],[5.9139132,43.1188085],[5.9132622,43.1174416],[5.9124325,43.1170569],[5.9123967,43.1170748],[5.9123587,43.1170711],[5.9123216,43.1170572],[5.9123112,43.1170332],[5.9124725,43.1162389],[5.9124894,43.1162105],[5.9125335,43.1161965],[5.9131993,43.1161033],[5.9134022,43.1151255],[5.9134149,43.1150959],[5.9134468,43.1150782],[5.9134842,43.1150761],[5.9135158,43.1150946],[5.9135919,43.1151598],[5.9145099,43.1146521],[5.9145584,43.1146421],[5.9145892,43.114652],[5.9146096,43.1146769],[5.914614,43.1146998],[5.9145857,43.1147332],[5.9135086,43.115328],[5.9133866,43.11612],[5.913927,43.1162058],[5.9142041,43.1163366],[5.9142338,43.1163176],[5.914839,43.1166028],[5.9148809,43.1165672],[5.9150475,43.1166475],[5.9161243,43.1150701],[5.9160787,43.1150544],[5.9163576,43.1134724],[5.9165695,43.113488],[5.9162852,43.1151308],[5.9162182,43.1151053],[5.915124,43.1166843],[5.9156526,43.116939],[5.9156986,43.1169813],[5.9157306,43.1170229],[5.9157436,43.1170714],[5.9157432,43.1171249],[5.9156455,43.1171187],[5.9155377,43.1177027],[5.9169014,43.1178366],[5.9171784,43.116239],[5.9173876,43.1162625],[5.9171115,43.1178572],[5.9182122,43.1179665],[5.9184766,43.1163682],[5.9186938,43.1163868],[5.9184329,43.117991],[5.9193218,43.1180898],[5.9194134,43.1181],[5.9201289,43.1181795],[5.9201674,43.1182063],[5.9209294,43.1190338],[5.9209755,43.1191918],[5.9209441,43.1192514],[5.9209012,43.119316],[5.9208342,43.1193761],[5.9207577,43.119431],[5.9206684,43.1194677],[5.9205715,43.119489],[5.9204547,43.1194954],[5.9200529,43.11945],[5.9190818,43.1193503],[5.9190751,43.1192089],[5.9190111,43.1192038],[5.918974,43.1192854],[5.918952,43.1192837],[5.9189257,43.1193358],[5.9154416,43.118981]]}},{"type":"Feature","properties":{},"geometry":{"type":"LineString","coordinates":[[6.2410256,43.0285361],[6.2410021,43.0285122],[6.2409824,43.0284884],[6.240971,43.0284951],[6.2409498,43.0284785],[6.240965,43.0284497],[6.2409445,43.0284275],[6.2409248,43.0284026],[6.2409248,43.0283732],[6.2409104,43.02836],[6.2409157,43.0283123],[6.2409407,43.0282813],[6.2409422,43.0282758],[6.2409975,43.0282791],[6.2410044,43.0283024],[6.2410422,43.0283328],[6.2410634,43.0282896],[6.241071,43.0282293],[6.2410847,43.0282248],[6.2410748,43.0281971],[6.241093,43.0281922],[6.2410771,43.0281556],[6.2410801,43.0281174],[6.2410915,43.0281085],[6.2410877,43.028088],[6.2411074,43.0280736],[6.241171,43.0279956],[6.2411953,43.0279828],[6.241246,43.028],[6.2412968,43.0280338],[6.2413551,43.028129],[6.2413157,43.0281783],[6.2412642,43.0281922],[6.2412665,43.0282381],[6.241296,43.0283223],[6.2412362,43.0284198],[6.2411869,43.0284397],[6.2411498,43.0284081],[6.2410915,43.0284502],[6.2411339,43.0285061],[6.2411187,43.0285244],[6.2410771,43.0285122],[6.2410256,43.0285361]]}},{"type":"Feature","properties":{},"geometry":{"type":"LineString","coordinates":[[6.1171149,43.0344963],[6.1170727,43.0345071],[6.1170204,43.0345007],[6.1169942,43.0344811],[6.1170023,43.0344615],[6.1170365,43.0344311],[6.1171069,43.0344174],[6.1171431,43.0344252],[6.1171813,43.0344223],[6.1172142,43.0344443],[6.117233,43.0344517],[6.1172303,43.0344679],[6.1171726,43.0344801],[6.1171398,43.0344767],[6.1171149,43.0344963]]}},{"type":"Feature","properties":{},"geometry":{"type":"LineString","coordinates":[[6.0903378,43.0408834],[6.0902882,43.0409589],[6.0902486,43.0410069],[6.090207,43.0410201],[6.0901413,43.041074],[6.0901131,43.0410691],[6.0900977,43.0410147],[6.0901427,43.0409201],[6.0901768,43.0408927],[6.0902017,43.0408956],[6.0902057,43.0408662],[6.0902627,43.0408599],[6.0902741,43.0408398],[6.090319,43.0408373],[6.0903297,43.0408716],[6.0903378,43.0408834]]}},{"type":"Feature","properties":{},"geometry":{"type":"LineString","coordinates":[[6.1170365,43.0348203],[6.1170117,43.0348247],[6.1169929,43.0348433],[6.1169735,43.0348404],[6.1169647,43.0348286],[6.1169882,43.0347663],[6.1170003,43.0347698],[6.1170311,43.0347977],[6.1170419,43.0348046],[6.1170365,43.0348203]]}},{"type":"Feature","properties":{},"geometry":{"type":"LineString","coordinates":[[6.1168353,43.0348884],[6.1168165,43.03486],[6.1168246,43.0348301],[6.1168541,43.0348031],[6.1168635,43.0347894],[6.1168789,43.0347913],[6.1168776,43.0348207],[6.1168601,43.0348497],[6.1168628,43.0348688],[6.1168461,43.0348889],[6.1168353,43.0348884]]}},{"type":"Feature","properties":{},"geometry":{"type":"LineString","coordinates":[[6.11913,43.033143],[6.1190401,43.0331606],[6.1190052,43.0331606],[6.1189415,43.0331646],[6.1188852,43.0331474],[6.1188912,43.0331239],[6.118851,43.0331239],[6.1188403,43.0331146],[6.1188135,43.0331205],[6.1187779,43.0331126],[6.1188316,43.0330695],[6.1188684,43.0330597],[6.1189221,43.0330352],[6.118971,43.0330317],[6.1189865,43.033017],[6.1190327,43.0330249],[6.1190173,43.033071],[6.1190656,43.0330798],[6.1190736,43.0330553],[6.1191145,43.0330396],[6.1191454,43.0330562],[6.1191856,43.0330558],[6.1191957,43.0331008],[6.1191695,43.0331234],[6.1191481,43.0331151],[6.11913,43.0331298],[6.1191145,43.0331356],[6.11913,43.033143]]}},{"type":"Feature","properties":{},"geometry":{"type":"LineString","coordinates":[[5.7710262,43.0797392],[5.7709819,43.0797108],[5.7709484,43.0797607],[5.7708974,43.079747],[5.7708572,43.0796775],[5.7708666,43.0796393],[5.7708438,43.0795883],[5.7707807,43.0795511],[5.7707754,43.0795002],[5.7708089,43.0794414],[5.7709591,43.0795286],[5.770935,43.079559],[5.771006,43.0795844],[5.7711281,43.0795991],[5.7711469,43.0796187],[5.7712059,43.0796393],[5.7712354,43.0796853],[5.7711415,43.0796687],[5.7710986,43.0796863],[5.7710516,43.0796814],[5.771057,43.0797196],[5.7710262,43.0797392]]}},{"type":"Feature","properties":{},"geometry":{"type":"LineString","coordinates":[[5.7670337,43.0818295],[5.7669573,43.0818447],[5.7669432,43.0818373],[5.7669371,43.0818187],[5.7669271,43.0818109],[5.7669459,43.0817747],[5.7669847,43.0817614],[5.7670109,43.0817325],[5.7670525,43.0817433],[5.7670733,43.0817453],[5.7670639,43.0817761],[5.7670417,43.0817874],[5.7670337,43.0818295]]}},{"type":"Feature","properties":{},"geometry":{"type":"LineString","coordinates":[[5.7615151,43.0803911],[5.7614809,43.0804219],[5.7614614,43.0804141],[5.7614192,43.0804205],[5.7614111,43.0804033],[5.7614299,43.0803818],[5.7614192,43.0803759],[5.7614245,43.0803485],[5.7614547,43.080346],[5.7614574,43.0803328],[5.7614728,43.080323],[5.761505,43.080324],[5.7615224,43.0803416],[5.7615151,43.0803911]]}},{"type":"Feature","properties":{},"geometry":{"type":"LineString","coordinates":[[6.3366799,43.0899036],[6.3366303,43.0899237],[6.3365914,43.089954],[6.3364834,43.0899966],[6.3364452,43.0900015],[6.3364445,43.089982],[6.3364707,43.0899604],[6.3364546,43.0899428],[6.3365176,43.0898987],[6.336517,43.0898894],[6.3365988,43.0898541],[6.3366202,43.0898683],[6.3366732,43.089859],[6.336688,43.0898909],[6.3366799,43.0899036]]}},{"type":"Feature","properties":{},"geometry":{"type":"LineString","coordinates":[[6.3361669,43.0900686],[6.3359812,43.0901475],[6.3359597,43.0901705],[6.3358048,43.0902278],[6.3357975,43.0902175],[6.3359483,43.0901274],[6.3361099,43.0900549],[6.3361891,43.0900299],[6.3361696,43.0900574],[6.3361669,43.0900686]]}},{"type":"Feature","properties":{},"geometry":{"type":"LineString","coordinates":[[5.7632685,43.1143902],[5.7632862,43.1143951],[5.7632981,43.1144057],[5.7633011,43.1144193],[5.7632944,43.1144322],[5.7632798,43.1144409],[5.7632612,43.1144431],[5.7632436,43.1144382],[5.7632317,43.1144275],[5.7632286,43.1144139],[5.7632353,43.1144011],[5.7632499,43.1143924],[5.7632685,43.1143902]]}},{"type":"Feature","properties":{},"geometry":{"type":"LineString","coordinates":[[5.9803712,43.1065357],[5.9803317,43.1065514],[5.9803082,43.1065504],[5.9802613,43.106569],[5.9802418,43.1065881],[5.9801473,43.1066209],[5.980038,43.106616],[5.9800125,43.1066072],[5.9799763,43.1065998],[5.9799702,43.1065749],[5.9799508,43.1065646],[5.9799622,43.1065421],[5.9799843,43.1065294],[5.9800091,43.1065333],[5.9800299,43.1065171],[5.9800326,43.1064912],[5.9800641,43.1064975],[5.9800608,43.1065347],[5.9800816,43.1065475],[5.9801191,43.1065279],[5.9801251,43.106501],[5.9801392,43.1065034],[5.98015,43.106522],[5.9802257,43.1065166],[5.9802277,43.106499],[5.9803129,43.1064975],[5.9803196,43.1065122],[5.9803572,43.1065142],[5.9803712,43.1065357]]}},{"type":"Feature","properties":{},"geometry":{"type":"LineString","coordinates":[[5.9806884,43.1065259],[5.9806079,43.1065347],[5.9805576,43.1065455],[5.9805476,43.1065098],[5.9805758,43.1064917],[5.9805838,43.1064549],[5.9806059,43.1064613],[5.9806354,43.1064378],[5.9806971,43.10643],[5.9807072,43.1064711],[5.9807266,43.1064799],[5.9807897,43.1064804],[5.9808078,43.106498],[5.9807957,43.1065205],[5.980785,43.1065347],[5.9807333,43.1065323],[5.9807038,43.106521],[5.9806884,43.1065259]]}},{"type":"Feature","properties":{},"geometry":{"type":"LineString","coordinates":[[5.7775765,43.0868701],[5.7775837,43.086857],[5.7776001,43.0868496],[5.7776193,43.0868506],[5.7776341,43.0868596],[5.7776388,43.0868733],[5.7776316,43.0868864],[5.7776152,43.0868939],[5.7775959,43.0868929],[5.7775811,43.0868838],[5.7775765,43.0868701]]}},{"type":"Feature","properties":{},"geometry":{"type":"LineString","coordinates":[[5.7586129,43.0772349],[5.7585938,43.0772273],[5.7585841,43.0772175],[5.7585821,43.0772028],[5.7585851,43.0771921],[5.7585914,43.0771825],[5.7586139,43.0771771],[5.7586347,43.0771781],[5.7586525,43.0771845],[5.7586605,43.0771999],[5.7586575,43.0772151],[5.7586491,43.0772276],[5.7586307,43.0772337],[5.7586129,43.0772349]]}},{"type":"Feature","properties":{},"geometry":{"type":"LineString","coordinates":[[5.8157834,43.0630325],[5.8154418,43.0629172],[5.8154108,43.062851],[5.8154056,43.062781],[5.8155168,43.062817],[5.8155608,43.0627867],[5.8156126,43.0628548],[5.8156695,43.0628756],[5.8157549,43.0629644],[5.8158222,43.0630325],[5.8157834,43.0630325]]}},{"type":"Feature","properties":{},"geometry":{"type":"LineString","coordinates":[[5.8095391,43.0644346],[5.8094666,43.0643474],[5.8094709,43.0643007],[5.8094538,43.0642322],[5.8095987,43.0642166],[5.8096925,43.0642384],[5.8097181,43.0643349],[5.8096456,43.0644159],[5.8095391,43.0644346]]}},{"type":"Feature","properties":{},"geometry":{"type":"LineString","coordinates":[[5.7872441,43.071435],[5.7871865,43.0714595],[5.7871033,43.0714497],[5.787047,43.0714389],[5.7870296,43.0714262],[5.786992,43.0714252],[5.786988,43.0713733],[5.7870068,43.0713654],[5.7870376,43.0713233],[5.7870403,43.0712929],[5.7870805,43.0712929],[5.7870939,43.0712469],[5.7870899,43.0712195],[5.7871784,43.071196],[5.787224,43.0712283],[5.7871583,43.0712577],[5.7871489,43.0712773],[5.7871824,43.0712969],[5.7872669,43.0712675],[5.7872938,43.0712802],[5.7872522,43.0713694],[5.7872629,43.0713987],[5.7872441,43.071435]]}},{"type":"Feature","properties":{},"geometry":{"type":"LineString","coordinates":[[5.7895924,43.06883],[5.7895911,43.0688559],[5.789575,43.0688741],[5.7895757,43.0688868],[5.7895461,43.0689059],[5.7895173,43.0689044],[5.7895207,43.0688755],[5.7895415,43.0688579],[5.7895374,43.0688246],[5.7894637,43.068803],[5.7894073,43.0687893],[5.7893564,43.0687697],[5.7893369,43.0687242],[5.7893309,43.0686972],[5.7893805,43.0686869],[5.7893792,43.0686561],[5.7894127,43.0686399],[5.7894603,43.0686904],[5.7895549,43.068707],[5.789583,43.0687349],[5.7896045,43.0687384],[5.7896159,43.0687962],[5.7895844,43.0688133],[5.7895924,43.06883]]}},{"type":"Feature","properties":{},"geometry":{"type":"LineString","coordinates":[[5.7662116,43.1155351],[5.7661687,43.1155336],[5.7661526,43.1155459],[5.7661459,43.1155625],[5.7661278,43.1155606],[5.766105,43.1155341],[5.7661083,43.1155018],[5.7661519,43.1154774],[5.7661667,43.1154788],[5.7661828,43.1154916],[5.7661968,43.115493],[5.7661955,43.1155067],[5.7662136,43.1155087],[5.7662196,43.1155155],[5.7662082,43.1155239],[5.7662116,43.1155351]]}},{"type":"Feature","properties":{},"geometry":{"type":"LineString","coordinates":[[5.7620461,43.0800233],[5.762035,43.0800502],[5.7620615,43.0800758],[5.7620241,43.0801022],[5.7620052,43.0801377],[5.7619307,43.0801505],[5.7619109,43.0801266],[5.7619462,43.0800727],[5.7619449,43.0800629],[5.7619154,43.0800546],[5.761916,43.0800316],[5.7619509,43.079986],[5.761967,43.07999],[5.7619677,43.0800066],[5.7620086,43.0800046],[5.76203,43.0800149],[5.7620461,43.0800233]]}},{"type":"Feature","properties":{},"geometry":{"type":"LineString","coordinates":[[5.7651575,43.0798749],[5.7651253,43.0798577],[5.7651233,43.0798416],[5.7651052,43.0798215],[5.765134,43.0797862],[5.7651783,43.0797965],[5.7651897,43.0797818],[5.765185,43.0797676],[5.7652152,43.0797632],[5.7652199,43.0797798],[5.7651984,43.0798205],[5.765191,43.0798474],[5.7651696,43.0798318],[5.7651615,43.0798631],[5.7651682,43.0798695],[5.7651575,43.0798749]]}},{"type":"Feature","properties":{},"geometry":{"type":"LineString","coordinates":[[6.1218417,43.0323509],[6.1217545,43.0323646],[6.1216901,43.0323656],[6.1216848,43.0323382],[6.1216848,43.0322754],[6.1218081,43.0322352],[6.1218859,43.0322176],[6.1219838,43.0322382],[6.1219731,43.0322666],[6.1219101,43.0322999],[6.1218886,43.0323313],[6.1218417,43.0323509]]}},{"type":"Feature","properties":{},"geometry":{"type":"LineString","coordinates":[[6.0054767,43.103942],[6.0055169,43.1039097],[6.0055773,43.103896],[6.0057785,43.1038822],[6.0058321,43.1038901],[6.0058643,43.1039126],[6.0058321,43.10394],[6.0057771,43.1039557],[6.005588,43.1039704],[6.0055196,43.1039635],[6.0054767,43.103942]]}},{"type":"Feature","properties":{},"geometry":{"type":"LineString","coordinates":[[6.0019201,43.1035337],[6.0019054,43.1034514],[6.001959,43.1034289],[6.0019509,43.1033995],[6.0019992,43.103376],[6.0020234,43.1033976],[6.0020368,43.1033927],[6.002014,43.1033652],[6.0020757,43.1033388],[6.0021226,43.1033515],[6.0021789,43.1034377],[6.0021736,43.1034661],[6.0021119,43.1034906],[6.0019201,43.1035337]]}},{"type":"Feature","properties":{},"geometry":{"type":"LineString","coordinates":[[6.0006873,43.1042413],[6.0006988,43.1042648],[6.0006272,43.104294],[6.0005435,43.1042949],[6.0003949,43.1043631],[6.0003638,43.1043988],[6.0003077,43.10442],[6.0002513,43.1044183],[6.000224,43.1043976],[6.0002237,43.1043665],[6.0002477,43.104347],[6.0002516,43.1042093],[6.0003116,43.1041279],[6.0003538,43.1041124],[6.000424,43.1041197],[6.0004757,43.1040953],[6.0005871,43.1040605],[6.0006689,43.1040643],[6.0007431,43.1039965],[6.0007996,43.1039872],[6.0008588,43.1039897],[6.0009394,43.1039575],[6.0009587,43.1039621],[6.00096,43.1039917],[6.0009881,43.1040207],[6.0009823,43.1040577],[6.0010037,43.1040903],[6.0010273,43.1040877],[6.001039,43.1041071],[6.0009054,43.1041598],[6.0008941,43.1041848],[6.0008481,43.1042083],[6.0007996,43.1041952],[6.0006873,43.1042413]]}},{"type":"Feature","properties":{},"geometry":{"type":"LineString","coordinates":[[6.199408,42.9820992],[6.199258,42.9821212],[6.1991858,42.9821093],[6.1991832,42.9820789],[6.199214,42.9820544],[6.1993079,42.9820384],[6.1993636,42.9820177],[6.1994473,42.9820302],[6.1994533,42.9820787],[6.199408,42.9820992]]}},{"type":"Feature","properties":{},"geometry":{"type":"LineString","coordinates":[[5.8599591,43.0485451],[5.8600736,43.0485299],[5.8601781,43.0483551],[5.8602656,43.0482998],[5.8602766,43.0483262],[5.8602606,43.0483635],[5.8603405,43.0483111],[5.8602993,43.0484116],[5.860317,43.0484444],[5.8603812,43.0484275],[5.8604168,43.0484423],[5.8604531,43.0484575],[5.8605023,43.048432],[5.8605642,43.0484013],[5.8606109,43.0483729],[5.8607031,43.0483659],[5.8607497,43.0484262],[5.8607193,43.0485046],[5.8605884,43.0485171],[5.8605778,43.0485745],[5.8605213,43.0486226],[5.8603903,43.0486237],[5.8602985,43.0486547],[5.860237,43.0489214],[5.8603257,43.0491656],[5.8604784,43.0493542],[5.8606693,43.0494804],[5.8608413,43.049648],[5.8608882,43.0497476],[5.8611229,43.0500664],[5.8612995,43.0502688],[5.861493,43.0505599],[5.8617475,43.0509209],[5.8619848,43.0511847],[5.8621787,43.0513201],[5.8622674,43.0514283],[5.8623893,43.0514875],[5.8625028,43.0516561],[5.8625457,43.0517581],[5.8625381,43.0518657],[5.862582,43.0519415],[5.862662,43.0519116],[5.8627239,43.0519588],[5.8627238,43.0520035],[5.8626124,43.0520581],[5.8626592,43.0522114],[5.8625318,43.0522853],[5.8624829,43.0524354],[5.8625209,43.0525252],[5.8625427,43.0526286],[5.8625066,43.0527098],[5.8625257,43.0527769],[5.8624514,43.052953],[5.8623534,43.053114],[5.862402,43.0531701],[5.8623717,43.0532434],[5.8623783,43.0533867],[5.8623416,43.0533957],[5.8622532,43.0533555],[5.8621775,43.0533875],[5.8621081,43.0536264],[5.8621104,43.0538752],[5.8621671,43.0541961],[5.8621226,43.0542901],[5.8619993,43.0544997],[5.8619927,43.0547884],[5.8618865,43.0549703],[5.8619754,43.0550542],[5.8619498,43.0551208],[5.8619955,43.05519],[5.8619343,43.0553212],[5.8620805,43.055644],[5.8621237,43.0560504],[5.8623394,43.0562969],[5.8625681,43.0565377],[5.8626692,43.0567722],[5.8627388,43.0570192],[5.862736,43.0571836]]}},{"type":"Feature","properties":{},"geometry":{"type":"LineString","coordinates":[[5.862736,43.0571836],[5.8628359,43.0573547],[5.8629794,43.0575434],[5.8631527,43.0577623],[5.8633134,43.0579401],[5.8634844,43.0580953]]}},{"type":"Feature","properties":{},"geometry":{"type":"LineString","coordinates":[[5.8634844,43.0580953],[5.8635592,43.0580836],[5.8635831,43.0581132],[5.863704,43.058094],[5.8638069,43.0581539],[5.8638982,43.0581097],[5.8640439,43.0582214],[5.8641069,43.0583172],[5.8639943,43.0584184],[5.8640651,43.058588]]}},{"type":"Feature","properties":{},"geometry":{"type":"LineString","coordinates":[[5.8640651,43.058588],[5.8642855,43.0588184],[5.8645421,43.0590405],[5.8648517,43.0592329],[5.8649977,43.0592678]]}},{"type":"Feature","properties":{},"geometry":{"type":"LineString","coordinates":[[5.8649977,43.0592678],[5.8651539,43.0593051],[5.8653158,43.0594487],[5.8654273,43.059758],[5.8653715,43.0602235]]}},{"type":"Feature","properties":{},"geometry":{"type":"LineString","coordinates":[[5.8653715,43.0602235],[5.8662228,43.061047],[5.8671591,43.0617005],[5.8676531,43.0618548],[5.8678385,43.0619877]]}},{"type":"Feature","properties":{},"geometry":{"type":"LineString","coordinates":[[5.8678385,43.0619877],[5.867937,43.0620583],[5.8681355,43.0623059],[5.8682727,43.0623539],[5.8682319,43.0624771],[5.8682939,43.0627],[5.8684134,43.0631403],[5.8684926,43.0634016]]}},{"type":"Feature","properties":{},"geometry":{"type":"LineString","coordinates":[[5.8705315,43.0654336],[5.8707599,43.0654846],[5.8709366,43.0654913],[5.8710752,43.0654342],[5.8712116,43.0654387],[5.87138,43.0654156],[5.8715154,43.0653648],[5.8715969,43.0652901],[5.8716613,43.0652784],[5.8716583,43.0653273],[5.8717415,43.0653634],[5.871745,43.0654139],[5.8718105,43.0654597],[5.8718361,43.0654972],[5.8719,43.0655027],[5.8719024,43.0655983],[5.8719845,43.0656017],[5.8720163,43.0657056],[5.8720237,43.0657784],[5.8720662,43.0658589]]}},{"type":"Feature","properties":{},"geometry":{"type":"LineString","coordinates":[[5.778894,43.0701947],[5.7788724,43.0701606],[5.7788149,43.0701203],[5.7788131,43.0700934],[5.7789211,43.0700731],[5.7789334,43.070087],[5.7789602,43.070094],[5.7789615,43.0701908],[5.7789199,43.0702013],[5.778894,43.0701947]]}},{"type":"Feature","properties":{},"geometry":{"type":"LineString","coordinates":[[5.807293,43.0651366],[5.8073889,43.0651435],[5.8074562,43.0651633],[5.8075011,43.0651903]]}},{"type":"Feature","properties":{},"geometry":{"type":"LineString","coordinates":[[5.8072887,43.0648854],[5.8072963,43.0649265],[5.8072308,43.0649585],[5.8071599,43.0649423],[5.8070555,43.0649473],[5.8070428,43.0649875],[5.8069895,43.0649944],[5.8069749,43.0649428],[5.8070538,43.0649039],[5.8071057,43.0648939],[5.807194,43.0648519],[5.8072398,43.0648742],[5.8072887,43.0648854]]}},{"type":"Feature","properties":{},"geometry":{"type":"LineString","coordinates":[[5.8074748,43.0650663],[5.8075322,43.0650522],[5.8075997,43.0651146],[5.8075868,43.0651414],[5.8076019,43.0651657],[5.8075342,43.0651811],[5.8074981,43.0651537],[5.8074466,43.0651474],[5.8073985,43.0651244],[5.8073461,43.0651218],[5.8073016,43.0650844],[5.8073307,43.0650603],[5.8074748,43.0650663]]}},{"type":"Feature","properties":{},"geometry":{"type":"LineString","coordinates":[[5.8074077,43.0648505],[5.8073723,43.0648167],[5.8074,43.0647908],[5.8074856,43.064815],[5.8075344,43.0648487],[5.8074942,43.0648736],[5.8074632,43.0648716],[5.8074553,43.064853],[5.8074077,43.0648505]]}},{"type":"Feature","properties":{},"geometry":{"type":"LineString","coordinates":[[5.807297,43.0649693],[5.807349,43.0649388],[5.8074033,43.0648989],[5.8074466,43.0648933],[5.8075123,43.0649112],[5.8075739,43.0649495],[5.8075763,43.0649699],[5.8074506,43.0650236],[5.8074212,43.0650152],[5.8073694,43.0650364],[5.8073315,43.0650121],[5.807297,43.0649693]]}},{"type":"Feature","properties":{},"geometry":{"type":"LineString","coordinates":[[5.7608443,43.0784763],[5.7608746,43.0785355],[5.7608422,43.0785582],[5.7607894,43.0785363],[5.7608443,43.0784763]]}},{"type":"Feature","properties":{},"geometry":{"type":"LineString","coordinates":[[5.7614325,43.0788731],[5.7614873,43.0789204],[5.7615271,43.078954],[5.7614953,43.0790046],[5.7614301,43.0789842],[5.7614301,43.0789204],[5.7613829,43.0789168],[5.7614325,43.0788731]]}},{"type":"Feature","properties":{},"geometry":{"type":"LineString","coordinates":[[5.7614672,43.0787241],[5.7615855,43.0787209],[5.761668,43.0787596],[5.7616709,43.0788257],[5.7615761,43.0789034],[5.7615232,43.0788616],[5.7615084,43.0788081],[5.7614672,43.0787241]]}},{"type":"Feature","properties":{},"geometry":{"type":"LineString","coordinates":[[5.7610452,43.0786006],[5.7610187,43.0786399],[5.7609654,43.0786663],[5.760941,43.078645],[5.7608848,43.0786668],[5.7608358,43.078672],[5.7608136,43.0786487],[5.7607922,43.0786308],[5.7608448,43.0785707],[5.7609418,43.0785573],[5.7609561,43.0785306],[5.761034,43.0785585],[5.7610452,43.0786006]]}},{"type":"Feature","properties":{},"geometry":{"type":"LineString","coordinates":[[5.7607919,43.0785817],[5.7607788,43.0786148],[5.76069,43.0785986],[5.7607591,43.0785472],[5.7607919,43.0785817]]}}]}
