{"type":"FeatureCollection","name":"fakems-toulon-coast-west","bbox":[4.8,42.8,5.65,43.5],"features":[{"type":"Feature","properties":{},"geometry":{"type":"LineString","coordinates":[[5.3579575,43.3150157],[5.3573368,43.3157533],[5.3573263,43.3157543],[5.3568023,43.3155164],[5.356761,43.3154994],[5.3566124,43.3154381],[5.3564524,43.3156046],[5.3563712,43.3157199],[5.3536323,43.3189811],[5.3507773,43.3223945],[5.3515579,43.3227543]]}},{"type":"Feature","properties":{},"geometry":{"type":"LineString","coordinates":[[5.3034818,43.2761529],[5.3034139,43.2760444],[5.3032642,43.275997],[5.3032317,43.2760728],[5.3031764,43.2760799],[5.3028797,43.2760097],[5.3028317,43.275965],[5.3027938,43.2758987],[5.3028479,43.2758348],[5.3028138,43.2757969],[5.3028577,43.2757507]]}},{"type":"Feature","properties":{},"geometry":{"type":"LineString","coordinates":[[5.3275571,43.2797887],[5.3275537,43.2798115],[5.327589,43.2798828],[5.3275786,43.2799099],[5.3276858,43.2799905],[5.3277348,43.2799943],[5.3277539,43.2799804],[5.3277982,43.2799839],[5.3278772,43.2800101],[5.3279124,43.2800508],[5.3279089,43.2800736],[5.3278224,43.2800952],[5.3278047,43.2801168],[5.3278527,43.2801644],[5.3278541,43.2801858],[5.3278063,43.2801978],[5.3277963,43.2802167],[5.3277609,43.2802186],[5.3277575,43.2802559],[5.3277149,43.28028],[5.3276661,43.28039],[5.3275946,43.2804203],[5.3275239,43.2804065],[5.3274964,43.2803972],[5.3274415,43.2803786],[5.3273613,43.2803461],[5.327307,43.2803131],[5.3272274,43.280295],[5.3271463,43.2802986],[5.3270668,43.2802814],[5.3269918,43.280256],[5.3269184,43.2802545],[5.3267556,43.2802777],[5.3267152,43.2804186],[5.3266563,43.2804334],[5.326549,43.280459],[5.3264922,43.2804348],[5.3264225,43.2804111],[5.3263391,43.2803787],[5.3262847,43.2802934],[5.3261188,43.2802993],[5.3260299,43.2803876],[5.325982,43.2804082],[5.3259281,43.2804357],[5.3258875,43.2803989],[5.3258409,43.2803873],[5.325748,43.2804046],[5.3257319,43.2804269],[5.325737,43.2804668],[5.3257247,43.2804821],[5.3257175,43.2804895],[5.3256979,43.2804946],[5.3255388,43.2804996],[5.3255073,43.2804869],[5.3254004,43.2804883],[5.3253736,43.2805037],[5.3253755,43.2805477],[5.3253621,43.2805472],[5.325365,43.2805556],[5.325323,43.2805548],[5.3253254,43.2805469],[5.3252614,43.2805499],[5.3252548,43.2805573],[5.3252564,43.2805765],[5.3251577,43.2805774],[5.3251296,43.2805644],[5.3251203,43.2805314],[5.325099,43.2805129],[5.3250829,43.2805253],[5.3250739,43.2805458],[5.3250856,43.2805728],[5.3250696,43.28058],[5.3250354,43.2805804],[5.3249931,43.2805531],[5.3249929,43.2805365],[5.3250131,43.2805197],[5.3250123,43.2805018],[5.3249496,43.2805043],[5.3249309,43.2804974],[5.3248557,43.2804554],[5.3248379,43.280458],[5.3248061,43.2804956],[5.324778,43.2804964],[5.3247457,43.2804889],[5.3247344,43.2804694],[5.3246978,43.2804703],[5.3246142,43.2805096],[5.3245734,43.2805169],[5.3245576,43.2805143],[5.3245432,43.2805035],[5.3245305,43.2804739],[5.3245163,43.2804655],[5.3245096,43.2804633],[5.3244958,43.2804654],[5.3244815,43.2804799],[5.3244691,43.2804824],[5.3244581,43.2804792],[5.3244537,43.2804751],[5.3244514,43.2804642],[5.3244582,43.2804557],[5.3244647,43.2804507],[5.3244761,43.2804356],[5.3244921,43.2803944],[5.3244743,43.280381],[5.3244563,43.2803752],[5.324429,43.2803679],[5.3244058,43.2803541],[5.3243906,43.2803309],[5.3243929,43.2803111],[5.3244045,43.2802982],[5.3244239,43.2802889],[5.3244407,43.2802798],[5.3244487,43.2802667],[5.3244513,43.2802421],[5.3244501,43.2802382],[5.3244453,43.2802202],[5.3244383,43.2802013],[5.3244329,43.2801708],[5.3244356,43.2801407],[5.324447,43.2801059],[5.3244664,43.2800792],[5.3244855,43.2800501],[5.3244894,43.2800351],[5.3244925,43.2799897],[5.3245253,43.2799626],[5.324553,43.2799552],[5.3246196,43.2798772],[5.3246039,43.2798631],[5.3245819,43.2798174],[5.3245898,43.2798045],[5.3245891,43.2797485],[5.324589,43.2797444],[5.3245888,43.2797288],[5.324564,43.2797181],[5.3245541,43.2797045],[5.3245151,43.2796832],[5.3244527,43.2796196],[5.3244662,43.2795914],[5.324455,43.2795822],[5.3244429,43.2796064],[5.3244358,43.2796181],[5.3244282,43.279611],[5.3244047,43.2795795],[5.3243988,43.2795576],[5.3244185,43.2795584],[5.3244047,43.2795266],[5.3243767,43.2794557],[5.3243786,43.2794345],[5.324387,43.2794204],[5.3243886,43.2794088],[5.3244172,43.2794139],[5.3244312,43.2793812],[5.3244096,43.2793723],[5.3244027,43.2793601],[5.324432,43.2793225],[5.3244154,43.279302],[5.3244336,43.2792917],[5.3244566,43.2792595],[5.3244554,43.2792379],[5.324476,43.2792153],[5.3244698,43.2791931],[5.3244799,43.2791825],[5.3244943,43.2791801],[5.3244718,43.2791276],[5.3244629,43.2791138],[5.3244182,43.2790756],[5.3244146,43.2790498],[5.3244312,43.2790164],[5.3245061,43.2789972],[5.324631,43.2790784],[5.3246725,43.2790783],[5.3246884,43.2790947],[5.3247435,43.2790393],[5.3247575,43.2790317],[5.3247689,43.2790131],[5.3247979,43.2790112],[5.3248238,43.2790321],[5.3248691,43.2790272],[5.3248996,43.2790114],[5.3249693,43.2790371],[5.3250717,43.2790476],[5.3251467,43.2790425],[5.325431,43.2791042],[5.3254882,43.2791276],[5.3255911,43.2792259],[5.3256787,43.2792236],[5.325747,43.2792073],[5.3259733,43.2793724],[5.3260154,43.2794348],[5.3260658,43.2794566],[5.3260925,43.2794504],[5.3261604,43.2794733],[5.3261809,43.2794563],[5.3262229,43.2794569],[5.3262593,43.2794665],[5.3262501,43.2793992],[5.3262707,43.2793781],[5.3263123,43.2793965],[5.3263439,43.2794174],[5.3263828,43.2794257],[5.3263959,43.2794117],[5.326376,43.2793887],[5.3264233,43.2793723],[5.3264594,43.2793849],[5.3264849,43.2793672],[5.3265425,43.2794011],[5.3265498,43.2793918],[5.3265276,43.2793498],[5.3266237,43.2793962],[5.3266357,43.2793974],[5.32662,43.2793404],[5.3266565,43.2793537],[5.326675,43.2793212],[5.3266507,43.2792908],[5.3266641,43.2792532],[5.326736,43.2793045],[5.326716,43.2792562],[5.3267565,43.2792343],[5.3267863,43.2792504],[5.3267985,43.2792854],[5.3268347,43.2793296],[5.3268295,43.2793448],[5.3268844,43.2794076],[5.3268834,43.2794799],[5.3268821,43.2795706],[5.3269129,43.2796307],[5.3269167,43.2796782],[5.3269925,43.279684],[5.3270724,43.2797041],[5.3271099,43.2796876],[5.3271313,43.2796345],[5.327171,43.2796307],[5.3271731,43.2796048],[5.327212,43.2795882],[5.3272467,43.2796089],[5.3272828,43.2795953],[5.3273659,43.2796115],[5.3274095,43.279652],[5.3274898,43.2797034],[5.3274777,43.2797202],[5.3275216,43.2797375],[5.3275571,43.2797887]]}},{"type":"Feature","properties":{},"geometry":{"type":"LineString","coordinates":[[4.9058994,43.4291826],[4.9049085,43.4287376],[4.9046413,43.4287433],[4.9027782,43.4279989],[4.9019167,43.4276546],[4.9013882,43.4273098],[4.9009542,43.4272442],[4.9006641,43.4273187],[4.9005884,43.4272921],[4.9003628,43.4272127],[4.8997512,43.4269886],[4.8991611,43.4267443],[4.8971942,43.4259333],[4.8970483,43.4259702],[4.896896,43.4260762],[4.8964646,43.4259103],[4.896528,43.4258319],[4.8965297,43.4256655],[4.8958693,43.4253989],[4.8959703,43.4252763],[4.8959099,43.4252047],[4.8953792,43.4249958],[4.8953042,43.4249212],[4.8948022,43.4246707],[4.8945484,43.424597],[4.8940535,43.4242698],[4.8935459,43.4239749],[4.893197,43.4238459],[4.8931335,43.423938],[4.8929899,43.4239498],[4.8928353,43.4238044],[4.892683,43.4235002],[4.8923785,43.4232698],[4.891909,43.4227353],[4.8916512,43.4226656],[4.8911994,43.4222269],[4.8909761,43.422061],[4.8908035,43.4217255],[4.8906766,43.4216149],[4.8905589,43.4215751],[4.8904025,43.4216223],[4.8899863,43.4211541],[4.8898543,43.4211024],[4.8898188,43.4210213],[4.8894229,43.4206379],[4.8893332,43.4206012],[4.8893082,43.4204296],[4.8892594,43.4200938],[4.8898036,43.4193918],[4.8901271,43.4189583],[4.8901052,43.4188957],[4.8899954,43.4187096],[4.8895076,43.4180384],[4.8894246,43.4180261],[4.8893093,43.4180254],[4.8892214,43.4180504],[4.889026,43.4181255],[4.8888718,43.4181703],[4.888692,43.4182415],[4.8886951,43.4182941],[4.8886625,43.4183232],[4.888619,43.4183304],[4.8885725,43.4183198],[4.8880879,43.4176184],[4.8880792,43.4175966],[4.8880901,43.4175594],[4.888125,43.4175433],[4.8881851,43.4175459],[4.888225,43.4175742],[4.8884889,43.4174746],[4.8888442,43.417305],[4.8888879,43.4172566],[4.8889091,43.4172069],[4.8889013,43.4171543],[4.88879,43.416977],[4.8887269,43.4169127],[4.8886894,43.4168864],[4.8886311,43.4167999],[4.8885566,43.4166458],[4.8884439,43.4165192],[4.8883316,43.4163464],[4.8882401,43.4162279],[4.8881932,43.4161402],[4.8881488,43.4160957],[4.8880676,43.4160736],[4.8879974,43.4160311],[4.8879357,43.4159298],[4.8879772,43.4158743],[4.8879755,43.4158194],[4.887874,43.4156609],[4.8878418,43.4156375],[4.8877974,43.4156392],[4.8874596,43.415771],[4.8872396,43.4158295],[4.8870827,43.4158851],[4.8870814,43.4159278],[4.8870626,43.4159593],[4.8870385,43.4159863],[4.8869528,43.4159794],[4.8864448,43.4152486],[4.8864551,43.4152235],[4.8864806,43.4151972],[4.8865128,43.4151894],[4.8865708,43.4151983],[4.8866258,43.4152615],[4.8867448,43.4152148],[4.8869057,43.4151407],[4.8870519,43.4151018],[4.8871578,43.4150589],[4.8872463,43.4150121],[4.8873684,43.4149732],[4.8873794,43.414945],[4.8872383,43.4147413],[4.8870988,43.4145426],[4.8870305,43.4144782],[4.8868507,43.4143974],[4.88673,43.414339],[4.886616,43.4143049],[4.8861413,43.4141032],[4.8851713,43.4136999],[4.8851178,43.4137525],[4.8849204,43.4137735],[4.8848443,43.4137363],[4.8856815,43.4126871],[4.8857554,43.4127197],[4.8858433,43.4128416],[4.8858003,43.4129149],[4.8861487,43.4130437],[4.8862955,43.4130706],[4.8864332,43.4130612],[4.8865187,43.4130022],[4.8867998,43.4126254],[4.8870846,43.4122555],[4.8870901,43.4121523],[4.8871522,43.4120706],[4.8871591,43.4119764],[4.8871319,43.4119105],[4.8871458,43.4118781],[4.8871905,43.4118416],[4.8872665,43.411847],[4.8873617,43.4118674],[4.8874189,43.4118466],[4.8874797,43.4118002],[4.8875615,43.411694],[4.8876701,43.4115381],[4.8878203,43.4113501],[4.8880403,43.411091],[4.8881972,43.4108873],[4.8882133,43.4108542],[4.8881881,43.4108112],[4.8879947,43.4107315],[4.8877615,43.4106508],[4.887654,43.4106318],[4.8875695,43.4106526],[4.8875359,43.4106895],[4.8873508,43.4106855],[4.887318,43.4106706],[4.8873042,43.4106312],[4.8883981,43.4092558],[4.8884612,43.409247],[4.8885043,43.4092623],[4.888587,43.4093781],[4.8885296,43.4094527],[4.8886561,43.4095581],[4.8889413,43.4096992],[4.8890327,43.4097183],[4.8890944,43.4097056],[4.8891565,43.4096643],[4.889423,43.4093334],[4.8896925,43.4089973],[4.8897305,43.4089324],[4.8897314,43.4088823],[4.88971,43.4088365],[4.8896437,43.4087436],[4.8896855,43.4087035],[4.8897498,43.4086993],[4.8898588,43.4087196],[4.8899183,43.4087111],[4.890186,43.4083699],[4.8904422,43.4080776],[4.8904891,43.4079938],[4.8905951,43.40795],[4.8906434,43.4078925],[4.8906165,43.4078691],[4.8906863,43.4077892],[4.8907185,43.40772],[4.8906823,43.4076425],[4.8904677,43.40753],[4.8902004,43.4074304],[4.8900912,43.4075399],[4.8898957,43.4075406],[4.8898494,43.4075281],[4.8898234,43.4074774],[4.8909172,43.4061163],[4.8910055,43.4061085],[4.8910519,43.4061189],[4.8911618,43.4062429],[4.8910639,43.4063411],[4.8911865,43.4064125],[4.8913917,43.4065002],[4.891507,43.4065489],[4.8915915,43.4065674],[4.891642,43.40656],[4.8917806,43.4064242],[4.891845,43.4063346],[4.8918718,43.4062693],[4.8922876,43.4057617],[4.8923559,43.4057237],[4.8924458,43.4056145],[4.892431,43.4055941],[4.8925772,43.4053866],[4.8927784,43.4051576],[4.8930119,43.4048689],[4.8926415,43.4047105],[4.8926993,43.4046402],[4.8927757,43.4046655],[4.8928079,43.4046412],[4.8928909,43.404634],[4.8931217,43.4046607],[4.8931705,43.4046385],[4.8932867,43.4044921],[4.8933658,43.4044512],[4.8934653,43.4044907],[4.8934865,43.4045535],[4.8934503,43.4046198],[4.8935321,43.4046587],[4.8936193,43.4046548],[4.8936769,43.4046831],[4.8936971,43.4047474],[4.8936157,43.4049096],[4.893402,43.4051352],[4.8930064,43.4056681],[4.8927958,43.4058737],[4.8925441,43.4061991],[4.8920274,43.40685],[4.8917176,43.4072319],[4.8917618,43.4072514],[4.8917136,43.4073108],[4.8916639,43.4072894],[4.89144,43.4075865],[4.8914815,43.4076031],[4.8914373,43.4076577],[4.891393,43.4076396],[4.8910309,43.4080864],[4.8910819,43.4081058],[4.8910323,43.4081653],[4.8909867,43.4081448],[4.8909143,43.4082627],[4.8908485,43.4083504],[4.8907574,43.4084332],[4.8908056,43.4084576],[4.8907493,43.408518],[4.8907024,43.4084975],[4.8906702,43.4085959],[4.8906903,43.4086553],[4.8908727,43.408746],[4.8908123,43.4088336],[4.8912391,43.4090199],[4.8908859,43.4094507],[4.8904663,43.409273],[4.8903912,43.4093646],[4.8903336,43.409312],[4.8901372,43.4092312],[4.8900667,43.4092945],[4.8900077,43.4093763],[4.8900533,43.4093967],[4.8900023,43.4094542],[4.889954,43.4094386],[4.889726,43.4097299],[4.889773,43.4097475],[4.8897247,43.4098059],[4.8896778,43.4097874],[4.889317,43.4102375],[4.8893666,43.410257],[4.8893224,43.4103135],[4.8892727,43.4102931],[4.8890461,43.4105863],[4.8890863,43.4106029],[4.8890394,43.4106623],[4.8890045,43.4106496],[4.8882495,43.411582],[4.8880899,43.4118343],[4.8878819,43.4120468],[4.8879102,43.4121451],[4.8879911,43.4122915],[4.888287,43.4125747],[4.8885677,43.4128432],[4.8892607,43.4134184],[4.8899352,43.4139635],[4.8905857,43.4144374],[4.8912825,43.4148956],[4.8925115,43.4155771],[4.89317,43.4159171],[4.8938299,43.4162181],[4.8951025,43.4167266],[4.8953532,43.4167927],[4.8954821,43.4167676],[4.8959166,43.4168923],[4.8962806,43.4169655],[4.8973372,43.4171328],[4.8973742,43.4171336],[4.8975425,43.4171369],[4.897725,43.4171404],[4.8977794,43.4171262],[4.8979108,43.4169215],[4.897947,43.416901],[4.8982219,43.4164763],[4.8982836,43.4163604],[4.8984955,43.4160175],[4.8985629,43.4159522],[4.8987731,43.415619],[4.8990762,43.4151183],[4.8992385,43.4148933],[4.8992854,43.4148251],[4.8992934,43.4147795],[4.8992707,43.4147501],[4.8987622,43.4145567],[4.8986556,43.4145456],[4.8985467,43.4147003],[4.8985022,43.4147111],[4.8983329,43.4146993],[4.8982611,43.4146529],[4.8990685,43.4133961],[4.8991339,43.4133989],[4.8991751,43.4134079],[4.8993024,43.4135254],[4.8992032,43.4136835],[4.8992848,43.4137429],[4.8997548,43.4138977],[4.8998251,43.4138974],[4.8998635,43.4138451],[4.8998943,43.4138373],[4.8999359,43.4137759],[4.8999372,43.4137486],[4.8999506,43.4137223],[4.8999882,43.4137145],[4.9000499,43.413619],[4.900078,43.4135129],[4.9002604,43.4132255],[4.9003047,43.4132099],[4.9004294,43.4130199],[4.9004509,43.4129215],[4.9005488,43.4128533],[4.9006037,43.4127608],[4.9006011,43.4126955],[4.9006332,43.4126458],[4.9006869,43.4126108],[4.9007365,43.412527],[4.9007834,43.4124091],[4.9008974,43.4123097],[4.9009672,43.4122016],[4.9009497,43.4121159],[4.9009967,43.4120379],[4.9010718,43.4120136],[4.9011469,43.4118908],[4.9011362,43.4118314],[4.9011871,43.4117349],[4.9012394,43.4116015],[4.9012807,43.4115326],[4.9013571,43.4114765],[4.9014916,43.4114544],[4.9016055,43.4114563],[4.9017142,43.4114894],[4.9018134,43.411543],[4.901859,43.4116161],[4.9018491,43.4117432],[4.9012877,43.4126897],[4.9006622,43.4136079],[4.9003409,43.414073],[4.8999815,43.4146877],[4.8997186,43.4150959],[4.8997132,43.4152021],[4.8996395,43.4153421],[4.8993149,43.415808],[4.8991071,43.4161373],[4.8990727,43.4162903],[4.899213,43.4166857],[4.8993146,43.4167566]]}},{"type":"Feature","properties":{},"geometry":{"type":"LineString","coordinates":[[5.1347314,43.3293851],[5.1348296,43.3293885],[5.1348684,43.3294138],[5.134938,43.3293969],[5.1349608,43.3292956],[5.1350626,43.3292487],[5.1353804,43.3292431],[5.1354207,43.3292193],[5.1354315,43.3291888],[5.1354874,43.3291632],[5.1355091,43.329099],[5.1356681,43.3289606],[5.1357544,43.328953],[5.1358254,43.328926],[5.1358525,43.3288749],[5.1360022,43.3288789],[5.1361015,43.3288546],[5.1361275,43.3288018],[5.1362046,43.3287682],[5.1363947,43.3287592],[5.1364515,43.3287303],[5.1365972,43.3286958],[5.1368119,43.3286433],[5.1369955,43.3285616],[5.1371118,43.3284676],[5.1372573,43.3282965],[5.1374263,43.3282271],[5.1376096,43.3281771],[5.1378454,43.3281425],[5.137932,43.3280851],[5.1380661,43.3280748],[5.1382443,43.3280657],[5.138351,43.3280758],[5.1385437,43.3280211],[5.138769,43.3279686],[5.1389909,43.3279226],[5.1391789,43.3279363],[5.1393121,43.3280112],[5.1394061,43.328056],[5.1395113,43.3280863],[5.1397408,43.3281697],[5.1398774,43.3283941],[5.13996,43.3287142],[5.1401084,43.3288779],[5.1400485,43.3289334],[5.1401031,43.3290186],[5.1402078,43.3290766],[5.1402721,43.3291592],[5.1403129,43.3291899],[5.140459,43.3292468],[5.1406314,43.3292682],[5.1406756,43.3292737],[5.1407233,43.3291323],[5.1407567,43.3291066],[5.1407774,43.3290634],[5.1408089,43.3290665],[5.1407904,43.3291322],[5.1407703,43.3292521],[5.1407348,43.3293968],[5.1407383,43.3294275],[5.1407534,43.3294447],[5.1410746,43.3295277],[5.1412092,43.3295178],[5.141302,43.3295446],[5.1418189,43.3295156],[5.1419557,43.3294782],[5.1420798,43.3294318],[5.1421931,43.3292855],[5.1421903,43.3291535],[5.1424017,43.3288566],[5.1426103,43.3287626],[5.1426298,43.3286351],[5.1426841,43.3286185],[5.1428421,43.3286525],[5.1431304,43.3285171],[5.1432711,43.3282603],[5.1433396,43.3281586],[5.1433901,43.3280721],[5.1434314,43.3280021],[5.1435262,43.3278449],[5.1436704,43.3276434],[5.1437362,43.3275346],[5.1437837,43.3274718],[5.1441074,43.3271777],[5.1442453,43.3270126],[5.1446102,43.3267191],[5.1451276,43.3266873],[5.14517,43.3267464],[5.1453081,43.326746],[5.1459383,43.3269295],[5.1460653,43.3270464],[5.1461309,43.3270737],[5.1462787,43.3270584],[5.1463346,43.327018],[5.146347,43.3269925],[5.1464522,43.3269629],[5.1464553,43.3269045],[5.1464899,43.3268807],[5.1466985,43.3268387],[5.1468237,43.326764],[5.1470301,43.3267338],[5.1470832,43.3267774],[5.1472858,43.32674],[5.1472464,43.3266675],[5.1474465,43.3266321],[5.1475412,43.326639],[5.1476731,43.3266031],[5.1478747,43.3265747],[5.1479526,43.3265763],[5.1480808,43.3265402],[5.1482264,43.326562],[5.1483837,43.3265526],[5.1486923,43.3264956],[5.148863,43.3263129],[5.1488256,43.326206],[5.1488435,43.3261163],[5.1489758,43.3260734],[5.1491768,43.3260891],[5.1493602,43.3261472],[5.149574,43.3261916],[5.1496284,43.3263612],[5.149587,43.3264027],[5.1497197,43.3265762],[5.149859,43.3266047],[5.1500817,43.3266123],[5.150099,43.3266482],[5.1500688,43.3266987],[5.1502917,43.3267543],[5.1504413,43.3267544],[5.1505248,43.3267693],[5.150615,43.3268703],[5.1506783,43.3268988],[5.1507737,43.326885],[5.1508958,43.3268166],[5.1509419,43.3267537],[5.1510224,43.3266987],[5.1513025,43.3266241],[5.1514047,43.3265682],[5.1515122,43.3265401],[5.151567,43.3265793],[5.1516521,43.3265459],[5.1517916,43.3263914],[5.1518335,43.3263845],[5.1518774,43.3264063],[5.1519141,43.3263872],[5.1519228,43.326309],[5.1519415,43.3262571],[5.1520959,43.3261696],[5.1521957,43.3261372],[5.1522922,43.3260656],[5.1523792,43.3260709],[5.1524301,43.3261086],[5.1524273,43.3262094],[5.1523651,43.3263087],[5.1521523,43.3264978],[5.1520228,43.3265999],[5.1518757,43.3267646],[5.1518757,43.326896],[5.1519307,43.3269427],[5.151977,43.3269196],[5.1520267,43.326946],[5.1520254,43.326991],[5.1519423,43.3270368],[5.1518307,43.3270627],[5.1515754,43.3272544],[5.1513594,43.3276415],[5.1513691,43.3277078],[5.1514628,43.3277832],[5.1514377,43.3278339],[5.1513629,43.3278489],[5.1513831,43.3278167],[5.1513034,43.3277473],[5.151203,43.3277814],[5.1511318,43.3278515],[5.1511552,43.3279353],[5.1512634,43.327956],[5.1513149,43.3279233],[5.1513016,43.3280265],[5.1512635,43.3279807],[5.1511596,43.327968],[5.151117,43.3280538],[5.1511626,43.3281616],[5.151274,43.3282223],[5.1512855,43.3281518],[5.1513068,43.328157],[5.1513338,43.3282763],[5.1512293,43.3282753],[5.1512102,43.3284841]]}},{"type":"Feature","properties":{},"geometry":{"type":"LineString","coordinates":[[5.0540417,43.3258963],[5.0542714,43.3260176],[5.0545573,43.3260501],[5.054617,43.3259702],[5.0546231,43.3258861],[5.0545665,43.3257683],[5.0545436,43.3256491],[5.0546063,43.325542],[5.0546927,43.3254621],[5.0550794,43.3256179],[5.0553846,43.3257806],[5.0554856,43.3257882],[5.0555743,43.3258417],[5.055733,43.3259673],[5.0557685,43.3260252],[5.05577,43.3261063],[5.0558434,43.3262745],[5.0558443,43.3262779],[5.0559498,43.3266658],[5.0558082,43.3268571],[5.0556507,43.3270256],[5.0551996,43.327374],[5.0549656,43.3275285],[5.0546988,43.3276607],[5.0546751,43.3280793],[5.0546951,43.3281046],[5.0548367,43.3282832],[5.0550322,43.3283762],[5.0553702,43.3284732],[5.0559821,43.3281925],[5.0565785,43.3280358],[5.0570083,43.3276714],[5.057261,43.3274963],[5.0574905,43.3273177],[5.0576921,43.327315],[5.0578925,43.3274046],[5.0580664,43.3275146],[5.0583758,43.3277961],[5.0587123,43.3280393],[5.0588544,43.3280866],[5.0589523,43.328108],[5.0590399,43.3281041],[5.0593813,43.3280232],[5.0595043,43.3279169],[5.0595731,43.327788],[5.0594555,43.3269822],[5.059736,43.3268951],[5.0597223,43.3267296],[5.0594951,43.3266736],[5.0593206,43.3265762],[5.0593239,43.3265039],[5.0593539,43.3264276],[5.0595171,43.3264222],[5.0597466,43.326552],[5.0598132,43.3265207],[5.0599042,43.3265203],[5.0600882,43.3266137],[5.0601986,43.3266308],[5.0603163,43.3267891],[5.0601603,43.3267623],[5.060015,43.3268014],[5.0599596,43.3269198],[5.0600686,43.3270146],[5.0603154,43.3276592],[5.060546,43.3279355],[5.0607511,43.3287064],[5.0609384,43.3287338],[5.0609254,43.329469],[5.0608741,43.3297866],[5.0605142,43.3303902],[5.0602341,43.3305301],[5.0603301,43.3307059],[5.0606398,43.3308367],[5.0616741,43.3308774],[5.0619949,43.3312393],[5.0624286,43.3314877],[5.0628271,43.3314684],[5.0631932,43.3312751],[5.0633441,43.3312108],[5.0635093,43.3312062],[5.0636836,43.331197],[5.0637723,43.331197],[5.0638478,43.3312281],[5.0638554,43.3311134],[5.0637117,43.3310363],[5.0639849,43.3308453],[5.064299,43.3307196],[5.0644085,43.3307138],[5.0645138,43.3307276],[5.0645903,43.3308592],[5.0652633,43.3314453],[5.0654743,43.3314753],[5.0656562,43.3315485],[5.0656997,43.3316033],[5.0656448,43.3317176],[5.0657175,43.3317322],[5.0657569,43.3317839],[5.0656987,43.3318782],[5.0658717,43.3319311],[5.0659534,43.331903],[5.0660722,43.3317027],[5.0672325,43.3318085],[5.0673245,43.3316658],[5.0677544,43.3316079],[5.068363,43.3316695],[5.0683936,43.3317643],[5.0685128,43.3317903],[5.0686061,43.3318056],[5.0686444,43.3317598],[5.0687835,43.3317705],[5.0688768,43.3317506],[5.0689517,43.3317735],[5.0690139,43.3316842],[5.0692056,43.3318316],[5.0694224,43.3319365],[5.069476,43.3320235],[5.0696223,43.3320913],[5.0696766,43.3322081],[5.0698205,43.3322202],[5.0699986,43.3321723],[5.0701461,43.3320869],[5.0701053,43.3319392],[5.0700917,43.3319076],[5.0700864,43.3318593],[5.0702056,43.3318033],[5.0705005,43.3316482],[5.0713818,43.3310895],[5.0712662,43.3304679],[5.0710743,43.3302994],[5.0708715,43.3301489],[5.0707189,43.3300511],[5.0706966,43.3299721],[5.0706415,43.3299293],[5.0706614,43.3298421],[5.0706192,43.329781],[5.0707149,43.3297672],[5.0708112,43.3297802],[5.0708626,43.3294207],[5.0705768,43.3291937],[5.0705757,43.329128],[5.0706048,43.3290439],[5.0705253,43.3290072],[5.0705237,43.3289581],[5.0706339,43.3289491],[5.0707479,43.3289948],[5.071033,43.3288925],[5.0713392,43.3288837],[5.0719055,43.3289966],[5.0722303,43.3288267],[5.0723542,43.3286769],[5.072534,43.3286126],[5.0728258,43.3284447],[5.0737755,43.3284424],[5.0757171,43.3282887],[5.0760733,43.3285152],[5.0767413,43.3287129],[5.0771831,43.3285179],[5.0774786,43.328535],[5.0777936,43.3286654],[5.0780491,43.3287711],[5.0780347,43.3288958],[5.0781117,43.3289452],[5.0783509,43.3289808],[5.078468,43.3289904],[5.0785781,43.3289476],[5.0787738,43.328894],[5.0788396,43.3288864],[5.0789068,43.3288925],[5.0789726,43.328917],[5.0790078,43.3289751],[5.0789542,43.328998],[5.0788717,43.3289613],[5.0787585,43.3289552],[5.0786423,43.328998],[5.0785676,43.3290725],[5.0785328,43.3291632],[5.0784211,43.3294538],[5.0783563,43.3295434],[5.0782706,43.3296541],[5.0782222,43.3297361],[5.0781892,43.3298084],[5.0782685,43.3299659],[5.0784642,43.3300484],[5.0786304,43.3301533],[5.0787617,43.330222],[5.0789528,43.3303031],[5.0790724,43.3303265],[5.079332,43.33033],[5.0795251,43.3303193],[5.079636,43.3303023],[5.0798172,43.3302401],[5.079977,43.3301689],[5.0801159,43.3300598],[5.0801864,43.3299365],[5.0801448,43.3298956],[5.0799511,43.3298013],[5.0798168,43.3297034],[5.0797856,43.3292299],[5.0799016,43.3291587],[5.0798393,43.3290594],[5.0801861,43.3287514],[5.0804384,43.3285998],[5.0803665,43.3268621],[5.0804037,43.3267677],[5.0804981,43.3266809],[5.0805507,43.3266583],[5.0806144,43.3266282],[5.0806975,43.3266828],[5.0807526,43.3267715],[5.0808703,43.3268663],[5.0810538,43.3270682],[5.081248,43.3272654],[5.0813413,43.3273648],[5.0814111,43.3274665],[5.0816603,43.3281815],[5.0817938,43.3282979],[5.0820324,43.3283512],[5.0824393,43.3283429],[5.0827109,43.3284061],[5.0827465,43.3283759],[5.0827998,43.3283907],[5.0828121,43.328519],[5.0829793,43.328543],[5.0831318,43.3286586],[5.0832063,43.3286795],[5.0834987,43.3287006],[5.0835625,43.3287348],[5.083551,43.3288237],[5.0838477,43.3288757],[5.083944,43.3289521],[5.0839632,43.3290237],[5.0839134,43.3290439],[5.0838492,43.3290225],[5.0837269,43.328969],[5.0836198,43.3289613],[5.0835182,43.3289826],[5.0834577,43.3290653],[5.0833448,43.3291349],[5.0833469,43.3292602],[5.0834356,43.3293743],[5.0836354,43.3293632],[5.0837492,43.3294443],[5.0843461,43.3294502],[5.0844173,43.3295019],[5.0843868,43.3295798],[5.084499,43.3296589],[5.0841901,43.3297569],[5.0841736,43.3299147],[5.0843045,43.3300634],[5.0847697,43.3302038],[5.0850956,43.3302401],[5.0851356,43.3302924],[5.0850445,43.3303287],[5.0849494,43.3303023],[5.0848648,43.3303541],[5.0848272,43.3304302],[5.0848905,43.3306416],[5.0849667,43.3307326],[5.085071,43.3307585],[5.0851897,43.3307908],[5.0855969,43.3309017],[5.0857317,43.3308625],[5.0860084,43.3308959],[5.0861146,43.3309858],[5.0860825,43.3310643],[5.0860007,43.3311989],[5.0860007,43.3312408],[5.0860143,43.3312589],[5.0859311,43.33133],[5.0858921,43.3313169],[5.085872,43.3313598],[5.0859269,43.3314203],[5.0860101,43.3314662],[5.0860902,43.3314795],[5.0861821,43.3314722],[5.0862822,43.3314418],[5.0862636,43.3313969],[5.0862783,43.3313286],[5.0863454,43.3312633],[5.0862998,43.3311979],[5.0863127,43.3311181],[5.0863494,43.3310935],[5.0864004,43.3310828],[5.0864178,43.3310486],[5.0864865,43.3310409],[5.0865626,43.3310662],[5.0866136,43.3310643],[5.0869717,43.3312125],[5.0871798,43.3312579],[5.0873582,43.3313412],[5.0874842,43.3313857],[5.0875861,43.3314414],[5.0876242,43.3314945],[5.0875725,43.3315491],[5.0875323,43.3316144],[5.0875591,43.3316408],[5.0874826,43.3316944],[5.0875177,43.3317583],[5.0875985,43.3317959],[5.0875926,43.3318466],[5.0875604,43.3318534],[5.0875483,43.3319286],[5.0875685,43.3319529],[5.0875524,43.3319812],[5.0876099,43.332],[5.08761,43.3320203],[5.0876637,43.3320261],[5.0876937,43.3320999],[5.0876127,43.3321432],[5.087653,43.3321539],[5.0876208,43.33231],[5.0876281,43.3324651],[5.0876684,43.332616],[5.087795,43.332889],[5.0881383,43.3329987]]}},{"type":"Feature","properties":{},"geometry":{"type":"LineString","coordinates":[[4.854124,43.3886954],[4.8540694,43.3891325],[4.8540231,43.3895037]]}},{"type":"Feature","properties":{},"geometry":{"type":"LineString","coordinates":[[4.9392814,43.4267323],[4.9393621,43.4267294],[4.9394336,43.4267741],[4.9394369,43.4268486],[4.9393966,43.4269071],[4.9392893,43.4269092],[4.9385417,43.4276564],[4.938553,43.4277185],[4.9395886,43.4281466],[4.9397969,43.4278753],[4.9399437,43.4276913],[4.940111,43.4274779],[4.9395892,43.4272499],[4.9399258,43.4268873],[4.9398453,43.4267212],[4.9398669,43.4267147],[4.9399525,43.4268764],[4.9400079,43.4268602],[4.9399183,43.4266968],[4.9399466,43.4266898],[4.9400457,43.4268645],[4.9411323,43.4269782],[4.9410041,43.4272582],[4.9411109,43.4273341],[4.9407334,43.4280409],[4.9408138,43.4280622],[4.9413057,43.4281913],[4.9412055,43.42838],[4.941172,43.4284484],[4.9415331,43.428769],[4.9427924,43.4291334],[4.9429152,43.4288874],[4.943065,43.428626],[4.9432089,43.4283563],[4.9432399,43.4283024],[4.9432032,43.4279694],[4.9431744,43.4275679],[4.9431456,43.4271476],[4.9431099,43.4268226],[4.9414632,43.426364],[4.940986,43.4264889],[4.9409198,43.4265391],[4.9408363,43.4265537],[4.9407499,43.4265349],[4.9406719,43.4264742],[4.9393669,43.4263375],[4.9393312,43.4263631],[4.9392815,43.4263711],[4.9392278,43.426364]]}},{"type":"Feature","properties":{},"geometry":{"type":"LineString","coordinates":[[5.2352561,43.3298236],[5.2351414,43.3298021],[5.2351201,43.3297844],[5.2351235,43.3297531],[5.2351637,43.3297273],[5.2351879,43.3296829],[5.2351845,43.3296619],[5.2352113,43.3296283],[5.2352449,43.3296244],[5.2352596,43.3296107],[5.2353253,43.3295853],[5.2353407,43.3295556],[5.2353622,43.3295414],[5.2353971,43.3295385],[5.2354219,43.3295171],[5.2354621,43.3295107],[5.2355412,43.3294795],[5.2355682,43.3294451],[5.2356478,43.3294344],[5.235775,43.329462],[5.2358215,43.3294328],[5.2358658,43.3294651],[5.2360178,43.3294774],[5.2360347,43.3295127],[5.2361677,43.3295342],[5.2362426,43.3295554],[5.2362976,43.3295546],[5.2363108,43.3295608],[5.2363298,43.3295627],[5.2363737,43.3295468],[5.2364089,43.3295485],[5.2363975,43.329561],[5.2364166,43.3295868],[5.2364327,43.3295868],[5.2364361,43.3295683],[5.2364438,43.3295595],[5.2364569,43.3295697],[5.2364582,43.3295778],[5.2364495,43.3296007],[5.2365055,43.3296171],[5.2365393,43.3296312],[5.2365582,43.3296754],[5.2366321,43.3297476],[5.236725,43.3297676],[5.2368277,43.3298587],[5.2369044,43.329935],[5.2369678,43.3300547],[5.236915,43.3301177],[5.2368965,43.3301734],[5.2368622,43.3301837],[5.2367208,43.3301714],[5.2364907,43.3301284],[5.236231,43.3300578],[5.2357434,43.3299826],[5.2354394,43.3298996],[5.2352561,43.3298236]]}},{"type":"Feature","properties":{},"geometry":{"type":"LineString","coordinates":[[5.6153024,43.1621493],[5.6150945,43.1622783],[5.6149969,43.1619314],[5.6150934,43.161767],[5.614962,43.1613889],[5.6149829,43.1613067],[5.61522,43.161291],[5.6150275,43.1611352],[5.6150786,43.1609624],[5.6153272,43.160628],[5.6155454,43.1607146],[5.6155075,43.1603824],[5.615641,43.1603887],[5.6158616,43.1600431],[5.615839,43.1599682],[5.6157837,43.1598607],[5.6154781,43.1599119],[5.6154212,43.159775],[5.6153179,43.1596712],[5.6153811,43.1596526],[5.6154797,43.1597387],[5.6155713,43.1597931],[5.615337,43.1595969],[5.6153739,43.1595396],[5.6153744,43.1594021],[5.6155466,43.1593719],[5.6154979,43.1592885],[5.6155379,43.1592512],[5.6158577,43.159271],[5.6159358,43.1593551],[5.6162024,43.1594383],[5.6161288,43.1592275],[5.6160745,43.1588859],[5.6159532,43.1587926],[5.6161496,43.1587238],[5.6160913,43.1585038],[5.6162144,43.1584119],[5.6165698,43.1584874],[5.6165576,43.1586592],[5.6167735,43.1588677],[5.6167078,43.1590414],[5.6170486,43.159092],[5.6173127,43.1592465],[5.6175648,43.159635],[5.6177065,43.1596644],[5.6176801,43.1593684],[5.6174958,43.1588813],[5.6174228,43.1584775],[5.6174858,43.1583973],[5.6174898,43.1583523],[5.6174027,43.1582884],[5.6174167,43.158049],[5.6175888,43.1579504],[5.6177073,43.1577672],[5.6178733,43.1577808],[5.6181509,43.1579393],[5.6181121,43.1579991],[5.6181716,43.1581233],[5.618265,43.1580676],[5.6183937,43.1580979],[5.6184809,43.1581048],[5.6185265,43.1581615],[5.618746,43.1581438],[5.6188389,43.1582785],[5.6188966,43.1583337],[5.6189449,43.1582535],[5.6192212,43.1582855],[5.6193276,43.1584124],[5.619382,43.1583771],[5.619544,43.158517],[5.6194447,43.1583252],[5.6194884,43.1582266],[5.6194446,43.1580449],[5.6193607,43.1579111],[5.6192735,43.1579042],[5.6191824,43.1578192],[5.6191246,43.1576322],[5.6190048,43.1575491],[5.6191155,43.1574101],[5.6192601,43.1573984],[5.6193257,43.1574268],[5.6192534,43.1575002],[5.6193247,43.1575281],[5.6193419,43.1576215],[5.6193858,43.1576726],[5.6193497,43.1577293],[5.6195155,43.1577463],[5.6195438,43.1577794],[5.619484,43.1578074],[5.6194842,43.1578743],[5.6196014,43.1579812],[5.6197504,43.1580491],[5.6197252,43.1581808],[5.6199331,43.1581815],[5.6200661,43.1582074],[5.6201537,43.1583745],[5.620257,43.1584026],[5.6202545,43.1584702],[5.6203831,43.1584816],[5.6204967,43.1587535],[5.6204372,43.1588611],[5.6206065,43.1589242],[5.6205995,43.1591005],[5.6209477,43.1591922],[5.6209595,43.1592639],[5.6208506,43.1593372],[5.6206629,43.1592376],[5.6205356,43.1592138],[5.620111,43.159042],[5.6203602,43.1592953],[5.6203306,43.1593949],[5.6200498,43.1593536],[5.619872,43.1592678],[5.6199137,43.1592252],[5.6198676,43.1592112],[5.6196952,43.1592493],[5.6195376,43.1591073],[5.6194901,43.1590884],[5.6194366,43.1590869],[5.6193955,43.1591002],[5.6193359,43.1591397],[5.6193019,43.1591913],[5.6192876,43.1592533],[5.6193446,43.1592425],[5.6194017,43.1592598],[5.6194378,43.1593101],[5.6194278,43.1593596],[5.6194526,43.1593881],[5.6193286,43.1594604],[5.619397,43.1594932],[5.6195212,43.1594543],[5.6195722,43.1594738],[5.6195679,43.1595257],[5.6196678,43.1596431],[5.6196924,43.1597591],[5.6196825,43.1599185],[5.6196559,43.1599512],[5.6195303,43.1599288],[5.6194676,43.1598947],[5.6194063,43.1600437],[5.619425,43.1601743],[5.6194317,43.1603749],[5.6192267,43.1605695],[5.6193355,43.1606426],[5.6192936,43.16079],[5.6191934,43.1608481],[5.6192514,43.1609305],[5.6192774,43.1610961],[5.6191702,43.1612298],[5.6191019,43.1612646],[5.6190455,43.1612298],[5.6189998,43.1611018],[5.6189556,43.1612044],[5.6188943,43.1612661],[5.6189429,43.1613766],[5.618927,43.1614986],[5.6187293,43.1616801],[5.6184779,43.1617649],[5.6181694,43.1617683],[5.6181034,43.1617317],[5.6181054,43.1616319],[5.6179761,43.1615622],[5.617934,43.1614506],[5.6177802,43.1614925],[5.6177531,43.1614946],[5.61771,43.1614686],[5.6175717,43.1615306],[5.6174512,43.1616203],[5.6174999,43.1618109],[5.6174952,43.1618368],[5.61753,43.1618833],[5.6175806,43.1618884],[5.6176031,43.1620613],[5.6175817,43.1621239],[5.6176677,43.16222],[5.6176092,43.1622384],[5.6175669,43.1621924],[5.6173839,43.1622369],[5.617347,43.1622985],[5.6171902,43.1622378],[5.6171412,43.1621695],[5.617063,43.162145],[5.6170499,43.1621802],[5.6169936,43.1621758],[5.6168898,43.162032],[5.616769,43.1621117],[5.6167898,43.1621479],[5.6168375,43.1621546],[5.616871,43.1621822],[5.61682,43.1623115],[5.6166788,43.162347],[5.6165925,43.1623349],[5.6165349,43.1622932],[5.6164987,43.1623215],[5.6164323,43.1623905],[5.6163103,43.162411],[5.6162184,43.1623392],[5.6160948,43.1623495],[5.6158009,43.1624437],[5.6155195,43.162413],[5.615495,43.1623514],[5.6152987,43.162101],[5.6153024,43.1621493]]}},{"type":"Feature","properties":{},"geometry":{"type":"LineString","coordinates":[[5.3036489,43.3588647],[5.3035814,43.3589027],[5.3034737,43.3588826],[5.3031275,43.3589273],[5.3030321,43.3589587],[5.3029059,43.3589721],[5.3027397,43.3589766],[5.3025827,43.3589877],[5.3025089,43.3589989],[5.3023889,43.3590034],[5.3022904,43.3590056],[5.3022134,43.3590124],[5.3021673,43.3590459],[5.3021673,43.359084],[5.3021457,43.3591198],[5.3021111,43.3591244],[5.3021033,43.3590889],[5.3020938,43.3590591],[5.3020702,43.3590259],[5.3020197,43.3590144],[5.3019693,43.3590041],[5.301789,43.358993],[5.3014813,43.358968],[5.3011908,43.3589286],[5.3005309,43.3588283],[5.3000508,43.3587693],[5.2999055,43.3587442],[5.2996372,43.3587191],[5.2995091,43.3586833],[5.2993614,43.358669],[5.2992038,43.3586493],[5.2988542,43.3586028],[5.2986991,43.3585884],[5.2985908,43.3585759],[5.2985095,43.3585544],[5.2984258,43.3585562],[5.2983495,43.358558],[5.2982904,43.3585276],[5.2982535,43.3585007],[5.2981698,43.3584936],[5.2980836,43.3584972],[5.2979728,43.3584864],[5.2978718,43.3584703],[5.2978168,43.3584725],[5.2977742,43.358453],[5.2977427,43.3584576],[5.2977128,43.3584679],[5.2968444,43.3583427],[5.2967545,43.3582983],[5.2966805,43.3582834],[5.2966458,43.3582937],[5.2966269,43.3583166],[5.2966017,43.3583052],[5.2966001,43.3582846],[5.2965812,43.3582731],[5.2964299,43.3582364],[5.296389,43.3582536],[5.296348,43.3582571],[5.2963228,43.3582387],[5.2962078,43.3582353],[5.2960848,43.3582353]]}},{"type":"Feature","properties":{},"geometry":{"type":"LineString","coordinates":[[5.3062396,43.3601747],[5.3063219,43.3601793],[5.3065149,43.3601592],[5.3066883,43.3601392],[5.3067632,43.3601392],[5.3068026,43.360122],[5.3069523,43.3601019],[5.3070665,43.3601076],[5.3071808,43.3600876],[5.3072951,43.3600761],[5.307429,43.3600618],[5.3076654,43.3600246],[5.3079136,43.3599873],[5.3081146,43.3599472],[5.3083392,43.3598985],[5.3087056,43.3598212],[5.3087962,43.359824],[5.3088632,43.3597839],[5.3090129,43.3597524],[5.3091705,43.3597209],[5.3093478,43.3596751],[5.3095172,43.3596235],[5.3098955,43.3594975],[5.3100767,43.359423],[5.3104116,43.3593084],[5.3104077,43.3592712],[5.3104865,43.3592311],[5.3105456,43.3592225],[5.310585,43.3592368],[5.3107859,43.3591365],[5.310979,43.3590535],[5.3112351,43.3589618],[5.3114045,43.3588902],[5.3115266,43.3588415],[5.3117,43.3587785],[5.3120073,43.3586352],[5.3121216,43.358555],[5.3121413,43.3585035],[5.312157,43.3583545],[5.3121964,43.3579649],[5.3122398,43.3578532],[5.3122792,43.3577844],[5.3123264,43.3577386],[5.3124368,43.3576842],[5.3125747,43.3576355],[5.3126889,43.3575839],[5.3127756,43.3575381],[5.312882,43.3574836],[5.3129529,43.3574808],[5.313012,43.3574464],[5.3130829,43.3574206],[5.3131367,43.3574069],[5.313175,43.3574377],[5.3132051,43.3575059]]}},{"type":"Feature","properties":{},"geometry":{"type":"LineString","coordinates":[[5.3163016,43.3567841],[5.3163259,43.3568009],[5.316342,43.3568267],[5.3163662,43.3568842],[5.3163242,43.3569088],[5.3162776,43.3569007],[5.3153769,43.3572538],[5.3144377,43.3576774],[5.313544,43.3580685],[5.3133445,43.3581507],[5.3132844,43.3581475],[5.3132325,43.3581066],[5.313274,43.3580533],[5.3135733,43.3579207]]}},{"type":"Feature","properties":{},"geometry":{"type":"LineString","coordinates":[[4.8993146,43.4167566],[4.9009001,43.4176009],[4.9020189,43.4182766],[4.9037459,43.4190529],[4.9054062,43.4198224],[4.9057335,43.4199646],[4.9058032,43.4201068],[4.9062039,43.4202931],[4.9065184,43.4201993],[4.9067611,43.4201858],[4.9072268,43.4200071],[4.907429,43.4199944],[4.9074397,43.4200868],[4.9066469,43.4204156],[4.9064519,43.4205883],[4.9065803,43.4210996],[4.9067393,43.4215738],[4.9068841,43.4219011],[4.907126,43.422021],[4.9069801,43.4222659],[4.9070102,43.4226082],[4.9073294,43.4229284],[4.9075683,43.4232351],[4.9075788,43.4233933],[4.9075094,43.4235789],[4.9073575,43.4237137],[4.9073256,43.4238603],[4.907442,43.4241238],[4.907571,43.4244593],[4.9077909,43.4247845],[4.907991,43.4249506],[4.9080938,43.4251485],[4.9083721,43.4253708],[4.9085927,43.4256297],[4.9086587,43.425808],[4.9085551,43.4258849],[4.9086088,43.4260446],[4.908792,43.426292],[4.9093142,43.4267108],[4.9096378,43.426942],[4.9100805,43.4271072],[4.9102797,43.427677],[4.911102,43.4281043],[4.9134086,43.4290136],[4.9201269,43.4313513],[4.9268289,43.432272],[4.9281742,43.4327036],[4.9293246,43.4329772],[4.9302438,43.4330905],[4.9302618,43.4330356],[4.9303194,43.4329781],[4.9303734,43.4330225],[4.9303806,43.4331035],[4.9314171,43.4331558],[4.9314499,43.4330563],[4.9314567,43.4330356],[4.9314927,43.4329807],[4.9315539,43.4330382],[4.9315575,43.4331218],[4.931921,43.4331297],[4.9325005,43.4332002],[4.9325846,43.4331782],[4.9326589,43.4330251],[4.932837,43.4328802],[4.9330152,43.4329729],[4.9337422,43.432931],[4.9341166,43.4329023],[4.9340878,43.432769],[4.9341361,43.432721],[4.9342065,43.4327376],[4.9342569,43.4328317],[4.9347896,43.4327847],[4.9352503,43.4326461],[4.9352215,43.4325468],[4.9352553,43.4325086],[4.9353295,43.4325207],[4.9353979,43.4325913],[4.9356246,43.4325677],[4.9360422,43.4324919],[4.9364777,43.4323874],[4.9364633,43.4323038],[4.936515,43.4322554],[4.9365784,43.4322776],[4.9366,43.4323482],[4.9367764,43.4323168],[4.9371795,43.4322306],[4.9375142,43.4321234],[4.9374782,43.4320372],[4.9375273,43.4319899],[4.9375898,43.4320162],[4.937669,43.4321312],[4.9380577,43.4320372],[4.9383277,43.43193],[4.9385256,43.4318124],[4.9384284,43.431734],[4.938432,43.4316895],[4.9385067,43.4316746],[4.9386493,43.4317441],[4.9389777,43.4315269],[4.9393764,43.4312632],[4.9397291,43.4308659],[4.9398887,43.430527],[4.9400854,43.4301967],[4.9402526,43.4298056],[4.9402546,43.4295093],[4.9400394,43.4292761],[4.9398299,43.4293316],[4.9396283,43.429193],[4.9395132,43.429227],[4.9394556,43.4292009],[4.9394808,43.4291172],[4.9396427,43.4290571],[4.9396823,43.4289316],[4.9396175,43.4288663],[4.9394668,43.4287316],[4.9390884,43.4286833],[4.9385234,43.4285945],[4.9384474,43.4285611],[4.9385005,43.4285088],[4.9395418,43.4286648],[4.9396276,43.4287867],[4.9397831,43.4287617],[4.9399347,43.4286648],[4.9400278,43.4285239],[4.9400778,43.4283432],[4.9400098,43.4281736],[4.9399163,43.4281736],[4.9397147,43.4282468],[4.9395831,43.4282549],[4.9383347,43.4277442],[4.9383343,43.4276479],[4.9392243,43.4267606],[4.9392814,43.4267323]]}},{"type":"Feature","properties":{},"geometry":{"type":"LineString","coordinates":[[5.3737518,43.295049],[5.3738199,43.294809],[5.3738577,43.2948156],[5.3739066,43.2946527],[5.3739117,43.2946361],[5.3739199,43.2946131],[5.3739691,43.2944531],[5.3739724,43.2944424],[5.3739749,43.2944343],[5.373998,43.2943591],[5.3739494,43.2943194],[5.3739294,43.2943029],[5.3739031,43.2942825],[5.3738957,43.2942765],[5.3738129,43.2942098],[5.373718,43.2941332],[5.3735242,43.294084],[5.3731841,43.2939962],[5.3729689,43.2939427],[5.3726418,43.293858],[5.3724932,43.2938203],[5.3721903,43.2937433],[5.3719832,43.2936906],[5.3716033,43.2935937],[5.371582,43.2935819],[5.3715798,43.2935692],[5.3715693,43.2935673],[5.3712471,43.2934895],[5.3712401,43.2934878],[5.3711411,43.2934633],[5.3711033,43.2934538],[5.371071,43.2934459],[5.3710631,43.2934435]]}},{"type":"Feature","properties":{},"geometry":{"type":"LineString","coordinates":[[5.3586286,43.2980703],[5.3587365,43.2979474]]}},{"type":"Feature","properties":{},"geometry":{"type":"LineString","coordinates":[[5.3469132,43.2838686],[5.346912,43.2838853],[5.3468918,43.2839146],[5.3468663,43.2839354],[5.3468446,43.2839577],[5.3468495,43.2839808],[5.3468353,43.2839835],[5.3468247,43.2839946],[5.3468105,43.2839962],[5.3467744,43.2840161],[5.3467333,43.2840304],[5.3467258,43.2840406],[5.3467002,43.2840468],[5.3466627,43.2840714],[5.3466526,43.2840716],[5.3466441,43.2840816],[5.3466259,43.2840882],[5.3466163,43.2840656],[5.3465851,43.2840134],[5.3465738,43.2839998],[5.3465452,43.2840006],[5.3465093,43.2839934],[5.3464983,43.2839956],[5.3464749,43.2839931],[5.3464704,43.2839878],[5.3464659,43.2839845],[5.3464683,43.2839786],[5.3464671,43.2839651],[5.3464655,43.2839551],[5.3464752,43.2839463],[5.3464811,43.2839062],[5.3464829,43.2838791],[5.3464763,43.2838742],[5.3464757,43.2838626],[5.3464798,43.2838486],[5.3464771,43.2838363],[5.3464584,43.2838128],[5.3464577,43.2837884],[5.3464553,43.2837826],[5.3464351,43.2837909],[5.3464275,43.2837993],[5.346428,43.2838089],[5.3464248,43.2838195],[5.3464182,43.2838254],[5.3463906,43.2838347],[5.3463807,43.2838327],[5.3463585,43.2838441],[5.3463528,43.2838387],[5.3463391,43.2838419],[5.3463198,43.2838434],[5.3463068,43.2838466],[5.3462644,43.2838407],[5.3462633,43.2838333],[5.3462358,43.2838163],[5.346235,43.2838098],[5.3462163,43.2838086],[5.3462333,43.2837935],[5.3462423,43.2837855],[5.3462486,43.2837519],[5.346294,43.283727],[5.3463013,43.2837167],[5.346304,43.283701],[5.346325,43.2836948],[5.3463328,43.2836904],[5.346355,43.2836821],[5.3463572,43.2836749],[5.3463936,43.2836555],[5.3464143,43.2836524],[5.346417,43.2836427],[5.346422,43.2836422],[5.3464288,43.2836397],[5.3464341,43.2836364],[5.3464359,43.283633],[5.3464974,43.2836348],[5.3465165,43.2836476],[5.3465264,43.2836459],[5.3465813,43.2836751],[5.3466352,43.2836933],[5.346638,43.2837015],[5.3466511,43.2837034],[5.3466602,43.2837088],[5.3466826,43.2837133],[5.3466989,43.2837225],[5.3467081,43.2837286],[5.3467196,43.2837402],[5.3467254,43.2837488],[5.3467372,43.2837501],[5.3467463,43.2837668],[5.3467597,43.2837702],[5.3467799,43.2837825],[5.3467951,43.2837878],[5.3468036,43.2837979],[5.3468124,43.283791],[5.3468325,43.2837897],[5.3468386,43.2838013],[5.3468452,43.2838089],[5.346846,43.2838196],[5.3468943,43.283865],[5.3469132,43.2838686]]}},{"type":"Feature","properties":{},"geometry":{"type":"LineString","coordinates":[[5.3466946,43.2836359],[5.3466591,43.2836225],[5.346628,43.2836072],[5.3466239,43.2835956],[5.3466162,43.2835834],[5.3466029,43.2835814],[5.3465944,43.2835661],[5.3465746,43.2835533],[5.3465798,43.2835485],[5.3465731,43.2835401],[5.346576,43.2835269],[5.3465724,43.2835195],[5.3465739,43.2835097],[5.3465823,43.2835005],[5.3465818,43.2834915],[5.346635,43.2835046],[5.3466466,43.2835153],[5.3466645,43.2835195],[5.3466681,43.2835264],[5.3466953,43.2835313],[5.3467054,43.2835373],[5.3467255,43.2835384],[5.3467528,43.283556],[5.3467727,43.2835643],[5.3467831,43.2835763],[5.3468418,43.283599],[5.3468479,43.2836163],[5.3468594,43.2836181],[5.3468583,43.2836212],[5.3468641,43.2836251],[5.3468676,43.2836296],[5.346861,43.2836362],[5.3468488,43.2836407],[5.3468499,43.2836464],[5.346845,43.2836473],[5.346838,43.2836439],[5.3468238,43.2836425],[5.3468088,43.2836348],[5.3467938,43.2836312],[5.3467975,43.2836381],[5.3468156,43.2836484],[5.3468203,43.2836607],[5.3468444,43.2836678],[5.3468527,43.2836807],[5.3468632,43.283695],[5.3468649,43.2836972],[5.3468763,43.2837036],[5.3468782,43.2837153],[5.3468839,43.2837202],[5.346873,43.2837201],[5.3468532,43.2837072],[5.3468403,43.2837089],[5.3468304,43.2837021],[5.3468039,43.2836728],[5.3467773,43.2836575],[5.3467601,43.2836432],[5.346733,43.2836291],[5.3467396,43.28362],[5.3466802,43.2835958],[5.3466783,43.2835887],[5.3466561,43.2835877],[5.3466505,43.2835903],[5.3466543,43.2835983],[5.3466693,43.2836017],[5.3466709,43.283603],[5.3466764,43.2836115],[5.3466946,43.2836182],[5.3466902,43.2836284],[5.3466962,43.283631],[5.3466946,43.2836359]]}},{"type":"Feature","properties":{},"geometry":{"type":"LineString","coordinates":[[5.3472055,43.2836807],[5.3471699,43.2836947],[5.3471591,43.2837007],[5.347147,43.2837005],[5.3471362,43.2836926],[5.3471298,43.2836829],[5.3471229,43.2836789],[5.347125,43.2836712],[5.3471123,43.2836638],[5.3471176,43.2836503],[5.3471323,43.283642],[5.3471331,43.2836277],[5.3471344,43.2836148],[5.347139,43.2835979],[5.3471458,43.2835799],[5.3471573,43.2835632],[5.347176,43.283559],[5.3471822,43.283552],[5.3471913,43.2835442],[5.3471739,43.2835408],[5.3471625,43.2835446],[5.3471606,43.2835362],[5.3471699,43.2835259],[5.3471966,43.2835166],[5.3472332,43.2835205],[5.3472889,43.2835291],[5.3473198,43.2835416],[5.3473347,43.283546],[5.3473548,43.2835519],[5.347364,43.2835613],[5.3473861,43.2835655],[5.347383,43.2835758],[5.3473748,43.2835937],[5.3473678,43.2836053],[5.3473663,43.2836183],[5.34736,43.283622],[5.3473229,43.2836229],[5.3473102,43.2836186],[5.3472934,43.2836276],[5.3472742,43.2836314],[5.347274,43.2836719],[5.3472667,43.2836811],[5.3472544,43.2836828],[5.3472447,43.2836828],[5.3472339,43.2836828],[5.3472175,43.2836816],[5.3472055,43.2836807]]}},{"type":"Feature","properties":{},"geometry":{"type":"LineString","coordinates":[[5.3450504,43.2788249],[5.3450521,43.2788349],[5.3450397,43.2788473],[5.3449868,43.2788739],[5.3449831,43.2788908],[5.3449063,43.2789176],[5.3449074,43.2789246],[5.344877,43.278934],[5.344876,43.2789391],[5.3448168,43.278965],[5.3447527,43.2789721],[5.3447283,43.2789701],[5.3447199,43.2789823],[5.3447132,43.2789821],[5.3446937,43.278994],[5.3447051,43.2790001],[5.3447273,43.2790021],[5.3447423,43.2790092],[5.3447665,43.2790104],[5.3447866,43.2790065],[5.3447655,43.2790011],[5.3447625,43.2789967],[5.3447769,43.2789913],[5.3448178,43.2789857],[5.3448443,43.2789852],[5.344859,43.2789953],[5.3448778,43.2790033],[5.3448993,43.2789928],[5.3449184,43.278995],[5.3449381,43.279015],[5.3449616,43.2790094],[5.3449663,43.279017],[5.344962,43.2790311],[5.3449663,43.279046],[5.3449968,43.2790536],[5.3449978,43.2790807],[5.3449633,43.2790912],[5.3449583,43.2790987],[5.344917,43.2791097],[5.3449264,43.2791205],[5.3449415,43.2791151],[5.3450052,43.2791012],[5.3450267,43.2791041],[5.34508,43.2790936],[5.34509,43.2791002],[5.3451065,43.2790997],[5.3451001,43.2791385],[5.3450803,43.2791554],[5.34508,43.2791668],[5.3450981,43.2791686],[5.3451065,43.2791573],[5.3451152,43.2791568],[5.3451239,43.2791712],[5.3451182,43.2791839],[5.3451011,43.2792064],[5.345078,43.2792232],[5.3450253,43.2792428],[5.3450183,43.2792264],[5.3449868,43.2792269],[5.3449643,43.2792384],[5.3449462,43.2792347],[5.3449268,43.2792569],[5.3449261,43.2792694],[5.3449609,43.2792777],[5.3449723,43.2792969],[5.344966,43.2793326],[5.3449569,43.2793453],[5.3449418,43.2793543],[5.3448969,43.2793626],[5.3448553,43.2793541],[5.344849,43.2793968],[5.3448711,43.2793946],[5.3448952,43.2794046],[5.3449264,43.2794109],[5.3449935,43.2794053],[5.3450156,43.2794146],[5.3450337,43.2794341],[5.3450247,43.2794419],[5.3450223,43.2794507],[5.3450485,43.2794634],[5.3450632,43.2794939],[5.3450538,43.279521],[5.3450314,43.2795322],[5.3449811,43.2795335],[5.344963,43.2795552],[5.3449348,43.2795794],[5.3448999,43.2795857],[5.3448926,43.2796047],[5.3448577,43.2796165],[5.3448342,43.2795986],[5.3448044,43.2796104],[5.3448376,43.2796443],[5.3448208,43.2796582],[5.3448168,43.2796846],[5.3448295,43.2796892],[5.3448325,43.2796948],[5.3448007,43.2797131],[5.3448038,43.2797232],[5.3447903,43.2797414],[5.3447759,43.279761],[5.3447618,43.2797627],[5.3447598,43.2797824],[5.3447269,43.2798188],[5.3447025,43.2798059],[5.3446894,43.2798086],[5.3446911,43.279832],[5.3446639,43.2798427],[5.3446542,43.2798366],[5.3446414,43.2798461],[5.3446351,43.2798508],[5.3445972,43.2798327],[5.3445891,43.279819],[5.3445958,43.2797971],[5.3445854,43.2797807],[5.344565,43.2797746],[5.3445529,43.2797793],[5.3445482,43.2797675],[5.3445328,43.2797656],[5.3445201,43.2797793],[5.3444936,43.2797827],[5.3444611,43.2797746],[5.3444463,43.27975],[5.3444252,43.2797419],[5.3444088,43.2797478],[5.3443987,43.2797383],[5.3443799,43.2797414],[5.3443487,43.27973],[5.3443306,43.2797317],[5.3442917,43.2797204],[5.3442686,43.2797346],[5.3442565,43.2797324],[5.3442428,43.2797363],[5.3442435,43.2797428],[5.3442288,43.2797482],[5.3442197,43.2797453],[5.3442062,43.2797202],[5.3441918,43.2797146],[5.3441801,43.2796992],[5.3441556,43.279697],[5.3441375,43.279688],[5.3441134,43.2796858],[5.3441221,43.2796733],[5.3441382,43.2796611],[5.3441469,43.2796304],[5.3441694,43.2796165],[5.3442314,43.2796194],[5.3442337,43.2795862],[5.3442612,43.2795764],[5.3442522,43.2795645],[5.3442274,43.2795676],[5.3442022,43.2795603],[5.3441938,43.279544],[5.3442203,43.2795283],[5.3442364,43.2795269],[5.344276,43.2795383],[5.3442958,43.2795398],[5.3443078,43.2795325],[5.3443051,43.2795261],[5.3442837,43.2795261],[5.3442753,43.2794954],[5.3442599,43.2794922],[5.3442606,43.2794783],[5.3442767,43.2794768],[5.3442984,43.2794561],[5.3443303,43.2794558],[5.3443598,43.2794461],[5.3444141,43.2794522],[5.3444215,43.2794436],[5.344458,43.2794434],[5.344515,43.2794353],[5.3445278,43.27943],[5.3445003,43.2794192],[5.3444755,43.2794139],[5.3444416,43.2794144],[5.3444,43.2794012],[5.3443752,43.2794107],[5.3443568,43.2794048],[5.3443528,43.2793992],[5.3443528,43.2793897],[5.344335,43.2793631],[5.3443055,43.2793555],[5.34428,43.2793619],[5.3442663,43.2793546],[5.3442549,43.2793394],[5.3442384,43.2793377],[5.3442334,43.2793336],[5.3442361,43.279324],[5.3442297,43.2793192],[5.3442056,43.2793206],[5.3441841,43.2793096],[5.3441627,43.2793077],[5.3441486,43.2792738],[5.344166,43.2792752],[5.3441606,43.2792638],[5.3441724,43.2792638],[5.3441945,43.2792457],[5.3442026,43.2792249],[5.3441908,43.2792193],[5.3441868,43.2792074],[5.3442019,43.2791957],[5.3441861,43.2791881],[5.3441898,43.2791791],[5.3442207,43.2791825],[5.3443115,43.2791498],[5.3443521,43.2791559],[5.3443608,43.2791649],[5.3443836,43.2791549],[5.344386,43.2791288],[5.3445197,43.2790909],[5.3445117,43.279066],[5.3445217,43.2790563],[5.3445147,43.2790509],[5.3445365,43.2790111],[5.3445543,43.2789996],[5.3445791,43.278996],[5.3446096,43.2789804],[5.344626,43.2789645],[5.3445994,43.2789538],[5.3445814,43.2789591],[5.3445398,43.278974],[5.3445251,43.2789682],[5.344506,43.2789472],[5.344508,43.2789394],[5.3445382,43.2789208],[5.3445335,43.278912],[5.3445318,43.2789069],[5.3445442,43.2789018],[5.3445465,43.2788849],[5.3445362,43.27888],[5.3445325,43.2788742],[5.3445429,43.2788705],[5.3445375,43.2788622],[5.3445382,43.2788578],[5.3445492,43.2788559],[5.3445492,43.2788493],[5.3445643,43.2788361],[5.3445841,43.2788288],[5.3445895,43.2788071],[5.3445818,43.278799],[5.3445968,43.2787885],[5.3446206,43.2787866],[5.3446448,43.2787783],[5.3446461,43.2787536],[5.3446572,43.2787272],[5.3446974,43.278729],[5.3447048,43.2787268],[5.3447025,43.2787146],[5.3446877,43.2787094],[5.3446716,43.278708],[5.3446612,43.2787033],[5.3446699,43.278697],[5.344683,43.2786928],[5.3446753,43.2786889],[5.3446696,43.2786765],[5.3446823,43.2786701],[5.3446827,43.278667],[5.3446646,43.2786682],[5.3446545,43.278663],[5.3446582,43.2786528],[5.3447145,43.2786445],[5.3447494,43.2786269],[5.3447876,43.278625],[5.3448121,43.2786281],[5.3448118,43.2786228],[5.3447977,43.2786167],[5.3448097,43.2786062],[5.3448272,43.2786076],[5.3448252,43.278591],[5.3448698,43.2785906],[5.3449009,43.2786103],[5.3448818,43.278624],[5.3448929,43.2786425],[5.3449184,43.2786562],[5.3449452,43.2786533],[5.3449573,43.2786689],[5.3449804,43.2786774],[5.3449978,43.2787009],[5.344978,43.2787131],[5.3449382,43.2787126],[5.3449257,43.2787185],[5.3449093,43.2787158],[5.3448791,43.2787248],[5.3448808,43.2787292],[5.3449063,43.2787243],[5.3449455,43.2787268],[5.3449479,43.2787309],[5.3449341,43.2787402],[5.3449345,43.2787426],[5.3449532,43.2787424],[5.3449774,43.2787592],[5.3449901,43.2787602],[5.3449878,43.2787712],[5.3450076,43.2787697],[5.3450408,43.2787942],[5.3450504,43.2788249]]}},{"type":"Feature","properties":{},"geometry":{"type":"LineString","coordinates":[[5.3447324,43.2779178],[5.3446869,43.2779149],[5.34466,43.2779158],[5.3446467,43.2779162],[5.3446404,43.2779109],[5.3446439,43.2779024],[5.3446445,43.2778832],[5.3446062,43.2778718],[5.3445766,43.2778835],[5.3445465,43.277886],[5.3445304,43.2778879],[5.3445144,43.2778875],[5.344497,43.2778879],[5.3444801,43.2778854],[5.3444591,43.2778728],[5.3444408,43.2778606],[5.3444277,43.2778482],[5.3443983,43.2778372],[5.3443695,43.2778333],[5.3443266,43.2778328],[5.3442898,43.277852],[5.3442679,43.2778542],[5.3442398,43.2778537],[5.3442177,43.2778528],[5.3441954,43.277853],[5.3441762,43.2778477],[5.3441508,43.27784],[5.3441434,43.2778282],[5.3441395,43.2778202],[5.3441287,43.2778133],[5.3441196,43.2778067],[5.344108,43.2778006],[5.3440977,43.2777844],[5.3440845,43.2777654],[5.3440575,43.2777487],[5.3440329,43.2777517],[5.344013,43.2777537],[5.3439988,43.2777502],[5.3439879,43.277741],[5.3439741,43.2777354],[5.3439576,43.2777323],[5.3439457,43.27772],[5.3439242,43.2777122],[5.3439068,43.2776995],[5.3439014,43.2776853],[5.3439001,43.277679],[5.3439066,43.2776699],[5.3439116,43.2776633],[5.3439017,43.2776462],[5.3438886,43.2776255],[5.3438712,43.2775969],[5.343833,43.2775843],[5.3438058,43.2775867],[5.3437853,43.2775699],[5.3437703,43.277554],[5.3437377,43.2775336],[5.3437225,43.2775251],[5.3437411,43.2774714],[5.3437329,43.2774483],[5.3437343,43.2774248],[5.3436899,43.2774152],[5.3436614,43.2774028],[5.3436342,43.2773916],[5.3436155,43.2773792],[5.3436164,43.2773579],[5.3436155,43.2773519],[5.3436121,43.2773454],[5.3436091,43.277343],[5.3436067,43.2773381],[5.3436057,43.2773293],[5.3436081,43.2773098],[5.3436134,43.2773076],[5.3436148,43.2773],[5.3436232,43.2772888],[5.3436299,43.2772873],[5.3436379,43.277293],[5.3436476,43.2772976],[5.3436624,43.2773044],[5.3436758,43.2773098],[5.3436879,43.2773113],[5.3436972,43.2773047],[5.3436905,43.2772976],[5.3436955,43.2772833],[5.3437016,43.2772567],[5.3436928,43.2772455],[5.3437056,43.2772043],[5.343735,43.2771938],[5.3437602,43.2771931],[5.343772,43.2771809],[5.3437827,43.2771714],[5.3437915,43.2771702],[5.3437965,43.2771758],[5.3437921,43.2771858],[5.3437861,43.2771973],[5.3437975,43.2771985],[5.3438146,43.2772056],[5.3438283,43.2772065],[5.3438431,43.2771997],[5.3438555,43.2771934],[5.3438659,43.2771997],[5.3438736,43.277217],[5.343887,43.2772275],[5.3439041,43.2772365],[5.343913,43.2772491],[5.3439206,43.2772606],[5.3439219,43.2772693],[5.3439313,43.2772712],[5.3439419,43.2772677],[5.3439397,43.2772585],[5.3439323,43.27725],[5.3439286,43.2772441],[5.343934,43.2772378],[5.3439454,43.2772388],[5.3439611,43.2772449],[5.3439742,43.2772546],[5.3439893,43.2772532],[5.3440027,43.277251],[5.3440221,43.2772454],[5.3440355,43.2772427],[5.3440459,43.2772493],[5.344052,43.2772607],[5.3440563,43.2772688],[5.3440677,43.2772678],[5.3440779,43.277263],[5.3440972,43.2772485],[5.3441103,43.2772358],[5.3441254,43.2772271],[5.3441375,43.2772253],[5.3441522,43.2772293],[5.3441683,43.2772385],[5.3441764,43.27725],[5.3441757,43.2772585],[5.3441878,43.2772656],[5.3442028,43.2772715],[5.3442036,43.2772779],[5.3442158,43.2772852],[5.3442221,43.2772931],[5.3442328,43.2772987],[5.3442411,43.2773074],[5.3442466,43.2773147],[5.3442471,43.2773325],[5.3442582,43.2773469],[5.3442699,43.2773511],[5.3442821,43.2773503],[5.3443001,43.2773496],[5.3443316,43.2773523],[5.3443573,43.2773709],[5.3443735,43.2773857],[5.3443837,43.2773895],[5.3444,43.2773894],[5.3444114,43.277407],[5.3444258,43.2774155],[5.344439,43.2774263],[5.3444444,43.277437],[5.3444509,43.2774629],[5.3444543,43.2774807],[5.3444613,43.2775009],[5.344465,43.2775204],[5.3444717,43.2775327],[5.3444698,43.2775432],[5.3444742,43.2775531],[5.3444889,43.2775615],[5.3445085,43.2776017],[5.3444976,43.2776052],[5.3444994,43.2776338],[5.3445114,43.2776398],[5.3445108,43.2776591],[5.344533,43.2776653],[5.3445602,43.2776598],[5.3445824,43.2776606],[5.3446042,43.2776662],[5.3446027,43.2776855],[5.3445845,43.2776889],[5.3445917,43.2777141],[5.3445901,43.2777184],[5.3446379,43.2777136],[5.3446504,43.2777331],[5.3446579,43.2777465],[5.3446681,43.2777647],[5.3446689,43.2777678],[5.3446535,43.2777747],[5.3446334,43.2777818],[5.3446681,43.277794],[5.3446799,43.2778059],[5.3446936,43.2778125],[5.3447061,43.2778007],[5.3447162,43.2777923],[5.3447302,43.277802],[5.3447249,43.2778431],[5.344706,43.277851],[5.3447361,43.2778634],[5.3447379,43.2778765],[5.3447255,43.2778795],[5.3447324,43.2779178]]}},{"type":"Feature","properties":{},"geometry":{"type":"LineString","coordinates":[[5.3680712,43.2686361],[5.3680328,43.268542],[5.3680568,43.2684148],[5.3680439,43.2683561],[5.3680656,43.2682962],[5.3681913,43.2680633]]}},{"type":"Feature","properties":{},"geometry":{"type":"LineString","coordinates":[[5.3351773,43.3368639],[5.3389686,43.3350002],[5.3394109,43.3347489]]}},{"type":"Feature","properties":{},"geometry":{"type":"LineString","coordinates":[[5.5098469,43.1977727],[5.5099521,43.1977078],[5.5101179,43.1977914],[5.5101964,43.1978584],[5.510476,43.1979757],[5.5105965,43.1979571],[5.5106581,43.1982497],[5.510821,43.1982958],[5.5108633,43.1985213],[5.5111177,43.198852],[5.5112275,43.1991361],[5.511166,43.1992143],[5.511229,43.1993957],[5.5114705,43.1994351],[5.5116384,43.1995309],[5.5116192,43.1996043],[5.5117449,43.199775],[5.5119467,43.1999124],[5.5120436,43.1999784],[5.5121392,43.2000435],[5.5122201,43.2000986],[5.5123191,43.2001083],[5.5123061,43.2002342],[5.512305,43.2002453],[5.5123013,43.2002812],[5.5122935,43.2003566],[5.5122837,43.2004523],[5.5122963,43.2004706],[5.51228,43.2004811],[5.5122649,43.2004826],[5.5122505,43.2005084],[5.5122369,43.2005229],[5.5122319,43.2005229],[5.512218,43.2005141],[5.5122123,43.2005206],[5.512225,43.2005241],[5.5122264,43.2005354],[5.512221,43.2005386],[5.5122272,43.2005447],[5.5122267,43.2005569],[5.5122203,43.2005681],[5.512218,43.2005847],[5.5122393,43.200602],[5.5122644,43.200643],[5.5123016,43.2006865],[5.5123021,43.2006952],[5.5123063,43.2006979],[5.512345,43.2007409],[5.5123804,43.200767],[5.5124585,43.2008278],[5.5124605,43.2008383],[5.5124646,43.2008439],[5.5124659,43.2008559],[5.5124552,43.2008588],[5.5124535,43.200863],[5.5124582,43.2008662],[5.5124592,43.2008725],[5.5124518,43.2008777],[5.5124579,43.2008852],[5.5124528,43.2009019],[5.5124575,43.2009119],[5.5124555,43.2009256],[5.5124478,43.2009261],[5.5124156,43.2009581],[5.5124133,43.2009679],[5.5124428,43.2009671],[5.5124676,43.2009527],[5.5124729,43.2009397],[5.5124911,43.2009248],[5.5124978,43.2009287],[5.5125045,43.2009102],[5.5125105,43.2009109],[5.5125202,43.2008955],[5.5125296,43.2008933],[5.512535,43.2008855],[5.512605,43.2008439],[5.512649,43.2008266],[5.5127043,43.2008129],[5.5127204,43.2008131],[5.5127257,43.2008083],[5.5127506,43.200808],[5.5127697,43.2008161],[5.512775,43.2008241],[5.5127724,43.2008325],[5.5127341,43.2008593],[5.5127972,43.2008464],[5.512819,43.2008518],[5.5128414,43.2008518],[5.5128689,43.2008579],[5.5128931,43.2008391],[5.5129172,43.2008298],[5.5129464,43.2008119],[5.5129779,43.2008043],[5.5129846,43.2007999],[5.5130081,43.200796],[5.5130111,43.2008046],[5.5129903,43.2008219],[5.5129809,43.2008369],[5.5130091,43.2008522],[5.5130154,43.2008356],[5.5130245,43.2008246],[5.5130456,43.2008244],[5.513065,43.2008461],[5.5130674,43.2008606],[5.5130429,43.2008652],[5.5130661,43.2008994],[5.5130748,43.2009246],[5.5130661,43.2009336],[5.5130547,43.2009297],[5.5130788,43.2009784],[5.5130718,43.2009901],[5.5130822,43.201048],[5.5132035,43.2013947]]}},{"type":"Feature","properties":{},"geometry":{"type":"LineString","coordinates":[[5.5561478,43.1884732],[5.5564654,43.1882479],[5.5567486,43.1878474],[5.5568945,43.1874093],[5.5572207,43.186746],[5.5575468,43.1866834],[5.5580679,43.1862085]]}},{"type":"Feature","properties":{},"geometry":{"type":"LineString","coordinates":[[5.5391691,43.2090664],[5.5391956,43.2090591],[5.5392757,43.2091247],[5.5393193,43.2091324],[5.539377,43.2091606],[5.5394529,43.2092097],[5.5395504,43.2092653],[5.5396616,43.2093182],[5.5397558,43.2093417],[5.5398882,43.2093648],[5.5400012,43.2094051],[5.5400681,43.2094687],[5.5401606,43.2095078],[5.5402142,43.2095492],[5.5402846,43.2095866],[5.5403642,43.2095825],[5.540425,43.209607],[5.5404908,43.2096796],[5.540587,43.209727],[5.5406926,43.2097906],[5.5408088,43.20976],[5.5408886,43.2097893],[5.5409381,43.2098314],[5.5409886,43.2098765],[5.5410635,43.2099202],[5.5412292,43.2099727],[5.5413574,43.2100637],[5.5415578,43.2100832],[5.5416173,43.2101546],[5.5418968,43.2101768],[5.5421039,43.210132],[5.5421948,43.2101407],[5.5423306,43.2101357],[5.5424035,43.2101109],[5.5425124,43.2100745],[5.5425938,43.210059],[5.542677,43.2100596],[5.5427791,43.2100955],[5.5428788,43.2101308],[5.5430052,43.2101784],[5.5431396,43.2102229],[5.5432402,43.2102462],[5.5433531,43.2103266],[5.5436724,43.2102977],[5.5438191,43.2103281],[5.5440027,43.2103789],[5.5441702,43.2104188],[5.544309,43.2104381],[5.5443683,43.2104507],[5.5444173,43.2104678],[5.5445612,43.2104607],[5.544637,43.210415],[5.5446657,43.2104339],[5.5445709,43.2104908],[5.5444224,43.2104949],[5.544425,43.2105686],[5.5444878,43.210582],[5.5446203,43.2106308],[5.5447461,43.210686],[5.5449485,43.2106839],[5.5450722,43.2106619],[5.5450943,43.2106516]]}},{"type":"Feature","properties":{},"geometry":{"type":"LineString","coordinates":[[5.5161161,43.2053924],[5.5160928,43.2052386],[5.516083,43.2051222],[5.5160044,43.2049637],[5.5159304,43.2049669],[5.5157661,43.2049235],[5.5156946,43.2049207],[5.515297,43.204694],[5.5145902,43.2045258],[5.514358,43.2043103],[5.5143869,43.2042325],[5.514254,43.2041615],[5.5138581,43.2040716],[5.5139368,43.2040341],[5.5140017,43.20398],[5.5140337,43.2039117],[5.5140944,43.2038747],[5.5141228,43.203827],[5.5141255,43.203773],[5.5141133,43.20371],[5.5141497,43.2036516],[5.5141315,43.2035865],[5.5141115,43.2035283],[5.5142386,43.2034697],[5.514321,43.2033825],[5.5146372,43.2032355],[5.5147511,43.2031454],[5.5150765,43.2030037],[5.5152561,43.2030532],[5.5153961,43.2032107],[5.5157172,43.2033528],[5.5158331,43.203522],[5.5160618,43.2035947],[5.5162437,43.2038394],[5.5165541,43.2038816],[5.5166259,43.2039999],[5.5166931,43.2040328],[5.5168356,43.2043232],[5.5170374,43.2044569],[5.5172173,43.2044831],[5.5172433,43.2045463],[5.5173132,43.2045525],[5.5173698,43.2047247],[5.5174685,43.2047366],[5.5174874,43.2046737],[5.5175379,43.2046698],[5.5175717,43.2047645],[5.5176386,43.2047884],[5.5177439,43.2049166],[5.517879,43.2049829],[5.5180281,43.2050552],[5.5182418,43.205044],[5.518308,43.2051139],[5.5184424,43.2050447],[5.5185039,43.2049954],[5.5187511,43.205217],[5.5189173,43.2051891],[5.5190153,43.2050183],[5.5192538,43.2049316],[5.5193709,43.2049407],[5.519516,43.2050539],[5.5195682,43.2051557],[5.5197233,43.2051228],[5.5198554,43.2051599],[5.519967,43.2052581],[5.5199368,43.2053183],[5.5199745,43.2053758],[5.5198575,43.205418],[5.5198716,43.2054362],[5.519992,43.2054036],[5.5201991,43.2054321],[5.5202866,43.2054695],[5.5203213,43.2055131],[5.5205982,43.2055773],[5.5207157,43.2056467],[5.5207777,43.2057548],[5.5210716,43.2058644],[5.5210946,43.2059663],[5.521166,43.2060396],[5.5211169,43.2062472],[5.5211669,43.2063098],[5.5213118,43.2064302],[5.5212868,43.2066466]]}},{"type":"Feature","properties":{},"geometry":{"type":"LineString","coordinates":[[5.5300771,43.2109603],[5.5301121,43.2110827],[5.5300936,43.2111172],[5.5300898,43.2112449],[5.5300493,43.2112955],[5.5300401,43.2113846],[5.5300072,43.2114403],[5.5300075,43.2114755],[5.5299527,43.2115337],[5.5299488,43.2115529],[5.5299549,43.2115747],[5.5299891,43.2115899],[5.5300392,43.2115813],[5.5300775,43.2115981],[5.5301693,43.2116074],[5.530251,43.211642],[5.5302967,43.2116741],[5.5304057,43.2116698],[5.5305282,43.2116902],[5.5305981,43.2117174],[5.5306935,43.2117046],[5.5307264,43.211709],[5.5307951,43.2117607],[5.5308277,43.2117598],[5.5308525,43.2117823],[5.5308983,43.2117864],[5.5309291,43.211798],[5.5309728,43.2118224],[5.5309949,43.2118707],[5.5310135,43.2118838],[5.5310431,43.2118574],[5.5310912,43.2118727],[5.53116,43.2118642],[5.531175,43.211887],[5.5311808,43.2119178],[5.5311982,43.2119084],[5.5312186,43.2118947],[5.5312273,43.2119201],[5.5312334,43.2119736],[5.5312814,43.2120324],[5.5312813,43.2121242],[5.5312176,43.212182],[5.5312164,43.212222],[5.5312443,43.2122546],[5.5312384,43.2122822],[5.5312114,43.2123191],[5.5311728,43.2123113],[5.5311362,43.2123477],[5.5310843,43.2123554],[5.5310708,43.2123866],[5.5310856,43.2124027],[5.5310538,43.2124131],[5.5310349,43.2124606],[5.5309034,43.2125367],[5.5308983,43.2125759],[5.530874,43.2125896],[5.5308753,43.2126041],[5.5308304,43.212641],[5.530969,43.2128077],[5.5311391,43.2129326],[5.5312887,43.2129949],[5.5315663,43.2131105],[5.5317067,43.2131705],[5.531877,43.2131724],[5.531897,43.2131295],[5.5319221,43.2130583],[5.531994,43.213003],[5.5321134,43.21294],[5.532159,43.2129528],[5.5322327,43.213013],[5.5323089,43.2130278],[5.5323482,43.2129829],[5.5323136,43.2129335],[5.5323356,43.2129144],[5.5323754,43.2129157],[5.5324551,43.2129438],[5.5325206,43.2129807],[5.5325772,43.2130333],[5.532569,43.2131478],[5.5326344,43.2132298],[5.5325877,43.2133356],[5.5326401,43.2134192],[5.5327307,43.2134459],[5.5327776,43.2134914],[5.5328408,43.2135778],[5.5329519,43.2136587],[5.5331045,43.2137396],[5.5334902,43.2137906],[5.5336737,43.2137174],[5.5337148,43.2137228],[5.5338181,43.2137496],[5.5338168,43.2138016],[5.5338407,43.2138393],[5.5338478,43.2138826],[5.5338172,43.2138985],[5.5338248,43.2139372],[5.5338599,43.2139586],[5.5338908,43.2139243],[5.5338833,43.2138844],[5.5339359,43.213884],[5.534128,43.2138315],[5.5341433,43.2137798],[5.534249,43.2137774],[5.5343671,43.2138522],[5.5344254,43.2139071],[5.5345171,43.213945],[5.5348867,43.214046],[5.5349857,43.2140373],[5.5350281,43.2140611],[5.5350579,43.2140336],[5.5350359,43.2137653],[5.535069,43.2137505],[5.5351066,43.2137569],[5.5351662,43.2139742],[5.5351568,43.214068],[5.5351897,43.2140971],[5.535284,43.2141637],[5.5353746,43.2142643],[5.5353931,43.2142748],[5.5357253,43.2144637],[5.5358663,43.2141338],[5.5358927,43.2141402],[5.5357505,43.2144703],[5.5359443,43.2145327],[5.536115,43.2142024],[5.5361389,43.2142082],[5.5359723,43.2145396],[5.536208,43.2146044],[5.5363769,43.2142706],[5.5364034,43.2142782],[5.5362354,43.2146132],[5.5364295,43.2146619],[5.5365041,43.2146085],[5.5366341,43.2143569],[5.5366607,43.2143657],[5.5365586,43.2146231],[5.5368097,43.2146845],[5.5370603,43.2147393],[5.5375673,43.2144811],[5.5376122,43.2144369],[5.537517,43.2143634],[5.5375357,43.2143455],[5.5375695,43.2143386],[5.5376287,43.2143793],[5.538169,43.2140885],[5.5381865,43.2140636],[5.5382023,43.2140275],[5.5380804,43.2139195],[5.5378999,43.2138125],[5.5375883,43.2136436],[5.5373417,43.2135158],[5.5371318,43.2136702],[5.5370737,43.2136929],[5.5371756,43.2141293],[5.5371319,43.2141733],[5.5370469,43.2141806],[5.5370078,43.2141432],[5.5369072,43.2137178],[5.5365177,43.2136086],[5.536327,43.2139448],[5.5362897,43.2139333],[5.536492,43.2135986],[5.536124,43.2134833],[5.5359324,43.2138189],[5.535905,43.2138084],[5.5360981,43.2134721],[5.5357876,43.2133796],[5.5355953,43.2137165],[5.5355663,43.2137083],[5.5357644,43.2133713],[5.5355044,43.2132935],[5.5353646,43.2135311],[5.5354187,43.2135516],[5.535406,43.2135746],[5.5352784,43.2135347],[5.5352949,43.2135086],[5.5353389,43.2135223],[5.5354746,43.2132854],[5.5351148,43.2131704],[5.5350178,43.2132167],[5.5350072,43.2135228],[5.5349901,43.2135388],[5.5349467,43.2135501],[5.5349186,43.2135122],[5.5349393,43.2131993],[5.5345498,43.2131966],[5.5341633,43.2132374],[5.5340636,43.2133928],[5.5339701,43.2133595],[5.5340043,43.213221],[5.5337985,43.2130737],[5.5337665,43.2130395],[5.5337499,43.213003],[5.5337525,43.2129749],[5.5337725,43.2129529],[5.5338084,43.2129393],[5.5338482,43.2129352],[5.5338909,43.2129418],[5.5339357,43.2129566],[5.5339823,43.2129761],[5.5340602,43.212984],[5.5345385,43.2129532],[5.5346218,43.2129711],[5.5346904,43.21299],[5.534774,43.2129822],[5.5349412,43.2129554],[5.5350545,43.2129254],[5.5351677,43.2128924],[5.5354663,43.2128845],[5.5357451,43.212932],[5.5360162,43.2129737],[5.5362107,43.2129825],[5.5364023,43.2130003],[5.53661,43.2129854],[5.537171,43.2128635],[5.5376101,43.2126932],[5.5378781,43.2125958],[5.5380696,43.2125235],[5.5381943,43.2124568],[5.5382862,43.2124221],[5.5384153,43.2123322],[5.5383735,43.212333],[5.5384245,43.2123187],[5.5383968,43.2123034],[5.5383505,43.212291],[5.5383372,43.2122557],[5.5383363,43.2122068],[5.5383131,43.2121848],[5.5383296,43.2121575],[5.5383259,43.2121344],[5.5382195,43.2120951],[5.5382137,43.2120631],[5.5382647,43.2119806],[5.5383225,43.2119795],[5.5383571,43.2119714],[5.5383832,43.2119402],[5.5383998,43.2119147],[5.5384413,43.2118986],[5.5384977,43.2118875],[5.5385239,43.2118587],[5.5385337,43.211812],[5.5385645,43.2117646],[5.5386073,43.2117097],[5.5386263,43.211655],[5.5386348,43.2116154],[5.5385989,43.2115371],[5.5386023,43.2115084],[5.5387166,43.2114068],[5.5387325,43.211367],[5.5387176,43.2113335],[5.5387024,43.2113077],[5.5387177,43.2112727],[5.5387454,43.2112266],[5.5387904,43.2111854],[5.5389208,43.2110785],[5.5389659,43.2110379],[5.5389799,43.2109642],[5.5390287,43.2109157],[5.5390018,43.2109004],[5.5389909,43.2108793],[5.5389919,43.2108518],[5.5390258,43.2108306],[5.5390518,43.2107977],[5.5390341,43.2107719],[5.5390347,43.2107379],[5.5390668,43.2107275],[5.539107,43.210749],[5.5391511,43.2107495],[5.5391724,43.2107215],[5.5391784,43.2106653],[5.5392138,43.2105809],[5.5392057,43.2105364],[5.5392048,43.2104893],[5.5392274,43.2104529],[5.5392169,43.2103626],[5.5392286,43.2103223],[5.5392614,43.210266],[5.5393299,43.2102205],[5.5394236,43.210082],[5.5394356,43.2100017],[5.5394383,43.2099456],[5.539418,43.209886],[5.5394305,43.2098296],[5.5394873,43.2097785],[5.5394962,43.2096859],[5.539525,43.2096451],[5.5395776,43.2096073],[5.5395516,43.2095633],[5.5395243,43.209495],[5.5394991,43.2093878],[5.5393952,43.2092882],[5.5392336,43.2091382],[5.5391903,43.209098],[5.5391787,43.2090807],[5.5391691,43.2090664]]}},{"type":"Feature","properties":{},"geometry":{"type":"LineString","coordinates":[[5.3362381,43.2149815],[5.3362139,43.2149704],[5.3361903,43.214935],[5.336166,43.2149482],[5.3361639,43.214962],[5.3361228,43.2149778],[5.3360795,43.214964],[5.3360359,43.2149306],[5.3360316,43.214902],[5.3360633,43.2148887],[5.3360714,43.2148744],[5.3361045,43.2148769],[5.3361152,43.2148525],[5.3361686,43.2148595],[5.336245,43.2147994],[5.3363146,43.2147701],[5.336451,43.2147543],[5.336501,43.2147307],[5.3365786,43.2147302],[5.3364905,43.2146922],[5.3364468,43.2146958],[5.3364325,43.2146626],[5.3364203,43.2146164],[5.336479,43.2146027],[5.3365081,43.2146233],[5.336578,43.2146322],[5.3365613,43.2145842],[5.3365729,43.2145593],[5.3365446,43.2145327],[5.3365459,43.2145091],[5.336581,43.2145356],[5.3366108,43.2145386],[5.3366983,43.2145281],[5.3366605,43.2144641],[5.3366144,43.2144162],[5.3366069,43.2143708],[5.3366445,43.2143348],[5.3366822,43.2143381],[5.3367316,43.2142918],[5.336701,43.2142377],[5.336812,43.2141685],[5.3368551,43.2140858],[5.3368161,43.2140385],[5.3368388,43.2139568],[5.336885,43.2139017],[5.3369242,43.2138294],[5.3369707,43.2137039],[5.3370416,43.2136398],[5.337166,43.2135964],[5.3373066,43.2135415],[5.3373461,43.213546]]}},{"type":"Feature","properties":{},"geometry":{"type":"LineString","coordinates":[[5.3527298,43.2334184],[5.3526222,43.2334812],[5.3525848,43.2334713],[5.352212,43.2331081],[5.3519379,43.232794],[5.3518099,43.232639],[5.3516724,43.2325582],[5.3515704,43.2325738],[5.3514724,43.2325229],[5.3513893,43.232539]]}},{"type":"Feature","properties":{},"geometry":{"type":"LineString","coordinates":[[5.0881383,43.3329987],[5.088172,43.3330011],[5.0884613,43.3330213],[5.0886084,43.3329084],[5.0886539,43.3328734],[5.0887681,43.3327529],[5.0887998,43.332731],[5.0888299,43.3326989],[5.0888855,43.3326863],[5.089077,43.3326936],[5.0891355,43.3326835],[5.0892138,43.3326606],[5.0893379,43.3326481],[5.0894039,43.3326622],[5.0894744,43.3326536],[5.0896768,43.3325958],[5.0897486,43.3325901],[5.0898022,43.3325898],[5.0898791,43.3325925],[5.0899419,43.3326022],[5.0900267,43.3326001],[5.090056,43.3325979],[5.0901104,43.3325804],[5.0901395,43.3325538],[5.0902343,43.3325665],[5.0903525,43.3325628],[5.0903417,43.3325463],[5.0903316,43.3325406],[5.0903218,43.332512],[5.0903405,43.3325053],[5.0904583,43.3325209],[5.0907075,43.3325142],[5.0907506,43.3325235],[5.0908282,43.3325154],[5.0909334,43.3325267],[5.0909915,43.3325271],[5.0910077,43.3325198],[5.0910002,43.3325055],[5.0910055,43.3324927],[5.091016,43.3324823],[5.0910683,43.3324815],[5.091133,43.3324911],[5.0912731,43.3325041],[5.0913236,43.3325071],[5.0914166,43.3324957],[5.0914786,43.3324828],[5.0917647,43.3324912],[5.0917757,43.332442],[5.0917937,43.3324183],[5.0917934,43.3323819],[5.0918183,43.3323238],[5.0919257,43.332314],[5.0920781,43.3322389],[5.0922204,43.3322502],[5.0922745,43.3323245],[5.0922715,43.3324749],[5.0924042,43.3324739],[5.0925316,43.3324413],[5.0924844,43.3323819],[5.0925226,43.3323074],[5.0925735,43.3323037],[5.0925474,43.3322631],[5.0925529,43.3322336],[5.0926963,43.332158],[5.0928792,43.3321206],[5.0929103,43.3320817],[5.0928892,43.3320273],[5.0929888,43.3319781],[5.0930259,43.3319939],[5.0931323,43.3319155],[5.0932419,43.3319209],[5.0933604,43.3319065],[5.0932237,43.3318455],[5.0931526,43.33183],[5.0931276,43.3317684],[5.0931543,43.331748],[5.0932471,43.3317476],[5.093313,43.3317703],[5.0933726,43.3317573],[5.0933973,43.3316654],[5.0936189,43.3316731],[5.0937805,43.3316342],[5.0939802,43.3314143],[5.0939044,43.3313827],[5.0939152,43.3313569],[5.0940945,43.3313566],[5.0941452,43.331291],[5.0941299,43.3311992],[5.094165,43.3311767],[5.0941417,43.3311224],[5.0941736,43.3310948],[5.0941604,43.3310614],[5.0941122,43.3310352],[5.0941127,43.331003],[5.0941642,43.3309668],[5.0941429,43.3308969],[5.0941562,43.3308758],[5.0941353,43.3308109],[5.0941909,43.3307413],[5.0942629,43.3306908],[5.0942664,43.3306601],[5.0942478,43.3306317],[5.0942817,43.3305631],[5.0943485,43.3304651],[5.0943826,43.3303466],[5.0943137,43.3302928],[5.0942833,43.3302953],[5.094255,43.3302633],[5.0943113,43.3302329],[5.0943761,43.3301922],[5.0946309,43.3301616],[5.0948001,43.3301246],[5.0948544,43.3301448],[5.0948943,43.3301387],[5.0949168,43.3300584],[5.094912,43.3300176],[5.0950362,43.3299676],[5.0950232,43.3299363],[5.0952421,43.3298707],[5.0953341,43.3298748],[5.0954127,43.3298689],[5.0954814,43.3298553],[5.095587,43.3298778],[5.0957515,43.329928],[5.0960379,43.3297955],[5.0961183,43.3297363],[5.0961784,43.3295817],[5.0961269,43.3294454],[5.0960237,43.3293643],[5.0958032,43.329251],[5.0956484,43.3292425],[5.0955582,43.3292295],[5.0955097,43.3292156],[5.095467,43.3292186],[5.0954283,43.3292148],[5.095364,43.3292202],[5.0953469,43.3292124],[5.0953465,43.3292048],[5.0953838,43.329177],[5.0954017,43.3291576],[5.0954002,43.3291464],[5.0953304,43.3291267],[5.0953243,43.3291119],[5.0953354,43.3290998],[5.0954208,43.3290869],[5.0954284,43.329075],[5.0954068,43.3290567],[5.0953597,43.3290491],[5.095311,43.3290437],[5.095257,43.3290232],[5.0951475,43.3290032],[5.0951051,43.328989],[5.0950681,43.328971],[5.0950699,43.3289434],[5.095077,43.3289149],[5.0950245,43.32884],[5.0950211,43.3288143],[5.0950029,43.3287875],[5.0950184,43.3287761],[5.0950831,43.3287621],[5.0951343,43.3287433],[5.095168,43.3287217],[5.0951991,43.3286974],[5.0952087,43.3286721],[5.0952508,43.3286488],[5.0953448,43.3286213],[5.095365,43.328607],[5.0954704,43.3285942],[5.0954818,43.3286072],[5.0954885,43.3286256],[5.0955111,43.3286292],[5.0955445,43.32862],[5.095587,43.3286369],[5.0956145,43.3286375],[5.0956398,43.3286474],[5.0956772,43.3286634],[5.0957125,43.3286431],[5.0957336,43.3286257],[5.0957598,43.3286362],[5.0958006,43.328627],[5.0958867,43.3285711],[5.0959044,43.328568],[5.0959319,43.3285644],[5.0959888,43.3285803],[5.0961102,43.3285896],[5.0961781,43.328587],[5.0962166,43.3285824],[5.0963774,43.3285821],[5.09639,43.3285898],[5.0963998,43.3286063],[5.0964394,43.3286345],[5.0964712,43.3286432],[5.0964977,43.3286597],[5.0965349,43.3287112],[5.0965653,43.3287291],[5.0967237,43.3287303],[5.096748,43.3287266],[5.0967894,43.3286982],[5.096833,43.3286904],[5.0968762,43.3286709],[5.0969447,43.3286279],[5.0969897,43.3286143],[5.0970334,43.3285889],[5.0971062,43.3285868],[5.0971432,43.3286018],[5.0971577,43.3286037],[5.0972519,43.3285391],[5.0972556,43.3285313],[5.0972531,43.3285213],[5.0972842,43.3284844],[5.0973075,43.3284683],[5.0974043,43.3284441],[5.0974304,43.3284271],[5.097465,43.3284114],[5.0975002,43.3284001],[5.0975547,43.3283945],[5.0975956,43.32838],[5.0976442,43.3283739],[5.0976792,43.3283765],[5.0977168,43.3283708],[5.0977514,43.3283612],[5.0977854,43.3283553],[5.0978218,43.3283505],[5.0978545,43.3283387],[5.0979181,43.328315],[5.0979714,43.3283079],[5.0980066,43.328313],[5.0980533,43.3283262],[5.0981444,43.3283181],[5.0981911,43.3283253],[5.0982275,43.3283222],[5.0982659,43.3283129],[5.0983055,43.328311],[5.098326,43.3283165],[5.0983887,43.3283133],[5.0984092,43.3283159],[5.0984252,43.3283205],[5.098445,43.3283152],[5.0984889,43.3283189],[5.0985296,43.3283008],[5.0985419,43.3283015],[5.0986043,43.3283274],[5.0986601,43.3283199],[5.0987062,43.328311],[5.098778,43.3282675],[5.0988095,43.3282619],[5.0988632,43.3282699],[5.0988843,43.3282795],[5.0989016,43.3282924],[5.0989113,43.3283317],[5.0989174,43.3283471],[5.0989308,43.3283523],[5.0989202,43.3283784],[5.0989399,43.3283926],[5.0989255,43.3284053],[5.0989214,43.3284181],[5.0989203,43.3284297],[5.0989311,43.3284399],[5.0989495,43.328445],[5.0989792,43.3284641],[5.0990579,43.3284731],[5.0990898,43.3284829],[5.0991179,43.3284961],[5.0991545,43.3285036],[5.0991887,43.3285173],[5.0992055,43.3285239],[5.0992104,43.3285345],[5.0992175,43.3285409],[5.0992172,43.3285545],[5.0992031,43.3285681],[5.0991651,43.3285827],[5.0991403,43.3285883],[5.0990758,43.3285914],[5.0990483,43.3285951],[5.0990232,43.3285925],[5.0989975,43.3285989],[5.0989772,43.3286132],[5.0989428,43.3286457],[5.0989116,43.328704],[5.0989287,43.3287421],[5.0989299,43.3287596],[5.0989388,43.3287844],[5.0989358,43.3288036],[5.0989404,43.3288989],[5.0989526,43.3289281],[5.0989764,43.3289547],[5.0990129,43.3289796],[5.0990457,43.328995],[5.0991105,43.3290165],[5.0991503,43.3290255],[5.0991916,43.3290284],[5.0992344,43.3290268],[5.0993193,43.3289933],[5.0993388,43.3289905],[5.0993563,43.3289875],[5.0994152,43.329009],[5.0994357,43.3290136],[5.0994617,43.3290137],[5.0994844,43.3290335],[5.0994968,43.32904],[5.0995038,43.3290487],[5.0995074,43.3290594],[5.0995238,43.329067],[5.0995414,43.3290683],[5.0995568,43.3290679],[5.0995755,43.3290721],[5.0996327,43.3291621],[5.0996231,43.3291871],[5.0995975,43.3292338],[5.0995962,43.3292706],[5.099574,43.3292907],[5.0995733,43.3292993],[5.0995822,43.3292986],[5.0995767,43.3293153],[5.0995431,43.329345],[5.0995187,43.3293993],[5.0995506,43.3295182],[5.0995381,43.3295707],[5.0995563,43.3296176],[5.0995638,43.3296296],[5.0995546,43.3296516],[5.0995344,43.3296547],[5.0995384,43.3296652],[5.0995625,43.3296888],[5.0995825,43.3297102],[5.0995487,43.3297726],[5.0995511,43.329802],[5.0995843,43.3298341],[5.0995903,43.3298513],[5.0995992,43.3298677],[5.0995954,43.3298806],[5.0995977,43.3298942],[5.0996602,43.3298959],[5.0996942,43.3299013],[5.0997486,43.3298991],[5.0997941,43.3298886],[5.0998294,43.3298744],[5.0998382,43.3298458],[5.0998304,43.3298175],[5.0998425,43.3297895],[5.0998305,43.3297585],[5.0998214,43.3297448],[5.0998134,43.3297389],[5.0998199,43.3297266],[5.0998395,43.3297038],[5.0998472,43.329679],[5.0998737,43.3296503],[5.0998834,43.3296168],[5.0998794,43.3295837],[5.0998877,43.3295645],[5.0999,43.3295408],[5.0999042,43.3295094],[5.0999145,43.3294907],[5.0999252,43.3294477],[5.0999384,43.3294093],[5.0999598,43.3293752],[5.0999187,43.329329],[5.0999034,43.3292873],[5.0999248,43.3292575],[5.0999418,43.3292494],[5.0999715,43.3292472],[5.1000026,43.3292489],[5.1000189,43.3292359],[5.1000842,43.3292322],[5.1001262,43.3292185],[5.1002137,43.3291942],[5.1003085,43.3291709],[5.1004095,43.3291735],[5.1004773,43.3291981],[5.1004937,43.3292011],[5.1005343,43.3292217],[5.1005779,43.329225],[5.1006128,43.3292232],[5.1006531,43.3292165],[5.1006521,43.3291893],[5.1006699,43.3291814],[5.1006915,43.3291533],[5.1007118,43.3291389],[5.1007476,43.3291299],[5.1007815,43.3291143],[5.1007954,43.3290976],[5.1007982,43.329067],[5.1008063,43.3290528],[5.1008433,43.3290435],[5.1008741,43.3290412],[5.1008962,43.3290506],[5.1009221,43.3290673],[5.1009855,43.3291129],[5.101015,43.3291288],[5.1010498,43.3291338],[5.1010969,43.3291501],[5.1011199,43.3291722],[5.1011671,43.3291881],[5.1012243,43.3291901],[5.1013431,43.3292106],[5.1014681,43.3292086],[5.1015073,43.3292144],[5.1015554,43.3292334],[5.1016042,43.3292317],[5.1016585,43.3292456],[5.1016795,43.3292636],[5.1017725,43.329295],[5.1019513,43.3293879],[5.102004,43.3294282],[5.1020038,43.3294616],[5.1019769,43.3294812],[5.1020036,43.3295003],[5.1020881,43.3294977],[5.1021645,43.3295163],[5.1021826,43.3295379],[5.1021779,43.3295633],[5.1021836,43.3295931],[5.1021946,43.3296242],[5.1022946,43.3296287],[5.1023835,43.3296948],[5.1024236,43.3296991],[5.1024851,43.3297443],[5.1025542,43.3297334],[5.1026833,43.3297426],[5.1027172,43.329782],[5.1028529,43.3298843],[5.1029827,43.3298587],[5.1030758,43.3298125],[5.1030928,43.3297183],[5.1031135,43.3296549],[5.1032286,43.329621],[5.103284,43.3296292],[5.1033108,43.3296038],[5.1033587,43.3296324],[5.1034629,43.3296231],[5.1035486,43.3295859],[5.1036123,43.3295828],[5.1036516,43.3295472],[5.1037429,43.3295836],[5.1037825,43.3295387],[5.1037371,43.3294705],[5.10375,43.3294187],[5.1038367,43.3293817],[5.1039824,43.3293957],[5.1039779,43.3294313],[5.1040721,43.3294283],[5.1040837,43.3293899],[5.1041332,43.3293441],[5.1042443,43.3293382],[5.1043158,43.3293655],[5.1043394,43.3294151],[5.1044934,43.3294145],[5.1045799,43.3294157],[5.1046499,43.329383],[5.104789,43.3293703],[5.1048533,43.329443],[5.1049308,43.3295053],[5.105116,43.3294538],[5.1051726,43.3294783],[5.1053133,43.329474],[5.1053656,43.329513],[5.1054896,43.329516],[5.1056267,43.3294238],[5.1058041,43.3294145],[5.1058561,43.3294648],[5.1057547,43.329566],[5.1059658,43.3296292],[5.1062459,43.3296284],[5.1063218,43.329537],[5.1064016,43.3295271],[5.1064922,43.3295542],[5.1065076,43.3295033],[5.1065955,43.3294915],[5.1067122,43.3295428],[5.1069362,43.3295825],[5.1072084,43.3294185],[5.107527,43.3290467],[5.1080295,43.3285172],[5.108287,43.3283318],[5.1085149,43.3282304],[5.1087268,43.3282069],[5.1088502,43.3282772],[5.1088395,43.3283865],[5.1087242,43.3284762]]}},{"type":"Feature","properties":{},"geometry":{"type":"LineString","coordinates":[[4.9874821,43.3920498],[4.9877,43.3918492],[4.9882062,43.3912632],[4.9883802,43.3911345],[4.9884023,43.3909462],[4.9883587,43.3907692],[4.9883922,43.3905497],[4.9885592,43.3903457],[4.9888519,43.3901021],[4.9892087,43.3900606],[4.9892452,43.3901097],[4.9894027,43.3901041],[4.9894922,43.3900755],[4.9895566,43.3900602],[4.9895827,43.3899819],[4.9898391,43.3899272],[4.9900279,43.3897247],[4.9901464,43.3894835],[4.9902759,43.3891441],[4.9905768,43.3890873],[4.9907238,43.3889529],[4.9910064,43.3888948],[4.9911345,43.3887929],[4.9912997,43.3888091],[4.9913957,43.3889347],[4.991513,43.3889743],[4.9918809,43.3888785],[4.9920805,43.3888782],[4.9922916,43.3889494],[4.9924634,43.388952],[4.9927067,43.3890377],[4.9935179,43.3887084],[4.9935984,43.388432],[4.9936089,43.388332],[4.9935613,43.3882176],[4.9931753,43.388085],[4.9921837,43.387781],[4.9918247,43.3877277],[4.9911826,43.3877994],[4.9908495,43.3877941],[4.99074,43.3878316],[4.9904731,43.3878676],[4.9901135,43.3876747],[4.9901154,43.3874993],[4.9901478,43.387336],[4.9901754,43.3871685],[4.9902139,43.3868585],[4.9903628,43.3864936],[4.9903091,43.3863299],[4.9903881,43.3862239],[4.990823,43.3859642],[4.9910648,43.3858217],[4.9913756,43.3856952],[4.9916674,43.3858199],[4.9922424,43.3863038],[4.9927785,43.3865368],[4.9928811,43.3864909],[4.9929993,43.3865889],[4.9931544,43.3865527],[4.9933943,43.3864432],[4.9935956,43.386267],[4.9937683,43.3860403],[4.9934131,43.3858238],[4.993273,43.385656],[4.9932613,43.3854021],[4.9932986,43.3852261],[4.9935019,43.3850049],[4.9937481,43.3849479],[4.9939147,43.3848639],[4.994133,43.3848138],[4.9942649,43.3848165],[4.9944319,43.384779],[4.9945609,43.3847635],[4.9946834,43.3848186],[4.9948349,43.3847095],[4.9950039,43.3845631],[4.9952568,43.38444],[4.9960969,43.3838964],[4.996283,43.3838673],[4.9967892,43.3834727],[4.9968417,43.3832973],[4.9969364,43.383196],[4.9969349,43.3830613],[4.9968909,43.3830132],[4.996699,43.3829676],[4.9965565,43.3829513],[4.9964159,43.3829078],[4.9963966,43.3828781],[4.9964233,43.382778],[4.9965272,43.3827364],[4.996878,43.3825129],[4.9969494,43.3825132],[4.9970482,43.3824114],[4.9970778,43.3823582],[4.9971269,43.3822642],[4.9970965,43.3821271],[4.9971223,43.3820624],[4.9971069,43.3819748],[4.9971382,43.3819351],[4.9970771,43.3817646],[4.9971556,43.38165],[4.997132,43.381591],[4.9972283,43.3815148],[4.997378,43.381314],[4.9974556,43.3812492],[4.9974149,43.3812161],[4.9972948,43.3812499],[4.997227,43.3812462],[4.9971889,43.3812193],[4.9972017,43.3811746],[4.9975281,43.3810306],[4.9976573,43.3807856],[4.9976942,43.3805677],[4.9978792,43.3802906],[4.9989259,43.3796968],[5.0003786,43.3795391],[5.0005011,43.3794747],[5.000487,43.3793835],[5.0003273,43.3792867],[5.0004283,43.3791509],[5.0004532,43.3791634],[5.0004576,43.3791823],[5.0005523,43.3791946],[5.0006218,43.3791894],[5.0008367,43.378932],[5.0009144,43.3787526],[5.0008279,43.3787073],[5.0003966,43.3786356],[5.0002079,43.3785188],[5.0000075,43.37825],[5.0001163,43.3775093],[4.9999433,43.377339],[4.9999326,43.3770992],[5.0002514,43.3769368],[5.0001849,43.3761609],[5.0002571,43.3762683],[5.0003597,43.3761746],[5.0002564,43.3760144],[5.0004239,43.3757169],[5.0004791,43.375658],[5.0006716,43.3756855],[5.0008222,43.375685],[5.0011676,43.3753483],[5.0016839,43.3752219],[5.0017929,43.3751231],[5.0018438,43.37498],[5.0018905,43.3748218],[5.0025968,43.3747007],[5.0026491,43.3745044],[5.002693,43.3745076],[5.0027257,43.3746035],[5.0027753,43.3746627],[5.0029747,43.374597],[5.0030454,43.3743987],[5.0031276,43.3745506],[5.003679,43.3743283],[5.0038423,43.3743144],[5.0038107,43.3741559],[5.003871,43.3741437],[5.0040906,43.3741809],[5.0041191,43.3740777],[5.0043201,43.3740564],[5.0044247,43.3739288],[5.0045297,43.3738889],[5.0046165,43.3739376],[5.0048559,43.3736478],[5.0047924,43.3734838],[5.0050159,43.3734707],[5.0054298,43.3734949],[5.0058974,43.3734424],[5.006152,43.3733109],[5.0065106,43.3728911],[5.0065566,43.3727415],[5.0069882,43.3724643],[5.0069043,43.3721013],[5.0072034,43.3717894],[5.0073895,43.3714858],[5.0074061,43.3713373],[5.0073193,43.3712021],[5.0071016,43.3709894],[5.0070397,43.37087],[5.007045,43.3707581],[5.0071815,43.3706495],[5.0074429,43.3704828],[5.0077991,43.3701652],[5.0078855,43.3701786],[5.0079441,43.3701436],[5.0079477,43.3700919],[5.0080536,43.3699414],[5.0082154,43.3697996],[5.0084033,43.3696875],[5.008371,43.3693557],[5.0084187,43.3693065],[5.0083449,43.3692416],[5.0083432,43.3692168],[5.0084593,43.3691882],[5.0085106,43.36922],[5.008597,43.3693745],[5.0086333,43.3694198],[5.0086864,43.3693776],[5.0086648,43.3692209],[5.0088027,43.36933],[5.0088449,43.3694178],[5.0089396,43.3694637],[5.0090912,43.3694689],[5.0091539,43.369408],[5.0092924,43.3695068],[5.0093456,43.3695908],[5.0096108,43.3696256],[5.0097047,43.3697142],[5.010089,43.3696933],[5.0105517,43.3695687],[5.010879,43.3694433],[5.0113561,43.3692177],[5.0113458,43.3691019],[5.011388,43.3690825],[5.011481,43.3692146],[5.0115892,43.3692535],[5.0116168,43.3692938],[5.0116274,43.3693317],[5.0116725,43.3693322],[5.0116882,43.369443],[5.0118348,43.3695188],[5.0119539,43.3695437],[5.0119538,43.3695794],[5.0119897,43.3695884],[5.0120141,43.3696051],[5.0120414,43.3696303],[5.0120406,43.3696529],[5.0124063,43.3697305],[5.0125721,43.369697],[5.0126477,43.3696625],[5.0127985,43.3696141],[5.0130543,43.3693996],[5.0132654,43.3688236],[5.013294,43.3687199],[5.0133311,43.3686714],[5.0133844,43.3686627],[5.0134482,43.3686736],[5.0134674,43.3687045],[5.0134757,43.3687302],[5.0134634,43.3687558],[5.0133734,43.3688088],[5.0133393,43.3688378],[5.0131537,43.3694183],[5.0131445,43.369502],[5.0131094,43.3696552],[5.0131944,43.3697472],[5.0133365,43.3697869],[5.0135669,43.369818],[5.0138049,43.3698205],[5.0140159,43.3697988],[5.0145781,43.3689299],[5.0147668,43.3686375],[5.0148116,43.3684316],[5.0146873,43.3683528],[5.013883,43.3684393],[5.0121638,43.368444],[5.011903,43.3683697],[5.0117599,43.3683262],[5.0111409,43.3679842],[5.0111257,43.3678002],[5.0100931,43.3674512],[5.0099817,43.3673936],[5.0099846,43.3672245],[5.0100567,43.3671582],[5.0108578,43.3671586],[5.0114016,43.367264],[5.0115686,43.3672526],[5.0117191,43.3671251],[5.0118242,43.3669602],[5.0118627,43.3668863],[5.0120296,43.3668285],[5.0121584,43.3666867],[5.0121904,43.3665137],[5.0120914,43.3662692],[5.0119171,43.3661331],[5.0115501,43.3660359],[5.0108919,43.3657439],[5.0100977,43.3655017],[5.0094383,43.3653358],[5.0094007,43.3652895],[5.0094435,43.3652358],[5.0101114,43.3650557],[5.010225,43.3652279],[5.0108327,43.3651939],[5.0115315,43.3649896],[5.0129129,43.3647001],[5.0131635,43.3646135],[5.0132737,43.3644805],[5.0134325,43.364079],[5.0134359,43.3638256],[5.0132773,43.3636179],[5.0130464,43.3634246],[5.0128633,43.3632104],[5.0127579,43.3630744],[5.0127496,43.3629332],[5.0129097,43.3626942],[5.0133219,43.3625252],[5.0135789,43.3624238],[5.0140153,43.3623643],[5.0141808,43.3623818],[5.0145314,43.3623896],[5.0147217,43.3622778]]}},{"type":"Feature","properties":{},"geometry":{"type":"LineString","coordinates":[[5.0147217,43.3622778],[5.0147313,43.3623908],[5.0149782,43.3624092],[5.0161736,43.3626624],[5.0161563,43.36269],[5.0167942,43.3628102],[5.0171709,43.3626971],[5.0174475,43.3625692],[5.0175502,43.3622947],[5.0172421,43.3621562],[5.017097,43.3621019],[5.0166035,43.3620133],[5.0161346,43.3619664],[5.0156914,43.3620137],[5.0153636,43.3619804],[5.0144603,43.3617647],[5.0142116,43.3619795],[5.014195,43.3619729],[5.0144404,43.3617506],[5.0143327,43.3615816],[5.0143868,43.3614158],[5.0148003,43.3611723],[5.0150665,43.3609358],[5.0153721,43.3608506],[5.0153966,43.3607912],[5.015724,43.3605751],[5.0156786,43.3604704],[5.0163168,43.3600683],[5.017033,43.3599113],[5.0171031,43.3598388],[5.0172382,43.3598275],[5.0169679,43.3592161],[5.0169479,43.3588509],[5.0171029,43.358292],[5.0172815,43.357853],[5.016325,43.3576391],[5.0156856,43.3576654],[5.0154995,43.3576843],[5.0153719,43.3576347],[5.015139,43.3576141],[5.0151006,43.3575217],[5.0152836,43.3569974],[5.0157852,43.35647],[5.0167726,43.3552156],[5.0168796,43.3551684],[5.0170013,43.3551572],[5.0170619,43.3551833],[5.017083,43.3552308],[5.0170942,43.3553156],[5.0170032,43.3553357],[5.0168765,43.3553782],[5.0162083,43.3563001],[5.0159962,43.3566109],[5.01593,43.3567045],[5.0163055,43.3572165],[5.0164011,43.3572669],[5.0175036,43.357509],[5.0177182,43.3575447],[5.0179588,43.3574777],[5.0193107,43.3570169],[5.0195974,43.3570362],[5.0196418,43.3569301],[5.0195618,43.356801],[5.0200846,43.3567254],[5.0205126,43.3565841],[5.0204429,43.3564731],[5.0205649,43.3564204],[5.0208963,43.3564368],[5.0211941,43.3565652],[5.02171,43.3564192],[5.02221,43.356553],[5.0225423,43.3567511],[5.0228441,43.3569432],[5.0229567,43.3570875],[5.0230117,43.3572279],[5.0229956,43.3573342],[5.0228099,43.3575196],[5.0229252,43.3575863],[5.0227622,43.3577342],[5.0228266,43.3577798],[5.0228803,43.3578325],[5.0229715,43.3578842],[5.0231767,43.3577496],[5.0230412,43.3575019],[5.0230734,43.3575],[5.0231284,43.3574517],[5.023239,43.3574595],[5.0232846,43.3574039],[5.0233941,43.3574116],[5.0234476,43.3574054],[5.0236072,43.3573596],[5.0236903,43.3573206],[5.0236782,43.3572601],[5.0236715,43.357107],[5.0236957,43.3569695],[5.0237158,43.3568954],[5.0235978,43.356715],[5.0235343,43.3566276],[5.0233114,43.355956],[5.0225839,43.3556245],[5.0225333,43.3556316],[5.022491,43.3555978],[5.0225201,43.3555299],[5.0225855,43.3555088],[5.0226497,43.3554883],[5.0227549,43.3555216],[5.0228333,43.3555665],[5.0231895,43.3556642],[5.0235455,43.3556997],[5.023872,43.3558052],[5.0240032,43.3558117],[5.024117,43.3558566],[5.0241492,43.3558582],[5.0241647,43.3558387],[5.0241481,43.3557156],[5.024185,43.3557079],[5.0242531,43.3558438],[5.0242997,43.3558299],[5.0242552,43.3557179],[5.0242826,43.3557274],[5.0243214,43.3557964],[5.0244044,43.3557864],[5.0245026,43.3558049],[5.0248039,43.355872],[5.0249319,43.3558834],[5.0250631,43.3558117],[5.025306,43.3558689],[5.0255313,43.3556727],[5.0256979,43.3553806],[5.0257731,43.3549916],[5.0254203,43.3547705],[5.0251049,43.3542699],[5.0250374,43.3539541],[5.0250517,43.3537962],[5.0252483,43.353552],[5.025685,43.3534355],[5.0256178,43.3532268],[5.0257027,43.3531461],[5.0257999,43.3529688],[5.0258214,43.3527947],[5.0257535,43.3526288],[5.0253671,43.3524004],[5.0248108,43.3522524],[5.0245977,43.3522058],[5.0244158,43.3522109],[5.0241782,43.3522174],[5.0238747,43.3522583],[5.0236671,43.3523546],[5.0236271,43.3523948],[5.0236254,43.3525056],[5.0237531,43.3529122],[5.0237789,43.3531131],[5.0236396,43.3533903],[5.023672,43.3534642],[5.0239584,43.3536483],[5.0238836,43.3536732],[5.023739,43.3536027],[5.0234873,43.3534922],[5.0232338,43.3533813],[5.0230623,43.3532177],[5.0228597,43.3526011],[5.0228585,43.3523458],[5.0228085,43.3522731],[5.0224774,43.3519954],[5.0224118,43.3519159],[5.0223743,43.3518052],[5.0224355,43.3517453],[5.0226669,43.351566],[5.0225142,43.3514989],[5.0224498,43.3514108],[5.0223401,43.3512623],[5.022227,43.3511092],[5.0219305,43.3508313],[5.0218443,43.3507044],[5.0219294,43.3505347],[5.0218619,43.3502696],[5.0220328,43.3501357],[5.0219783,43.3501096],[5.0216339,43.3500812],[5.0214335,43.3497958],[5.0214236,43.3494064],[5.0216077,43.3492119],[5.0221644,43.3488561],[5.0220148,43.3486241],[5.0222483,43.3483036],[5.0224784,43.3481376],[5.0227518,43.3480604],[5.0231522,43.34782],[5.0232356,43.3478002],[5.0237567,43.3478809],[5.0242405,43.34759],[5.0244488,43.3475249],[5.0246957,43.3474937],[5.0248549,43.3475439],[5.0250958,43.3476154],[5.0252374,43.3475967],[5.0253513,43.3475112],[5.0254759,43.3472826],[5.0254148,43.3471646],[5.0252733,43.347109],[5.0250523,43.3470069],[5.0248816,43.3469048],[5.024763,43.3468369],[5.0247401,43.3467703],[5.024794,43.3467177],[5.0247886,43.3466224],[5.0247305,43.3465778],[5.0244923,43.34657],[5.0246285,43.3464281],[5.0246757,43.3462987],[5.0247727,43.3462386],[5.02476,43.3461881],[5.0248633,43.3460326],[5.0249239,43.3459479],[5.024916,43.3458181],[5.0249921,43.3456491],[5.0249405,43.3454565],[5.0247537,43.3453984],[5.0244694,43.3453657],[5.0243158,43.3454601],[5.0243652,43.345595],[5.024316,43.3456375],[5.0242149,43.3456277],[5.0242015,43.3456479],[5.0242389,43.3456726],[5.0242194,43.3456895],[5.0241687,43.3456737],[5.0241293,43.3456853],[5.0239322,43.345701],[5.02393,43.3456796],[5.0239566,43.3456712],[5.0239442,43.3456516],[5.0240004,43.3456348],[5.0239594,43.34562],[5.0239237,43.3456194],[5.0238686,43.3456157],[5.023859,43.3455957],[5.0238286,43.345613],[5.0237648,43.3455929],[5.0237396,43.3455295],[5.0238487,43.345488],[5.0238612,43.3454021],[5.0238508,43.3453741],[5.0238076,43.3453787],[5.0237913,43.3453617],[5.0238375,43.3453131],[5.0238038,43.3452873],[5.0236063,43.3452621],[5.0234856,43.3453328],[5.023454,43.3454067],[5.0235133,43.3454703],[5.0232374,43.3456287],[5.022791,43.345748],[5.0226825,43.3458143],[5.0225724,43.3459549],[5.0223466,43.3462556],[5.0221793,43.3463973],[5.0218721,43.346552],[5.021502,43.3466454],[5.0210969,43.3467119],[5.0205711,43.3467391],[5.0203246,43.3467838],[5.0203096,43.34685],[5.0200983,43.3469148],[5.0200127,43.3468494],[5.0196873,43.3468411],[5.019482,43.3471692],[5.0193111,43.3472754],[5.0192311,43.347356],[5.019164,43.3474854],[5.0190995,43.3475345],[5.0188192,43.3475268],[5.0187154,43.347451],[5.018762,43.3472177],[5.0186351,43.3470642],[5.0183519,43.3469295],[5.01823,43.347039],[5.0181742,43.3471701],[5.01827,43.3473235],[5.0180405,43.3473109],[5.0179752,43.3472621],[5.01792,43.34693],[5.0179425,43.3466021],[5.0178907,43.3463384],[5.0183749,43.3456602],[5.0189331,43.3453582],[5.0190578,43.3451969],[5.0191375,43.3450358],[5.0192729,43.3448458],[5.0193883,43.3446728],[5.019495,43.3444432],[5.0195503,43.3442704],[5.0193368,43.3441298],[5.0187987,43.3442823],[5.0185191,43.3438759],[5.0185841,43.3435707],[5.0187936,43.3432352],[5.0186206,43.3426564],[5.0186491,43.3424713],[5.0188023,43.342232],[5.0192893,43.342833],[5.0208077,43.3419427],[5.021953,43.3405823],[5.0219438,43.3404544],[5.0222918,43.340077],[5.0225806,43.3399256],[5.0228098,43.3394569],[5.0230275,43.3392172],[5.0237246,43.3388112],[5.0247889,43.338327],[5.0252732,43.3381667],[5.0254237,43.3383256],[5.0255502,43.3383441],[5.025772,43.3382136],[5.0264684,43.3382871],[5.0265279,43.3381801],[5.0266116,43.3381379],[5.0272356,43.3380185],[5.0274836,43.3378941],[5.0275204,43.3377102],[5.0276116,43.3375957],[5.0276394,43.3374042],[5.0276996,43.3373384],[5.0282128,43.3370273],[5.0284039,43.3369616],[5.0287202,43.3369793],[5.0288291,43.3370842],[5.0288585,43.3371409],[5.0288848,43.3371575],[5.0288932,43.3371117],[5.0288754,43.337008],[5.0288429,43.3369862],[5.0287329,43.3368528],[5.0286134,43.3366848],[5.0292473,43.3354248],[5.0294935,43.3353805],[5.0296961,43.3355423],[5.0299227,43.3354785],[5.0301264,43.33565],[5.0304365,43.3356864],[5.0304383,43.335776],[5.0302753,43.3359778],[5.0301465,43.3363294],[5.0302769,43.3362436],[5.0305081,43.3359833],[5.0307205,43.3360765],[5.0308483,43.3360036],[5.0308592,43.335881],[5.0307489,43.3357984],[5.0306364,43.3357614],[5.030726,43.3356579],[5.0305693,43.3354379],[5.0304191,43.3355042],[5.0303306,43.3354047],[5.0303654,43.3353176],[5.0304522,43.3352167],[5.0303599,43.3349231],[5.0305286,43.3347772],[5.0306207,43.3346304],[5.030767,43.3345073],[5.030428,43.3338912],[5.0304331,43.3336754],[5.0307056,43.3335169],[5.0310157,43.3335024],[5.0310709,43.3336137],[5.0311943,43.3336801],[5.0313445,43.3336332],[5.0313445,43.3335435],[5.0312855,43.3335045],[5.0313874,43.3333601],[5.0319292,43.3330245],[5.0325873,43.332765],[5.0340616,43.3319861]]}},{"type":"Feature","properties":{},"geometry":{"type":"LineString","coordinates":[[5.1845999,43.3325213],[5.1852322,43.3323464],[5.1856176,43.3320735],[5.185905,43.3316117],[5.1858992,43.3309787],[5.1870606,43.3311773],[5.1878755,43.3308726],[5.188965,43.3304449],[5.1898104,43.3304094],[5.1904874,43.3302014],[5.1906009,43.3304566],[5.1908163,43.3303139],[5.1907846,43.329956],[5.1913854,43.3296129],[5.1925529,43.3298528],[5.1933084,43.3302809],[5.1939162,43.3305885],[5.193883,43.3307356],[5.1939539,43.3308317],[5.1941812,43.3308696],[5.1941878,43.3309645],[5.1943321,43.3308862],[5.1945064,43.3307111],[5.1944524,43.3306648],[5.194508,43.3305133],[5.1946289,43.3304409],[5.194752,43.3304327],[5.1948104,43.3305016],[5.194954,43.3304879],[5.1949713,43.3304122],[5.1950219,43.3303892],[5.1952076,43.3304187],[5.1952594,43.3303883],[5.1952771,43.3302933],[5.1952437,43.3302533],[5.1950608,43.330265],[5.1949461,43.3302415],[5.1950209,43.3302184],[5.1949941,43.3301904],[5.1948143,43.330177],[5.1947726,43.3301487],[5.195028,43.3301249],[5.1951345,43.3301354],[5.1952459,43.3301017],[5.1953481,43.330106],[5.1954267,43.3301759],[5.1954918,43.330192],[5.1958807,43.3300399],[5.1959484,43.3298903],[5.1960569,43.3298651],[5.1961231,43.3298825],[5.1961338,43.3298444],[5.196166,43.329828],[5.1961552,43.3298948],[5.1961914,43.3299418],[5.1961132,43.3299816],[5.1960794,43.3301418],[5.1959096,43.3302346],[5.195936,43.3302527],[5.1962615,43.3302036],[5.1963626,43.3300456],[5.1964685,43.3300173],[5.1965632,43.3300332],[5.1967651,43.3299841],[5.196826,43.3300062],[5.1968736,43.3301116],[5.1968498,43.3302063],[5.1967508,43.3302809],[5.19655,43.3303025],[5.1964984,43.3303771],[5.1967048,43.3306747],[5.1967156,43.3307766],[5.1966751,43.3307993],[5.1966143,43.3307798],[5.1965663,43.3307102],[5.1965649,43.3306642],[5.1965052,43.3305925],[5.1964228,43.3304443],[5.1963573,43.3304668],[5.1960832,43.3305185],[5.1959229,43.3305535],[5.1957361,43.3305543],[5.1956912,43.3305373],[5.195593,43.3305552],[5.1955953,43.3305858],[5.1956457,43.3305839],[5.1956824,43.3307395],[5.1958369,43.3307203],[5.1958373,43.3307333],[5.1955184,43.3307745],[5.1955426,43.3309048],[5.1953398,43.3309338],[5.1953711,43.3310833],[5.1958861,43.3309889],[5.1958896,43.3310021],[5.1953786,43.3310976],[5.1954118,43.3311421],[5.195517,43.3311574],[5.1963296,43.3311721],[5.1963452,43.3311869],[5.1963931,43.3311831],[5.196419,43.3311726],[5.1964289,43.3311262],[5.1964133,43.3310935],[5.1963997,43.3309371],[5.1963746,43.3309019],[5.1963368,43.3308741],[5.1963592,43.3308556],[5.1963968,43.3308558],[5.1964495,43.3308969],[5.196544,43.3310451],[5.1965618,43.3311625],[5.196592,43.3311922],[5.1966583,43.3312751],[5.1967303,43.3313462],[5.1967735,43.3313661],[5.196976,43.3315284],[5.1971751,43.3316647],[5.1972673,43.3317827],[5.1972754,43.3319173],[5.1973729,43.3319147],[5.1974318,43.3319339],[5.1976547,43.3319572],[5.1976458,43.3319935],[5.1974541,43.3320397],[5.1974644,43.3320622],[5.1973504,43.3321064],[5.197381,43.332119],[5.1973175,43.3321986],[5.1972325,43.3322142],[5.1973841,43.3322178],[5.1975598,43.3322502],[5.1975696,43.3323033],[5.1975499,43.3323467],[5.1977093,43.3323957],[5.1975877,43.3324491],[5.1976765,43.3324808],[5.1976718,43.3325417],[5.1976185,43.3325901],[5.1974962,43.3325848],[5.197374,43.3325927],[5.1973579,43.332683],[5.1974818,43.332757],[5.1974915,43.3327937],[5.1973534,43.3328419],[5.1973369,43.332919],[5.1975029,43.3329844],[5.1974977,43.3330185],[5.1975563,43.3330485],[5.1975818,43.3330721],[5.1975068,43.3330749],[5.1974752,43.3331691],[5.1974233,43.3331735],[5.1974019,43.333314],[5.1973771,43.3333507],[5.1972109,43.3333662],[5.1971612,43.3334012],[5.197176,43.3335776],[5.1972556,43.3336427],[5.1973821,43.3336488],[5.197471,43.3336206],[5.1976487,43.3336303],[5.1977179,43.3337109],[5.1976386,43.3337997],[5.1976767,43.3338836],[5.1978619,43.3339281],[5.1979928,43.3338907],[5.1980869,43.3338279],[5.1981708,43.3338091],[5.1983765,43.3337253],[5.1983965,43.3337047],[5.1986582,43.3336255],[5.1987841,43.3335391],[5.1986996,43.333319],[5.1987582,43.3333065],[5.1987673,43.3332866],[5.1988127,43.3332746],[5.1988121,43.3332533],[5.1990285,43.3332017],[5.1990859,43.3331735],[5.1989813,43.332957],[5.199128,43.3329251],[5.1991385,43.3329459],[5.199039,43.3329736],[5.1991463,43.3332057],[5.199275,43.3331813],[5.1992911,43.3332077],[5.1992133,43.3332282],[5.1991771,43.3332438],[5.1992429,43.3333813],[5.1993703,43.3333706],[5.1994977,43.3333472],[5.1995929,43.3333072],[5.1996465,43.333276],[5.1997002,43.3332379],[5.1997753,43.3331716],[5.1998732,43.3330536],[5.199951,43.3329228],[5.1995971,43.3326991],[5.1990332,43.3324315],[5.1989749,43.3323876],[5.1989063,43.3323932],[5.1986575,43.3323306],[5.1984852,43.3323213],[5.1983786,43.3323289],[5.1983208,43.3324174],[5.1982497,43.3324183],[5.1982155,43.332391],[5.1982097,43.3323118],[5.1982756,43.3322449],[5.1983615,43.3321994],[5.198516,43.3321663],[5.1987225,43.3321702],[5.1988673,43.332221],[5.1990152,43.3322372],[5.1991503,43.3322209],[5.1992421,43.332186],[5.1990046,43.3321839],[5.198994,43.3321587],[5.1991249,43.3320804],[5.1991904,43.3319586],[5.1992852,43.3319279],[5.1996971,43.331864],[5.2002089,43.3318108],[5.2002744,43.3316765],[5.2004883,43.3316263],[5.2004887,43.3315399],[5.2007414,43.3314634],[5.2008207,43.3313795],[5.2010302,43.3312933],[5.2011721,43.3313632],[5.2014745,43.3312514],[5.2017611,43.3310322],[5.2017399,43.3309634],[5.2023359,43.3307284],[5.2024224,43.3307306],[5.202503,43.3307614],[5.2026768,43.3310373],[5.2030686,43.3312456],[5.2032763,43.3312863],[5.2035134,43.3312665],[5.2037418,43.3311326],[5.2038898,43.3311069],[5.2042123,43.3309868],[5.2045418,43.3309423],[5.2050599,43.3307527],[5.2052889,43.3307785],[5.2054796,43.3307289],[5.2057138,43.3307174],[5.2057696,43.3307602],[5.2060053,43.3307474],[5.2064818,43.3307563],[5.2068364,43.3307164],[5.2073822,43.330538],[5.2077971,43.3302878],[5.2081536,43.3299012],[5.2082052,43.3297113],[5.2084882,43.3296323],[5.2085484,43.3295508],[5.2084921,43.3295125],[5.2080792,43.3294698],[5.2080209,43.3294506],[5.2085482,43.3294579],[5.2085426,43.3294105],[5.2083858,43.3293885],[5.2083391,43.329355],[5.2085368,43.3293202],[5.208597,43.3293444],[5.2097189,43.3293236],[5.2098544,43.3294187],[5.2105707,43.3294165],[5.2106021,43.3294345],[5.2104731,43.3294478],[5.2105565,43.3294796],[5.2105552,43.3295046],[5.2103228,43.329519],[5.2103279,43.3295522],[5.2104548,43.3295887],[5.2103011,43.329583],[5.2102914,43.3296145],[5.2102034,43.3296201],[5.2099266,43.3296938],[5.2097677,43.3297626],[5.2097062,43.3297622],[5.2096697,43.3297917],[5.2096445,43.3299889],[5.2097144,43.3301549],[5.2098205,43.330149],[5.2099526,43.3303488],[5.2100659,43.3303076],[5.2101223,43.3303649],[5.2100392,43.3304037],[5.2101142,43.3304946],[5.2102948,43.3304971],[5.2106067,43.3304743],[5.2106681,43.3305256],[5.2106886,43.3305922],[5.2108119,43.3305979],[5.2108435,43.3305688],[5.210857,43.3304274],[5.2107223,43.3303364],[5.2103218,43.3302754],[5.210264,43.3302423],[5.2102487,43.3301509],[5.210285,43.330126],[5.2103463,43.3301409],[5.2105368,43.3302221],[5.2107899,43.3302813],[5.2109764,43.3303602],[5.2110224,43.3304141],[5.2114442,43.3303312],[5.2118776,43.3302125],[5.2125101,43.3298601],[5.2125885,43.3297022],[5.2123936,43.3296276],[5.2120361,43.3295891],[5.2123383,43.3294561],[5.2124601,43.3295142],[5.2125718,43.3294929],[5.212741,43.3295366],[5.2128979,43.3295187],[5.2134223,43.3296439],[5.2135365,43.3297012],[5.2135991,43.3297142],[5.213774,43.3295474],[5.2137723,43.3295105],[5.2135096,43.3294876],[5.2134731,43.3294688],[5.2137374,43.3294686],[5.2137855,43.3294534],[5.2140083,43.3295218],[5.2140205,43.3295774],[5.2140507,43.3295786],[5.2140722,43.3295597],[5.2140436,43.3294969],[5.2139989,43.3294696],[5.2140018,43.3294559],[5.2140303,43.3294568],[5.2140573,43.329466],[5.2141275,43.3294485],[5.2141943,43.3294786],[5.2142053,43.3295312],[5.2142939,43.3295161],[5.2143892,43.3295621],[5.2143915,43.3296122],[5.2144292,43.3295926],[5.2144251,43.3296432],[5.2143035,43.329778],[5.2144086,43.3298216],[5.2145067,43.3298623],[5.2145895,43.3298316],[5.214561,43.3298023],[5.2145863,43.3297806],[5.2147461,43.3298079],[5.2149836,43.3298548],[5.2150449,43.3298888],[5.2153935,43.3298485],[5.2154518,43.329883],[5.2156201,43.3297909],[5.2157353,43.3298327],[5.215803,43.3298023],[5.2158399,43.3298473],[5.2159717,43.3298],[5.215976,43.3297618],[5.2160877,43.3297471],[5.2160941,43.3297463],[5.2162164,43.3297613],[5.2162637,43.3297904],[5.2165034,43.3297045],[5.2165091,43.329711],[5.2164439,43.3297394],[5.2165531,43.3297652],[5.2165558,43.3297658],[5.2167054,43.3297507],[5.2167921,43.3296804],[5.2168854,43.3296674],[5.2168781,43.3296036],[5.2169445,43.3295396],[5.2169779,43.32961],[5.2170952,43.3294864],[5.2171355,43.3294905],[5.2171736,43.3295999],[5.2171598,43.329718],[5.2172718,43.3296776],[5.2173141,43.3297309],[5.2174303,43.3296583],[5.2174871,43.3296435],[5.2174771,43.3296895],[5.2172025,43.3298884],[5.21722,43.330119],[5.2171118,43.3302891],[5.2172072,43.3302698],[5.2172999,43.3302659],[5.2171706,43.3304181],[5.217214,43.3305014],[5.2173086,43.3304746],[5.217364,43.3304691],[5.2173931,43.3304966],[5.2174943,43.3305294],[5.2177613,43.3306874],[5.2178834,43.3307886],[5.2178574,43.3308361],[5.2177709,43.3308287],[5.2177054,43.3307972],[5.217671,43.3307594],[5.2176232,43.3307334],[5.2175919,43.3306989],[5.2175322,43.3306689],[5.2175047,43.3306345],[5.2174062,43.3305741],[5.2173645,43.3305614],[5.2173463,43.3305912],[5.2172118,43.33065],[5.217076,43.3307093],[5.2171697,43.3308849],[5.2171951,43.3308786],[5.2172051,43.3308808],[5.2172227,43.330882],[5.2172367,43.3308814],[5.217239,43.3308836],[5.2172545,43.330885],[5.2172947,43.330851],[5.2173051,43.3308578],[5.2171853,43.3309611],[5.217126,43.330983],[5.2170903,43.3312329],[5.2171862,43.3312915],[5.2172257,43.3313111],[5.2172824,43.3313273],[5.2173478,43.3313411],[5.2173581,43.3313375],[5.2173822,43.3312989],[5.2174222,43.3312642],[5.2176899,43.3311332],[5.2177231,43.3310771],[5.2178197,43.3310449],[5.2178118,43.3310204],[5.2177731,43.3309942],[5.2176912,43.330977],[5.2176522,43.3309501],[5.2176623,43.3309306],[5.2176961,43.330928],[5.2177734,43.3309415],[5.2178662,43.3309794],[5.2179074,43.3309977],[5.2179225,43.3310165],[5.2179477,43.3310124],[5.2180443,43.3310039],[5.2181047,43.3310362],[5.2180804,43.3310949],[5.2181557,43.3311156],[5.2181864,43.3311486],[5.2181525,43.3311661],[5.2181824,43.3312005],[5.2182364,43.3312028],[5.2182628,43.3312393],[5.2182911,43.331299],[5.218339,43.3312652],[5.2183349,43.3312252],[5.2184022,43.3311718],[5.2184329,43.3311702],[5.2184581,43.331213],[5.2183636,43.3313085],[5.2183199,43.3314079],[5.2183237,43.3314774],[5.2181886,43.331644],[5.2182915,43.3317043],[5.218381,43.3317695],[5.2184494,43.3317026],[5.2187455,43.3314651],[5.2188102,43.3314098],[5.2188337,43.3313137],[5.2188375,43.3312594],[5.2188237,43.3312059],[5.2188052,43.3311353],[5.2187834,43.3311086],[5.2186931,43.3310595],[5.2185733,43.3310017],[5.2185229,43.3310001],[5.2184519,43.3310175],[5.218413,43.3310193],[5.2183941,43.3310147],[5.2183829,43.3310079],[5.2183712,43.3309925],[5.2183669,43.330951],[5.2183702,43.3309334],[5.2184016,43.3308977],[5.2184541,43.3308905],[5.218539,43.3308924],[5.2186058,43.3309033],[5.2187003,43.3309337],[5.2187283,43.3309478],[5.2187742,43.3309652],[5.2188017,43.330986],[5.218829,43.331014],[5.218842,43.3310451],[5.2188518,43.3310418],[5.2188596,43.3310344],[5.2188665,43.3310307],[5.2188737,43.3310257],[5.2188789,43.3310216],[5.2188832,43.3310209],[5.2188949,43.3310306],[5.2189037,43.3310242],[5.2189046,43.3310207],[5.2189024,43.3310136],[5.2188957,43.3310131],[5.2188923,43.330999],[5.2188975,43.3309892],[5.218899,43.330983],[5.2188967,43.3309682],[5.218947,43.3309285],[5.2189518,43.3309216],[5.2189501,43.3309177],[5.2189363,43.3309206],[5.218928,43.3309148],[5.2189438,43.330905],[5.2189613,43.3308996],[5.2189658,43.3308992],[5.2189656,43.3308878],[5.2189649,43.3308819],[5.218961,43.3308707],[5.2189613,43.330855],[5.2189631,43.3308387],[5.2189693,43.3308357],[5.2189762,43.3308283],[5.2189882,43.3308206],[5.2190074,43.330812],[5.2190151,43.3308119],[5.2190182,43.3307985],[5.2190182,43.3307903],[5.2191444,43.3307274],[5.2190429,43.3306983],[5.2193384,43.3305219],[5.219377,43.3305679],[5.2193298,43.3306132],[5.2193664,43.3306375],[5.219462,43.3307075],[5.2194844,43.3308174],[5.2196277,43.3308314],[5.2196941,43.3306549],[5.2198094,43.3305975],[5.2198506,43.3305368],[5.2199371,43.3305034],[5.2200222,43.3305095],[5.2201843,43.3305931],[5.2201358,43.3306294],[5.2203042,43.3306603],[5.2203793,43.3305983],[5.2206069,43.3306163],[5.2207065,43.3306624],[5.2207385,43.3306187],[5.2206312,43.3305015],[5.2206639,43.3303711],[5.2206029,43.3301996],[5.2205058,43.3300063],[5.2204277,43.3299248],[5.2204156,43.3298519],[5.2203518,43.3297436],[5.2204026,43.3296528],[5.2205462,43.3296098],[5.2207802,43.3296369],[5.2207547,43.3296003],[5.2206092,43.3295792],[5.2202786,43.3293591],[5.2201363,43.3291797],[5.2200088,43.3290079],[5.2199602,43.3287778],[5.2198773,43.328694],[5.2198074,43.328546],[5.2196367,43.3284053],[5.2196893,43.3283827],[5.2198458,43.3284103],[5.2199848,43.3283747],[5.2201568,43.3283552],[5.2202375,43.3283599],[5.2202673,43.3284032],[5.2202935,43.3283394],[5.2203495,43.3283176],[5.2204655,43.3282921],[5.2205122,43.3282582],[5.2206347,43.3282408],[5.2206665,43.328315],[5.2206936,43.3283508],[5.2208674,43.3284519],[5.2210825,43.3285368],[5.2212016,43.3285273],[5.2212143,43.3284627],[5.2212894,43.3284385],[5.2213687,43.3284581],[5.2214541,43.3284241],[5.221555,43.3284931],[5.22157,43.3285605],[5.221619,43.3286001],[5.2216972,43.3285693],[5.2217173,43.3285866],[5.2217143,43.3286242],[5.2217629,43.328678],[5.2218504,43.3286323],[5.2218856,43.3285823],[5.2218272,43.3285584],[5.2217543,43.3285275],[5.2217993,43.3284296],[5.2219899,43.3283853],[5.2221343,43.328323],[5.2223577,43.328317],[5.2224062,43.3283349],[5.2226788,43.3283091],[5.2227791,43.3283288],[5.2228187,43.328353],[5.2231656,43.3283581],[5.2234228,43.3282712],[5.2235343,43.3282429],[5.2237144,43.3283076],[5.2239085,43.3283504],[5.2242206,43.3283788],[5.2244018,43.3284288],[5.2245414,43.3285],[5.2247084,43.3284957],[5.2248726,43.3284455],[5.2249809,43.3284485],[5.2251082,43.3284252],[5.2253579,43.3284394],[5.2255225,43.3284834],[5.2255558,43.3284667],[5.2257517,43.3284773],[5.22581,43.3285182],[5.2259079,43.3285531],[5.2260141,43.3285455],[5.2261329,43.3286106],[5.2260954,43.3286622],[5.2262453,43.3287031],[5.2265099,43.3287303],[5.2266599,43.3288061],[5.2267724,43.3288576],[5.2271245,43.3288856],[5.2272765,43.3288561],[5.2276098,43.3289258],[5.2276848,43.3288985],[5.2278056,43.3289001],[5.2279222,43.3288895],[5.2279945,43.3288457],[5.2282118,43.3288849],[5.2282826,43.3288591],[5.2285721,43.3288619],[5.2287677,43.3287621],[5.2288734,43.3287387],[5.229033,43.3287363],[5.229169,43.3287728],[5.2292459,43.328847],[5.2293354,43.328877],[5.2294339,43.3288652],[5.2295019,43.3289147],[5.2296702,43.3290762],[5.2296236,43.3291348],[5.2296236,43.3292103],[5.2295712,43.3292639],[5.2296791,43.3293457],[5.2297538,43.3293753],[5.2298135,43.3293939],[5.229863,43.3293187],[5.2299342,43.3292897],[5.2300711,43.3293183],[5.2301674,43.329401],[5.2302446,43.3295253],[5.2303175,43.3295823],[5.2302635,43.3296505],[5.2300876,43.3297748],[5.2303002,43.3298383],[5.2305989,43.3298126],[5.2308077,43.3298142],[5.2310139,43.3298897],[5.2310828,43.3299536],[5.2311479,43.3299871],[5.2311978,43.3299538],[5.2313098,43.3298721],[5.2314653,43.3298272],[5.2316392,43.3298724],[5.231734,43.3299376],[5.2318216,43.3299558],[5.2319878,43.3299974],[5.2320782,43.3300044],[5.2321561,43.33006],[5.2320895,43.3301428],[5.232173,43.3301916],[5.2322513,43.3301913],[5.2323698,43.3301775],[5.2325428,43.3302177],[5.2326792,43.3302475],[5.232609,43.330318],[5.2325943,43.3303641],[5.2327077,43.330393],[5.2327829,43.330416],[5.2329476,43.3303842],[5.233014,43.3304401],[5.2332098,43.3305028],[5.2333131,43.3304508],[5.2334662,43.3304562],[5.2336559,43.3304923],[5.2338266,43.3305763],[5.2340336,43.3307092],[5.2340336,43.3306251],[5.2340274,43.3305501],[5.2341409,43.3305736],[5.2342038,43.3305207],[5.2344187,43.3305093],[5.2346825,43.3305819],[5.234919,43.3305829],[5.2350377,43.330613],[5.2352262,43.3307008],[5.2353606,43.3307327],[5.2354397,43.330738],[5.2355303,43.3307546],[5.2355314,43.3307705],[5.235497,43.3307971],[5.2354866,43.3308455],[5.2355022,43.330866],[5.2355543,43.3308471],[5.235648,43.3308418],[5.2357324,43.3308539],[5.2358199,43.3308471],[5.2359137,43.3308719],[5.2359421,43.3308389],[5.2360108,43.330845],[5.2361053,43.3308827],[5.2361883,43.3308743],[5.2362107,43.3308827],[5.2361857,43.3309251],[5.2361901,43.3309615],[5.2362203,43.3309685],[5.2362328,43.3309411],[5.2362659,43.3309177],[5.2363389,43.3309092],[5.2364065,43.3309364],[5.2365102,43.3309249],[5.2365562,43.3309508],[5.2365896,43.3309637],[5.2366021,43.3309834],[5.2365365,43.3310312],[5.2365401,43.3310634],[5.2366338,43.3310762],[5.2367734,43.3310368],[5.2368463,43.3310556],[5.2367833,43.3311653],[5.2367954,43.3312591],[5.2368518,43.3314864],[5.2369047,43.3315742]]}},{"type":"Feature","properties":{},"geometry":{"type":"LineString","coordinates":[[5.3173233,43.3564639],[5.3171915,43.3564379],[5.3171127,43.3564013],[5.3168322,43.3563004],[5.3165364,43.3561886],[5.3157069,43.3554593],[5.3153539,43.3551591],[5.3151616,43.3550124],[5.3149694,43.354907],[5.3147144,43.3547327],[5.3141404,43.3544555],[5.3139796,43.3544074],[5.3138685,43.3544148],[5.3132767,43.3547832],[5.313056,43.3549857],[5.3130435,43.3550422],[5.3129804,43.3550995],[5.3129667,43.3551797],[5.3128019,43.3552789],[5.3127535,43.3552806],[5.3126117,43.3552118],[5.3125533,43.3551439],[5.3129237,43.3548084],[5.3131247,43.3546527],[5.3205519,43.350065],[5.3206681,43.3499055],[5.3207206,43.3497736],[5.3208186,43.3496365],[5.3208303,43.3495237],[5.3207825,43.349509],[5.3204741,43.3492052]]}},{"type":"Feature","properties":{},"geometry":{"type":"LineString","coordinates":[[5.3135733,43.3579207],[5.3144312,43.3575624],[5.3162427,43.3567909],[5.3163016,43.3567841]]}},{"type":"Feature","properties":{},"geometry":{"type":"LineString","coordinates":[[5.2967282,43.3580763],[5.297461,43.358204],[5.2975798,43.3582377],[5.2976413,43.3582198],[5.2977029,43.3582131],[5.2977429,43.3582511],[5.2977921,43.358278],[5.2978999,43.3583115],[5.2980199,43.3583361],[5.2981584,43.358363],[5.2983092,43.3583854],[5.2984077,43.3583943],[5.2984877,43.3583831],[5.2985492,43.3584212],[5.2986539,43.3584413],[5.2987801,43.3584547],[5.2988755,43.3584234],[5.2989739,43.3584077],[5.2990447,43.3584391],[5.2991032,43.3584749],[5.2992048,43.3585017],[5.2993771,43.358551],[5.2995372,43.3585689],[5.2996295,43.3585599],[5.2997403,43.3585845],[5.2998326,43.3586114],[5.2999649,43.3586293],[5.300048,43.3586158],[5.3001065,43.3586337],[5.3001988,43.3586561],[5.3003189,43.3586807],[5.3004697,43.3587098],[5.3005959,43.3587165],[5.3007036,43.3587165],[5.3008298,43.3587456],[5.3009867,43.3587725],[5.3011406,43.358806],[5.3013037,43.3588195],[5.3015376,43.3588329],[5.30167,43.3588732],[5.3017715,43.3589135],[5.3018731,43.3588978],[5.3019931,43.3589135],[5.3021193,43.3589314],[5.3022362,43.3589358],[5.3023501,43.3589179],[5.3024794,43.3589269],[5.3026025,43.3589358],[5.3027163,43.3589358],[5.3028671,43.3589269],[5.3030518,43.3588888],[5.3032088,43.3588598],[5.3033411,43.3588195],[5.3034704,43.3587837],[5.3035627,43.3587658],[5.3036335,43.358777],[5.3036612,43.358815],[5.3036489,43.3588647]]}},{"type":"Feature","properties":{},"geometry":{"type":"LineString","coordinates":[[5.2828748,43.3537782],[5.282965,43.3538259],[5.2830917,43.3538526],[5.2830873,43.3538742],[5.2831313,43.3538965],[5.283173,43.3538997],[5.2832742,43.3538965],[5.2833895,43.3539213],[5.2834473,43.3539603],[5.2835819,43.3540628],[5.2836632,43.3541307],[5.2837313,43.3541826],[5.2837698,43.3542002],[5.2838068,43.3542244],[5.283841,43.3542566],[5.2838713,43.3543007],[5.2838793,43.3543295],[5.2838713,43.3543368],[5.2839512,43.3544416],[5.2840097,43.3544035],[5.2840314,43.3543798],[5.2840589,43.3543776],[5.2841369,43.3544136],[5.2842171,43.3544599],[5.2842842,43.3545119],[5.2844853,43.3545982],[5.2845842,43.3546725],[5.2848084,43.3548363],[5.2849985,43.3549618],[5.285175,43.3550967],[5.2852281,43.3551625],[5.2853072,43.3551226],[5.2852962,43.3550826],[5.2853292,43.3550746],[5.285367,43.3550786],[5.2854144,43.3550904],[5.2854867,43.3551006],[5.2855341,43.3550955],[5.2855768,43.3551046],[5.285611,43.3551204],[5.2856351,43.3551371],[5.2856876,43.3551602],[5.2856639,43.355139],[5.2856627,43.355128],[5.2856988,43.3551339],[5.2857237,43.3551472],[5.2857291,43.355143],[5.2857618,43.3551475],[5.2857773,43.3551427],[5.2857466,43.3551286],[5.2857179,43.3551221],[5.2857047,43.3551116],[5.2857074,43.355104],[5.2857381,43.3551119],[5.2857897,43.355113],[5.2858611,43.3551473],[5.2858743,43.3551621],[5.2859122,43.3551741],[5.2859325,43.3551921],[5.2859688,43.3551937],[5.2860585,43.355246],[5.2860254,43.3551917],[5.2860952,43.3551673],[5.2862403,43.3551865],[5.2862842,43.355137],[5.2863524,43.3551282],[5.2863722,43.3550395],[5.2864436,43.3550107],[5.2865099,43.3550135],[5.2867199,43.3551492],[5.2867428,43.3551594],[5.286749,43.3551871],[5.2867607,43.3551933],[5.2867677,43.3552204],[5.2868065,43.3552504],[5.2868648,43.3552504],[5.2868987,43.3552352],[5.2869151,43.3552545],[5.2869386,43.3552628],[5.2869734,43.3552513],[5.2870008,43.3552425],[5.2870107,43.3552209],[5.2870292,43.355182],[5.2870743,43.3552159],[5.287051,43.3552735],[5.2871023,43.3553074],[5.2870961,43.3553492],[5.2871327,43.3553608],[5.2871624,43.3553168],[5.2872058,43.3553289],[5.2872795,43.3554272],[5.2873106,43.3554216],[5.2873479,43.3553854],[5.2873696,43.3554487],[5.2873541,43.3554905],[5.2873712,43.3555323],[5.2874271,43.3555346],[5.2874846,43.3555052],[5.2875344,43.3556001],[5.287623,43.355608],[5.2876618,43.3556566],[5.2876696,43.3557143],[5.2877451,43.3557928],[5.2878328,43.3558962],[5.2878204,43.3559821],[5.287867,43.3560612],[5.287867,43.3562985],[5.2879665,43.3562985],[5.2879338,43.356337],[5.2879571,43.3564387],[5.2880006,43.356433],[5.2880131,43.3564884],[5.2879571,43.3564952],[5.2879685,43.3565591],[5.2880206,43.3567691],[5.2880745,43.3568439],[5.2881668,43.3569206],[5.2882031,43.3569518],[5.2882152,43.3569909],[5.2882658,43.3570189],[5.2883372,43.3570349],[5.2883888,43.3570269],[5.2884141,43.3570508],[5.2884174,43.3571092],[5.2884438,43.35713],[5.288468,43.3571339],[5.2885083,43.3571104],[5.2885361,43.3572187],[5.2885768,43.3572202],[5.2886097,43.3572442],[5.288624,43.3573201],[5.288724,43.3573305],[5.2887783,43.3575179],[5.2888581,43.3575263],[5.2890108,43.3576715],[5.2893181,43.3576634],[5.2895296,43.3576629],[5.2896469,43.3576665],[5.2897252,43.3576972],[5.2898223,43.3577335],[5.2898735,43.3577636],[5.2899641,43.3578037],[5.2900389,43.3577736],[5.2900763,43.3577435],[5.2901039,43.357712],[5.290165,43.3575874],[5.2901807,43.3575101],[5.2901571,43.3574342],[5.2901256,43.3573798],[5.2900901,43.3573382],[5.2900232,43.3573297],[5.2899621,43.3573139],[5.2899188,43.357334],[5.2898853,43.3573698],[5.2898498,43.3573998],[5.2897789,43.3574184],[5.2896824,43.3574299],[5.2896233,43.3574127],[5.2895859,43.3573826],[5.2895524,43.357334],[5.2895288,43.3572495],[5.2895544,43.3571979],[5.2895957,43.3571607],[5.289645,43.3571406],[5.2897218,43.3571363],[5.2904092,43.3571557],[5.2906647,43.3571601],[5.2907897,43.3571588],[5.2910893,43.3571584],[5.2913699,43.3571732],[5.2923297,43.3571785],[5.2927758,43.3571819],[5.2932033,43.3571724],[5.2937551,43.3571507],[5.2940561,43.3571251],[5.2942032,43.3571242],[5.2945383,43.3571375],[5.29482,43.3571377],[5.2950113,43.3571158],[5.2953127,43.3571268],[5.2957811,43.357086],[5.2959828,43.3571274],[5.2962266,43.3570949],[5.2963536,43.3571317],[5.2966563,43.3570777]]}},{"type":"Feature","properties":{},"geometry":{"type":"LineString","coordinates":[[5.2369047,43.3315742],[5.2370889,43.3316826],[5.2371313,43.3317539],[5.2371866,43.3317763],[5.2373183,43.331727],[5.2374572,43.3317271],[5.2375303,43.3317602],[5.2375482,43.3316981],[5.2375921,43.3316778],[5.2376222,43.3316943],[5.2378576,43.331614],[5.2380853,43.3314863],[5.2381938,43.3315075],[5.2382254,43.3315994],[5.2382782,43.3315726],[5.2384158,43.3315777],[5.2387903,43.3315376],[5.2388377,43.3316072],[5.2388533,43.3316527],[5.2389533,43.3316837],[5.2390074,43.3316284],[5.2390126,43.3315542],[5.2388961,43.3314404],[5.2388934,43.3314152],[5.2390228,43.3314523],[5.2391017,43.3314698],[5.2391147,43.3314254],[5.2390598,43.3313872],[5.2390804,43.3313361],[5.2391931,43.3313176],[5.2394397,43.331343],[5.2395599,43.3313891],[5.2395572,43.3314701],[5.2396712,43.3314193],[5.2399255,43.3314807],[5.2402025,43.3316328],[5.2405269,43.3316971],[5.2405825,43.3317635],[5.2404912,43.3319499],[5.2407092,43.3319607],[5.2408476,43.3320228],[5.2411422,43.3320142],[5.2413249,43.3320378],[5.2416018,43.3320378],[5.241534,43.3319585],[5.2415929,43.3319114],[5.2415105,43.3318514],[5.2415929,43.3317999],[5.241643,43.3319799],[5.2418286,43.3320164],[5.2419435,43.3320571],[5.2421789,43.3321447],[5.2423311,43.3322388],[5.2423163,43.3321678],[5.2420939,43.3320082],[5.2420039,43.3318746],[5.2418728,43.3316692],[5.2418923,43.3316276],[5.2420496,43.3314978],[5.2422353,43.331421],[5.2423627,43.3314241],[5.2423961,43.3313771],[5.242494,43.331415],[5.242494,43.3314711],[5.2426336,43.3314711],[5.242721,43.3314771],[5.2427815,43.3314559],[5.2428429,43.3314726],[5.2428919,43.3314779],[5.2429314,43.3314938],[5.2429658,43.3314658],[5.2431252,43.3314832],[5.2432022,43.331568],[5.243161,43.3315812],[5.2431647,43.3316408],[5.2432626,43.3316938],[5.2433668,43.3317847],[5.2435709,43.3318908],[5.2436836,43.332014],[5.2436668,43.332109],[5.2436209,43.3321499],[5.2436334,43.3322241],[5.2436709,43.3323029],[5.243669,43.3323566],[5.2435186,43.3324012],[5.2433332,43.3324201],[5.243265,43.3324948],[5.2433176,43.3325368],[5.2432968,43.3325618],[5.2435592,43.3326663],[5.2436217,43.3327451],[5.2436582,43.3328164],[5.2438467,43.3329065],[5.2440206,43.3329595],[5.2440977,43.3330111],[5.2440769,43.3330277],[5.2442862,43.3331126],[5.2443883,43.3331292],[5.2446112,43.3332232],[5.2446393,43.3332247],[5.2447185,43.3332527],[5.2447456,43.3332542],[5.2447904,43.3332649],[5.2448799,43.3333103],[5.2449455,43.3333308],[5.2450092,43.3333683],[5.2449945,43.3334376],[5.2449237,43.3334823],[5.244883,43.3335141],[5.2448153,43.33353],[5.2447362,43.3335459],[5.2447331,43.3335762],[5.244807,43.3335921],[5.2448508,43.3336346],[5.2448768,43.3336489],[5.2449091,43.3336474],[5.244933,43.3336262],[5.2449935,43.3336232],[5.2450747,43.3335936],[5.2451528,43.3336005],[5.2451736,43.3335899],[5.2453028,43.3336323],[5.2454007,43.3336058],[5.2454818,43.3336156],[5.2454986,43.3336489],[5.2455873,43.3336969],[5.2456313,43.3337623],[5.245675,43.3337672],[5.2456807,43.3338546],[5.2457459,43.3339354],[5.2457865,43.3338687],[5.2458129,43.3338892],[5.2458605,43.3338162],[5.2459065,43.3337746],[5.2459601,43.3338059],[5.2459443,43.3338664],[5.245983,43.3338578],[5.2461134,43.3338001],[5.2462136,43.3337758],[5.2463307,43.3336869],[5.2464228,43.333679],[5.2464783,43.333695],[5.2465646,43.3336903],[5.2469141,43.3338399],[5.2470776,43.3339118],[5.2471703,43.3339929],[5.2472536,43.334027],[5.2474682,43.3341118],[5.2475275,43.334105],[5.2476088,43.3341368],[5.2476244,43.3341717],[5.2476608,43.3341959],[5.2477525,43.3341846],[5.2478421,43.3341876],[5.2479303,43.3342193],[5.2480046,43.3342906],[5.2481108,43.3343474],[5.2481597,43.3343952],[5.2482827,43.3344512],[5.248291,43.33448],[5.2483464,43.3345124],[5.2482797,43.3346079],[5.2483151,43.3346958],[5.2484068,43.3346958],[5.2484609,43.3346367],[5.2484943,43.3346427],[5.2485942,43.3347609],[5.2487526,43.3348443],[5.2487838,43.3349033],[5.2490359,43.3349594],[5.2491046,43.3349246],[5.2491629,43.3349412],[5.2491942,43.3349927],[5.2493296,43.33507],[5.2494379,43.3352003],[5.2495233,43.335164],[5.2496191,43.3351215],[5.2497312,43.3351519],[5.2498082,43.3352397],[5.2499207,43.3351913],[5.250002,43.3352019],[5.2500811,43.3352564],[5.2503103,43.3353352],[5.2506748,43.3354064],[5.2508144,43.3355155],[5.2510768,43.3355746],[5.2511872,43.3356458],[5.2514307,43.3356967],[5.2518194,43.3358882],[5.2519101,43.3359638],[5.251948,43.336092],[5.2520071,43.3361234],[5.2520282,43.3361741],[5.2520864,43.3361625],[5.2521472,43.3361837],[5.2521649,43.3362465],[5.2522962,43.3362965],[5.2524579,43.3363125],[5.2526829,43.3364378],[5.2528385,43.3364796],[5.2529031,43.3365649],[5.2531185,43.3366188],[5.2532022,43.3367196],[5.2530847,43.3367631],[5.252994,43.3367616],[5.252861,43.3368299],[5.2527684,43.3369362],[5.2527663,43.3369687],[5.2527275,43.3369857],[5.2527278,43.3370292],[5.2527817,43.337056],[5.2528725,43.3371219],[5.2529313,43.3371355],[5.2529591,43.3371419],[5.2530516,43.3370583],[5.2531683,43.3371135],[5.253291,43.337114],[5.2533795,43.3371314],[5.2537164,43.337053],[5.2537294,43.3371102],[5.2538199,43.3371592],[5.2539731,43.3371993],[5.2540879,43.3373976],[5.2541966,43.3374767],[5.2541798,43.3375191],[5.254264,43.3375191],[5.2542901,43.3375402],[5.2544123,43.3375804],[5.254362,43.3376015],[5.2545229,43.3377085],[5.2545259,43.3377653],[5.2545937,43.3377996],[5.2546301,43.3378678],[5.2546241,43.337918],[5.2545903,43.3380081],[5.2546454,43.3380817],[5.2546944,43.3381129],[5.2547909,43.3381429],[5.2548808,43.3381254],[5.2549043,43.3381539],[5.2549621,43.3381633],[5.2550567,43.3382684],[5.255128,43.3381994],[5.2551667,43.3381353],[5.2552624,43.3380786],[5.2553646,43.3380039],[5.2554407,43.3379287],[5.2554611,43.3379223],[5.2555042,43.3379239],[5.2555639,43.3379915],[5.2556446,43.3380588],[5.2556714,43.3381229],[5.2557341,43.3381229],[5.255803,43.3381117],[5.2558556,43.3381994],[5.2558035,43.3382816],[5.2559456,43.338314],[5.2559803,43.3382739],[5.256028,43.3382323],[5.2561276,43.3381994],[5.256188,43.3381795],[5.2562037,43.3381322],[5.2562227,43.3381109],[5.256188,43.3380843],[5.2561841,43.3380196],[5.2562075,43.3380086],[5.2561845,43.3379279],[5.2561895,43.3378841],[5.2561819,43.3378629],[5.2561863,43.3378272],[5.2562028,43.3378003],[5.256204,43.3377766],[5.2561903,43.3377518],[5.256206,43.3377506],[5.2561871,43.3377451],[5.2561804,43.3377378],[5.2561827,43.3377211],[5.2561946,43.3377012],[5.2562233,43.3376923],[5.256275,43.337706],[5.2563104,43.3376615],[5.2564698,43.3376813],[5.2565675,43.3377551],[5.256609,43.3377379],[5.2566358,43.3377432],[5.2566659,43.3377557],[5.2566908,43.3377589],[5.2567215,43.3377508],[5.2567426,43.3377148],[5.2567805,43.3376974],[5.2568458,43.3377107],[5.2568959,43.3377086],[5.2569274,43.3377009],[5.2569669,43.3377185],[5.2570174,43.3377009],[5.2570457,43.3377055],[5.2570863,43.3376772],[5.2570826,43.3376533],[5.2571112,43.337634],[5.2572685,43.3377119],[5.2573211,43.3377143],[5.2573285,43.3377397],[5.2573566,43.337771],[5.2573941,43.3377425],[5.257466,43.3377447],[5.257539,43.3377387],[5.2576205,43.3376814],[5.2576655,43.3376916],[5.2577039,43.3377177],[5.2577239,43.3376883],[5.2577948,43.3376744],[5.257806,43.3376926],[5.2578062,43.3377329],[5.2577995,43.3377394],[5.2577806,43.3377576],[5.2577422,43.3377672],[5.2577104,43.3377924],[5.2577435,43.3378352],[5.2577905,43.3378059],[5.2578057,43.3378151],[5.2578471,43.3378226],[5.2578539,43.3378374],[5.2578739,43.3378381],[5.2578904,43.3378591],[5.25794,43.3378578],[5.2579924,43.3378301],[5.2580147,43.3378297],[5.2580318,43.3378243],[5.2580458,43.3378224],[5.2580603,43.3378108],[5.2581047,43.3377929],[5.258122,43.3377966],[5.2581305,43.3377845],[5.2581395,43.3377802],[5.258147,43.3377652],[5.2581856,43.3377423],[5.2582643,43.3376989],[5.2582916,43.3376574],[5.2583304,43.3376259],[5.2583217,43.3375936],[5.2583569,43.3375551],[5.2583724,43.3375617],[5.2583887,43.3375749],[5.258415,43.3375453],[5.2584386,43.3375406],[5.2584658,43.3375663],[5.2585529,43.3375834],[5.2586437,43.3375967],[5.2586607,43.3376486],[5.2586831,43.3377493],[5.2587775,43.3377966],[5.2588485,43.3378573],[5.2588802,43.3378537],[5.2588896,43.3378424],[5.2589771,43.3378495],[5.2590187,43.337848],[5.2590743,43.3378759],[5.2590622,43.3378172],[5.259036,43.3377649],[5.2590759,43.3377284],[5.2591163,43.3377302],[5.2591234,43.3377487],[5.2591074,43.3377665],[5.2591044,43.3377884],[5.2591365,43.3378019],[5.2591285,43.3378274],[5.2591123,43.3378571],[5.2591813,43.3378948],[5.2592689,43.3378524],[5.2592866,43.3378604],[5.2593672,43.3378108],[5.2593758,43.3378349],[5.2593647,43.3378579],[5.2592946,43.3379049],[5.25927,43.3379267],[5.259271,43.3379499],[5.2593112,43.3379938],[5.2592824,43.3380107],[5.2594539,43.3381076],[5.2594624,43.3381522],[5.2594925,43.3381406],[5.2595116,43.3381524],[5.2595239,43.338171],[5.2595138,43.3381799],[5.2594871,43.3382258],[5.2594901,43.3382693],[5.259479,43.3382739],[5.2594553,43.3382774],[5.2594798,43.3382885],[5.259487,43.3382987],[5.2594718,43.3383191],[5.2594742,43.3383264],[5.2594635,43.3383469],[5.2594357,43.3383646],[5.2594269,43.3383818],[5.259392,43.3384133],[5.2593832,43.3384167],[5.259363,43.3384095],[5.2593244,43.3384326],[5.2593067,43.3384625],[5.2592833,43.3384767],[5.2592682,43.3384789],[5.2592472,43.3385009],[5.2592172,43.3385004],[5.259196,43.3385067],[5.2592185,43.3385223],[5.2592264,43.3385424],[5.259221,43.3385713],[5.2592002,43.3385761],[5.2591892,43.3385917],[5.2591438,43.3386122],[5.2589539,43.3386212],[5.258916,43.3386202],[5.2587248,43.338647],[5.2586613,43.3386415],[5.258542,43.3386057],[5.2585178,43.338613],[5.2584606,43.3386166],[5.2584468,43.3386978],[5.2584838,43.338808],[5.2585522,43.3387696],[5.2585666,43.3388285],[5.2586438,43.3388664],[5.2587369,43.3389261],[5.2587504,43.3389654],[5.2587266,43.3389859],[5.2587184,43.3390265],[5.2587341,43.3390895],[5.2587122,43.3391009],[5.2587354,43.3391525],[5.2587115,43.3391716],[5.2587172,43.3392136],[5.2586499,43.3392499],[5.2586061,43.3391995],[5.2586005,43.3391607],[5.2586118,43.339131],[5.2585823,43.3391265],[5.2585894,43.3391071],[5.2585723,43.3390854],[5.2585823,43.339064],[5.258569,43.3390621],[5.258567,43.3390511],[5.2585393,43.3390444],[5.2584963,43.3390301],[5.2584926,43.33899],[5.2585415,43.3389827],[5.2585015,43.3389456],[5.2584361,43.3389663],[5.2584192,43.3389572],[5.2583972,43.3389339],[5.2584073,43.3389157],[5.2583938,43.3389024],[5.2583741,43.3389091],[5.2583665,43.3388939],[5.2583368,43.3388968],[5.2583406,43.3389098],[5.2583582,43.3389272],[5.2583646,43.3389481],[5.2583602,43.338964],[5.2583415,43.3389761],[5.2583244,43.3390179],[5.2582083,43.3389963],[5.258086,43.3389655],[5.2580486,43.3389282],[5.2579888,43.3389347],[5.2579697,43.338957],[5.2578818,43.3390523],[5.2577877,43.3392185],[5.257778,43.3392396],[5.2577584,43.3392534],[5.2577393,43.3393626],[5.2578146,43.3393827],[5.257915,43.3393466],[5.2580266,43.3394117],[5.2580627,43.3394704],[5.2580486,43.3394915],[5.2580764,43.3396151],[5.2580798,43.3396301],[5.258105,43.3396478],[5.2581129,43.3396723],[5.2581243,43.3396776],[5.2582514,43.3396852],[5.2582917,43.3397174],[5.2583374,43.3397415],[5.2583685,43.3397579],[5.2583976,43.3397379],[5.2584595,43.3397265],[5.2585063,43.339726],[5.2585461,43.3396845],[5.2585013,43.3396689],[5.2584993,43.339636],[5.2585246,43.3396252],[5.2585026,43.3395793],[5.258625,43.3395334],[5.2586667,43.3395611],[5.2589208,43.3394589],[5.2589482,43.3392286],[5.2589031,43.3391301],[5.2589747,43.3391021],[5.2590825,43.33909],[5.2591278,43.3391523],[5.2591401,43.3393726],[5.2591887,43.3393819],[5.259235,43.339396],[5.2592178,43.3393387],[5.2592377,43.3393301],[5.2592635,43.3393407],[5.2593272,43.339345],[5.2593213,43.3393821],[5.2593341,43.3394056],[5.2593527,43.3394398],[5.25939,43.3394683],[5.2594262,43.3394469],[5.2594802,43.3394512],[5.2594988,43.339474],[5.2595272,43.3394648],[5.2595537,43.3394405],[5.2595213,43.339417],[5.2595168,43.3393971],[5.2595359,43.3393909],[5.2595654,43.3394032],[5.2596247,43.3393367],[5.2596695,43.3393197],[5.2597166,43.3393357],[5.2597038,43.3393118],[5.259708,43.3392929],[5.2597344,43.3392852],[5.2597745,43.3393036],[5.259809,43.3393023],[5.259907,43.339273],[5.2599982,43.339226],[5.2600576,43.3392298],[5.2601924,43.3392525],[5.2602422,43.3393096],[5.2601273,43.3393918],[5.2601169,43.3394201],[5.2601177,43.3394503],[5.2601732,43.3395199],[5.2601898,43.3395473],[5.2601883,43.3395514],[5.2601732,43.3395923],[5.2601445,43.3396397],[5.2602174,43.3397509],[5.2602109,43.3397726],[5.260201,43.3397915],[5.2602021,43.3398067],[5.2601947,43.339812],[5.2601887,43.3398277],[5.2601769,43.3398348],[5.2601425,43.339834],[5.2601387,43.3398461],[5.2601464,43.339858],[5.2601376,43.3398677],[5.260144,43.3398748],[5.2601439,43.3398834],[5.2600907,43.3399127],[5.2600455,43.3399455],[5.2600516,43.3399967],[5.2601236,43.3400034],[5.2601328,43.3400168],[5.2600746,43.3400591],[5.2600807,43.3401104],[5.2600634,43.3401453],[5.2600915,43.3401817],[5.2601864,43.3401694],[5.2603365,43.3402106],[5.2604652,43.340214],[5.2605203,43.340185],[5.2605785,43.340194],[5.2607134,43.3402394],[5.2607624,43.3402938],[5.260831,43.3403927],[5.2609031,43.3404815],[5.2609891,43.3405478],[5.2610822,43.3406102],[5.2612133,43.3407947],[5.261277,43.3408998],[5.2612538,43.3409372],[5.2613114,43.3410219],[5.2613628,43.3410807],[5.2614314,43.3411306],[5.2615112,43.3411966],[5.2615245,43.3412537],[5.2614618,43.3412742],[5.2614249,43.3412679],[5.2612955,43.3413107],[5.2612297,43.3414156],[5.2611889,43.3413979],[5.2611959,43.3413512],[5.2611473,43.3413534],[5.2610971,43.3413808],[5.2610846,43.3414156],[5.2610901,43.3414475],[5.2611634,43.3415361],[5.2612093,43.3415331],[5.2612383,43.3415457],[5.2612446,43.3415833],[5.261293,43.3416306],[5.2613788,43.341701],[5.2614388,43.3417224],[5.2614688,43.3417173],[5.261503,43.3417267],[5.2614711,43.3417582],[5.2614118,43.3417874],[5.2613596,43.3417852],[5.2612987,43.3417522],[5.2612715,43.3417451],[5.2612394,43.3417563],[5.2612135,43.3417711],[5.2612022,43.3417618],[5.2611884,43.3417704],[5.2611806,43.3417519],[5.2611586,43.3417409],[5.2609955,43.3418943],[5.2609908,43.3419084],[5.2609845,43.3419274],[5.261008,43.3419497],[5.2610857,43.3419651],[5.2611009,43.3419943],[5.2610896,43.3420067],[5.2610433,43.3419827],[5.2609782,43.3419696],[5.2609571,43.3419964],[5.2609508,43.3420352],[5.2609555,43.342086],[5.2609883,43.3421508],[5.2610261,43.3421938],[5.2610606,43.3422143],[5.2610935,43.3422097],[5.2611515,43.3422018],[5.2612336,43.342219],[5.261288,43.3422331],[5.2613496,43.3422266],[5.2613846,43.3422199],[5.2614114,43.3422274],[5.2614443,43.3422351],[5.2614766,43.3422764],[5.2615219,43.3422718],[5.261559,43.3422743],[5.2616256,43.3422743],[5.2616737,43.3422437],[5.2617287,43.3422177],[5.2618981,43.3422052],[5.2620228,43.3421864],[5.2621287,43.342147],[5.2622798,43.3421274],[5.2623428,43.3420381],[5.262451,43.3419736],[5.2624942,43.3418721],[5.2625279,43.341859],[5.2625687,43.3418533],[5.2626298,43.3418219],[5.2626793,43.3417934],[5.2626756,43.3417808],[5.2627324,43.3417521],[5.2628202,43.3417647],[5.2628667,43.3417826],[5.2630592,43.3417437],[5.2631389,43.3417704],[5.2631485,43.3418156],[5.2632112,43.3418379],[5.2632783,43.341766],[5.2633242,43.3417203],[5.2633855,43.3417125],[5.2634034,43.3417141],[5.2634136,43.3417757],[5.2634452,43.3418417],[5.2634776,43.3418152],[5.2635052,43.3417829],[5.2635295,43.3417504],[5.2635652,43.3417392],[5.2635905,43.3417467],[5.263574,43.3418355],[5.2635602,43.3418643],[5.2635673,43.3419034],[5.2636261,43.3418898],[5.2638317,43.3418031],[5.2639722,43.3417604],[5.2641714,43.3417144],[5.2643724,43.3416788],[5.2643381,43.3417501],[5.2644827,43.3417367],[5.2645586,43.3417153],[5.2646125,43.3417207],[5.2647682,43.3417804],[5.2648289,43.3418121],[5.2648678,43.3418204],[5.2649543,43.341814],[5.2649376,43.3417989],[5.2648987,43.3417643],[5.2648796,43.3417397],[5.2648615,43.3417275],[5.2648447,43.3417215],[5.2647939,43.3416627],[5.2647931,43.3416187],[5.2647974,43.3416026],[5.2648102,43.3415829],[5.2648648,43.3415758],[5.2649114,43.3415795],[5.2649882,43.3416214],[5.265017,43.3416246],[5.2650351,43.3416158],[5.2650633,43.3415856],[5.2650894,43.3415754],[5.2651591,43.3415701],[5.2652571,43.3415906],[5.2652646,43.3415946],[5.2652665,43.3416052],[5.2652431,43.3416161],[5.2652367,43.3416428],[5.2651771,43.3416941],[5.2651579,43.3416924],[5.2651367,43.3416755],[5.2651284,43.3417131],[5.2651022,43.3417331],[5.2651015,43.3417492],[5.2650579,43.3417796],[5.2650663,43.3417882],[5.265123,43.341784],[5.2651773,43.3417599],[5.265185,43.3417432],[5.265261,43.3417118],[5.2653003,43.3417094],[5.2653362,43.3417113],[5.2653543,43.3417517],[5.265392,43.3417454],[5.2654524,43.3417574],[5.2654477,43.3417369],[5.2655653,43.3417403],[5.265661,43.3417557],[5.2658287,43.3418452],[5.2660084,43.3419623],[5.2660891,43.3420435],[5.2660922,43.3421148],[5.2661289,43.3421527],[5.2661167,43.3421861],[5.2661443,43.3422418],[5.2661228,43.3422708],[5.2661917,43.3423242],[5.2662421,43.3423888],[5.2662354,43.3424764],[5.2662208,43.3425189],[5.2662077,43.3425383],[5.2662208,43.3425587],[5.2662237,43.3425797],[5.2662146,43.342611],[5.2662131,43.3426533],[5.266221,43.3426672],[5.2662127,43.3426928],[5.2661248,43.3427334],[5.2657719,43.3427524],[5.2657081,43.3428063],[5.2656456,43.3429335],[5.2656458,43.3429546],[5.2656775,43.3429514],[5.2657013,43.3429622],[5.2656738,43.3429844],[5.2656534,43.3429732],[5.2656407,43.3429855],[5.2656986,43.3431494],[5.2658378,43.3432903],[5.2659662,43.3433831],[5.26606,43.3433621],[5.2661282,43.3433377],[5.26619,43.3433597],[5.2662704,43.343375],[5.266348,43.3434104],[5.266346,43.3434611],[5.2663497,43.3434678],[5.2663451,43.3434769],[5.2663711,43.3434732],[5.2663974,43.3434768],[5.2664429,43.3435028],[5.2664767,43.3435122],[5.2664969,43.3435297],[5.2664947,43.3435358],[5.2665083,43.343547],[5.2665203,43.3435676],[5.2665475,43.3435465],[5.2665628,43.3435417],[5.266584,43.3435368],[5.2666088,43.3435506],[5.2666347,43.343564],[5.2666458,43.3435842],[5.2666574,43.3436019],[5.2666716,43.3436028],[5.2666847,43.3435961],[5.2667037,43.3435895],[5.2667453,43.3435891],[5.2667631,43.3435745],[5.2667819,43.343581],[5.2667937,43.3436189],[5.2667872,43.3436437],[5.2667719,43.3436423],[5.2667348,43.3436294],[5.2667377,43.343642],[5.2667264,43.3436482],[5.2667396,43.3436548],[5.2667621,43.3436614],[5.2668014,43.3436741],[5.2668102,43.3436607],[5.2668223,43.3436567],[5.2668414,43.3436552],[5.2668644,43.3436626],[5.2668863,43.3436747],[5.2668923,43.3436911],[5.2668902,43.3437092],[5.2668995,43.3437276],[5.2669156,43.3437397],[5.2669109,43.34376],[5.2669191,43.3437738],[5.2669386,43.3437769],[5.2669421,43.3437613],[5.2669384,43.3437489],[5.2669123,43.3436779],[5.2669032,43.343659],[5.2669236,43.3436399],[5.2669507,43.3436342],[5.2670235,43.3436394],[5.2670585,43.343656],[5.2671347,43.3436457],[5.2671527,43.3436627],[5.2670985,43.343725],[5.2670802,43.343745],[5.2671065,43.343753],[5.2671315,43.3437608],[5.2671377,43.343752],[5.267159,43.3437554],[5.2671669,43.3437777],[5.2671693,43.3437925],[5.2671907,43.3438058],[5.2672241,43.3437966],[5.2672733,43.3437935],[5.2673086,43.3437912],[5.2673305,43.3437772],[5.2673476,43.3437629],[5.2673485,43.3437418],[5.2673329,43.3437377],[5.2673004,43.343742],[5.267269,43.34374],[5.2672422,43.3437258],[5.2672235,43.3436882],[5.267177,43.3436238],[5.2672462,43.3435942],[5.2672742,43.343601],[5.2673021,43.3436257],[5.2673678,43.3436212],[5.2673815,43.3436395],[5.267365,43.3436555],[5.2673929,43.3436704],[5.2674264,43.3436817],[5.267451,43.3436994],[5.2674744,43.3437267],[5.2675018,43.3437142],[5.267527,43.3436854],[5.2675441,43.3436633],[5.2675252,43.3436529],[5.2675378,43.3436239],[5.2675629,43.3435987],[5.2676173,43.3435895],[5.2676508,43.3435831],[5.2676902,43.3436003],[5.2676873,43.3436539],[5.2677092,43.3436619],[5.2677352,43.3437043],[5.2677288,43.3437417],[5.2677758,43.3437092],[5.2678358,43.3437002],[5.2678515,43.3437117],[5.2678334,43.3437237],[5.2677606,43.3437434],[5.2677787,43.3437506],[5.2678005,43.3437506],[5.2678199,43.3437625],[5.2678518,43.3437574],[5.2678923,43.3437874],[5.2679479,43.3437728],[5.2680076,43.3438046],[5.2680147,43.3438391],[5.2679887,43.3438542],[5.267933,43.3438737],[5.2679053,43.3438933],[5.2679393,43.3438894],[5.2679651,43.3438989],[5.2679709,43.3439698],[5.2679617,43.3439844],[5.2679831,43.343999],[5.2679139,43.3440076],[5.267927,43.3440991],[5.2681027,43.344146],[5.2681337,43.3441278],[5.2681715,43.3441205],[5.2681671,43.3440861],[5.2682157,43.3440021],[5.2682602,43.3439761],[5.2682913,43.343984],[5.268323,43.3440033],[5.2683361,43.3440137],[5.2683952,43.3440612],[5.2684121,43.3440954],[5.2683696,43.3441057],[5.2682906,43.3441255],[5.2683335,43.3441309],[5.268318,43.3441447],[5.2683441,43.3441517],[5.2683703,43.3441367],[5.2683918,43.3441409],[5.2684042,43.3441631],[5.2684342,43.34416],[5.2684438,43.3441488],[5.2685079,43.3441539],[5.2685377,43.3441307],[5.2685526,43.3441288],[5.2685691,43.3441325],[5.2685805,43.3441109],[5.2685464,43.3440725],[5.2685312,43.3440622],[5.2685798,43.3440441],[5.2685941,43.3440507],[5.2686392,43.3440361],[5.2687022,43.3440412],[5.2687528,43.344049],[5.2687887,43.3440554],[5.2688283,43.3440444],[5.2688511,43.3440731],[5.2688504,43.3440973],[5.2688078,43.3440712],[5.268805,43.3440856],[5.2688192,43.3441034],[5.268861,43.3441264],[5.2688824,43.344096],[5.2689129,43.3440604],[5.2689407,43.3440641],[5.2689662,43.3440921],[5.2689319,43.3441103],[5.2689551,43.3441197],[5.2689876,43.344128],[5.2690179,43.3441721],[5.2690697,43.3441722],[5.2690972,43.3441879],[5.269154,43.3441773],[5.269194,43.3441955],[5.2692271,43.3441884],[5.269254,43.3441723],[5.2693464,43.3442108],[5.2693344,43.3441536],[5.2694747,43.3442472],[5.2695097,43.3442978],[5.2694917,43.3443316],[5.2695259,43.3443535],[5.2695512,43.3443968],[5.2695601,43.3444519],[5.2695887,43.3444565],[5.2696065,43.3444342],[5.2696173,43.3443983],[5.2696894,43.344381],[5.2697224,43.3443735],[5.2697663,43.3443584],[5.2698163,43.3443227],[5.2698873,43.3443194],[5.2699302,43.3443477],[5.2699877,43.3443671],[5.2700117,43.3443895],[5.2701035,43.344417],[5.270151,43.3444832],[5.2701583,43.3445065],[5.2701902,43.344526],[5.2702175,43.3445099],[5.2703072,43.3445385],[5.2703486,43.3445835],[5.2703606,43.3446601],[5.2705113,43.3447778],[5.2705585,43.3447979],[5.2705806,43.3447903],[5.2706126,43.3447966],[5.2707185,43.3447871],[5.2707497,43.3447962],[5.2708615,43.344886],[5.2709019,43.3449077],[5.2709352,43.3449004],[5.2709814,43.3449191],[5.2711747,43.3449293],[5.2712479,43.3449603],[5.2712998,43.3449939],[5.2713129,43.3450557],[5.2714038,43.345178],[5.27136,43.345181],[5.2713534,43.3452176],[5.2713082,43.3452211],[5.2713694,43.3452929],[5.2713897,43.3453307],[5.271443,43.3453762],[5.2714766,43.3454465],[5.2715634,43.3454705],[5.2717192,43.3454318],[5.2717822,43.3454583],[5.2718214,43.3454907],[5.2717853,43.3456188],[5.2717433,43.3456586],[5.2717811,43.345716],[5.2718171,43.3457654],[5.271866,43.3457715],[5.2718995,43.3458289],[5.2719657,43.3458401],[5.2720862,43.3458289],[5.272199,43.345904],[5.2722492,43.3459635],[5.2721592,43.3460092],[5.2721286,43.3460919],[5.2722067,43.3461598],[5.2721388,43.3462018],[5.2721779,43.3462487],[5.2722593,43.3462474],[5.272261,43.3463153],[5.2724206,43.3463388],[5.2725225,43.3464005],[5.2726174,43.3465316],[5.2727194,43.3465375],[5.2728789,43.3466437],[5.2731913,43.3468326],[5.2733232,43.346937],[5.2733249,43.3469951],[5.2734794,43.3470444],[5.2736648,43.3471695],[5.2737,43.3472531],[5.2736797,43.3473321],[5.273734,43.3474333],[5.2737204,43.347474],[5.2737849,43.3475444],[5.2738121,43.3476197],[5.2738466,43.3476666],[5.2739125,43.3476603],[5.273957,43.3476764],[5.2740095,43.3476817],[5.2740294,43.3477123],[5.2739873,43.3477473],[5.2740342,43.347777],[5.2740446,43.3478086],[5.2740151,43.347837],[5.2739576,43.347841],[5.2739494,43.3478684],[5.2739279,43.3478918],[5.2739437,43.3479017],[5.2739433,43.347939],[5.2739349,43.3479573],[5.2738996,43.3479756],[5.2738828,43.3479868],[5.2739134,43.3480054],[5.2739131,43.348023],[5.2738834,43.3480383],[5.2738616,43.3480615],[5.2738236,43.3480863],[5.2737958,43.3480851],[5.2738153,43.3481239],[5.2738413,43.3481652],[5.2738727,43.3481801],[5.2739034,43.3481749],[5.2739637,43.3481651],[5.2739859,43.3481819],[5.274014,43.3481783],[5.2740319,43.3481372],[5.2740538,43.3481136],[5.2740966,43.3481147],[5.2741735,43.3481282],[5.2742141,43.348107],[5.2742505,43.3481123],[5.2742942,43.3481057],[5.2743404,43.3481402],[5.2743676,43.3481441],[5.2743741,43.3481261],[5.2743905,43.3481193],[5.2744027,43.3480974],[5.2744273,43.3481214],[5.2744481,43.3481417],[5.2744823,43.3481715],[5.2744982,43.3481431],[5.2745517,43.3481637],[5.2745645,43.3481867],[5.2745912,43.3481996],[5.2747779,43.3483833],[5.2748692,43.3484928],[5.2750156,43.3485638],[5.2750983,43.3486317],[5.2752257,43.3486178],[5.2753615,43.3487212],[5.2754251,43.3487119],[5.2754613,43.3486922],[5.2757438,43.3488383],[5.2758351,43.3488861],[5.2758816,43.3489143],[5.2758578,43.3489361],[5.2758813,43.3489448],[5.2759235,43.3489423],[5.2759352,43.3489233],[5.2759632,43.3489334],[5.2759614,43.348958],[5.2759794,43.3489696],[5.2759938,43.3489506],[5.2760203,43.3489593],[5.2760815,43.3489739],[5.2761406,43.3490033],[5.2761847,43.3490169],[5.2762088,43.3490389],[5.2761823,43.3490573],[5.2762414,43.3490994],[5.27625,43.349109],[5.2762414,43.3491162],[5.2762426,43.3491249],[5.276274,43.3491244],[5.2763035,43.3491363],[5.2763331,43.3491538],[5.2763397,43.3491644],[5.2763428,43.3491788],[5.2763802,43.3491802],[5.2763892,43.349185],[5.2765481,43.3492415],[5.2766354,43.3492828],[5.2766305,43.3493074],[5.2766957,43.3493241],[5.2767126,43.3493565],[5.2767452,43.3493785],[5.2767838,43.3493767],[5.2768297,43.3493758],[5.2768634,43.3493758],[5.2769467,43.3494022],[5.2769708,43.3493513],[5.2770057,43.3493466],[5.2772242,43.3494258],[5.277258,43.3494706],[5.2773835,43.3494978],[5.277507,43.3495458],[5.2776255,43.3496462],[5.2777467,43.3497145],[5.2778357,43.349819],[5.2778956,43.3498275],[5.2779463,43.3498473],[5.2780282,43.349923],[5.2780982,43.3499304],[5.278163,43.349944],[5.2782342,43.3499377],[5.2782586,43.3499627],[5.2782927,43.3500408],[5.2783354,43.350052],[5.2784012,43.3500869],[5.278391,43.3501303],[5.278408,43.3501986],[5.2783609,43.3502395],[5.2783549,43.3502606],[5.278408,43.3502772],[5.2784973,43.3502992],[5.2786487,43.3503549],[5.2787084,43.3503338],[5.2787964,43.3503553],[5.2788688,43.3504418],[5.2789234,43.3504207],[5.279019,43.3505374],[5.2789848,43.3505684],[5.2789285,43.3505436],[5.2788858,43.3506015],[5.2789068,43.3506439],[5.2789133,43.3506895],[5.2789246,43.3507328],[5.2788967,43.3507622],[5.2789297,43.350774],[5.2789359,43.3507916],[5.2789776,43.3508202],[5.2789999,43.3508553],[5.2789897,43.3508724],[5.2789562,43.3508903],[5.2789414,43.3509213],[5.2788816,43.3509332],[5.2788298,43.3509384],[5.2787958,43.350958],[5.2787476,43.3509717],[5.2787337,43.3510147],[5.2787389,43.3510354],[5.278738,43.3510517],[5.2787251,43.3510718],[5.2787489,43.3510743],[5.27873,43.3510975],[5.2787317,43.3511231],[5.2787609,43.3511443],[5.2788125,43.3511865],[5.2788968,43.3512335],[5.2789282,43.3512266],[5.2789469,43.3511951],[5.2789684,43.3511985],[5.2789798,43.3511628],[5.2789666,43.3511535],[5.2789797,43.3511206],[5.2790058,43.351092],[5.279036,43.3510871],[5.2790619,43.3511159],[5.279085,43.3511302],[5.2791148,43.3511463],[5.2791267,43.3511676],[5.2791487,43.3511727],[5.2791886,43.3511604],[5.2792203,43.3511628],[5.2792383,43.3511794],[5.2792083,43.3511899],[5.2792305,43.3512059],[5.2792768,43.3512043],[5.2792987,43.3512324],[5.2793392,43.3512396],[5.2793784,43.3512585],[5.2793895,43.3513172],[5.2794018,43.3513504],[5.2794302,43.3513837],[5.2794712,43.3514196],[5.2795463,43.3514246],[5.2796109,43.3514648],[5.2797509,43.3515864],[5.2798004,43.3515914],[5.2798413,43.3516683],[5.279886,43.3517342],[5.2800086,43.352012],[5.2798679,43.3521237],[5.2799222,43.3521684],[5.2800256,43.3521696],[5.2800615,43.352228],[5.2801536,43.3522726],[5.2801429,43.3523248],[5.2801843,43.3523508],[5.2802201,43.3523687],[5.2803004,43.3523508],[5.2804198,43.3524265],[5.2806024,43.3526114],[5.2805151,43.352636],[5.2805804,43.3526841],[5.2806378,43.3527698],[5.2807318,43.3528525],[5.280876,43.3529555],[5.2810484,43.3529903],[5.2813556,43.3532174],[5.2815365,43.3532757],[5.2817985,43.3534152],[5.2819887,43.3534966],[5.2820617,43.3535722],[5.2820824,43.3536909],[5.2820628,43.3538118],[5.2820921,43.353826],[5.2821377,43.3537238],[5.282201,43.3537266]]}},{"type":"Feature","properties":{},"geometry":{"type":"LineString","coordinates":[[5.2095187,43.3292897],[5.209565,43.3292813],[5.2095961,43.3292626],[5.2096832,43.3292577],[5.2097439,43.3292947],[5.2097885,43.3292999],[5.2097901,43.3293079],[5.2096366,43.3293118],[5.2095187,43.3292897]]}},{"type":"Feature","properties":{},"geometry":{"type":"LineString","coordinates":[[5.2079846,43.3293902],[5.2079628,43.3293802],[5.2080092,43.3293768],[5.2080561,43.3293615],[5.2080905,43.3293691],[5.2082655,43.3293717],[5.2082613,43.3293853],[5.2079846,43.3293902]]}},{"type":"Feature","properties":{},"geometry":{"type":"LineString","coordinates":[[5.282201,43.3537266],[5.2822277,43.3537075],[5.2822987,43.3537233],[5.2824083,43.3537285],[5.2824618,43.3537627],[5.2824847,43.3537619],[5.2825342,43.3537847],[5.2825996,43.3537747],[5.2826727,43.3537838],[5.2827417,43.3537952],[5.2827623,43.3537759],[5.2828334,43.3537847],[5.2828748,43.3537782]]}},{"type":"Feature","properties":{},"geometry":{"type":"LineString","coordinates":[[5.3612789,43.2940677],[5.3612834,43.2940923],[5.361227,43.2941022],[5.3611796,43.2941169],[5.3611095,43.294121],[5.3610521,43.2941425],[5.3607747,43.2941595],[5.3606007,43.2941899],[5.3604333,43.2942011],[5.3602568,43.2941983],[5.3600081,43.2941835],[5.3599575,43.2941979],[5.3598892,43.2941979],[5.359701,43.2941938],[5.3596854,43.2942184],[5.3596577,43.2942217],[5.3596416,43.2942372],[5.3596236,43.2942563],[5.3595978,43.2942621],[5.3595871,43.2942776],[5.3595771,43.2943121],[5.3595403,43.2943525],[5.3595147,43.2943728],[5.3595178,43.294381],[5.3594864,43.2944105],[5.3594999,43.2944307],[5.3594374,43.294495],[5.359355,43.2945046],[5.3592894,43.2945567],[5.359268,43.2945605],[5.3592172,43.294642],[5.3591938,43.294658],[5.3591877,43.2946791],[5.3591847,43.294711],[5.3591527,43.29475],[5.3591068,43.2947829],[5.3590477,43.2947981],[5.3590241,43.2948192],[5.358996,43.2948092],[5.3589755,43.294819],[5.3589314,43.2948045],[5.3589053,43.2948191],[5.3588859,43.2948077],[5.3588572,43.2948103],[5.3587519,43.294913],[5.3585892,43.2949812],[5.358302,43.2950444],[5.3582223,43.2950796],[5.3581918,43.2951075],[5.3581733,43.2951179],[5.3581586,43.2951293],[5.3580923,43.2951312],[5.3580458,43.2951474],[5.3579606,43.2951471],[5.3579041,43.2951555],[5.3578435,43.2951482],[5.3578067,43.2950934],[5.3577222,43.295076],[5.3577163,43.2950373],[5.3576477,43.2949801],[5.3575749,43.2949376],[5.3575051,43.2949268],[5.3575011,43.2948948],[5.3574957,43.2948664],[5.3574299,43.2948347],[5.3574202,43.2947929],[5.3573594,43.2947603],[5.3573266,43.2947264],[5.3571419,43.2942965],[5.3571413,43.2942949],[5.3568938,43.2942279],[5.3568155,43.2942274],[5.3567089,43.2942267],[5.3565957,43.2942259],[5.3565218,43.2942254],[5.3564824,43.2942328],[5.3563735,43.2942533],[5.3562018,43.2942857],[5.355882,43.2943638],[5.3558068,43.2943864],[5.3558518,43.2950428],[5.3558935,43.2950497],[5.3559358,43.2950693],[5.3559633,43.2950953],[5.3559755,43.2951311],[5.3559998,43.295134],[5.3559928,43.2951682],[5.3559645,43.2952013],[5.3559174,43.2952278],[5.355863,43.2952382],[5.3556359,43.2952483],[5.3555721,43.2952312],[5.3555223,43.2951985],[5.3554041,43.2950538],[5.3554055,43.2949788],[5.3553813,43.2949654],[5.3553199,43.2950568],[5.3552259,43.2950541],[5.3551957,43.2950768],[5.3551189,43.2950535],[5.3550611,43.294933],[5.3550662,43.2948687],[5.3549958,43.2948171],[5.3549195,43.2947882],[5.3548831,43.2948251],[5.3547971,43.2948512],[5.354753,43.2948226],[5.3546975,43.294802],[5.3546489,43.2947485],[5.3544792,43.2946869],[5.3544113,43.294639],[5.3543776,43.2946008],[5.3542715,43.2946133],[5.3540836,43.2946512],[5.354032,43.2946394],[5.3540169,43.2945987],[5.3540518,43.29458],[5.3542094,43.2945368],[5.3543031,43.2945126],[5.3543387,43.2945133],[5.3543904,43.2944753],[5.3543916,43.2944401],[5.3544032,43.2944001],[5.3544319,43.2943774],[5.3544579,43.2943225],[5.3544875,43.2942819],[5.354489,43.2942293],[5.3545327,43.2941626],[5.3544249,43.29414],[5.3543819,43.2941161],[5.3543487,43.2941216],[5.3543258,43.2940487],[5.3544102,43.2939751],[5.3544631,43.2938656],[5.3544842,43.2937116],[5.3544717,43.2936502],[5.3542824,43.2935947],[5.3540941,43.2934486],[5.3540755,43.2933778],[5.3539754,43.2933258],[5.3539358,43.2933295],[5.3538332,43.2932705],[5.3537356,43.293147],[5.3537022,43.2931335],[5.3537055,43.2931128],[5.3537585,43.2930993],[5.3536966,43.2930084],[5.3536805,43.2929538],[5.3537055,43.2929405],[5.3536539,43.2928561],[5.353463,43.292783],[5.3535475,43.292566],[5.3534932,43.2926044],[5.3534637,43.2925943],[5.3534317,43.2925489],[5.3533976,43.2925322],[5.3533926,43.2925222],[5.3535036,43.2924545],[5.353476,43.2924293],[5.3534805,43.2924094],[5.3535079,43.2924089],[5.3536484,43.292354],[5.3535135,43.2922518],[5.3535076,43.2922874],[5.3534015,43.292269],[5.3533721,43.2922753],[5.3533612,43.2922459],[5.3535946,43.2920297],[5.3536307,43.2919585],[5.3536652,43.2919187],[5.353633,43.2918478],[5.3535561,43.2917097],[5.3535699,43.2916864],[5.3535854,43.2916603],[5.353527,43.2916395],[5.3534803,43.2916143],[5.3534869,43.2915605],[5.3535245,43.2915484],[5.3535337,43.2914975],[5.3536012,43.2914351],[5.3535893,43.2914143],[5.3536255,43.2913815],[5.3537109,43.2914484],[5.353888,43.2914384],[5.354357,43.2915767],[5.3545044,43.2914237],[5.3544768,43.2914027],[5.354519,43.2914121],[5.3544929,43.2913559],[5.3545689,43.2913491],[5.3545732,43.2912434],[5.3545888,43.2912745],[5.3546156,43.2912823],[5.354616,43.2912856],[5.3546005,43.291288],[5.3545955,43.2912924],[5.3546348,43.2913249],[5.3546854,43.2913057],[5.3547016,43.2912835],[5.3547319,43.2912888],[5.3547544,43.2912736],[5.3547709,43.2912511],[5.3547949,43.2912503],[5.3548551,43.2912595],[5.3548649,43.2911971],[5.3548704,43.2911876],[5.3548825,43.2911843],[5.3550357,43.2911994],[5.3550424,43.2911503],[5.3550443,43.2911365],[5.3551547,43.2911458],[5.3551825,43.2910638],[5.3551974,43.291015],[5.35521,43.2909614],[5.355222,43.2909136],[5.3552254,43.2908599],[5.355226,43.2908072],[5.3552267,43.2907539],[5.3552274,43.290705],[5.3552234,43.2906512],[5.3552214,43.2906009],[5.3552154,43.2905486],[5.3552047,43.2904985],[5.3551954,43.2904474],[5.3551781,43.2903952],[5.3551562,43.2903475],[5.3551311,43.290299],[5.3550917,43.2902536],[5.355062,43.2902288],[5.3550487,43.2902399],[5.3550266,43.2902549],[5.3550004,43.2902637],[5.3549806,43.2902728],[5.3549532,43.2902815],[5.3549276,43.2902841],[5.3549089,43.2902813],[5.354892,43.2902791],[5.3548745,43.290276],[5.3548469,43.2902657],[5.3548246,43.2902539],[5.3548089,43.2902433],[5.3547963,43.2902342],[5.3547744,43.2902117],[5.3547676,43.2901874],[5.3547778,43.2901479],[5.3547421,43.2900522],[5.3547184,43.2899564],[5.3547073,43.2897571],[5.3547166,43.2897099],[5.3547393,43.289645],[5.3547352,43.2895417],[5.354762,43.2894414],[5.3541797,43.2891179],[5.354048,43.2891514],[5.3539869,43.2890575],[5.353938,43.2890246],[5.353948,43.2889784],[5.3539418,43.2889298],[5.3539098,43.2889555],[5.3538814,43.2889591],[5.353822,43.2889384],[5.3537388,43.2889281],[5.3537127,43.2889403],[5.3536228,43.2888901],[5.353604,43.2888959],[5.3535913,43.2888823],[5.3535578,43.2888881],[5.3535222,43.2888886],[5.3534974,43.2888949],[5.35348,43.2888866],[5.3535316,43.2888383],[5.3535303,43.2888242],[5.35354,43.2888045],[5.3534966,43.288729],[5.3534543,43.2886869],[5.3534357,43.2887015],[5.3534002,43.2887026],[5.3533935,43.2887109],[5.3532273,43.2886226],[5.3531943,43.2886289],[5.3531533,43.2886649],[5.3530023,43.2886476],[5.3529328,43.2886192],[5.3528909,43.2885607]]}},{"type":"Feature","properties":{},"geometry":{"type":"LineString","coordinates":[[5.1549841,43.3285053],[5.1550764,43.3285328],[5.155135,43.3284935],[5.1551392,43.3284562],[5.1551544,43.3284162],[5.1551806,43.3284093],[5.1551731,43.3284245],[5.1552049,43.3284301],[5.1553816,43.3283313],[5.1553201,43.3282427],[5.1553384,43.3282197],[5.1553686,43.3282227],[5.1554084,43.3282741],[5.1554304,43.3282844],[5.1554903,43.3282539],[5.1554999,43.3282083],[5.155529,43.3281867],[5.1555451,43.3281584],[5.155612,43.328138],[5.1556107,43.3281108],[5.1556406,43.3280911],[5.1556397,43.3280467],[5.15561,43.3280264],[5.1556062,43.3279786],[5.1555477,43.3279562],[5.1555444,43.3279177],[5.1555791,43.3279006],[5.1556423,43.3279117],[5.1556794,43.3279518],[5.1558155,43.3279159],[5.1558706,43.3278766],[5.1560009,43.327828],[5.1560489,43.3277754],[5.1563144,43.3276159]]}},{"type":"Feature","properties":{},"geometry":{"type":"LineString","coordinates":[[5.1548863,43.3286009],[5.1548532,43.3285453],[5.1546893,43.3283937],[5.1544284,43.3283608],[5.154253,43.3283326],[5.1542135,43.3282327],[5.1542927,43.3281643],[5.1543993,43.3281557],[5.1547087,43.3282928],[5.1548083,43.328328],[5.1549133,43.3284292],[5.1549841,43.3285053]]}},{"type":"Feature","properties":{},"geometry":{"type":"LineString","coordinates":[[5.1542703,43.3288563],[5.1543201,43.328862],[5.1544915,43.3288817],[5.1545093,43.3287789],[5.1547174,43.3286518],[5.1548082,43.328681],[5.1548863,43.3286009]]}},{"type":"Feature","properties":{},"geometry":{"type":"LineString","coordinates":[[5.1526824,43.3281379],[5.1525903,43.3280402],[5.1525887,43.3279563],[5.1526575,43.3278975],[5.1527899,43.327895],[5.15301,43.3280189],[5.1533019,43.3282943],[5.1535123,43.3285477],[5.1537446,43.3286571],[5.1540977,43.3287262],[5.1543748,43.3285455],[5.1544762,43.3285716],[5.1543089,43.3287328],[5.1542703,43.3288563]]}},{"type":"Feature","properties":{},"geometry":{"type":"LineString","coordinates":[[5.1521738,43.3287687],[5.1512867,43.3286329],[5.1512053,43.3286879],[5.1511919,43.3289019],[5.1511944,43.328927],[5.1512598,43.3294116],[5.1512669,43.3294362],[5.1512723,43.3295227],[5.1513179,43.3297055],[5.1513222,43.3297345],[5.1513763,43.3299445],[5.1513849,43.3299701],[5.1513967,43.3300419],[5.1515626,43.330233],[5.1515858,43.3302551],[5.1517563,43.3304471],[5.1520824,43.3305184],[5.1524774,43.3305342],[5.1525082,43.3300603],[5.1525374,43.3300097],[5.152615,43.3299987],[5.1526915,43.3300424],[5.1526816,43.3300722],[5.1526382,43.3300806],[5.152613,43.3305074],[5.1530584,43.3304327],[5.1530881,43.3304323],[5.1533174,43.3303961],[5.1535608,43.330001],[5.1535705,43.3299795],[5.1537597,43.329684],[5.1537671,43.3296698],[5.1538709,43.3295071],[5.1538309,43.3294374],[5.1530316,43.3291686],[5.1529238,43.3291905],[5.1528178,43.3293206],[5.1527761,43.3293293],[5.1527423,43.3293112],[5.1527534,43.3292819],[5.1527335,43.3292632],[5.1532756,43.3286228]]}},{"type":"Feature","properties":{},"geometry":{"type":"LineString","coordinates":[[5.1523676,43.328651],[5.1524533,43.3287286],[5.1524199,43.3288023],[5.1523316,43.3288439],[5.15224,43.328823],[5.1521738,43.3287687]]}},{"type":"Feature","properties":{},"geometry":{"type":"LineString","coordinates":[[5.3646091,43.245744],[5.3645226,43.24574],[5.3644397,43.2457015],[5.3643568,43.2455267],[5.3643149,43.2453989],[5.3642939,43.2452872],[5.36431,43.245273],[5.364291,43.2452352],[5.3642028,43.2450451],[5.3644537,43.2449834],[5.364485,43.2449758],[5.3647797,43.2449038],[5.3648018,43.2448983],[5.365123,43.2448181],[5.3651562,43.2448096],[5.3656508,43.2446925],[5.3656812,43.2446851],[5.3661305,43.2445779],[5.3661606,43.2445706],[5.36652,43.2444832],[5.3665454,43.244477],[5.3668464,43.2444021],[5.3668709,43.2443962],[5.3671755,43.2443224],[5.3672001,43.2443164],[5.3674994,43.2442428],[5.3675256,43.2442364],[5.3677979,43.244172],[5.3678205,43.2441666],[5.3680865,43.2440979],[5.3677317,43.2433242],[5.3672208,43.2430202],[5.3671995,43.2430098],[5.3671819,43.2430012],[5.3664732,43.2425805],[5.3664168,43.2425934],[5.3663914,43.2425995],[5.3660589,43.2426827],[5.3660341,43.2426887],[5.3657257,43.242763],[5.3656999,43.2427696],[5.365398,43.2428406],[5.3653675,43.242848],[5.3652449,43.2425763],[5.3648989,43.2426595],[5.3648686,43.2426669],[5.3644162,43.2427782],[5.3643846,43.2427853],[5.3639336,43.2428954],[5.3639037,43.2429026],[5.3635437,43.2429896],[5.3635129,43.242997],[5.3634432,43.2430139],[5.3637132,43.2435872],[5.3636818,43.2435947],[5.3636234,43.2434682],[5.363551,43.2434858],[5.3635993,43.2435972],[5.3633881,43.2436475],[5.3633297,43.2435219],[5.363246,43.2435402],[5.363163,43.2433637],[5.3631053,43.2433771],[5.36318,43.2435555],[5.3630505,43.2435878],[5.3632242,43.2439959],[5.363474,43.2439338],[5.3634845,43.2439554],[5.3632576,43.2440113],[5.363374,43.2442709],[5.3636038,43.2447838],[5.3635831,43.2448445],[5.363545,43.2448977],[5.3635277,43.2449367],[5.3635363,43.2449848],[5.3635847,43.2450821],[5.3636722,43.2452809],[5.3637059,43.2453567],[5.3637781,43.2455193],[5.3638665,43.2457125],[5.3640215,43.2460917],[5.3640756,43.246091],[5.3641233,43.2462177],[5.3641092,43.2462922],[5.3640567,43.2463505]]}},{"type":"Feature","properties":{},"geometry":{"type":"LineString","coordinates":[[5.3623852,43.2415884],[5.3625068,43.2415516],[5.3625266,43.2415102],[5.3625784,43.2414026],[5.3626241,43.2413239],[5.3626511,43.2412373],[5.3626664,43.2411883],[5.3625696,43.2410368],[5.3625039,43.2409776],[5.3623797,43.2409161],[5.3622446,43.2408669],[5.3622036,43.2409014],[5.3621791,43.2409405],[5.3621547,43.2409485],[5.3621555,43.2409117],[5.362143,43.2408788],[5.3620777,43.2408824],[5.3620481,43.2409025],[5.3620316,43.2409474],[5.3619984,43.2409687],[5.3619487,43.2409577],[5.3619203,43.240937],[5.3619275,43.2409127],[5.3621449,43.2407541],[5.3622302,43.240703],[5.3623785,43.2406353],[5.3624157,43.2405683],[5.3623714,43.2405626],[5.3623793,43.2404474],[5.3623142,43.2403644],[5.3622617,43.2403701],[5.3621651,43.2403385],[5.3620872,43.2402877],[5.3620931,43.2401938],[5.3621415,43.2401145],[5.3622307,43.2400562],[5.3623359,43.2400619],[5.3623571,43.2400294],[5.3623668,43.2398905],[5.3623392,43.2397413],[5.362249,43.2396372],[5.3621541,43.2395653],[5.3620516,43.2395178],[5.3618166,43.239522],[5.3617309,43.2395508],[5.3616408,43.2395315],[5.3615881,43.2394489],[5.3615212,43.2393934],[5.3614263,43.2393983],[5.3613358,43.2394339],[5.361166,43.2394265],[5.3611132,43.2394097],[5.3610307,43.2393873],[5.3609858,43.2393437],[5.3609768,43.2392895],[5.3610338,43.2392174],[5.3610927,43.2392118],[5.3611278,43.2391616],[5.3612027,43.239128],[5.3612415,43.2389725],[5.3614532,43.2387821],[5.3616711,43.2385533],[5.3617093,43.2384647],[5.361744,43.238384],[5.3617189,43.2381881],[5.3616764,43.2380935],[5.3615191,43.2378682],[5.3614683,43.2378211],[5.3613699,43.2377681],[5.3612499,43.2377414],[5.3609772,43.2377311],[5.3608677,43.2377337],[5.3607457,43.2377172],[5.3605739,43.237681],[5.3604997,43.2375667],[5.3604338,43.2375458],[5.3603669,43.2373811],[5.3604685,43.2372649],[5.360413,43.2370468],[5.3602973,43.2368369],[5.360176,43.2367246],[5.3600985,43.2366837],[5.3599151,43.2366798],[5.3597346,43.2365805],[5.3597396,43.2364982],[5.3597963,43.2364027],[5.3598184,43.2362456],[5.3598078,43.2359433],[5.3597429,43.2357634],[5.359578,43.2355183],[5.359436,43.2354711],[5.3592401,43.2354909],[5.3590589,43.2353969],[5.3589824,43.235331],[5.3589031,43.2352468],[5.3587917,43.2350755],[5.3588915,43.2349824],[5.3588836,43.2349257],[5.3588309,43.2348594],[5.35855,43.2347228],[5.3583864,43.2347121],[5.3582796,43.2346651],[5.3582562,43.2345557],[5.3581894,43.2344748],[5.358013,43.2343624],[5.3579308,43.2343084],[5.357846,43.2342424],[5.3578088,43.2341769],[5.3576618,43.2340241],[5.3575288,43.2338998],[5.3572515,43.2337828],[5.3571309,43.2336673],[5.3569823,43.2335991],[5.3568482,43.2336776],[5.3567716,43.233664],[5.356738,43.2335764],[5.3566661,43.2335206],[5.3565357,43.2335257],[5.3564586,43.2335975],[5.3563821,43.2335545],[5.3563563,43.2334808],[5.356266,43.2333465],[5.3561006,43.2331787],[5.3559833,43.2331016],[5.3556697,43.2329602],[5.3551802,43.2330293],[5.3547025,43.2331787],[5.3546247,43.2332572],[5.3544334,43.2332758],[5.3542128,43.2333439],[5.3539916,43.2333216],[5.3539841,43.2332454],[5.3539041,43.2332322],[5.3538108,43.2331544],[5.3538358,43.2330911],[5.3538015,43.2330387],[5.3535529,43.2331415],[5.3534776,43.2330778],[5.353399,43.2330623],[5.3528788,43.2330484],[5.3528902,43.2329851],[5.3531594,43.2329541],[5.3532259,43.2329076],[5.3531465,43.2328035],[5.3536827,43.2325441],[5.3537889,43.2324509],[5.3534707,43.23234],[5.3533249,43.2322646],[5.3521152,43.2326706],[5.3521865,43.2327967],[5.3523899,43.232975],[5.3523459,43.2329992],[5.3524245,43.2330954],[5.3527378,43.2333875],[5.3527298,43.2334184]]}},{"type":"Feature","properties":{},"geometry":{"type":"LineString","coordinates":[[5.2290425,43.1978766],[5.2291274,43.1978829],[5.2291683,43.1978966],[5.2291561,43.1979269],[5.2291812,43.1979541],[5.2292236,43.1979841],[5.2292414,43.1980042],[5.2292696,43.1980061],[5.2292827,43.1980176],[5.2292776,43.198032],[5.2292622,43.1980457],[5.2292803,43.1980618],[5.2293064,43.1980623],[5.2293178,43.1980907],[5.2293843,43.1981127],[5.2293769,43.1981264],[5.2293507,43.1981298],[5.2293494,43.1981552],[5.2294064,43.1981948],[5.2294144,43.1982192],[5.2294336,43.1982375],[5.2294694,43.1982051],[5.2295009,43.1982163],[5.2295438,43.1982197],[5.2295425,43.1982412],[5.2295163,43.1982613],[5.229526,43.1982811],[5.2295599,43.1982901],[5.2295941,43.198275],[5.2296077,43.1982991],[5.229625,43.1983199],[5.2296558,43.19834],[5.2296689,43.1983683],[5.2296741,43.1983962],[5.2297183,43.1984133],[5.2297245,43.19838],[5.2297602,43.1983648],[5.2297931,43.1983585],[5.2298305,43.1983429],[5.2298546,43.1983419],[5.2298979,43.1983371],[5.2299177,43.1983581],[5.229921,43.1983693],[5.2299334,43.1983776],[5.2299508,43.1983698],[5.229975,43.1983627],[5.2300082,43.1983808],[5.2300179,43.198405],[5.2300129,43.1984177],[5.2300045,43.1984231],[5.22998,43.1984167],[5.2299549,43.1984118],[5.2299411,43.198404],[5.2299254,43.1984006],[5.2298985,43.1984104],[5.2298932,43.1984199],[5.2298906,43.1984322],[5.2298516,43.1984338],[5.2298362,43.1984387],[5.2298194,43.1984402],[5.2298483,43.1984595],[5.2298873,43.1984989],[5.2299144,43.1985115],[5.229937,43.1985136],[5.2299418,43.1985292],[5.2299524,43.1985396],[5.2299703,43.198547],[5.2299947,43.1985637],[5.2300259,43.1985665],[5.2300471,43.1985615],[5.2300442,43.1985463],[5.2300567,43.1985277],[5.230057,43.1985147],[5.2300622,43.1985055],[5.2300756,43.1984969],[5.230096,43.1985037],[5.23011,43.1985133],[5.2301264,43.1985048],[5.2301569,43.1984791],[5.2301648,43.1984573],[5.2301619,43.1984466],[5.2301715,43.1984294],[5.2301829,43.1984265],[5.2301966,43.1984294],[5.2302083,43.1984348],[5.2302355,43.1984663],[5.2302325,43.1984776],[5.2302466,43.1984917],[5.2302536,43.1985108],[5.2302624,43.1985284],[5.2302781,43.1985381],[5.2302834,43.1985502],[5.2302952,43.1985609],[5.2303368,43.1985699],[5.2303659,43.1985722],[5.2303845,43.1985791],[5.2304063,43.1985925],[5.2304104,43.1985807],[5.2304312,43.1985872],[5.2304398,43.1986001],[5.2304499,43.1985915],[5.2305146,43.1986107],[5.2305396,43.1986081],[5.2305582,43.1985969],[5.2305735,43.1985951],[5.2305738,43.1985768],[5.2305945,43.1985524],[5.2306136,43.1985294],[5.2306123,43.1984852],[5.2306781,43.1984647],[5.2307158,43.1984656],[5.2307431,43.1984905],[5.230775,43.1984871],[5.230807,43.1984936],[5.2308273,43.1984852],[5.2308511,43.1984752],[5.2308889,43.1984984],[5.2308966,43.1985122],[5.2309293,43.198515],[5.2309572,43.1985066],[5.2309844,43.1985106],[5.2310204,43.1985132],[5.2310465,43.198534],[5.2310874,43.1985316],[5.2310943,43.1985183],[5.2310673,43.1984915],[5.2310197,43.1984734],[5.2309513,43.1984377],[5.2309144,43.1984133],[5.2309594,43.1984094],[5.2309889,43.198403],[5.2310358,43.1984197],[5.2310827,43.1984421],[5.231092,43.1984751],[5.231129,43.1984729],[5.2311739,43.1984656],[5.231225,43.1984663],[5.2312313,43.198501],[5.2312812,43.1984871],[5.2313054,43.1984857],[5.2313107,43.1985194],[5.2312924,43.198564],[5.2314107,43.1985434],[5.2314287,43.1985849],[5.2314462,43.1986416],[5.2313992,43.1986304],[5.2313773,43.1986686],[5.231397,43.1986909],[5.2314113,43.1986969],[5.2314211,43.1987023],[5.2314258,43.198718],[5.2314114,43.1987233],[5.231382,43.1987261],[5.2313605,43.1987346],[5.2313616,43.1987431],[5.2313738,43.198759],[5.2314078,43.1987818],[5.2314163,43.1988154],[5.2314424,43.1988426],[5.2314445,43.198853],[5.2314407,43.1988569],[5.2314098,43.1988591],[5.2313894,43.1988569],[5.2313725,43.1988535],[5.2313559,43.1988472],[5.2313381,43.198845],[5.2313334,43.1988461],[5.2313242,43.1988649],[5.2313476,43.1989038],[5.231356,43.1989093],[5.2313822,43.1989183],[5.2314112,43.1989199],[5.2314441,43.1989351],[5.2314581,43.1989521],[5.2314563,43.1989752],[5.2314344,43.1990346],[5.2314064,43.1990604],[5.2313877,43.1990677],[5.2313612,43.1990847],[5.2313338,43.1991029],[5.2313027,43.1991117],[5.231257,43.1991123],[5.2312014,43.1991146],[5.2311813,43.1991182],[5.231157,43.1991256],[5.2311249,43.1991319],[5.2311004,43.1991346],[5.2310788,43.1991332],[5.2310649,43.19913],[5.2310211,43.1991132],[5.2309934,43.199109],[5.2309606,43.1991081],[5.230941,43.1991043],[5.2309356,43.1990978],[5.2309335,43.199089],[5.2309322,43.1990771],[5.2309271,43.1990658],[5.2309113,43.1990595],[5.2308867,43.1990584],[5.2308567,43.1990625],[5.2307988,43.1990728],[5.2307604,43.1990839],[5.2307238,43.1990976],[5.2306888,43.1991068],[5.2306666,43.1991117],[5.2306389,43.1991106],[5.2305932,43.1991096],[5.23056,43.1991112],[5.230542,43.1991138],[5.2305289,43.199121],[5.2305232,43.1991293],[5.2305236,43.1991637],[5.2305274,43.1991737],[5.2305389,43.1991921],[5.230588,43.1992486],[5.2306689,43.1993258],[5.2306941,43.1993544],[5.230702,43.1993814],[5.2306888,43.1993986],[5.2306686,43.1994107],[5.2306591,43.1994115],[5.2306073,43.1994088],[5.2305297,43.199386],[5.2304823,43.1993759],[5.230436,43.1993847],[5.2304076,43.1993872],[5.2303866,43.1993895],[5.2303751,43.1993932],[5.2303475,43.1994048],[5.230317,43.1994186],[5.2303015,43.1994218],[5.2302748,43.199421],[5.2302521,43.1994149],[5.2302205,43.1994003],[5.2301713,43.1993748],[5.2301312,43.1993636],[5.2301023,43.1993519],[5.230067,43.1993314],[5.2300563,43.19932],[5.2300571,43.1993083],[5.230058,43.1992979],[5.2300542,43.1992882],[5.2300406,43.1992805],[5.2300294,43.1992814],[5.2300085,43.1992881],[5.229967,43.1992953],[5.229947,43.1992912],[5.2299243,43.1992844],[5.2299002,43.1992745],[5.2298355,43.1992379],[5.2298159,43.1992332],[5.2297894,43.1992297],[5.2297791,43.1992311],[5.2297603,43.1992356],[5.2297462,43.1992498],[5.2297314,43.1992579],[5.2297123,43.1992653],[5.2296769,43.1992767],[5.2296363,43.1992743],[5.2296167,43.1992691],[5.2296051,43.1992718],[5.2295839,43.1992807],[5.2295599,43.1992856],[5.2295158,43.1992947],[5.2294651,43.1992995],[5.2294462,43.1993002],[5.2294233,43.1992987],[5.2292999,43.199298],[5.22923,43.1992843],[5.2291816,43.1992698],[5.2291298,43.1992465],[5.2290641,43.1992178],[5.2290335,43.199209],[5.2289879,43.1991988],[5.2289637,43.1991968],[5.2289291,43.1991959],[5.2288964,43.1991965],[5.2288556,43.1991907],[5.2288387,43.1991869],[5.2288184,43.1991744],[5.2288029,43.1991634],[5.2287894,43.1991371],[5.2287864,43.1991268],[5.228802,43.1991063],[5.2288494,43.199034],[5.2289098,43.1989641],[5.2289734,43.1989117],[5.2290308,43.1988777],[5.2291065,43.1988368],[5.2291367,43.1988135],[5.229166,43.1987899],[5.2291811,43.1987552],[5.2291836,43.1987176],[5.2291725,43.1986736],[5.2291632,43.1986218],[5.2291524,43.198586],[5.2291398,43.1985591],[5.2291146,43.1985319],[5.2290763,43.1984992],[5.2290564,43.198486],[5.2290473,43.1984714],[5.2290207,43.1984637],[5.2289991,43.1984515],[5.2289895,43.1984372],[5.2289855,43.1984231],[5.2289813,43.1983891],[5.2289742,43.1983614],[5.2289566,43.198341],[5.228927,43.1983226],[5.2289057,43.198294],[5.2288819,43.1982573],[5.2288753,43.1982407],[5.2288475,43.1981543],[5.2288138,43.1980814],[5.2288576,43.1979685],[5.2289376,43.1978882],[5.2290425,43.1978766]]}},{"type":"Feature","properties":{},"geometry":{"type":"LineString","coordinates":[[5.381652,43.2097738],[5.381644,43.2097296],[5.3816434,43.2096805],[5.3816533,43.2096666],[5.3817127,43.2096852],[5.3818264,43.2097437],[5.3818556,43.2097603],[5.381893,43.2097254],[5.3819635,43.2096434],[5.3821181,43.2096359],[5.3821087,43.2095927],[5.3822028,43.2095758]]}},{"type":"Feature","properties":{},"geometry":{"type":"LineString","coordinates":[[5.4512308,43.2011428],[5.4512627,43.2011798],[5.4512903,43.2011833],[5.4513589,43.2012276],[5.4514406,43.2012613],[5.4515632,43.2013216],[5.4516875,43.2013849],[5.4517689,43.2014102],[5.4518137,43.2014357],[5.4518873,43.2014777],[5.4519576,43.20151],[5.4520602,43.2015634],[5.452142,43.2015845],[5.4522072,43.2016246],[5.4523239,43.2016707],[5.4523834,43.2016775],[5.4524493,43.2017111],[5.4525688,43.2017572],[5.4526228,43.2018099],[5.4526744,43.2018196],[5.452731,43.2018195],[5.4527907,43.2018314],[5.4528741,43.2018697],[5.4529566,43.201865],[5.453035,43.2018594],[5.4530417,43.2018692],[5.453089,43.2018641],[5.4531676,43.2018832],[5.4532682,43.2019525],[5.4532503,43.2019594],[5.4532499,43.2019759],[5.4533244,43.2020071],[5.453362,43.2020349],[5.4533996,43.2020318],[5.4533531,43.2019946],[5.4533796,43.2019917],[5.4534809,43.2020303],[5.4534934,43.2020248],[5.4534919,43.2020148],[5.4534733,43.2020067],[5.4534657,43.2019912],[5.4534836,43.2019821],[5.4535443,43.2020012],[5.4535912,43.2020092],[5.4536353,43.202034],[5.4536875,43.2020806],[5.4537304,43.2021323],[5.4537421,43.2021178],[5.4536956,43.2020866],[5.4537238,43.2020856],[5.4537781,43.2021071],[5.4538386,43.2021434],[5.4539712,43.2022427],[5.454042,43.2022725],[5.4540703,43.2022836],[5.4541361,43.2022963],[5.4541811,43.2022992],[5.4541994,43.2023012],[5.4542418,43.202319],[5.4542833,43.2023659],[5.4543534,43.2024035],[5.4544399,43.2024517],[5.454496,43.2024904],[5.4545599,43.2025086],[5.4546196,43.20253],[5.4546854,43.2025693],[5.454751,43.2026023],[5.454815,43.202651],[5.4548623,43.2026821],[5.4549002,43.202693],[5.4549527,43.2027216],[5.4549818,43.2027523],[5.454999,43.2027809],[5.4550064,43.2028065],[5.4549876,43.2028429],[5.4549546,43.2028742],[5.4548963,43.202913],[5.4548743,43.2029245],[5.4548227,43.202971],[5.4547765,43.203019],[5.4547248,43.2030639],[5.4546885,43.2030913],[5.4546674,43.2030988],[5.4546128,43.2031267],[5.4545856,43.2031406],[5.4545527,43.2031726],[5.4544526,43.203318],[5.4544128,43.2033658],[5.4543624,43.2034155],[5.4543366,43.2034372],[5.45431,43.2034425],[5.4542797,43.2034603],[5.4542583,43.2034859],[5.4541948,43.2035553],[5.4541364,43.2036192],[5.4540931,43.2036609],[5.4540207,43.2036961],[5.4539496,43.2037368],[5.4538785,43.2037783],[5.4537936,43.2038201],[5.4537548,43.2038139],[5.4537218,43.2038177],[5.4537019,43.2038299],[5.453692,43.2038481],[5.453646,43.2038483],[5.4536024,43.2038297],[5.4535701,43.2038241],[5.4534558,43.2038564],[5.4534074,43.203877],[5.4533069,43.2039042],[5.4532332,43.2039074],[5.4531534,43.2039185],[5.45309,43.2039387],[5.4530541,43.203952],[5.4529847,43.2039809],[5.4529122,43.2040138],[5.4528415,43.2040396],[5.4527982,43.2040523],[5.4527205,43.2040626],[5.452654,43.2040586],[5.4526384,43.2040432],[5.4526318,43.2040136],[5.4526225,43.2039943],[5.4526136,43.2039866],[5.4525688,43.2039892],[5.4525216,43.2040129],[5.4522467,43.2041488],[5.4522207,43.2041674],[5.4518765,43.2044653],[5.4518206,43.2045652],[5.4517789,43.2045903],[5.4517625,43.2046885],[5.4516315,43.2047814],[5.4515391,43.2048781],[5.4513914,43.2049839],[5.4512289,43.2051351],[5.4511165,43.2052637],[5.4509177,43.2053865],[5.4508081,43.2055169],[5.4506769,43.2055676],[5.4506014,43.205638],[5.4504688,43.2056543],[5.4503454,43.2057028],[5.4501654,43.2057106],[5.4498892,43.2058127],[5.4496589,43.2059191],[5.4495662,43.2060188],[5.4495321,43.2060221],[5.4495048,43.2060653],[5.4494929,43.2060693],[5.449438,43.2060648],[5.4493891,43.2061254],[5.4493639,43.2061591],[5.4492974,43.2062069],[5.4492392,43.2062301],[5.4488773,43.206362],[5.4488161,43.206352],[5.4487972,43.2063293],[5.4487869,43.2063282],[5.448721,43.2063697],[5.4485922,43.2064026],[5.4485027,43.2064565],[5.4483079,43.2064852],[5.4482652,43.2065087],[5.4481849,43.2065574],[5.4480513,43.2065759],[5.4479804,43.2066213],[5.44795,43.2066539],[5.4479915,43.2066649],[5.4479953,43.2066736],[5.4479729,43.206691],[5.4479737,43.2067517],[5.4479046,43.2068421],[5.4478952,43.2069062],[5.4478648,43.2069388],[5.4477868,43.2070194],[5.4477559,43.2070608],[5.4476835,43.2070905],[5.4476011,43.207128],[5.4474271,43.2072495],[5.4473947,43.2072728],[5.4472631,43.207342],[5.4471521,43.2073507],[5.447005,43.2074585],[5.4468229,43.2075714],[5.4466514,43.2077129],[5.4467857,43.2077501],[5.4468049,43.2078035],[5.4468256,43.2079953],[5.4468691,43.2080351],[5.4469277,43.2081071],[5.4469332,43.2081376],[5.4471213,43.2083202],[5.4471648,43.208338],[5.4472366,43.2084417],[5.4470828,43.2085746],[5.44698,43.2086364],[5.4469578,43.20868],[5.4470355,43.2086959],[5.4471603,43.2086713],[5.4472527,43.2086905],[5.4472176,43.2087539],[5.4471216,43.2087936],[5.4471072,43.2088177],[5.4471414,43.2088383],[5.4472004,43.2088564],[5.4473415,43.2087694],[5.4473877,43.2087264],[5.4474628,43.2087411],[5.447557,43.2087409],[5.4475914,43.2087452],[5.4476421,43.208771],[5.4476089,43.2087962],[5.4475779,43.2088983],[5.4475234,43.2089903],[5.4474327,43.2090317],[5.4474072,43.2091011],[5.4473588,43.2091103],[5.4473252,43.2091681],[5.4472921,43.2091556],[5.4472599,43.2092052],[5.4471349,43.209248],[5.4470635,43.2093015],[5.4469911,43.2093331],[5.4469519,43.2093797],[5.4468942,43.2093922],[5.4468775,43.2094646],[5.4468252,43.2095046],[5.446774,43.2096146],[5.4465909,43.2098071],[5.4465126,43.2099247],[5.4463584,43.2100908],[5.4462888,43.2101287],[5.4462454,43.2101565],[5.4462096,43.2102024],[5.4462073,43.2102294],[5.4462099,43.2102519],[5.446155,43.21027],[5.446049,43.2104226],[5.445993,43.2104983],[5.4458635,43.2106188],[5.4457942,43.2106611],[5.4457655,43.2107362],[5.4456079,43.2108811],[5.4455214,43.2109722],[5.4453342,43.2110864],[5.4452428,43.2111417],[5.4452182,43.2112328],[5.4451772,43.2112703],[5.445152,43.2113192],[5.4451236,43.2113278],[5.4451148,43.2113529],[5.4450621,43.2113578],[5.4450292,43.2113917],[5.4449899,43.2113789],[5.4449772,43.2113966],[5.4448744,43.2114559],[5.444842,43.2114552],[5.4447913,43.2114778],[5.4447927,43.2114924],[5.4447195,43.2115275],[5.4446471,43.2115125],[5.4445818,43.2115324],[5.4445235,43.211503],[5.4444734,43.2115217],[5.4444382,43.2115155],[5.4443512,43.2115616],[5.4443457,43.2116013],[5.4443876,43.2116134],[5.4444204,43.2116169],[5.4444443,43.2116616],[5.4444631,43.2117406],[5.4444384,43.2117577],[5.4444476,43.2117834],[5.4443508,43.2118821],[5.4443331,43.2119234],[5.4442801,43.2119706],[5.4442578,43.2119782],[5.4442323,43.2119983],[5.4442231,43.2120342],[5.4442,43.2120332],[5.4441792,43.2120468],[5.4441475,43.2120553],[5.444135,43.2121074],[5.444272,43.2122215],[5.4442927,43.2122387],[5.4444108,43.2123441],[5.4443289,43.2123719]]}},{"type":"Feature","properties":{},"geometry":{"type":"LineString","coordinates":[[5.4549277,43.2117132],[5.4549345,43.2116995],[5.4549204,43.2116866],[5.4549703,43.2116593],[5.4549576,43.2116264],[5.4549865,43.2115972],[5.4550172,43.2115862],[5.4551006,43.2115863],[5.4551351,43.2116],[5.455186,43.2116699],[5.4551941,43.2117087],[5.4551046,43.2117458],[5.4549667,43.2117658],[5.4549436,43.2117474],[5.4549277,43.2117132]]}},{"type":"Feature","properties":{},"geometry":{"type":"LineString","coordinates":[[5.4559982,43.2107404],[5.455992,43.2107225],[5.4560317,43.2106906],[5.456159,43.2106231],[5.4562743,43.2105694],[5.4563894,43.210475],[5.4564083,43.2104753],[5.4564262,43.210442],[5.4564877,43.2104148],[5.4565318,43.2103757],[5.4565607,43.2103705],[5.4566083,43.2103735],[5.4566679,43.2103535],[5.4567027,43.2103281],[5.4566872,43.2102986],[5.4567472,43.2102879],[5.4567779,43.2102653],[5.4567983,43.2102376],[5.4568575,43.2101877],[5.4568983,43.210163],[5.4569579,43.2101436],[5.45702,43.2101331],[5.4570361,43.2101418],[5.4570636,43.2101436],[5.4570767,43.210136],[5.4571105,43.2101571],[5.457153,43.2101647],[5.4571641,43.2101888],[5.4571442,43.2102135],[5.4570604,43.2102778],[5.4570605,43.2102969],[5.4569936,43.2103321],[5.4569493,43.2103262],[5.456937,43.2103452],[5.4568311,43.2104019],[5.4567794,43.2104551],[5.4566689,43.2105146],[5.4566079,43.2105273],[5.456566,43.210558],[5.4565059,43.2105762],[5.4564516,43.2106083],[5.4562271,43.2107229],[5.4561621,43.2107457],[5.4561525,43.2107727],[5.456129,43.210766],[5.4561151,43.2107383],[5.4560624,43.2107415],[5.4559982,43.2107404]]}},{"type":"Feature","properties":{},"geometry":{"type":"LineString","coordinates":[[5.4602876,43.210018],[5.4602074,43.2099509],[5.4601878,43.2098974],[5.4602362,43.2098643],[5.4603218,43.2098434],[5.4603935,43.2097846],[5.4604208,43.2097868],[5.4604433,43.2098318],[5.4605016,43.2099023],[5.4604059,43.2099417],[5.4602876,43.210018]]}},{"type":"Feature","properties":{},"geometry":{"type":"LineString","coordinates":[[5.3557842,43.2012548],[5.3559309,43.2013681],[5.3559379,43.2014204],[5.3558113,43.2014765],[5.3556703,43.2013919],[5.3555759,43.2013904],[5.355557,43.201461],[5.3555072,43.2014768],[5.3553806,43.2013464],[5.3552543,43.2013273],[5.3552149,43.2011945],[5.3552487,43.2011132],[5.3553236,43.2010648],[5.3553929,43.2009907],[5.3553622,43.2008875],[5.3553574,43.200796],[5.3554367,43.2007247],[5.3555968,43.2006904],[5.3557703,43.2005083],[5.3559614,43.2003659],[5.3562838,43.2002302],[5.356436,43.200127],[5.3564824,43.1999639],[5.3564151,43.199835],[5.3565989,43.1996362],[5.3567476,43.199598],[5.3570428,43.1995341],[5.3572062,43.1995624],[5.3574008,43.1995683],[5.357431,43.1996334],[5.3577641,43.199623],[5.3578077,43.1996475],[5.3579433,43.1996561],[5.3580238,43.1995806],[5.3580314,43.1995114],[5.3582254,43.1994514],[5.3583639,43.1993795],[5.3584998,43.1993942],[5.3585433,43.1994713],[5.3585563,43.1996378],[5.3585015,43.1997207],[5.3584225,43.1997992],[5.3583243,43.1998318],[5.3583758,43.1999004],[5.358382,43.2000187],[5.3584114,43.2001497],[5.3583286,43.2003972],[5.358351,43.2005284],[5.358272,43.2005791],[5.3580655,43.200589],[5.3578705,43.2005481],[5.3577388,43.2006415],[5.3575845,43.2006798],[5.3575428,43.2007963],[5.3575833,43.2009518],[5.3577153,43.2009707],[5.3577358,43.201066],[5.3576217,43.2012803],[5.3575375,43.2013651],[5.3573941,43.2013177],[5.357415,43.2011522],[5.3573051,43.2010441],[5.357167,43.2010418],[5.3570572,43.2009614],[5.3569386,43.2007948],[5.3568052,43.2007748],[5.3567236,43.2008307],[5.35662,43.2008408],[5.3565833,43.2007316],[5.3565622,43.2006251],[5.3564005,43.2006564],[5.356326,43.2007121],[5.3562739,43.2008207],[5.3562094,43.2009059],[5.3560433,43.2009075],[5.3560901,43.2010206],[5.3560516,43.2010639],[5.3558683,43.2009804],[5.3557384,43.2009995],[5.3556761,43.2011012],[5.3555956,43.2011498],[5.3557842,43.2012548]]}},{"type":"Feature","properties":{},"geometry":{"type":"LineString","coordinates":[[5.3805943,43.1808336],[5.3807156,43.180758],[5.3807847,43.180788],[5.3807204,43.1808496],[5.3806196,43.1808596],[5.3805943,43.1808336]]}},{"type":"Feature","properties":{},"geometry":{"type":"LineString","coordinates":[[5.3700499,43.1766468],[5.3701219,43.1765995],[5.3702716,43.1765551],[5.3704593,43.1764839],[5.3706006,43.1764407],[5.3707077,43.1765232],[5.3706717,43.1765881],[5.3705817,43.1766432],[5.3705038,43.1767679],[5.3704698,43.1768431],[5.3703899,43.1769288],[5.3702873,43.177013],[5.3702118,43.1769946],[5.3701463,43.1769017],[5.3700463,43.17682],[5.3700786,43.1767377],[5.3700499,43.1766468]]}},{"type":"Feature","properties":{},"geometry":{"type":"LineString","coordinates":[[5.333346,43.2129282],[5.3331885,43.2129326],[5.3329621,43.2130203],[5.3328102,43.2129967],[5.3327606,43.2129641],[5.3327624,43.2128909],[5.3327436,43.2128533],[5.3326831,43.2128282],[5.3324625,43.2128642],[5.3324193,43.2127933],[5.3322418,43.2127375],[5.331942,43.2127417],[5.3318173,43.2126988],[5.331392,43.2126726],[5.3312729,43.2126316],[5.331022,43.2126262],[5.3308041,43.212553],[5.3303982,43.212521],[5.3303763,43.2124516],[5.3302754,43.2123802],[5.3302601,43.2124651],[5.3300903,43.2125574],[5.3298685,43.2125719],[5.3297564,43.2125286],[5.3295347,43.2125451],[5.329243,43.2125419],[5.3290806,43.2125062],[5.3289899,43.2125489],[5.3288702,43.2125492],[5.3287428,43.2124837],[5.3286367,43.2124743],[5.3285608,43.2124239],[5.3285604,43.2123332],[5.3286705,43.2122849],[5.3287356,43.2122357],[5.3287785,43.2121675],[5.3287452,43.212016],[5.3286913,43.2119804],[5.3286835,43.2118858],[5.3287796,43.2118636],[5.3289418,43.2118683],[5.3289971,43.2118483],[5.3290727,43.2118678],[5.3293245,43.211834],[5.329425,43.211791],[5.3294268,43.2117158],[5.3293531,43.2116529],[5.3292522,43.2115816],[5.3292087,43.2114767],[5.3292902,43.2114198],[5.3293269,43.2113395],[5.3294683,43.2113242],[5.329644,43.2111813],[5.3298003,43.2111007],[5.3299007,43.2110814],[5.3302119,43.2110799],[5.330295,43.2110529],[5.3302166,43.2110087],[5.3302584,43.2109457],[5.3303854,43.2108423],[5.3304287,43.2107803],[5.3307416,43.2107592],[5.3308554,43.2107272],[5.3308898,43.2106037],[5.3310159,43.2106177],[5.331201,43.210629],[5.3312664,43.2106951],[5.331168,43.2107247],[5.3310667,43.2107821],[5.3310678,43.2109108],[5.3311594,43.210966],[5.3312648,43.2109877],[5.331364,43.2109726],[5.3314708,43.2108872],[5.331664,43.2108654],[5.3318374,43.2108142],[5.3320319,43.2107912],[5.3319073,43.2107514],[5.3319045,43.210698],[5.3319378,43.2106332],[5.3323371,43.2105674],[5.3325183,43.210584],[5.3325714,43.2106299],[5.332642,43.2106609],[5.3327429,43.2106241],[5.3328956,43.2106085],[5.3329487,43.2105741],[5.332945,43.2105309],[5.3328881,43.2104655],[5.3328136,43.210414],[5.3327362,43.2103338],[5.332571,43.210326],[5.332429,43.2103042],[5.3324329,43.2102155],[5.3326684,43.2100596],[5.3327693,43.2100228],[5.3330177,43.2100066],[5.3331414,43.2099207],[5.3332041,43.2098263],[5.3332062,43.2096779],[5.3333104,43.2096502],[5.3333631,43.2095818],[5.333462,43.2094245],[5.3336104,43.2093823],[5.3337229,43.2094327],[5.3337013,43.2095034],[5.3335971,43.2095588],[5.33365,43.2096274],[5.3337766,43.2096249],[5.3337907,43.2097337],[5.3338974,43.2097544],[5.334094,43.209717],[5.3342033,43.2097325],[5.3343078,43.2098181],[5.3343689,43.2098556],[5.3344385,43.2098413],[5.3344595,43.2098114],[5.3344879,43.2098094],[5.3345218,43.2098133],[5.3345426,43.2098238],[5.33456,43.2098246],[5.3345754,43.2098346],[5.3346187,43.2098573],[5.3346445,43.2098908],[5.3346743,43.2099094],[5.3347022,43.2099201],[5.3347719,43.2099524],[5.3348007,43.209958],[5.3348279,43.2099519],[5.3348235,43.209935],[5.3348373,43.2099006],[5.3348551,43.2098886],[5.3348463,43.209883],[5.3348574,43.20986],[5.3348487,43.2098561],[5.3348571,43.2098424],[5.3348758,43.2098422],[5.3349017,43.2098292],[5.3349426,43.209827],[5.3349597,43.2098392],[5.3349868,43.2098424],[5.335014,43.2098339],[5.3350338,43.2098185],[5.3350193,43.2098072],[5.3350224,43.2097869],[5.3350841,43.2097356],[5.3351072,43.2097339],[5.335139,43.2097171],[5.3352195,43.2097007],[5.3352453,43.2096897],[5.3353023,43.2096865],[5.3353328,43.2096555],[5.335313,43.2096447],[5.3352597,43.2096508],[5.3352329,43.2096411],[5.3352282,43.2096103],[5.3352047,43.2096071],[5.3351934,43.2096005],[5.335194,43.2095905],[5.335198,43.2095839],[5.3351923,43.209578],[5.3352064,43.2095541],[5.3352024,43.2095504],[5.3351679,43.2095582],[5.3351588,43.2095499],[5.3351625,43.2095414],[5.3351437,43.2095394],[5.3351377,43.2095238],[5.335141,43.2095125],[5.3351846,43.2094874],[5.3352436,43.2094864],[5.3352584,43.2094922],[5.3352628,43.2094771],[5.3352929,43.2094597],[5.3353459,43.2094309],[5.335371,43.2094143],[5.335368,43.2094021],[5.3353794,43.2093952],[5.3353965,43.2093933],[5.3354197,43.2093857],[5.3354529,43.2093889],[5.3354864,43.2093854],[5.3355233,43.2093903],[5.3355347,43.2094084],[5.3355816,43.2094255],[5.3356835,43.2094392],[5.3357848,43.2094114],[5.3358056,43.2093615],[5.3357767,43.2093204],[5.3357157,43.2093004],[5.3356949,43.2093087],[5.3356829,43.2093019],[5.3356929,43.2092774],[5.3356694,43.2092638],[5.3356715,43.2092422],[5.3357003,43.2092261],[5.3357251,43.2092256],[5.335817,43.2091924],[5.3359243,43.2091772],[5.3360047,43.2091421],[5.3361019,43.2091206],[5.3361804,43.2090834],[5.3361449,43.2090492],[5.3360899,43.2090355],[5.336002,43.2090135],[5.335945,43.2089915],[5.3359598,43.2089734],[5.335943,43.2089715],[5.3359558,43.2089299],[5.3360215,43.2089275],[5.3360671,43.2089329],[5.336114,43.2089583],[5.3361569,43.2089612],[5.3362347,43.2089827],[5.3362729,43.2089969],[5.3363346,43.2090037],[5.3363856,43.2090204],[5.3364446,43.2090306],[5.336454,43.209037],[5.3365251,43.2090424],[5.3366062,43.2090736],[5.3366417,43.2090697],[5.336741,43.2090756],[5.3369033,43.2090443],[5.3369884,43.2090502],[5.3370548,43.2090472],[5.337264,43.2089793],[5.3372902,43.2089612],[5.3374337,43.2089353],[5.337541,43.2088972],[5.3376281,43.2088889],[5.3376858,43.2088679],[5.3377113,43.2088205],[5.3376912,43.2087931],[5.3377093,43.2087775],[5.3377408,43.2087374],[5.3377884,43.2086533],[5.3377951,43.208622],[5.3378561,43.2085267],[5.3379031,43.2084935],[5.337901,43.208472],[5.3379735,43.2084515],[5.3380177,43.208451],[5.3380633,43.2084388],[5.3381237,43.2084104],[5.3381317,43.2084256],[5.3381103,43.2084329],[5.3380975,43.2084588],[5.3381223,43.2085008],[5.3381518,43.2085199],[5.3381874,43.2085258],[5.3382444,43.2084955],[5.338241,43.2084798],[5.3382578,43.2084368],[5.3381729,43.2083525],[5.3381562,43.2083457],[5.338117,43.2083457],[5.3380844,43.2083285],[5.338063,43.2082902],[5.3380328,43.2082675],[5.3380147,43.2082264],[5.3380144,43.2081871],[5.3380298,43.2081751],[5.338073,43.2081721],[5.3380908,43.2081763],[5.3381049,43.2081687],[5.3380799,43.2081442],[5.3380747,43.2081354],[5.3380873,43.2081249],[5.3381411,43.2081172],[5.3381626,43.2081206],[5.3382363,43.2081235],[5.3382819,43.2081079],[5.3383007,43.2081103],[5.3383161,43.2081035],[5.3383496,43.2081069],[5.3383376,43.20808],[5.3383483,43.2080658],[5.3383543,43.2080395],[5.3383168,43.2080189],[5.3382947,43.2080028],[5.3382879,43.2079862],[5.338304,43.2079593],[5.3383195,43.2079505],[5.3383376,43.2079344],[5.3383684,43.2079334],[5.338404,43.2079476],[5.3384147,43.2079637],[5.3384382,43.2079872],[5.3384382,43.2079955],[5.3384489,43.2080106],[5.3384529,43.2080497],[5.3384636,43.2080556],[5.3384683,43.2080717],[5.3384992,43.2081274],[5.3384925,43.2081348],[5.3385052,43.2081504],[5.3385213,43.2081851],[5.3385481,43.2082134],[5.3385937,43.208232],[5.3386842,43.2082692],[5.3387312,43.2083009],[5.338752,43.2083068],[5.338752,43.2082965],[5.3387701,43.2082882],[5.3388137,43.2082931],[5.3388358,43.2083088],[5.3388606,43.2083391],[5.3389283,43.2083669],[5.3389947,43.2083757],[5.3390329,43.2084011],[5.339051,43.2084006],[5.3390738,43.2084168],[5.3390805,43.2084329],[5.3390953,43.20845],[5.339096,43.2084642],[5.3390745,43.2084603],[5.3390571,43.2084867],[5.3390497,43.2084847],[5.339041,43.2084935],[5.3390973,43.208557],[5.3391489,43.2085678],[5.3391986,43.208602],[5.339283,43.2086303],[5.339326,43.2086475],[5.3393555,43.2086514],[5.3393702,43.2086616],[5.3393649,43.2086685],[5.3393776,43.2086797],[5.339387,43.2086817],[5.3394071,43.2086983],[5.3394406,43.2086831],[5.3394802,43.2086914],[5.3394876,43.2086968],[5.3395137,43.20871],[5.3395285,43.2087286],[5.3395566,43.2087349],[5.339562,43.2087608],[5.3395439,43.2087965],[5.339568,43.208798],[5.3395768,43.2088156],[5.3395694,43.2088366],[5.3395888,43.2089153],[5.3396083,43.208928],[5.3396156,43.2089549],[5.3396445,43.2089588],[5.3396485,43.2089749],[5.339619,43.2090111],[5.339621,43.2090365],[5.3396565,43.2090907],[5.3396599,43.2091103],[5.339682,43.2091005],[5.3397243,43.209103],[5.3397618,43.2091318],[5.3397826,43.2091377],[5.3398141,43.2091191],[5.339847,43.2091162],[5.3398926,43.2091367],[5.3399,43.2091538],[5.3399228,43.2091621],[5.3399214,43.2092032],[5.3399375,43.2092056],[5.3399469,43.2092203],[5.3399435,43.2092525],[5.3399415,43.2092696],[5.3399737,43.2092422],[5.3399938,43.2092271],[5.3400072,43.209232],[5.3400052,43.2092535],[5.3400173,43.2092564],[5.34002,43.2092872],[5.3400066,43.2093014],[5.340014,43.2093488],[5.3399885,43.2093547],[5.3399865,43.2093962],[5.3400173,43.2094197],[5.3400146,43.2094353],[5.3400247,43.2094881],[5.3400602,43.2095316],[5.3400414,43.2095756],[5.3400341,43.2096059],[5.3400609,43.2096293],[5.3401078,43.2096254],[5.3401206,43.2096528],[5.3400904,43.2096875],[5.3400998,43.2097021],[5.3400428,43.2097755],[5.3400475,43.2097901],[5.3400367,43.209816],[5.3400153,43.2098165],[5.3400193,43.2098366],[5.3400019,43.2098502],[5.3400019,43.2098713],[5.3400394,43.2098981],[5.3400354,43.2099211],[5.3399999,43.2099465],[5.3399261,43.2099915],[5.3399241,43.2100135],[5.3399663,43.2100443],[5.3400113,43.2100418],[5.340026,43.2100716],[5.3400005,43.2100995],[5.3399288,43.2101806],[5.3398912,43.2101909],[5.3398953,43.2102085],[5.3398886,43.2102456],[5.3399248,43.2103023],[5.3399147,43.2103331],[5.3399556,43.210337],[5.3399912,43.210357],[5.3400079,43.2103649],[5.3400113,43.2103825],[5.3399623,43.2104079],[5.3399311,43.2104362],[5.3399067,43.2104349],[5.3398604,43.210444],[5.3398,43.2104616],[5.3397746,43.2105623],[5.3397571,43.2105672],[5.3397518,43.2105868],[5.3397216,43.2106009],[5.3397189,43.2106342],[5.3396773,43.2106698],[5.3396485,43.210686],[5.3396431,43.2107163],[5.3396579,43.210728],[5.3396606,43.210751],[5.3396223,43.2107783],[5.3395734,43.2107813],[5.3395734,43.2107959],[5.3395955,43.2108179],[5.3395506,43.2108502],[5.33956,43.2108624],[5.3395506,43.2108932],[5.3395533,43.2109088],[5.3395466,43.2109264],[5.3395586,43.2109416],[5.3395741,43.2109474],[5.3395764,43.2109631],[5.3395714,43.2109743],[5.3395784,43.2109807],[5.3395999,43.2109885],[5.3396217,43.2109912],[5.3396401,43.2110012],[5.3396116,43.2110484],[5.3395898,43.2110508],[5.3395825,43.2110491],[5.3395825,43.211108],[5.3396012,43.2111637],[5.3395841,43.2111935],[5.3395902,43.2111984],[5.3395975,43.2112255],[5.3395875,43.2112602],[5.3395714,43.2112803],[5.3395499,43.2113081],[5.3395191,43.2113189],[5.3394923,43.2113369],[5.339499,43.2113472],[5.3395332,43.2113619],[5.3395305,43.2114019],[5.3395392,43.211423],[5.3395332,43.211443],[5.3395446,43.2114489],[5.3395412,43.2114625],[5.3395198,43.2114684],[5.3394728,43.2115388],[5.3394601,43.2115476],[5.3394621,43.2115798],[5.339501,43.2115837],[5.3395117,43.2115754],[5.339509,43.211552],[5.3395265,43.2115271],[5.3395573,43.2115271],[5.3395493,43.2115432],[5.3395667,43.2115505],[5.339556,43.2115652],[5.3395687,43.2115745],[5.3395835,43.2115505],[5.3395935,43.2115359],[5.3396063,43.2115371],[5.3396086,43.211528],[5.3396217,43.2115315],[5.3396304,43.2115637],[5.3396324,43.2115745],[5.3396767,43.2116082],[5.3397176,43.2116346],[5.3397249,43.2116659],[5.3397578,43.2116942],[5.3397685,43.2117216],[5.3397893,43.2117377],[5.3397833,43.2117631],[5.3397343,43.2118076],[5.3397538,43.2118442],[5.3397527,43.2118714],[5.3397146,43.2118929],[5.3396773,43.2118887],[5.3396599,43.2118731],[5.3396384,43.2118696],[5.3395861,43.2119078],[5.339617,43.211918],[5.3396116,43.2119449],[5.3395794,43.2119483],[5.339568,43.2119806],[5.3395808,43.2120114],[5.3395573,43.2120529],[5.3395426,43.2120514],[5.3395285,43.2120617],[5.3395258,43.2120813],[5.3394983,43.2120808],[5.3394876,43.2120671],[5.33945,43.2120661],[5.3394487,43.2120837],[5.3394755,43.2120876],[5.3394782,43.2121018],[5.339505,43.212113],[5.3395008,43.212139],[5.3394842,43.2121702],[5.3394574,43.2121648],[5.3394353,43.2121248],[5.3394172,43.2121218],[5.3394084,43.212136],[5.339391,43.2121459],[5.3393642,43.2121402],[5.3393555,43.2120945],[5.3393293,43.212114],[5.3393152,43.2121443],[5.3393018,43.2121805],[5.3392596,43.2122205],[5.3392515,43.2122631],[5.3392153,43.2122665],[5.339163,43.21231],[5.3391275,43.2123158],[5.3391114,43.2123056],[5.3391563,43.2122479],[5.3392193,43.2121883],[5.3392046,43.2121795],[5.3391637,43.2122176],[5.3391235,43.2122337],[5.3391114,43.2122196],[5.3390893,43.212242],[5.3390598,43.2122508],[5.3390571,43.2122391],[5.3390805,43.2122225],[5.3390671,43.2122171],[5.3389813,43.2122621],[5.3388955,43.2123232],[5.3388606,43.2123628],[5.3388291,43.2123906],[5.3388009,43.2123872],[5.3387526,43.2124058],[5.3387017,43.2124136],[5.3386299,43.212439],[5.3385971,43.2124683],[5.3386246,43.2125211],[5.3386427,43.2125421],[5.3386427,43.2125563],[5.3385931,43.2125617],[5.3385783,43.2125788],[5.3386091,43.2125822],[5.3385857,43.21261],[5.3385481,43.2126315],[5.3384892,43.2126527],[5.3382778,43.2126493],[5.3382213,43.2127004],[5.3382246,43.2127374],[5.337998,43.2128488],[5.3377336,43.2128829],[5.3376005,43.2128413],[5.3373813,43.2128505],[5.3370801,43.2127735],[5.3369457,43.2127885],[5.3368429,43.212844],[5.3366343,43.2128137],[5.3365895,43.2127377],[5.3364851,43.2127345],[5.336413,43.2127828],[5.3362944,43.2128036],[5.3362765,43.2127052],[5.3361057,43.2126698],[5.3360106,43.2126282],[5.3359413,43.2125415],[5.3357033,43.2125152],[5.3354274,43.2125188],[5.3353995,43.2126041],[5.3351921,43.2126243],[5.3350019,43.2127037],[5.3349259,43.2127594],[5.334558,43.212781],[5.3342511,43.2127278],[5.3341873,43.2126399],[5.334071,43.212705],[5.3338936,43.2127069],[5.3337327,43.2128339],[5.333346,43.2129282]]}},{"type":"Feature","properties":{},"geometry":{"type":"LineString","coordinates":[[5.3586072,43.199214],[5.3585691,43.1992398],[5.3585003,43.1991892],[5.3584971,43.1991285],[5.3585306,43.1991224],[5.3585807,43.1991385],[5.3586266,43.1991805],[5.3586072,43.199214]]}},{"type":"Feature","properties":{},"geometry":{"type":"LineString","coordinates":[[5.3894191,43.1846693],[5.389432,43.1846907],[5.389433,43.1847176],[5.3894145,43.184733],[5.3893679,43.184755],[5.3893585,43.1847494],[5.3893448,43.1847665],[5.3892707,43.1847914],[5.3892496,43.1847851],[5.3892399,43.1847711],[5.3892419,43.1847658],[5.3892026,43.1847672],[5.3891805,43.1847707],[5.3891788,43.1847804],[5.3891581,43.184779],[5.3891507,43.184767],[5.3891507,43.1847606],[5.3891748,43.1847548],[5.3891597,43.184744],[5.3891658,43.1847345],[5.3891762,43.1847384],[5.3891802,43.1847355],[5.3891658,43.1847156],[5.3891765,43.1847083],[5.3891832,43.1847071],[5.3892094,43.1847054],[5.3892342,43.1847264],[5.3892657,43.1847147],[5.3892741,43.1847213],[5.3892757,43.1847186],[5.3892734,43.1847132],[5.3892788,43.1847017],[5.3892908,43.1846939],[5.3893047,43.1846965],[5.3893052,43.1847032],[5.389316,43.1847054],[5.3893172,43.1846962],[5.3893247,43.1847029],[5.3893301,43.1846988],[5.389327,43.1846907],[5.3893264,43.1846846],[5.3893341,43.1846868],[5.3893378,43.1846956],[5.3893572,43.1846778],[5.3893653,43.1846782],[5.3893582,43.1846682],[5.3893589,43.1846511],[5.3893808,43.184645],[5.3893928,43.1846576],[5.3894191,43.1846693]]}},{"type":"Feature","properties":{},"geometry":{"type":"LineString","coordinates":[[5.3929957,43.1726962],[5.3930973,43.1727326],[5.3931083,43.172764],[5.3931368,43.1727737],[5.3931348,43.1727873],[5.3931297,43.1727929],[5.3931162,43.172794],[5.393114,43.1727997],[5.3931014,43.1728076],[5.3930799,43.1728107],[5.3930734,43.1728091],[5.3930669,43.1728005],[5.393056,43.1728028],[5.3930382,43.1728013],[5.392981,43.172766],[5.3929957,43.1726962]]}},{"type":"Feature","properties":{},"geometry":{"type":"LineString","coordinates":[[5.3946187,43.1696228],[5.3946542,43.1696314],[5.3946767,43.1696466],[5.3946921,43.16965],[5.394702,43.1696489],[5.3947256,43.1696524],[5.3947448,43.1696576],[5.3947662,43.1696643],[5.3947743,43.169662],[5.3948016,43.1696682],[5.3948101,43.169671],[5.3948214,43.1696731],[5.3948303,43.1696779],[5.3948422,43.1696753],[5.3948499,43.1696757],[5.3948566,43.1696736],[5.3949317,43.1696804],[5.3949417,43.1696898],[5.3949444,43.1696967],[5.394954,43.1697022],[5.3949619,43.1697121],[5.3949776,43.1697174],[5.3949823,43.1697235],[5.3949885,43.1697249],[5.3949979,43.1697334],[5.3949987,43.1697397],[5.3949949,43.169749],[5.3949867,43.1697548],[5.3949836,43.1697631],[5.3949759,43.1697641],[5.3949739,43.16977],[5.3949667,43.1697757],[5.3949602,43.1697836],[5.3949533,43.1697864],[5.3949597,43.1697929],[5.3949697,43.1697991],[5.3949709,43.1698044],[5.3949761,43.1698106],[5.3949613,43.1698263],[5.3949486,43.1698307],[5.3949268,43.1698348],[5.3949248,43.1698473],[5.3949076,43.1698571],[5.3948919,43.1698578],[5.3948681,43.1698529],[5.3948396,43.1698647],[5.3948084,43.169854],[5.3947847,43.1698334],[5.3947552,43.1698251],[5.394727,43.1698182],[5.3947002,43.1698207],[5.3946878,43.1698348],[5.3946881,43.1698502],[5.394678,43.1698828],[5.3946858,43.1698935],[5.394679,43.1698984],[5.394664,43.1698943],[5.3946412,43.1698811],[5.394621,43.1698718],[5.3945895,43.1698703],[5.394552,43.169863],[5.3945554,43.1698713],[5.3945618,43.1699044],[5.3945523,43.1699124],[5.3945354,43.1699321],[5.3945496,43.1699468],[5.3945741,43.1699615],[5.3945758,43.1699691],[5.3945868,43.1699762],[5.3945843,43.1700074],[5.394553,43.1700282],[5.3945211,43.1700508],[5.3945184,43.1700578],[5.394507,43.1700662],[5.3944708,43.1700627],[5.3944266,43.1700495],[5.3944229,43.170064],[5.3944145,43.1700779],[5.3943817,43.1700808],[5.3943488,43.1700671],[5.3943243,43.1700484],[5.3942941,43.1700527],[5.394264,43.1700503],[5.394216,43.1700261],[5.3941838,43.1700009],[5.394164,43.1699816],[5.3940946,43.1699484],[5.3940796,43.1699373],[5.3940601,43.169918],[5.3940363,43.1699004],[5.3940202,43.169882],[5.3940078,43.1698666],[5.3940115,43.169852],[5.3940082,43.169839],[5.3940283,43.1698248],[5.3940504,43.169795],[5.3940725,43.1697974],[5.3940933,43.1697963],[5.3941315,43.1697854],[5.3941376,43.1697864],[5.3941501,43.1697779],[5.3941785,43.169761],[5.3942033,43.169759],[5.3942241,43.1697446],[5.3942539,43.1697389],[5.3942858,43.1697427],[5.3943082,43.1697515],[5.3943434,43.169762],[5.39438,43.1697696],[5.3943884,43.169748],[5.3943879,43.1697171],[5.3944008,43.1697094],[5.3944165,43.1697072],[5.3944252,43.1696991],[5.3944417,43.1696952],[5.3944447,43.1696864],[5.3944514,43.1696779],[5.3944742,43.1696629],[5.3944916,43.1696524],[5.3945749,43.1696398],[5.3946187,43.1696228]]}},{"type":"Feature","properties":{},"geometry":{"type":"LineString","coordinates":[[5.3685251,43.1778952],[5.3686248,43.1778625],[5.3687341,43.177881],[5.368778,43.1779117],[5.3688039,43.1779491],[5.3687173,43.1779618],[5.3686494,43.1780359],[5.3686035,43.1780464],[5.3685447,43.1779986],[5.3685251,43.1778952]]}},{"type":"Feature","properties":{},"geometry":{"type":"LineString","coordinates":[[5.4026481,43.1762164],[5.4026907,43.1762641],[5.4026771,43.1763124],[5.4024479,43.1764399],[5.4024573,43.1765007],[5.4024201,43.1765365],[5.4024573,43.1766152],[5.4024517,43.1767041],[5.4023577,43.1767467],[5.4023032,43.1767176],[5.4020259,43.1765586],[5.4017266,43.1765672],[5.4014327,43.1764557],[5.4013574,43.1763913],[5.4013013,43.1764518],[5.4012192,43.1764766],[5.4011645,43.1764616],[5.4011192,43.1765989],[5.4009315,43.1765981],[5.4007573,43.176535],[5.4007614,43.1764214],[5.4005529,43.1762807],[5.4006604,43.1761638],[5.4005355,43.1761301],[5.4004318,43.1760554],[5.4003585,43.1760655],[5.40027,43.1760205],[5.4002646,43.1759912],[5.4001361,43.1759337],[5.4000017,43.1759257],[5.3999173,43.1759863],[5.3998596,43.1759374],[5.3998715,43.1758733],[5.3999825,43.1758387],[5.4000608,43.1758621],[5.4001408,43.1758137],[5.4002065,43.1757315],[5.4003486,43.1756351],[5.4002458,43.175462],[5.4002151,43.1753225],[5.4002579,43.1753124],[5.400341,43.1753261],[5.400337,43.1752743],[5.4004903,43.1751722],[5.4006803,43.175199],[5.4007849,43.1752391],[5.4008586,43.1752314],[5.4009583,43.1752562],[5.4010022,43.175286],[5.401065,43.1752555],[5.4012026,43.1752768],[5.4012731,43.1753516],[5.4013538,43.17538],[5.4014218,43.1754345],[5.4013856,43.1755082],[5.4015917,43.1756764],[5.4019117,43.1758364],[5.4019504,43.1758294],[5.4021816,43.1758943],[5.4023964,43.1759825],[5.4024594,43.1760915],[5.4026008,43.1762298],[5.4026481,43.1762164]]}},{"type":"Feature","properties":{},"geometry":{"type":"LineString","coordinates":[[5.3938081,43.1715749],[5.3937614,43.1715788],[5.3937299,43.1716008],[5.3936608,43.1715866],[5.3936152,43.1715494],[5.3936186,43.1715196],[5.3936112,43.1715098],[5.3936347,43.1714898],[5.3936581,43.1714878],[5.3936863,43.1714966],[5.3937051,43.1714815],[5.3937446,43.1714859],[5.3937413,43.171458],[5.3937587,43.1714374],[5.3938057,43.1714257],[5.3938264,43.171411],[5.3938626,43.1714546],[5.3938915,43.1714839],[5.3939612,43.1715069],[5.3939673,43.1715181],[5.3939981,43.1715245],[5.3940041,43.1715607],[5.394031,43.1715807],[5.394035,43.1716052],[5.3940162,43.1716267],[5.393978,43.1716155],[5.3939572,43.1716057],[5.3939264,43.1715983],[5.393923,43.1715827],[5.3938377,43.171561],[5.3938081,43.1715749]]}},{"type":"Feature","properties":{},"geometry":{"type":"LineString","coordinates":[[5.380157,43.1805246],[5.3801971,43.1804833],[5.3802604,43.1805083],[5.380337,43.1805463],[5.3801147,43.1805484],[5.380157,43.1805246]]}},{"type":"Feature","properties":{},"geometry":{"type":"LineString","coordinates":[[5.3793599,43.1801176],[5.379293,43.1800773],[5.3790897,43.1800387],[5.3789145,43.1800272],[5.3788388,43.1799799],[5.3787945,43.1798328],[5.378629,43.179819],[5.3784722,43.1798605],[5.3783136,43.1798423],[5.3781815,43.1797935],[5.3780089,43.1798036],[5.3779001,43.1797964],[5.3777944,43.1797139],[5.3777937,43.1795933],[5.3777469,43.1794546],[5.3776435,43.1793895],[5.3775991,43.179295],[5.3775892,43.1795342],[5.3775023,43.1795944],[5.3773512,43.1796378],[5.3772535,43.1796529],[5.3770866,43.1795577],[5.3768928,43.1796467],[5.3768199,43.1795993],[5.376669,43.17962],[5.376569,43.179593],[5.376067,43.1796031],[5.3759168,43.1797206],[5.3758398,43.1796981],[5.3757727,43.1796001],[5.3755569,43.1795994],[5.3754713,43.1795437],[5.3751372,43.1795604],[5.374875,43.1795172],[5.3748886,43.1793774],[5.375077,43.1792719],[5.375098,43.1791392],[5.3749512,43.1790827],[5.3750965,43.1790042],[5.3749119,43.1789872],[5.3749221,43.1789313],[5.3750647,43.1789041],[5.3751148,43.1788269],[5.374999,43.1788259],[5.3750238,43.1787559],[5.3748927,43.1786951],[5.3749363,43.1786101],[5.374885,43.1785902],[5.3749335,43.1784614],[5.3750678,43.1783176],[5.3750495,43.1782684],[5.3748984,43.1783469],[5.3746524,43.1785903],[5.3745208,43.1786569],[5.3745176,43.1787506],[5.3744545,43.1788161],[5.3744573,43.1788968],[5.374347,43.1789904],[5.3743272,43.1790703],[5.3741428,43.1792022],[5.3740106,43.1792853],[5.373845,43.1793466],[5.3736151,43.1793923],[5.3734651,43.1795109],[5.3733617,43.1795198],[5.3733305,43.1795834],[5.3728708,43.1796855],[5.3727513,43.1796685],[5.3726389,43.1797238],[5.3724247,43.1797344],[5.372349,43.1796865],[5.3722253,43.1797005],[5.3722068,43.179663],[5.3720295,43.1796473],[5.3719601,43.1795946],[5.3718762,43.1795692],[5.3718421,43.1794948],[5.3717198,43.1794471],[5.371838,43.1793787],[5.3720584,43.179288],[5.3722065,43.1792127],[5.3722839,43.1791065],[5.3723918,43.1790426],[5.3723892,43.1789943],[5.3723481,43.1789625],[5.3723039,43.1788756],[5.372526,43.1787838],[5.3725743,43.1787232],[5.3726454,43.1786968],[5.3726109,43.1786576],[5.3726818,43.1785101],[5.3728365,43.178481],[5.3729041,43.1784297],[5.3728953,43.1783691],[5.3727964,43.1783081],[5.3728701,43.1782122],[5.3730074,43.1782001],[5.3730677,43.1780882],[5.3731995,43.1780883],[5.3731654,43.1780176],[5.3732791,43.1779328],[5.3731399,43.1778564],[5.3731174,43.1778035],[5.3731161,43.1777259],[5.3731909,43.177642],[5.3733842,43.1775786],[5.3734539,43.1775385],[5.3735428,43.1774629],[5.3734139,43.1774469],[5.3732278,43.1774687],[5.3730756,43.1774379],[5.3730177,43.1773551],[5.3728317,43.1773779],[5.3726657,43.1774075],[5.3724537,43.1774814],[5.3723976,43.1773933],[5.3723859,43.1773575],[5.3725408,43.1772532],[5.3725886,43.1771458],[5.3728223,43.1770125],[5.372947,43.1769482],[5.3732023,43.1769863],[5.3733145,43.1769512],[5.3734048,43.1769558],[5.3735145,43.1770341],[5.3736813,43.1770201],[5.3738209,43.1769461],[5.373976,43.1768428],[5.3740975,43.1767456],[5.3743388,43.1767831],[5.3745652,43.176753],[5.374695,43.176839],[5.3749207,43.1769284],[5.3751303,43.1769266],[5.3752658,43.1769866],[5.3753457,43.1770595],[5.3753915,43.1770212],[5.3754189,43.1769534],[5.3756262,43.1769084],[5.375666,43.1767559],[5.375884,43.1768053],[5.3758894,43.1767743],[5.3758397,43.1767128],[5.3758965,43.1766154],[5.3760292,43.1765426],[5.3762324,43.1763927],[5.376269,43.1762866],[5.3763692,43.1762384],[5.376566,43.1762328],[5.3766686,43.1761784],[5.376725,43.1762264],[5.376863,43.1761371],[5.376988,43.1761095],[5.3770791,43.1760287],[5.3772282,43.1759884],[5.3773587,43.1758931],[5.3774545,43.175845],[5.3775035,43.1757793],[5.3776169,43.1757441],[5.3776853,43.175801],[5.3777463,43.1757988],[5.3779817,43.175722],[5.3781156,43.1757254],[5.3781691,43.1757537],[5.3781816,43.1758028],[5.3782851,43.1759235],[5.3784427,43.1758696],[5.3785288,43.1758744],[5.3786848,43.1759493],[5.3787426,43.1760053],[5.3790513,43.1759873],[5.3791768,43.1759642],[5.3795187,43.1759885],[5.3800431,43.175951],[5.3801378,43.175905],[5.3805245,43.1758714],[5.3807815,43.17586],[5.3809498,43.1759562],[5.3811134,43.1759876],[5.3812253,43.1760544],[5.3813875,43.176088],[5.3815332,43.1762342],[5.3815918,43.1762511],[5.3815923,43.17618],[5.3815482,43.1760659],[5.3814595,43.175986],[5.3814909,43.1759408],[5.3815002,43.1757438],[5.3814501,43.1756752],[5.3814202,43.1754824],[5.3814682,43.175379],[5.3814505,43.1752569],[5.3815373,43.1752215],[5.3816896,43.1752265],[5.3817763,43.1752168],[5.3817053,43.1751508],[5.3816189,43.1750873],[5.3815004,43.1750825],[5.3814172,43.1749925],[5.381387,43.1749545],[5.3813373,43.1749376],[5.3813701,43.1747287],[5.3815178,43.1747213],[5.3815905,43.1747524],[5.3816343,43.1748254],[5.3817277,43.1748322],[5.3817921,43.1748674],[5.381843,43.1748264],[5.3819947,43.1747946],[5.3821956,43.1747928],[5.3822051,43.1748293],[5.3824136,43.1748421],[5.3825484,43.1748997],[5.3826468,43.1748746],[5.3828831,43.1749227],[5.3829559,43.1748783],[5.383168,43.1748694],[5.3833208,43.1748229],[5.3834872,43.1748039],[5.3835856,43.1747982],[5.3836964,43.1747784],[5.3837072,43.1747325],[5.3837782,43.174708],[5.3838211,43.1747295],[5.3838252,43.1747745],[5.3839423,43.174711],[5.3841963,43.1745888],[5.3842839,43.1745837],[5.3843089,43.1745077],[5.3844248,43.1744639],[5.3846413,43.1744855],[5.3850134,43.1745329],[5.3850317,43.1744945],[5.3849588,43.1743647],[5.3850804,43.1743432],[5.3851824,43.1743911],[5.3853396,43.1743424],[5.3855747,43.1743312],[5.3855605,43.1743028],[5.3854074,43.1742151],[5.3854463,43.174167],[5.3856298,43.1741236],[5.3855369,43.1739815],[5.3857922,43.1739738],[5.3859066,43.1740332],[5.3859818,43.1740153],[5.3860608,43.1740704],[5.3861225,43.1739933],[5.3863234,43.1740123],[5.3864413,43.1740048],[5.3865071,43.173972],[5.3861863,43.1739214],[5.3860651,43.1739176],[5.3860072,43.1738873],[5.38592,43.1738352],[5.3857522,43.1738565],[5.3855628,43.1737887],[5.385614,43.1736914],[5.385584,43.1736573],[5.3855212,43.1736405],[5.3853577,43.1736493],[5.3850986,43.1737143],[5.3847884,43.1737036],[5.3847539,43.1736633],[5.3847586,43.1736189],[5.3848755,43.1735672],[5.3850835,43.1735345],[5.3852156,43.1734782],[5.3852775,43.1734239],[5.3854334,43.1733601],[5.385333,43.1732612],[5.3855691,43.173191],[5.3857809,43.173151],[5.3858427,43.1731204],[5.3858768,43.1730474],[5.3858851,43.1729657],[5.3857653,43.1728473],[5.385943,43.1727838],[5.3860964,43.1727836],[5.3862574,43.1727252],[5.3863475,43.1727008],[5.3863485,43.1726571],[5.3864172,43.1726128],[5.3865073,43.1726373],[5.3865406,43.1726846],[5.3865466,43.1727504],[5.3864099,43.172893],[5.3863857,43.1730572],[5.3863391,43.1730718],[5.3863967,43.1731295],[5.3865252,43.1731354],[5.3866556,43.1731569],[5.3867132,43.1731422],[5.3867468,43.1731676],[5.3868702,43.1731715],[5.3869315,43.1731547],[5.3871008,43.1732087],[5.3872054,43.1732195],[5.3872416,43.1731713],[5.3873942,43.1730249],[5.3875159,43.1730187],[5.3875903,43.1731021],[5.387692,43.1730926],[5.387754,43.1730133],[5.388206,43.1729791],[5.388445,43.1729975],[5.3885915,43.1729765],[5.3888873,43.1728351],[5.3892249,43.1727513],[5.3896364,43.1727355],[5.3898498,43.1727134],[5.3901947,43.1727754],[5.3903603,43.1728835],[5.3904724,43.1728742],[5.3909585,43.1729447],[5.3911711,43.1729593],[5.3913065,43.1729211],[5.3915238,43.1729202],[5.3916914,43.1728687],[5.391779,43.1728461],[5.3919038,43.1728546],[5.3920585,43.1728775],[5.3923718,43.1728544],[5.3924889,43.1728068],[5.3925438,43.1728599],[5.392546,43.1729546],[5.3926879,43.173002],[5.3929795,43.1730081],[5.393358,43.1730314],[5.3935078,43.1730301],[5.3936937,43.1730943],[5.3941614,43.1732061],[5.3942972,43.1732508],[5.3947263,43.1731899],[5.3950334,43.1731738],[5.3953532,43.1731172],[5.3955069,43.1731686],[5.3957506,43.1732387],[5.396225,43.1732086],[5.3966186,43.1732116],[5.3966857,43.1732351],[5.3969476,43.1731753],[5.3971074,43.1731089],[5.3971551,43.1731402],[5.3972476,43.1730966],[5.3973647,43.1730522],[5.3977059,43.1730292],[5.3977998,43.1729913],[5.3978646,43.1730095],[5.3981077,43.1731016],[5.3981424,43.1731577],[5.3981291,43.1732011],[5.3980573,43.1732092],[5.3980104,43.1732764],[5.3978551,43.1734234],[5.3981087,43.1734961],[5.3981154,43.1735728],[5.3980223,43.1737769],[5.3980278,43.1738254],[5.398115,43.1738287],[5.3981941,43.1738909],[5.3983081,43.1738459],[5.3984312,43.1738376],[5.3985933,43.1737395],[5.3986749,43.1737631],[5.3986347,43.1738734],[5.3984205,43.1741026],[5.3981675,43.1743525],[5.3980435,43.1743744],[5.3979706,43.1743755],[5.3977608,43.1745411],[5.3976072,43.1745868],[5.3974705,43.174806],[5.3972424,43.175067],[5.3971227,43.1750756],[5.3969326,43.1752176],[5.3969179,43.1752792],[5.3967328,43.1754011],[5.3966336,43.1755658],[5.3965099,43.1756886],[5.3963375,43.1758895],[5.3959937,43.1760248],[5.3953796,43.1761839],[5.3951369,43.1762249],[5.3950376,43.1762054],[5.3950057,43.1763049],[5.394794,43.1763162],[5.3946614,43.1763772],[5.3945025,43.1763795],[5.394518,43.1764547],[5.3943991,43.1765582],[5.3941628,43.1766573],[5.3940415,43.1767034],[5.393645,43.1767111],[5.3934236,43.1766494],[5.3932643,43.1766972],[5.392997,43.1767264],[5.3928419,43.1767226],[5.3927264,43.1766411],[5.3926969,43.176688],[5.3927224,43.1767487],[5.3926402,43.1767675],[5.3924066,43.176769],[5.3922775,43.1766964],[5.3922056,43.1766715],[5.392072,43.176602],[5.3919866,43.176643],[5.3920022,43.1767298],[5.3920857,43.176819],[5.3920856,43.1768861],[5.3919666,43.1769523],[5.3917791,43.1769846],[5.3916108,43.176992],[5.3914188,43.1769002],[5.3912995,43.1769384],[5.3913554,43.1770212],[5.3912472,43.1770323],[5.3910351,43.1771269],[5.3909213,43.1771927],[5.3908127,43.1772865],[5.3908434,43.177325],[5.390812,43.1773539],[5.3907563,43.1773423],[5.3906477,43.1773941],[5.390641,43.1774303],[5.3906047,43.1774457],[5.3905257,43.1774352],[5.390482,43.1775016],[5.3901769,43.177679],[5.3900581,43.1776994],[5.3899464,43.1777557],[5.3896207,43.1777692],[5.3893647,43.1778516],[5.389202,43.1778635],[5.3891039,43.1779229],[5.3888144,43.1779322],[5.3886063,43.1780164],[5.3882291,43.1781239],[5.3880641,43.1780865],[5.3879186,43.1781709],[5.3878562,43.1782812],[5.3877771,43.178286],[5.3877694,43.1783973],[5.3877033,43.1783858],[5.3876122,43.1784608],[5.3874587,43.1785126],[5.3872828,43.1785392],[5.3872307,43.1785654],[5.3871725,43.1787422],[5.3869942,43.1788842],[5.3868115,43.178942],[5.3866756,43.1791137],[5.38639,43.1792006],[5.3862782,43.1791626],[5.3862794,43.1791069],[5.3862062,43.178973],[5.3862469,43.178839],[5.3861901,43.1786696],[5.3862073,43.1784801],[5.386414,43.1783645],[5.3863707,43.1783452],[5.3862508,43.1783671],[5.3859946,43.1784295],[5.3858694,43.1784807],[5.3857658,43.1786276],[5.3855859,43.1786585],[5.3854192,43.1787796],[5.3853006,43.1788788],[5.3852166,43.1788884],[5.3851022,43.1788545],[5.3849637,43.1787379],[5.3849681,43.1786338],[5.38493,43.1785535],[5.3847349,43.1787228],[5.3846075,43.1786821],[5.3843184,43.178646],[5.3839327,43.1785921],[5.3838448,43.1786819],[5.3837864,43.178792],[5.3838918,43.1789095],[5.3839808,43.1789956],[5.3841572,43.1790843],[5.3842879,43.1791867],[5.3843719,43.17931],[5.3844626,43.1793971],[5.3844994,43.1794942],[5.3844157,43.1795261],[5.3842698,43.179551],[5.384126,43.1795034],[5.3841197,43.1794149],[5.3840036,43.1793204],[5.3838805,43.1792435],[5.3839085,43.1791691],[5.3838532,43.1791206],[5.3837598,43.1790958],[5.3835467,43.179098],[5.3834789,43.1791921],[5.3834226,43.1792998],[5.3833447,43.17937],[5.383237,43.1793834],[5.3830772,43.1794219],[5.3828109,43.1794639],[5.3826174,43.1795502],[5.3824983,43.1795475],[5.3822111,43.1795189],[5.3822017,43.1796095],[5.3820984,43.1797834],[5.3818648,43.1796894],[5.3819607,43.1795299],[5.3817299,43.1796608],[5.381665,43.1796744],[5.3815362,43.1797188],[5.3816025,43.1797873],[5.3814209,43.1798997],[5.3816473,43.179952],[5.381748,43.1800787],[5.3816907,43.1801401],[5.3815074,43.1801875],[5.3813567,43.1802114],[5.3812333,43.1802736],[5.3811567,43.1802892],[5.3810916,43.1803631],[5.3812417,43.180432],[5.3812358,43.1804816],[5.3810289,43.1806142],[5.3808566,43.1807623],[5.3807583,43.1807136],[5.3805402,43.1807949],[5.3804475,43.1806433],[5.3805335,43.1805901],[5.3805549,43.1804875],[5.3803566,43.1804852],[5.3803573,43.1803759],[5.3802048,43.1802821],[5.3801419,43.1802654],[5.3798574,43.1801835],[5.3798611,43.1801668],[5.3798866,43.1800518],[5.3797564,43.1801078],[5.3796077,43.1801724],[5.3795092,43.1801598],[5.3793599,43.1801176]]}},{"type":"Feature","properties":{},"geometry":{"type":"LineString","coordinates":[[5.3615804,43.1969536],[5.3616508,43.1969269],[5.361706,43.1969326],[5.3617084,43.1969778],[5.361711,43.1970262],[5.3616739,43.1970437],[5.3616114,43.1970331],[5.3615827,43.1969968],[5.3615804,43.1969536]]}},{"type":"Feature","properties":{},"geometry":{"type":"LineString","coordinates":[[5.3381002,43.2075768],[5.3380632,43.2076231],[5.3379111,43.2076233],[5.3378764,43.2075521],[5.3379346,43.2074794],[5.3379697,43.2074784],[5.3380933,43.2075244],[5.3381002,43.2075768]]}},{"type":"Feature","properties":{},"geometry":{"type":"LineString","coordinates":[[5.380191,43.1807667],[5.3802842,43.1807188],[5.380372,43.1807564],[5.3803858,43.1808045],[5.380293,43.1808854],[5.3802019,43.1808663],[5.380191,43.1807667]]}},{"type":"Feature","properties":{},"geometry":{"type":"LineString","coordinates":[[5.3262713,43.2144818],[5.3262304,43.2144679],[5.326208,43.2144803],[5.3261778,43.214493],[5.3260762,43.2145013],[5.3260604,43.2144969],[5.3260192,43.2145006],[5.3259746,43.2145035],[5.3259666,43.214506],[5.3259629,43.2145179],[5.3259478,43.2145375],[5.3259444,43.2145475],[5.3259535,43.2145768],[5.3259481,43.21459],[5.3259317,43.214622],[5.3259344,43.2146396],[5.3259243,43.2146699],[5.3259126,43.2146922],[5.3259199,43.2147117],[5.3259102,43.2147327],[5.3258978,43.2147435],[5.3258784,43.2147542],[5.3258697,43.2147728],[5.3258324,43.2148043],[5.3258096,43.2148266],[5.3257875,43.2148363],[5.3257842,43.2148446],[5.3257815,43.21486],[5.3257681,43.2148676],[5.325748,43.2148654],[5.3257288,43.2148578],[5.3257325,43.2148759],[5.3257265,43.2148835],[5.3257091,43.2149077],[5.3256635,43.2149314],[5.3256269,43.2149465],[5.3256024,43.2149631],[5.3255937,43.2149636],[5.3255646,43.2149793],[5.3255344,43.214982],[5.3255146,43.2149719],[5.3255086,43.2149578],[5.3254787,43.214948],[5.325464,43.2149326],[5.3254522,43.2149072],[5.3254469,43.2148852],[5.3254687,43.2148722],[5.3254653,43.2148547],[5.3254781,43.2148353],[5.3254998,43.2148094],[5.325526,43.2147875],[5.3255988,43.2147149],[5.3256219,43.2146939],[5.3256326,43.2146562],[5.3256822,43.2146018],[5.3257117,43.2145876],[5.3257503,43.214558],[5.325759,43.2145263],[5.3257758,43.2145052],[5.3257701,43.2144813],[5.3257845,43.2144605],[5.3257979,43.2144534],[5.3258237,43.2144473],[5.3258251,43.2144322],[5.3258402,43.2144068],[5.3258422,43.2143818],[5.3258301,43.2143691],[5.3258294,43.2143515],[5.3258509,43.214341],[5.325877,43.2143261],[5.3259109,43.2143303],[5.325928,43.2143489],[5.3259481,43.2143308],[5.3259652,43.214308],[5.3259847,43.2142787],[5.325991,43.2142482],[5.3259773,43.2142208],[5.3259887,43.2141719],[5.3259873,43.2141463],[5.3259645,43.2141116],[5.3259545,43.2140742],[5.3259645,43.2140327],[5.3259826,43.214018],[5.3259873,43.2139672],[5.3259947,43.2139325],[5.3259914,43.2139022],[5.3259694,43.2138846],[5.3259169,43.2138655],[5.3258955,43.213847],[5.3258619,43.2138333],[5.3258438,43.2138142],[5.3258224,43.2138069],[5.3257654,43.2138088],[5.3257285,43.2138176],[5.325699,43.213824],[5.3256829,43.2138137],[5.3256487,43.2137947],[5.3255756,43.2137869],[5.325524,43.2137854],[5.3254965,43.2137839],[5.3254542,43.2137693],[5.325418,43.2137595],[5.3253309,43.2137595],[5.3253094,43.2137707],[5.3252457,43.2137795],[5.3252135,43.213782],[5.3251947,43.2137732],[5.3251612,43.2137693],[5.3251196,43.2137522],[5.3250834,43.2137326],[5.3250653,43.2137165],[5.3250626,43.2136964],[5.3250767,43.2136803],[5.3251364,43.2136642],[5.3252001,43.2136588],[5.3252283,43.2136627],[5.3252926,43.2136754],[5.3253148,43.2136935],[5.3253483,43.2136925],[5.3253751,43.2136725],[5.3254033,43.2136471],[5.3254268,43.2136187],[5.3254328,43.213586],[5.3254301,43.2135591],[5.3254636,43.2135591],[5.3255019,43.2135542],[5.3255247,43.2135596],[5.3255501,43.2135533],[5.325579,43.2135542],[5.3255924,43.2135484],[5.325634,43.2135567],[5.3256487,43.2135689],[5.3256601,43.2135689],[5.3256749,43.2135704],[5.3257044,43.2135811],[5.3257084,43.2135879],[5.3257547,43.2135914],[5.3257982,43.2135953],[5.3258224,43.2135914],[5.3258619,43.2135938],[5.3258854,43.2135865],[5.3259109,43.2135748],[5.325921,43.213584],[5.3259518,43.2135738],[5.3259525,43.2135645],[5.3259867,43.2135537],[5.3260289,43.2135498],[5.3260564,43.2135176],[5.326043,43.213497],[5.3260497,43.2134765],[5.3260712,43.213456],[5.3261033,43.2134521],[5.3261422,43.2134521],[5.3261912,43.2134545],[5.3262341,43.2134633],[5.3262663,43.2134687],[5.3262898,43.213479],[5.3263126,43.2134834],[5.3263132,43.2134648],[5.3263461,43.2134653],[5.326383,43.213458],[5.3264138,43.2134912],[5.3264239,43.2134956],[5.3264299,43.2135102],[5.326446,43.2135142],[5.3264775,43.213542],[5.3264869,43.2135567],[5.3264976,43.2135738],[5.3265365,43.2135865],[5.3266049,43.2135987],[5.3266465,43.2135899],[5.3266545,43.2135733],[5.3267135,43.2135528],[5.3267417,43.2135542],[5.3267558,43.2135547],[5.3267813,43.2135479],[5.3268027,43.2135557],[5.3268296,43.2135831],[5.3268503,43.2135933],[5.326857,43.2136055],[5.3268731,43.2136026],[5.3268772,43.2135904],[5.3268859,43.2135787],[5.326912,43.2135738],[5.3269409,43.2135787],[5.3269972,43.2135865],[5.3270059,43.2135625],[5.3270012,43.2135303],[5.3270106,43.2134878],[5.3270254,43.2134609],[5.3270562,43.2134511],[5.3270562,43.2134413],[5.327077,43.2134325],[5.3271005,43.2134311],[5.3271119,43.2134413],[5.327134,43.2134423],[5.3271507,43.2134306],[5.3271682,43.2134184],[5.3271843,43.2134277],[5.3272332,43.2134443],[5.3272815,43.2134408],[5.3272996,43.2134262],[5.3273137,43.2134115],[5.3273184,43.2133915],[5.3273385,43.2133768],[5.3273727,43.2133573],[5.3273767,43.2133509],[5.3273814,43.213346],[5.3274015,43.2133328],[5.3274404,43.2133353],[5.3274699,43.2133519],[5.3275001,43.2133856],[5.3275202,43.2133915],[5.3275564,43.2133974],[5.3275933,43.2134149],[5.3275987,43.2134389],[5.3276221,43.2134589],[5.3276208,43.2134858],[5.3276684,43.2135342],[5.3276966,43.2135601],[5.3277127,43.2135831],[5.32771,43.2136011],[5.3277194,43.2136099],[5.3277791,43.2136124],[5.3278267,43.2136148],[5.3278475,43.2136256],[5.3278475,43.213651],[5.3278816,43.2136696],[5.3279138,43.213672],[5.3279293,43.2136613],[5.3279608,43.2136485],[5.3279829,43.2136349],[5.3280084,43.2136388],[5.3280359,43.2136539],[5.328058,43.213651],[5.3280888,43.2136554],[5.3280956,43.2136754],[5.3281204,43.2136994],[5.3281378,43.2137116],[5.3281412,43.2137214],[5.3281566,43.2137253],[5.3281586,43.2137385],[5.3281284,43.2137658],[5.3281257,43.213781],[5.3281083,43.2137932],[5.3280895,43.2137888],[5.3280741,43.2137873],[5.3280426,43.2137937],[5.3279816,43.2138035],[5.3279608,43.213802],[5.3279044,43.2138215],[5.3278837,43.2138372],[5.327879,43.2138572],[5.3278723,43.2138729],[5.3278441,43.2138797],[5.3278454,43.213889],[5.3278461,43.2139041],[5.3278602,43.2139193],[5.3278488,43.2139325],[5.3278461,43.213953],[5.3278535,43.2139633],[5.3278562,43.2139965],[5.3278347,43.2140097],[5.3277938,43.2140258],[5.3277931,43.2140454],[5.3277502,43.2140732],[5.3277355,43.2140999],[5.3277113,43.2141145],[5.3276926,43.2141209],[5.3276721,43.2141241],[5.3276563,43.2141209],[5.3276443,43.2141392],[5.3276302,43.2141502],[5.3276124,43.2141578],[5.327601,43.2141761],[5.3275933,43.2141825],[5.3275809,43.2141812],[5.3275745,43.2141998],[5.3275802,43.2142186],[5.327598,43.2142355],[5.3276312,43.2142597],[5.3276698,43.2142824],[5.3276808,43.2142951],[5.3276664,43.2142968],[5.327662,43.2143007],[5.3276929,43.2143264],[5.3277013,43.2143435],[5.327716,43.2143511],[5.3277583,43.2143879],[5.3277807,43.2144011],[5.3277988,43.2144241],[5.3278314,43.2144363],[5.3278407,43.2144478],[5.3278719,43.2144659],[5.3278843,43.2144666],[5.3279034,43.2144781],[5.3279256,43.2144876],[5.3279373,43.2144982],[5.327942,43.2145126],[5.327937,43.2145182],[5.3279313,43.2145219],[5.3279319,43.2145414],[5.3279229,43.2145487],[5.3279256,43.214559],[5.3279122,43.2145658],[5.3278944,43.2145663],[5.3278843,43.2145844],[5.3278656,43.2146059],[5.3278525,43.2146062],[5.3278485,43.214611],[5.3278488,43.2146218],[5.3278421,43.2146301],[5.3278361,43.214646],[5.3278287,43.2146572],[5.3278169,43.2146667],[5.327773,43.2146909],[5.3277472,43.2146941],[5.3277261,43.2146958],[5.327712,43.2147039],[5.3276993,43.2147149],[5.3276644,43.2147293],[5.3276547,43.2147374],[5.3276386,43.214741],[5.3276208,43.2147452],[5.3276044,43.2147486],[5.327591,43.2147552],[5.3275719,43.2147716],[5.3275688,43.2147936],[5.3275564,43.2148109],[5.3275383,43.214817],[5.3275098,43.2148119],[5.3274947,43.2148051],[5.327475,43.2147889],[5.3274411,43.214785],[5.3274166,43.2147762],[5.3274066,43.2147779],[5.3274126,43.2147875],[5.3274136,43.2148065],[5.3274076,43.2148163],[5.3273888,43.2148212],[5.3273626,43.2148146],[5.3273392,43.2148055],[5.3272899,43.2147977],[5.327244,43.2147977],[5.3272181,43.214798],[5.3272134,43.2148099],[5.3271953,43.2148148],[5.3271776,43.2148029],[5.3271766,43.2147945],[5.3271467,43.2147884],[5.3271296,43.214796],[5.3271035,43.2147965],[5.327076,43.2147901],[5.3270663,43.2147728],[5.3270294,43.214751],[5.3270119,43.2147376],[5.3270002,43.2147215],[5.3269761,43.2147076],[5.3269741,43.214699],[5.3269777,43.2146897],[5.3269704,43.2146839],[5.3269442,43.2146924],[5.3269177,43.2146858],[5.3268956,43.2146785],[5.3268721,43.2146797],[5.3268272,43.2146643],[5.3268158,43.2146455],[5.3267903,43.2146333],[5.3267652,43.2146308],[5.3267377,43.2146149],[5.3267303,43.2146059],[5.3267283,43.2145922],[5.3266864,43.2145585],[5.3265664,43.2145453],[5.3265345,43.2145438],[5.3264909,43.2145446],[5.3264594,43.2145348],[5.3264507,43.2145416],[5.3264095,43.2145414],[5.326384,43.2145319],[5.3263605,43.2145182],[5.3263253,43.2145047],[5.3262824,43.214496],[5.3262864,43.2144894],[5.3262713,43.2144818]]}},{"type":"Feature","properties":{},"geometry":{"type":"LineString","coordinates":[[5.382468,43.1904968],[5.3823394,43.1903962],[5.3822389,43.1904125],[5.3820938,43.1905165],[5.3819753,43.1905116],[5.3819331,43.1904335],[5.3820025,43.1903347],[5.382111,43.1902843],[5.3820849,43.190216],[5.3818934,43.190242],[5.3817054,43.190201],[5.3814021,43.1902168],[5.3813307,43.1901447],[5.3812915,43.1899346],[5.3812661,43.189721],[5.3813749,43.1896757],[5.3815419,43.1895865],[5.3815611,43.1894974],[5.3814788,43.1895121],[5.3813389,43.1895552],[5.3813648,43.1894844],[5.3815637,43.1893325],[5.3816871,43.1892981],[5.3818324,43.189329],[5.381812,43.1892636],[5.3816113,43.1892219],[5.3817131,43.1890697],[5.3819616,43.1889514],[5.3820192,43.1888694],[5.3823582,43.188731],[5.3825779,43.1886259],[5.3828107,43.1885832],[5.3829782,43.1885548],[5.3831885,43.1885911],[5.3832297,43.1885456],[5.3831625,43.1882076],[5.3831615,43.1880562],[5.383245,43.1878519],[5.3833653,43.18773],[5.3834897,43.1877131],[5.3835519,43.1876114],[5.3834579,43.1875656],[5.3835589,43.1874247],[5.3837398,43.1873588],[5.3839499,43.1872056],[5.384162,43.1871439],[5.3842748,43.1870943],[5.3845398,43.187126],[5.384586,43.1872277],[5.3846493,43.1872001],[5.3847228,43.1870724],[5.3850323,43.1870162],[5.3851485,43.1868707],[5.3852637,43.1868129],[5.3853701,43.1867223],[5.3855301,43.1867672],[5.3856828,43.1867258],[5.3859542,43.1867201],[5.3862104,43.1866397],[5.3863351,43.1864971],[5.3865184,43.1863951],[5.3866375,43.1862001],[5.3867733,43.1861859],[5.3868326,43.186108],[5.3870204,43.1860666],[5.3870398,43.1859538],[5.3873977,43.1859601],[5.3874532,43.1858915],[5.3876847,43.1859035],[5.3876627,43.1857816],[5.3880841,43.1857634],[5.3881348,43.1856579],[5.3883513,43.1855735],[5.3885116,43.1855432],[5.3885765,43.1854651],[5.3886792,43.1854117],[5.3887918,43.1854384],[5.3890035,43.1853417],[5.3891921,43.1853683],[5.3892798,43.1854544],[5.3892856,43.1855634],[5.3894769,43.1856939],[5.3896676,43.185706],[5.3897441,43.1857945],[5.3900078,43.1857499],[5.3902528,43.1858563],[5.390427,43.1858503],[5.3905352,43.1859523],[5.3905414,43.1860417],[5.3905034,43.1861232],[5.3903214,43.1861417],[5.3902875,43.1862982],[5.3904292,43.1862097],[5.3905475,43.1861569],[5.3906855,43.1861056],[5.390852,43.1860865],[5.3909318,43.1860244],[5.3911348,43.186029],[5.3911941,43.186087],[5.391584,43.1861388],[5.3916325,43.1862559],[5.3915729,43.1863801],[5.3911623,43.1865484],[5.3909312,43.1865694],[5.3906331,43.1866036],[5.390539,43.1866331],[5.3901992,43.18665],[5.3900589,43.1867116],[5.3897366,43.1867404],[5.3895003,43.1869037],[5.3893557,43.187017],[5.3895069,43.187161],[5.3894211,43.187215],[5.3893258,43.1871703],[5.3891941,43.1871555],[5.3888655,43.187171],[5.3886699,43.187226],[5.3883934,43.1872421],[5.3883194,43.1873318],[5.3880691,43.1874697],[5.3877473,43.187482],[5.3876889,43.1876289],[5.3873196,43.1878845],[5.387289,43.1881048],[5.3871974,43.1881816],[5.3870635,43.1883914],[5.3868857,43.1884099],[5.3867287,43.18837],[5.3865707,43.1882849],[5.3863284,43.1882245],[5.3863095,43.1881261],[5.3860241,43.1881218],[5.385826,43.1881139],[5.3857495,43.1881996],[5.3855972,43.1881877],[5.3854993,43.1881094],[5.3852273,43.1882017],[5.3851073,43.1881925],[5.385077,43.1881512],[5.3849948,43.1881422],[5.3849188,43.1882154],[5.3848569,43.1881241],[5.3848006,43.1881241],[5.3847425,43.1880492],[5.3845434,43.1881865],[5.3844676,43.1881157],[5.3843781,43.188099],[5.384322,43.1882443],[5.3844325,43.1884085],[5.3843579,43.1885069],[5.3843473,43.1886052],[5.384447,43.1887182],[5.3844558,43.1887971],[5.3846162,43.1888606],[5.3848021,43.1888873],[5.3849762,43.1889864],[5.3850471,43.1888551],[5.3852175,43.1888386],[5.3852759,43.1888774],[5.3852325,43.1889406],[5.3852972,43.1889672],[5.3853438,43.1890524],[5.3853225,43.1891751],[5.3851827,43.1892432],[5.3850776,43.1892222],[5.3850733,43.1894047],[5.3848671,43.1894683],[5.3850069,43.1895259],[5.3849434,43.1895761],[5.3849431,43.1896767],[5.3847813,43.1897439],[5.3846361,43.1898189],[5.3845443,43.1898777],[5.3841858,43.1899386],[5.3840986,43.1898557],[5.3839828,43.1900584],[5.3838134,43.1901372],[5.3835965,43.1901892],[5.3833684,43.190366],[5.3831997,43.1903451],[5.3830732,43.1903777],[5.3828323,43.1903857],[5.3825654,43.1904968],[5.382468,43.1904968]]}},{"type":"Feature","properties":{},"geometry":{"type":"LineString","coordinates":[[5.3375123,43.2071863],[5.3375565,43.2071696],[5.3376244,43.207176],[5.337701,43.2071872],[5.3377293,43.2072163],[5.3376763,43.2072518],[5.3376385,43.2072837],[5.3375626,43.2072859],[5.3374655,43.207234],[5.3375123,43.2071863]]}},{"type":"Feature","properties":{},"geometry":{"type":"LineString","coordinates":[[5.396449,43.1786846],[5.3964751,43.1786914],[5.3965435,43.1787012],[5.3965529,43.1787178],[5.3966783,43.1787218],[5.3967346,43.1787266],[5.3967568,43.1787511],[5.3967474,43.1787702],[5.396689,43.1787765],[5.396677,43.1787971],[5.3966106,43.178824],[5.3965583,43.1788552],[5.3965268,43.1788953],[5.3964905,43.1789574],[5.3964845,43.1789912],[5.3964698,43.1790137],[5.396459,43.179042],[5.3964329,43.1790709],[5.3963672,43.1791046],[5.3963216,43.179109],[5.3961935,43.1791442],[5.3960896,43.1791633],[5.3959823,43.1791716],[5.3959005,43.1791614],[5.3958495,43.1791706],[5.3957536,43.1791956],[5.3957409,43.1792034],[5.3956731,43.1792083],[5.395535,43.1792239],[5.3954782,43.179206],[5.3953687,43.1791389],[5.3953754,43.1791139],[5.3954706,43.1790484],[5.3955249,43.1790279],[5.3955819,43.1790156],[5.3956242,43.1790205],[5.3956597,43.1790147],[5.3957777,43.1790098],[5.395704,43.1789736],[5.3956953,43.178957],[5.3956663,43.1789374],[5.3956725,43.1788645],[5.3956617,43.1788337],[5.3956718,43.1788284],[5.395712,43.1788293],[5.3957362,43.178824],[5.3957429,43.1788064],[5.3957777,43.1787819],[5.3958374,43.178757],[5.3958944,43.1787526],[5.3959085,43.1787452],[5.3959293,43.1787413],[5.395938,43.1787462],[5.3959648,43.1787379],[5.3959689,43.178731],[5.3960091,43.1787222],[5.3960292,43.1787286],[5.3960768,43.1787169],[5.3961251,43.1787193],[5.3961461,43.1787247],[5.3963498,43.178685],[5.396449,43.1786846]]}},{"type":"Feature","properties":{},"geometry":{"type":"LineString","coordinates":[[5.3628411,43.1999601],[5.3626244,43.1999363],[5.3624096,43.2000279],[5.3622421,43.2001099],[5.3621917,43.2001412],[5.3619995,43.2002094],[5.3619407,43.2002152],[5.3619042,43.2001369],[5.3617993,43.2001244],[5.3617078,43.2000167],[5.3617248,43.1998319],[5.3616143,43.1998185],[5.3615295,43.1997859],[5.361421,43.1998651],[5.3611877,43.1997131],[5.361118,43.1995914],[5.361143,43.1995062],[5.3612541,43.199395],[5.3612662,43.1992514],[5.3612273,43.1993957],[5.3611134,43.1994782],[5.3610136,43.199481],[5.3608776,43.1994663],[5.3607888,43.1995719],[5.360562,43.1997307],[5.3603687,43.1998021],[5.3602182,43.199967],[5.3599462,43.2000159],[5.3595638,43.2000266],[5.3595026,43.1999871],[5.3594849,43.1998929],[5.359421,43.1998555],[5.3592673,43.1998784],[5.3591163,43.1998456],[5.3590936,43.1997339],[5.3589236,43.199715],[5.3588036,43.1997884],[5.3586078,43.1996806],[5.358624,43.1996142],[5.3587124,43.1995808],[5.3587706,43.1995102],[5.3588709,43.1994631],[5.3588485,43.1993576],[5.3589644,43.1992585],[5.3590431,43.1992553],[5.3591347,43.1992846],[5.3593228,43.1992464],[5.3595104,43.1992524],[5.359706,43.1992232],[5.3597772,43.1991842],[5.359922,43.1991008],[5.3599291,43.1990212],[5.3599907,43.1989865],[5.3600628,43.1990741],[5.3600466,43.1991941],[5.3600961,43.1992236],[5.3601845,43.199218],[5.3603914,43.1990824],[5.360518,43.1990531],[5.3606827,43.1991061],[5.3609388,43.1990763],[5.3611271,43.1988824],[5.361284,43.1988141],[5.3615416,43.1985968],[5.3615886,43.1985274],[5.3615479,43.1983967],[5.3616506,43.1983403],[5.3617616,43.1982915],[5.3617594,43.1982146],[5.3616629,43.1981195],[5.3618101,43.198001],[5.3619413,43.197952],[5.3620767,43.1978482],[5.3622314,43.1976574],[5.3623298,43.1976546],[5.3623439,43.1975749],[5.3622498,43.1975539],[5.3621058,43.1976527],[5.3620888,43.1977304],[5.3619451,43.1977839],[5.3618223,43.197671],[5.3617334,43.1977466],[5.3616487,43.1977696],[5.3614785,43.1976663],[5.3613938,43.1975285],[5.3614461,43.1974508],[5.3616234,43.1973686],[5.3617236,43.1972669],[5.3617237,43.1970536],[5.36185,43.1970738],[5.3619951,43.1970748],[5.3620628,43.1969957],[5.3621777,43.1969049],[5.3623011,43.1968427],[5.3624502,43.196892],[5.3625923,43.1969972],[5.3627011,43.1970055],[5.3630639,43.1972106],[5.3631511,43.1972885],[5.3631821,43.1971547],[5.3631603,43.1970348],[5.3633059,43.1970194],[5.3633522,43.1969356],[5.3636508,43.1969118],[5.3637387,43.1968959],[5.36372,43.1968078],[5.3634683,43.1967871],[5.3633433,43.1967412],[5.3633293,43.1966623],[5.3634353,43.1965892],[5.3637769,43.1965775],[5.3640467,43.1964607],[5.3643143,43.1964367],[5.3643896,43.1962893],[5.3645349,43.1962945],[5.3646413,43.1963884],[5.3648124,43.1964824],[5.3649826,43.1964807],[5.3650496,43.196415],[5.3650591,43.1963282],[5.3650567,43.1962036],[5.3651486,43.1961825],[5.3652742,43.1962428],[5.3654919,43.1962315],[5.3657187,43.1960469],[5.3657747,43.1959866],[5.3657894,43.1958924],[5.3657594,43.1956965],[5.3658928,43.1955825],[5.36605,43.1955204],[5.3662767,43.1954666],[5.3663609,43.1954076],[5.3663882,43.1953388],[5.3661884,43.1953403],[5.3661263,43.1952844],[5.366158,43.1951918],[5.3662796,43.1950947],[5.3664645,43.1951296],[5.3667133,43.1951494],[5.3670246,43.1951509],[5.3672887,43.1951404],[5.3674159,43.1952017],[5.3676755,43.1952119],[5.367756,43.19519],[5.367919,43.1951308],[5.3680747,43.1951738],[5.3683292,43.1951398],[5.368641,43.1950188],[5.3687841,43.1949282],[5.3688653,43.194759],[5.3689704,43.1946963],[5.3690352,43.1945647],[5.369164,43.1945497],[5.3692746,43.194459],[5.3692511,43.1943855],[5.3692667,43.1943088],[5.3692504,43.1941867],[5.3691265,43.1941057],[5.3691771,43.1940518],[5.3693625,43.1940434],[5.3694309,43.1940044],[5.369453,43.1939441],[5.3695887,43.1939258],[5.3696662,43.1938752],[5.3698365,43.1938735],[5.3699437,43.193957],[5.3701426,43.1939637],[5.3702139,43.1940884],[5.3704169,43.1940662],[5.3704706,43.1939637],[5.3705588,43.1938994],[5.3706021,43.193787],[5.3707445,43.1938705],[5.3708846,43.1938851],[5.3709413,43.1938392],[5.3711937,43.1938187],[5.3713506,43.1938297],[5.3714566,43.1937587],[5.3715315,43.1937638],[5.3715819,43.1938118],[5.371707,43.1938876],[5.3717269,43.1939447],[5.3716964,43.1940331],[5.3716229,43.1941341],[5.3715337,43.1942314],[5.3713802,43.1942574],[5.3710854,43.194514],[5.3709622,43.1945288],[5.3709089,43.1946642],[5.3707195,43.1948385],[5.370545,43.1948661],[5.3704623,43.1949529],[5.3704267,43.1950518],[5.3701397,43.19527],[5.3701475,43.1953388],[5.3699947,43.1954843],[5.3698607,43.1954798],[5.3697618,43.1955259],[5.3696483,43.1956434],[5.3694732,43.1956875],[5.3692492,43.1957649],[5.3691298,43.1958764],[5.3687096,43.1959182],[5.3686318,43.1960193],[5.3684266,43.196159],[5.368236,43.1962035],[5.3681585,43.1963612],[5.3680253,43.1963732],[5.3679758,43.196422],[5.3678106,43.1964669],[5.3677828,43.1965532],[5.3679269,43.1965893],[5.367936,43.1966817],[5.3679342,43.1967539],[5.3678978,43.1968394],[5.3677728,43.1968985],[5.3675494,43.1969605],[5.3674529,43.197026],[5.3673556,43.1971297],[5.3670786,43.1971643],[5.3670476,43.1972713],[5.3669186,43.1973069],[5.3669527,43.1975006],[5.3668367,43.1975708],[5.366549,43.1975882],[5.3663732,43.1975664],[5.3662883,43.1976656],[5.3661383,43.1976771],[5.3660831,43.1977786],[5.3660404,43.1977973],[5.3659272,43.1977335],[5.365923,43.1978408],[5.3658678,43.1978609],[5.3656583,43.1978142],[5.3656097,43.1979063],[5.3653407,43.1980653],[5.3651847,43.1980439],[5.3651267,43.19796],[5.3649996,43.1980862],[5.3650849,43.1983681],[5.3650863,43.1984484],[5.365054,43.1985565],[5.3649473,43.1986172],[5.3647259,43.1986914],[5.3645553,43.1987395],[5.3642774,43.1986505],[5.3642768,43.1984774],[5.3641734,43.1984927],[5.3640618,43.1986205],[5.3638765,43.1986309],[5.3637465,43.1986758],[5.3637316,43.1988204],[5.3637073,43.1988932],[5.3636308,43.1990447],[5.3637504,43.1991505],[5.3637393,43.1992868],[5.3636374,43.1993855],[5.3635689,43.1994472],[5.3634254,43.1994492],[5.363279,43.1995305],[5.3632361,43.1996255],[5.3632212,43.1997969],[5.3630725,43.1998619],[5.3629422,43.1999531],[5.3628411,43.1999601]]}},{"type":"Feature","properties":{},"geometry":{"type":"LineString","coordinates":[[5.3237206,43.351403],[5.3237105,43.3514059],[5.3236806,43.35141],[5.3236668,43.3514096],[5.3236324,43.3514038],[5.3236221,43.3514002],[5.3235986,43.3513871],[5.3235917,43.3513807],[5.3235761,43.3513599],[5.3235717,43.3513494],[5.3235648,43.3513181],[5.3235649,43.3513068],[5.3235714,43.351276],[5.3235747,43.3512687],[5.3235903,43.35125],[5.3235987,43.3512443],[5.3236208,43.351236],[5.323634,43.3512337],[5.3236641,43.3512344],[5.3236853,43.3512412],[5.3237318,43.3512703],[5.3237703,43.351304],[5.323778,43.3513185],[5.3237789,43.351328],[5.3237742,43.3513517],[5.3237695,43.3513617],[5.323751,43.351385],[5.3237441,43.3513906],[5.3237206,43.351403]]}},{"type":"Feature","properties":{},"geometry":{"type":"LineString","coordinates":[[5.3581366,43.208676],[5.3582451,43.2086741],[5.3584762,43.2087819],[5.3587338,43.2088719],[5.3588289,43.2088532],[5.3589859,43.2088755],[5.3591431,43.2089439],[5.3595379,43.2089628],[5.3596166,43.20902],[5.3598936,43.2091347],[5.3600481,43.2091483],[5.3604074,43.2092873],[5.3605956,43.2092868],[5.3607068,43.2093252],[5.3607865,43.2093178],[5.3608802,43.2092716],[5.3609527,43.2092837],[5.3610882,43.2091624],[5.3613284,43.2093698],[5.3613459,43.2094546],[5.3614064,43.2094914],[5.3615222,43.2096808],[5.3615415,43.2097085],[5.3615803,43.2096901],[5.3615812,43.2096443],[5.3613919,43.2092823],[5.3613842,43.2092099],[5.3613387,43.20913],[5.3613827,43.2090407],[5.3613869,43.2089436],[5.3613153,43.2088069],[5.3613794,43.2086928],[5.3613825,43.2087555],[5.3614521,43.2086899],[5.3614637,43.2086192],[5.3615683,43.2085668],[5.3620198,43.2082053],[5.3623881,43.2080628],[5.3624623,43.207969],[5.3625873,43.2078997],[5.3627801,43.2078708],[5.3627557,43.2078057],[5.3628664,43.2077752],[5.3630917,43.2076576],[5.3630648,43.2076066],[5.3631836,43.2074924],[5.363035,43.20742],[5.3631955,43.2074023],[5.363231,43.2074384],[5.3633219,43.2073887],[5.3634602,43.2073591],[5.3635386,43.2073704],[5.3635988,43.2073384],[5.3636796,43.2073355],[5.3637939,43.2072955],[5.3638977,43.2072845],[5.3642792,43.2073468],[5.3647351,43.2073383],[5.3649025,43.2073087],[5.3650343,43.2073533],[5.3651851,43.2073537],[5.3653619,43.2074696],[5.3655342,43.2074346],[5.3655586,43.2074998],[5.3656775,43.2074086],[5.3657368,43.2074411],[5.3658286,43.2074549],[5.3658439,43.2073975],[5.3659392,43.2073786],[5.3663072,43.2073925],[5.3664581,43.2074388],[5.3665884,43.207433],[5.3667333,43.2074573],[5.3668031,43.2074377],[5.3669397,43.207477],[5.3672144,43.2076287],[5.3673304,43.2076619],[5.3673627,43.2075974],[5.3674497,43.2076394],[5.3675523,43.207647],[5.3676382,43.2076847],[5.3676873,43.207636],[5.3679192,43.2076794],[5.3680719,43.2075968],[5.3681246,43.2075385],[5.3682188,43.2075611],[5.3683741,43.2075103],[5.3685611,43.2075053],[5.3687062,43.2073734],[5.3687937,43.2074613],[5.3687967,43.2073827],[5.3689506,43.2074838],[5.3689907,43.2075375],[5.3691018,43.2075529],[5.3691672,43.2076075],[5.3691652,43.2076904],[5.3692205,43.2076408],[5.3693137,43.2078317],[5.3694296,43.2078416],[5.3694843,43.2078793],[5.3697063,43.207864],[5.3699362,43.2077877],[5.3700005,43.2078148],[5.3700542,43.207871],[5.3702866,43.2078264],[5.3701415,43.2077464],[5.3702109,43.207658],[5.370316,43.2076743],[5.3704231,43.2080349],[5.3705251,43.2081528],[5.370707,43.2081072],[5.3707845,43.2081599],[5.3707648,43.2080894],[5.3710153,43.2082218],[5.3711837,43.2083528],[5.3712789,43.2085359],[5.3713347,43.2085781],[5.371255,43.2086361],[5.3711828,43.2086469],[5.3711289,43.2087238],[5.3711967,43.2087641],[5.3712406,43.208854],[5.3713408,43.2088758],[5.3713601,43.2089196],[5.3713643,43.2089952],[5.371429,43.2090084],[5.3714618,43.2091259],[5.3715541,43.2091782],[5.3715885,43.2092785],[5.3716667,43.2093458],[5.3716828,43.2093713],[5.3717325,43.209371],[5.3717689,43.2094272],[5.3718322,43.2094944],[5.3718711,43.2095981],[5.3719841,43.2096663],[5.372066,43.2096615],[5.3722031,43.2096224],[5.3722859,43.2095936],[5.3724085,43.2095455],[5.372543,43.2094721],[5.3726521,43.2093843],[5.3727335,43.2093202],[5.3727813,43.2092205],[5.3726639,43.2091021],[5.3725995,43.2090598],[5.3725974,43.2090015],[5.3725391,43.2089553],[5.3725736,43.2088766],[5.3725499,43.208814],[5.3726023,43.2086925],[5.372659,43.208694],[5.3726673,43.2086786],[5.3726837,43.2086482],[5.3726193,43.2086208],[5.3726161,43.2085661],[5.3727953,43.2085107],[5.3730488,43.2084946],[5.373157,43.2085101],[5.3732754,43.2085378],[5.3732618,43.2085998],[5.3733735,43.2086369],[5.3734109,43.2087276],[5.3734484,43.2087422],[5.3734774,43.2087114],[5.3734926,43.2086793],[5.3734992,43.2086298],[5.3735967,43.2086452],[5.3735882,43.208571],[5.3737422,43.2086499],[5.3737985,43.2086919],[5.3738895,43.2087239],[5.3739496,43.208779],[5.3741798,43.2089001],[5.3741902,43.2089584],[5.3742395,43.2090198],[5.3742489,43.2091612],[5.3741872,43.2091861],[5.3741246,43.2091833],[5.3741486,43.2092351],[5.3743315,43.2093154],[5.3745465,43.2094478],[5.3747913,43.2095755],[5.3748177,43.2095821],[5.3749633,43.2096586],[5.3749831,43.2096971],[5.3750877,43.2097546],[5.3752302,43.209826],[5.3752923,43.2097937],[5.375439,43.2098224],[5.3755046,43.2099143],[5.3757079,43.2099883],[5.3757518,43.2099816],[5.3759339,43.209996],[5.3761888,43.2100587],[5.3761276,43.2099991],[5.3762053,43.2099571],[5.3763329,43.2100777],[5.3765663,43.2101182],[5.3766975,43.2100318],[5.3768358,43.2099507],[5.3770935,43.2099343],[5.377285,43.2099733],[5.3775521,43.2100401],[5.3777137,43.2100458],[5.3777979,43.2100112],[5.3778853,43.2100225],[5.3778225,43.2100994],[5.3782047,43.2102444],[5.3785149,43.2102723],[5.3789037,43.2102324],[5.3792585,43.2103265],[5.3793633,43.2102804],[5.3799257,43.2106592],[5.3800496,43.2106495],[5.3800929,43.2106328],[5.3801983,43.2105921],[5.3802788,43.2100929],[5.3802676,43.2097312],[5.3804974,43.2096813],[5.3807713,43.2099069],[5.3808566,43.2097692],[5.3811495,43.2097332],[5.381652,43.2097738]]}},{"type":"Feature","properties":{},"geometry":{"type":"LineString","coordinates":[[5.3494285,43.2122648],[5.3495031,43.2121782],[5.3495605,43.2121424],[5.3495907,43.2120291],[5.3496626,43.2119867],[5.3496211,43.2118698],[5.3496822,43.2118079],[5.3498272,43.2118266],[5.3499608,43.2119142],[5.3500453,43.2119048],[5.3500399,43.2118446],[5.3502223,43.2117976],[5.3501449,43.2117779],[5.35012,43.2116687],[5.3500868,43.2116173],[5.3501095,43.2115528],[5.3502647,43.2113767],[5.3503515,43.2113871],[5.3504148,43.2113458],[5.3504801,43.2112451],[5.3506065,43.211186],[5.3509898,43.211167],[5.3510908,43.2111762],[5.3511832,43.2112361],[5.3512622,43.2113038],[5.351263,43.2112552],[5.3514311,43.2113169],[5.3514306,43.211334],[5.3515108,43.2113619],[5.3515675,43.2113461],[5.35156,43.2113782],[5.3516598,43.2114376],[5.3516338,43.2114504],[5.3516712,43.2114725],[5.3517086,43.2114601],[5.3518447,43.2115368],[5.3520075,43.2116064],[5.3520546,43.2116612],[5.3521554,43.2117099],[5.3521433,43.2117521],[5.3520001,43.2118435],[5.3519678,43.2118641],[5.3520631,43.2118722],[5.3521444,43.2118982],[5.3521904,43.2118402],[5.3522175,43.2118598],[5.352281,43.2118364],[5.352302,43.2118135],[5.3523781,43.2118293],[5.3523993,43.2118652],[5.3523912,43.2119253],[5.3523284,43.2119526],[5.3523798,43.2120057],[5.3524493,43.2121038],[5.3524873,43.2121689],[5.3524938,43.2122008],[5.3524802,43.2122329],[5.3526777,43.212331],[5.3526948,43.2123557],[5.3527042,43.2123694],[5.3531201,43.2124676],[5.3534308,43.2124909],[5.3535953,43.2124932],[5.3538266,43.212418],[5.3538723,43.2124073],[5.3539175,43.2124052],[5.35394,43.2123989],[5.353948,43.2123833],[5.3539262,43.2123462],[5.3538838,43.21229],[5.353862,43.212283],[5.3537893,43.2122782],[5.3536082,43.2123563],[5.3535295,43.2123785],[5.3534533,43.2123474],[5.3532973,43.2123208],[5.3530622,43.2122906],[5.3529465,43.212234],[5.3528678,43.2122148],[5.352849,43.2121596],[5.3528368,43.2121196],[5.3528085,43.2120922],[5.3528387,43.2120479],[5.3528068,43.2119739],[5.3529593,43.2118178],[5.3529566,43.2116585],[5.3529065,43.2115399],[5.3529298,43.2114637],[5.35301,43.2114139],[5.3530013,43.2113366],[5.3529156,43.2113067],[5.3528367,43.2112267],[5.3528556,43.2111367],[5.3528991,43.211076]]}},{"type":"Feature","properties":{},"geometry":{"type":"LineString","coordinates":[[5.3469473,43.2254367],[5.3470053,43.2253845],[5.3471598,43.2252961],[5.3474278,43.22519],[5.3474763,43.2251983],[5.347506,43.2252248],[5.3475432,43.2252191],[5.3475317,43.2252006],[5.3475448,43.2251879],[5.3475901,43.2251952],[5.3476888,43.2252315],[5.3477995,43.2252497],[5.3478446,43.2252647],[5.3478711,43.2252976],[5.3478688,43.2253049],[5.3478968,43.2253543],[5.3479131,43.2253714],[5.3479321,43.2253839],[5.3480699,43.2254091],[5.3480957,43.2254109],[5.3481247,43.2253966],[5.3481585,43.2253596],[5.3481934,43.2253184],[5.3482108,43.2252938],[5.3482253,43.2252367],[5.3482264,43.225214],[5.348223,43.2251846],[5.3481788,43.2251119],[5.3481423,43.2250921],[5.3480668,43.2250728],[5.3480156,43.2250796],[5.3479307,43.225083],[5.347903,43.2250818],[5.3478731,43.2251405],[5.3478699,43.2251555],[5.3478481,43.2251589],[5.3478255,43.2251623],[5.347622,43.2251107],[5.3474888,43.2250494],[5.3472767,43.225032],[5.3470292,43.2250404],[5.3470306,43.2250117],[5.3468717,43.2249764],[5.3468019,43.22493],[5.346748,43.2248531],[5.3466533,43.2249006],[5.3465791,43.2247984],[5.3465113,43.2247315],[5.3462639,43.2246657],[5.3462259,43.2246198],[5.3461097,43.2245692],[5.3460422,43.2244888],[5.3459853,43.2243711],[5.3460087,43.2243419],[5.3462099,43.2243201],[5.3460712,43.2242889],[5.3459234,43.2242825],[5.345913,43.2242462],[5.3459422,43.2242107],[5.3459184,43.2241856],[5.345976,43.2240676],[5.3458198,43.2240101],[5.3457259,43.2240071],[5.3456915,43.2239567],[5.3457182,43.2239245],[5.3458317,43.2238815],[5.3458829,43.2238344],[5.3459717,43.223821],[5.346093,43.2237953],[5.3463266,43.2236865],[5.3462977,43.2235912],[5.3461087,43.2236073],[5.3460324,43.2235736],[5.3460181,43.2236001],[5.3458503,43.223561],[5.3458121,43.2235935],[5.3456608,43.2235412],[5.3454551,43.2236012],[5.3453507,43.2235676],[5.345365,43.2234449],[5.3452972,43.2233632],[5.3454297,43.2229117],[5.3454719,43.2228647],[5.345541,43.2228109],[5.3455905,43.222756],[5.3454094,43.2227394],[5.3453531,43.2227038],[5.3453382,43.2226556],[5.3453044,43.2226234],[5.3453311,43.222598],[5.3453029,43.2225846],[5.3452354,43.2225617],[5.3452554,43.2225274],[5.345291,43.2225153],[5.3452808,43.2224956],[5.3453061,43.2224807],[5.3453018,43.2224545],[5.3452646,43.2224469],[5.3452309,43.2224623],[5.3452033,43.2224762],[5.3451714,43.2224818],[5.3450492,43.2224692],[5.345038,43.2224412],[5.3449993,43.222396],[5.345021,43.2223657],[5.3450846,43.222357],[5.344966,43.2222512],[5.3449655,43.2221874],[5.3450458,43.2221614],[5.3449879,43.2221246],[5.3449697,43.2220946],[5.3449769,43.2220112],[5.3449811,43.2219562],[5.3450229,43.2219278],[5.3449726,43.2219094],[5.344937,43.2218568],[5.3448371,43.2218016],[5.3448343,43.2217792],[5.3448808,43.2217601],[5.3449157,43.2217361],[5.3448608,43.2217029],[5.3448386,43.2216424],[5.3449563,43.221592],[5.3449351,43.2215413],[5.3450143,43.2215093],[5.3450836,43.2214527],[5.3451252,43.2213963],[5.3451145,43.221334],[5.3450466,43.2212616],[5.3450535,43.2211467],[5.3449506,43.2210828],[5.3449576,43.2210107],[5.3450639,43.2209585],[5.3450598,43.2208566],[5.3449997,43.2207956],[5.3449893,43.2206897],[5.3452223,43.2205929],[5.3452819,43.2205377],[5.3456437,43.2205694],[5.3457164,43.2204937],[5.3458249,43.2204769],[5.345696,43.2204231],[5.3458198,43.2203718],[5.3460157,43.2204613],[5.3461247,43.2204855],[5.3460711,43.220423],[5.3459459,43.2202418],[5.3460176,43.2201847],[5.3460759,43.2201],[5.3460337,43.2200963],[5.3459186,43.2200975],[5.3457778,43.2201667],[5.3456629,43.2201135],[5.3455635,43.2201496],[5.3454548,43.2201337],[5.3453471,43.2200863],[5.3452555,43.2199888],[5.3450393,43.2199127],[5.3450343,43.2198555],[5.344996,43.2198006],[5.3449293,43.219752],[5.3448541,43.219619],[5.3449497,43.2194355],[5.3450549,43.219387],[5.3451241,43.2193157],[5.3452121,43.2192975],[5.3450648,43.2192058],[5.3449305,43.219086],[5.3449426,43.2189421],[5.3451775,43.2186571],[5.3453481,43.2185853],[5.3453182,43.2184951],[5.3453892,43.2183955],[5.3454846,43.2184114],[5.345457,43.2182838],[5.3453748,43.218223],[5.3454716,43.21795],[5.3456101,43.2179223],[5.3456481,43.2178527],[5.3455292,43.2177759],[5.3455827,43.2176889],[5.3457264,43.2176541],[5.3457269,43.2175307],[5.3459506,43.2171907],[5.3460328,43.2171008],[5.3460455,43.217023],[5.3460336,43.2170108]]}},{"type":"Feature","properties":{},"geometry":{"type":"LineString","coordinates":[[5.3528991,43.211076],[5.3528418,43.2110424],[5.3528018,43.2109888],[5.3528303,43.2109341],[5.3527399,43.2109246],[5.3526403,43.2107927],[5.3527037,43.2107053],[5.352689,43.2106524],[5.3525781,43.2106598],[5.3524907,43.2105489],[5.3523868,43.2104911],[5.3522506,43.2104748],[5.3521732,43.210445],[5.3520955,43.2103235],[5.3521228,43.2102644],[5.3521974,43.2102396],[5.3523212,43.210166],[5.3524706,43.2101621],[5.3528566,43.210242],[5.3530977,43.2104766],[5.3532113,43.2105239],[5.3532507,43.210463],[5.3533469,43.2104256],[5.3533344,43.2103358],[5.3532763,43.2102849],[5.3532736,43.2102302],[5.3532321,43.2101492],[5.3532414,43.2100928],[5.3530639,43.2100184],[5.3532035,43.2099792],[5.3534149,43.2100852],[5.3537165,43.2101319],[5.3538174,43.2100893],[5.3538592,43.2100142],[5.3538648,43.2099446],[5.3537073,43.2097847],[5.3536417,43.2096844],[5.353645,43.2096288],[5.3537472,43.2095906],[5.3538798,43.2095938],[5.3540759,43.2095323],[5.3541651,43.2095374],[5.3541478,43.2094757],[5.3542199,43.2094191],[5.3543657,43.2094248],[5.3544931,43.2093645],[5.3545641,43.2093493],[5.3545274,43.2092401],[5.3545996,43.2092293],[5.3546913,43.2092432],[5.3547471,43.2093082],[5.3548817,43.2092514],[5.3549379,43.2091604],[5.3550594,43.2091239],[5.355139,43.2091167],[5.3552739,43.2091286],[5.3553528,43.2090067],[5.3553007,43.2089549],[5.3552881,43.208865],[5.3555084,43.2088229],[5.355658,43.2088418],[5.3557535,43.2088918],[5.3559932,43.2088743],[5.3560718,43.2089314],[5.3562323,43.2089671],[5.3563475,43.2088856],[5.3567599,43.2087231],[5.3567753,43.2086657],[5.3570515,43.2087116],[5.3571526,43.208692],[5.3569337,43.2085365],[5.3570272,43.2084676],[5.3570571,43.2084172],[5.3572958,43.2084412],[5.3572938,43.2085011],[5.3574583,43.2086188],[5.3576499,43.2086085],[5.3576941,43.2085423],[5.3578435,43.2086516],[5.3579901,43.2086796],[5.3581366,43.208676]]}},{"type":"Feature","properties":{},"geometry":{"type":"LineString","coordinates":[[5.4809563,43.2047838],[5.4809306,43.2047457],[5.4809035,43.2047531],[5.4809047,43.2047002],[5.4809269,43.2046719],[5.4809453,43.2045821],[5.4809195,43.2045833],[5.4809133,43.2045181],[5.480981,43.2044185],[5.4810363,43.2042906],[5.4810376,43.2042438],[5.4810782,43.2042229],[5.4811249,43.2042586],[5.4811348,43.2042807],[5.4811077,43.2043668],[5.4811069,43.2044353],[5.4810313,43.2046518],[5.4810051,43.2046637],[5.4809563,43.2047838]]}},{"type":"Feature","properties":{},"geometry":{"type":"LineString","coordinates":[[5.3967474,43.2121013],[5.3968696,43.2121398],[5.3969918,43.2121489],[5.3970543,43.2121686],[5.3970476,43.212121],[5.3971179,43.2120869],[5.3972159,43.2121282],[5.3973024,43.2121296],[5.3974014,43.2122653],[5.3974168,43.2123155],[5.3974333,43.2123942],[5.3973596,43.2123936],[5.3972141,43.2123386],[5.3971897,43.2123614],[5.3970344,43.2123074],[5.3968259,43.2122216],[5.3967921,43.2121891],[5.396767,43.2121818],[5.3967282,43.2121189],[5.3967474,43.2121013]]}},{"type":"Feature","properties":{},"geometry":{"type":"LineString","coordinates":[[5.3629225,43.2071532],[5.3628751,43.2071524],[5.3628345,43.2071731],[5.362859,43.2071068],[5.3629281,43.2070675],[5.3629956,43.2070714],[5.3629902,43.2071126],[5.3629451,43.2071263],[5.3629225,43.2071532]]}},{"type":"Feature","properties":{},"geometry":{"type":"LineString","coordinates":[[5.3265369,43.3428808],[5.3265643,43.342866],[5.3275715,43.3423916],[5.3281118,43.3421085],[5.3286558,43.3417521],[5.3307191,43.3400963],[5.3326796,43.3385249],[5.3326345,43.338495],[5.3327721,43.3383867],[5.332753,43.3383664],[5.3327824,43.3383407],[5.3330472,43.3380565],[5.3335948,43.3376528],[5.3351773,43.3368639]]}},{"type":"Feature","properties":{},"geometry":{"type":"LineString","coordinates":[[5.3206269,43.3490919],[5.3207094,43.3491588],[5.3209106,43.3493525],[5.3210011,43.3494354],[5.3210588,43.3494949],[5.3210991,43.349552]]}},{"type":"Feature","properties":{},"geometry":{"type":"LineString","coordinates":[[5.2966563,43.3570777],[5.2965831,43.3571382],[5.2964597,43.357176],[5.2963425,43.3572005],[5.2962646,43.3571928],[5.2961522,43.3572175],[5.2960905,43.3572035],[5.2959739,43.3572131],[5.2958562,43.3571951],[5.2957,43.3572051],[5.2955836,43.3571939],[5.295451,43.3572034],[5.2953908,43.3571805],[5.2953124,43.3571724],[5.2951921,43.3572145],[5.2951004,43.3572017],[5.2949791,43.3572207],[5.2944052,43.35723],[5.2943158,43.357212],[5.2941675,43.3572309],[5.2940616,43.3572193],[5.2939059,43.3572394],[5.2938292,43.3572137],[5.2937495,43.357242],[5.2936901,43.3572384],[5.2936165,43.3572571],[5.2934523,43.3572529],[5.2933021,43.3572762],[5.2932169,43.3572744],[5.2930848,43.3572627],[5.2927047,43.3572777],[5.2926599,43.3572642],[5.2925469,43.357266],[5.2924531,43.357286],[5.2923919,43.357277],[5.2923569,43.3572994],[5.2922587,43.357268],[5.2918416,43.3572747],[5.2916378,43.3572699],[5.291468,43.3572751],[5.2913448,43.3572838],[5.2912616,43.3572689],[5.2911657,43.3572723],[5.2911175,43.3572824],[5.2911006,43.3572992],[5.2910314,43.3573137],[5.2909268,43.3573271],[5.2908868,43.357345],[5.2908414,43.3573944],[5.2908071,43.3574565],[5.2908093,43.3575269],[5.2908483,43.357644],[5.2909191,43.3577374],[5.2910447,43.3579228],[5.2911662,43.3580626],[5.2912536,43.3581346],[5.2914249,43.3581633],[5.2916061,43.3582363],[5.2917401,43.3583122],[5.2925142,43.3585814],[5.2925447,43.3585732],[5.2926008,43.3585786],[5.2926508,43.3586085],[5.2926748,43.3585988],[5.2925654,43.358474],[5.2926718,43.3584242],[5.2928116,43.3585901],[5.2929721,43.3585215],[5.2931106,43.3584505],[5.2930826,43.3584164],[5.2931589,43.3583817],[5.2928351,43.3579702],[5.2926678,43.3580277],[5.292637,43.3580175],[5.2926271,43.3579909],[5.2926393,43.3579751],[5.2928106,43.3579041],[5.2928974,43.3578687],[5.2929929,43.3578801],[5.2931468,43.357873],[5.2932626,43.3578711],[5.2932968,43.3578758],[5.2933257,43.3578883],[5.2933431,43.3579191],[5.2933344,43.3579546],[5.2933196,43.3579686],[5.2932857,43.3579771],[5.2932266,43.3579632],[5.2931895,43.3580844],[5.293369,43.3582864],[5.2934793,43.3582062],[5.2935207,43.3582248],[5.2933966,43.3583093],[5.2935423,43.3584654],[5.2946453,43.3585399],[5.2947222,43.3585242],[5.2947379,43.3584955],[5.2947399,43.3584712],[5.2947655,43.3584397],[5.2948069,43.3584196],[5.294862,43.3584196],[5.2948916,43.358391],[5.2949467,43.3583408],[5.2950511,43.3582778],[5.2950984,43.3582521],[5.2951594,43.3582034],[5.2952185,43.3581661],[5.2952658,43.3581275],[5.295315,43.3580917],[5.2953741,43.3580645],[5.2954647,43.3580401],[5.2955396,43.3580143],[5.2955691,43.3579957],[5.295577,43.3579685],[5.29564,43.3579442],[5.2956991,43.3579356],[5.2957326,43.3579599],[5.2957897,43.3579671],[5.2958449,43.357957],[5.2958961,43.3579542],[5.2959375,43.3579656],[5.2959926,43.3579699],[5.2960365,43.3579367],[5.2967282,43.3580763]]}},{"type":"Feature","properties":{},"geometry":{"type":"LineString","coordinates":[[5.3163674,43.3588087],[5.3159247,43.3582592],[5.3172044,43.3577087],[5.3172251,43.3577373],[5.3169385,43.3578591],[5.3166374,43.3579871],[5.3163103,43.3581261],[5.3159881,43.3582631],[5.3164142,43.3587923],[5.3163906,43.3588005],[5.3163674,43.3588087]]}},{"type":"Feature","properties":{},"geometry":{"type":"LineString","coordinates":[[5.3132051,43.3575059],[5.3131808,43.3575181],[5.313095,43.3575602],[5.3130396,43.3575639],[5.3129765,43.3576079],[5.3125151,43.3578114],[5.3124268,43.3578591],[5.3123638,43.3579031],[5.3123411,43.3579636],[5.3123007,43.3584769],[5.312278,43.3585814],[5.3121318,43.358675],[5.3118847,43.358796],[5.3113551,43.3590086],[5.3105573,43.359376],[5.3099782,43.3596052],[5.3093241,43.35982],[5.308875,43.3599289],[5.3083588,43.3600406],[5.3078112,43.3601494],[5.3070389,43.3602554],[5.3066686,43.3603013],[5.306243,43.360327],[5.305723,43.3603041],[5.3051775,43.3602872],[5.3048194,43.3602597],[5.304479,43.3602157],[5.3041663,43.3601808],[5.3035334,43.3601002],[5.3030896,43.3600378],[5.3027315,43.3599792],[5.3024844,43.3599425],[5.3023357,43.359926],[5.302197,43.3599278],[5.3020305,43.3599278],[5.3019423,43.3599095],[5.3018969,43.3598875],[5.3019019,43.3598435],[5.3019095,43.3598013],[5.3019196,43.3597408],[5.3019473,43.3596657],[5.3019751,43.3596455],[5.3020028,43.3596565],[5.3020129,43.3596913],[5.3020331,43.359739],[5.3020936,43.3597647],[5.3022449,43.3598013],[5.3023735,43.3598307],[5.3025399,43.3598545],[5.3026584,43.3598783],[5.3029585,43.3598948],[5.3032685,43.3599097],[5.3036471,43.3599644]]}},{"type":"Feature","properties":{},"geometry":{"type":"LineString","coordinates":[[5.3125024,43.3605282],[5.3124985,43.3603743],[5.3123965,43.3602851],[5.3119535,43.360158],[5.3118738,43.3601994],[5.3116919,43.3602982],[5.3114892,43.3604127],[5.3114383,43.3604404],[5.3113715,43.3604799],[5.3111872,43.3605126],[5.3109454,43.3605601],[5.3108873,43.3605817],[5.3108486,43.3606737],[5.310816,43.360676],[5.3107879,43.3606625],[5.3107982,43.3605658],[5.3108305,43.3605339],[5.3109312,43.3605104],[5.3110164,43.3604879],[5.3111687,43.3604635],[5.311356,43.3604287],[5.3125153,43.3597858],[5.3125034,43.3597645],[5.3126023,43.3597306],[5.3126208,43.3597232],[5.3126491,43.35977],[5.3126757,43.3597649],[5.3126822,43.3597934],[5.3126896,43.3597933],[5.3132525,43.3597191],[5.3136747,43.3596637],[5.3137251,43.3596515],[5.313756,43.3596271],[5.3137973,43.3596008],[5.3138477,43.3595849],[5.3139174,43.3595774],[5.3139536,43.3595971],[5.3139523,43.3596327],[5.3139071,43.3596609],[5.3138617,43.3596771],[5.3138438,43.3596834],[5.3137689,43.3597022],[5.3134873,43.3597376],[5.3131642,43.3597783],[5.3128721,43.359815],[5.3126418,43.3598439],[5.3126302,43.3604653],[5.312647,43.3604663],[5.312647,43.3605254],[5.3125024,43.3605282]]}},{"type":"Feature","properties":{},"geometry":{"type":"LineString","coordinates":[[5.3167143,43.3573245],[5.3168071,43.3572819],[5.3174042,43.3570253],[5.3175152,43.3569754],[5.3175676,43.3569768],[5.31761,43.3569974],[5.3180074,43.3568404],[5.3180235,43.3568654],[5.3175636,43.3570517],[5.3167607,43.3573714],[5.3167143,43.3573245]]}},{"type":"Feature","properties":{},"geometry":{"type":"LineString","coordinates":[[5.310648,43.3603925],[5.3106222,43.3599954],[5.3106271,43.3599637],[5.3106545,43.3599308],[5.3107336,43.3598933],[5.3125023,43.359296],[5.3128751,43.3591705],[5.3134004,43.3590002],[5.3134349,43.3590072],[5.3134493,43.3590219],[5.3134567,43.3590408],[5.313444,43.3590604],[5.3134175,43.3590673],[5.3134054,43.3590603],[5.3133901,43.3590566],[5.3132809,43.3590927],[5.312943,43.3592039],[5.3126436,43.3593002],[5.3123864,43.3593813],[5.3121433,43.3594633],[5.311858,43.3595607],[5.3114942,43.3596846],[5.3110763,43.359823],[5.3107158,43.3599437],[5.3106771,43.3599695],[5.3106804,43.3603945],[5.3106709,43.3604003],[5.3106598,43.3603996],[5.310648,43.3603925]]}},{"type":"Feature","properties":{},"geometry":{"type":"LineString","coordinates":[[5.3501699,43.2891317],[5.3503738,43.2892488],[5.3456426,43.2915409],[5.3455461,43.2914316],[5.3471983,43.2906741],[5.3471339,43.2905452],[5.3501699,43.2891317]]}},{"type":"Feature","properties":{},"geometry":{"type":"LineString","coordinates":[[4.8540231,43.3895037],[4.8540699,43.3895305],[4.8540881,43.3895591],[4.8541054,43.3896082],[4.8540591,43.3896462],[4.8539942,43.3896658],[4.8537419,43.3896457],[4.8536019,43.389614],[4.8536005,43.3895843],[4.8518465,43.3894517],[4.851808,43.3895368],[4.8517595,43.3895348],[4.8516472,43.3901975],[4.8519362,43.3902272],[4.8523021,43.3902697],[4.8526863,43.3903293],[4.852968,43.3903728],[4.8532445,43.3904102],[4.8532879,43.3904084],[4.853332,43.3903917],[4.8536098,43.3901779],[4.8538849,43.3899594],[4.8538936,43.3899242],[4.8538667,43.3898932],[4.8539042,43.3898423],[4.8540006,43.3898423],[4.8540992,43.3898496],[4.8542533,43.3897618],[4.8542554,43.3897641],[4.8542936,43.3898059],[4.8541063,43.3899092],[4.8540822,43.389941],[4.8541347,43.3900218],[4.8542487,43.3902176],[4.8543679,43.3903858],[4.854475,43.3904963],[4.8545561,43.3905678],[4.8546822,43.3905916],[4.8553032,43.3906472],[4.8557402,43.3906839],[4.8558249,43.3906952],[4.8558636,43.3907022],[4.8558967,43.3907181],[4.8559055,43.3907673],[4.8558845,43.3908047],[4.8558292,43.3908269],[4.85577,43.3908256],[4.8555963,43.390802],[4.8551935,43.3907673],[4.854976,43.3907344],[4.8544183,43.3906758],[4.854135,43.3906238],[4.8539381,43.3905675],[4.8538844,43.3905631],[4.853783,43.390587],[4.8536607,43.3906672],[4.8534281,43.3909316],[4.8531209,43.3913867],[4.8529826,43.3916354],[4.8528872,43.391935],[4.85288,43.3921816],[4.852911,43.3922873],[4.85288,43.3923549],[4.8526891,43.3925457],[4.8526223,43.3926532],[4.8524219,43.393156],[4.8523909,43.3932635],[4.8523264,43.3936189],[4.8523264,43.3937941],[4.852305,43.3939137],[4.8523121,43.3939657],[4.8523567,43.3940126],[4.8523765,43.3940581],[4.8524712,43.3941058],[4.852659,43.3942367],[4.8532256,43.3945796],[4.8533569,43.3946484],[4.8533874,43.3946806],[4.8533874,43.3947072],[4.8533752,43.3947283],[4.8533178,43.3947363],[4.8531674,43.3946773],[4.8524057,43.3942192],[4.8523222,43.3941845],[4.8522566,43.3941823],[4.8521641,43.3941953],[4.8520388,43.3941845],[4.8519285,43.394126],[4.851836,43.3940371],[4.8511649,43.3934844],[4.8508339,43.393194],[4.8502062,43.3927052],[4.8499256,43.3924569],[4.8495553,43.392167],[4.8492842,43.3919381],[4.8492174,43.3919048],[4.8491449,43.3918965],[4.8490284,43.3919547],[4.8489674,43.3919977],[4.8489139,43.3920629],[4.8488528,43.3920782],[4.8488051,43.3920643],[4.8487116,43.3920061],[4.8485302,43.3918493],[4.8483432,43.3919589],[4.8480702,43.3917189],[4.8456116,43.3933072],[4.8455925,43.3932919],[4.8455429,43.3933224],[4.8455025,43.3932944],[4.8454041,43.3933421],[4.8451237,43.3934895],[4.8446704,43.3937127],[4.8444169,43.3938687],[4.8442648,43.3939728],[4.8440053,43.394274],[4.8439009,43.3944409],[4.8438084,43.3945038],[4.8435868,43.3947055],[4.8431543,43.3948962],[4.8428948,43.3950349],[4.8428024,43.3951042],[4.8427218,43.3951844],[4.8424802,43.3953881],[4.8424027,43.3954922],[4.8422327,43.3957761],[4.8421671,43.3958519],[4.8421193,43.3958888],[4.8418092,43.3959191],[4.84149,43.3958541],[4.8414065,43.3958107],[4.8412335,43.3955052],[4.8412604,43.395477],[4.841314,43.3954748],[4.8413021,43.3954315],[4.8412604,43.3953578],[4.8411971,43.3951253],[4.8412029,43.3950576],[4.8413136,43.3948628],[4.8413252,43.3947824],[4.841232,43.3947062],[4.8410806,43.3946258],[4.8408941,43.3945877],[4.8382727,43.3945115],[4.8382371,43.3945744],[4.8382184,43.3947185],[4.8381327,43.39477],[4.8380767,43.3948432],[4.8380096,43.3949732],[4.8378493,43.3951005],[4.8378046,43.3951493],[4.8376219,43.3953958],[4.8374504,43.3955882],[4.8374541,43.3956586],[4.8373647,43.3957805],[4.8373423,43.3958509],[4.8374094,43.3959051],[4.8374616,43.3959972],[4.8374168,43.3960649],[4.8373833,43.3961679],[4.8374467,43.3962465],[4.8374616,43.3963467],[4.8372528,43.3964171],[4.8372155,43.3965174],[4.8372342,43.3966013],[4.8371671,43.3966528],[4.8371521,43.396688],[4.8371745,43.3968181],[4.8369471,43.3968912],[4.8369508,43.3969454],[4.837085,43.3971242],[4.8371932,43.3971783],[4.837264,43.3972813],[4.8372603,43.3973869],[4.8371894,43.3974845],[4.8370813,43.3975278],[4.8369135,43.3975522],[4.8367868,43.3975441],[4.8366563,43.3975224],[4.83644,43.3974438],[4.8362462,43.3974249],[4.8361157,43.3973978],[4.8360076,43.3973355],[4.8359554,43.3973409],[4.8359405,43.3974194],[4.8358734,43.3974709],[4.835713,43.3975007],[4.8356347,43.3974601],[4.8355751,43.397498],[4.8355229,43.3976551],[4.8353961,43.3977635],[4.8353651,43.3978666],[4.8355179,43.3981673],[4.8355962,43.3982513],[4.8356783,43.398319],[4.8357267,43.3983759],[4.8356447,43.3984761],[4.8356335,43.3985818],[4.835682,43.3986928],[4.8357789,43.3987687],[4.8357938,43.3989258],[4.8357528,43.3989637],[4.8356484,43.3990044],[4.8356037,43.399064],[4.8357864,43.399045],[4.8358181,43.399051],[4.835902,43.3990667],[4.8359331,43.3990953],[4.8359579,43.3991181],[4.8359802,43.3991534],[4.8359281,43.3991886],[4.8358969,43.3992025],[4.8358311,43.3992319],[4.8359094,43.3992482],[4.8360026,43.3992238],[4.8362711,43.3992211],[4.836327,43.3993023],[4.8363927,43.3993501],[4.8364239,43.3993728],[4.8365432,43.3993457],[4.8366923,43.3993294],[4.8368676,43.3993836],[4.8370204,43.3995136],[4.8370838,43.3996301],[4.8372143,43.3996328],[4.8373634,43.3997006],[4.8375387,43.3998035],[4.8377325,43.3998495],[4.8378891,43.3999064],[4.8379823,43.399985],[4.8379525,43.4002125],[4.837986,43.4002884],[4.8380643,43.4003534],[4.8381053,43.4004319],[4.8381799,43.400524],[4.8382768,43.400524],[4.8383514,43.4006053],[4.8383999,43.4007055],[4.8384036,43.4007976],[4.8383067,43.4008951],[4.8382625,43.4009693],[4.838247,43.4009954],[4.8382508,43.4010739],[4.8383328,43.4011498],[4.8384744,43.4012067],[4.8385229,43.4013231],[4.8386049,43.4014179],[4.8386497,43.4014992],[4.8387802,43.4015371],[4.8389666,43.4015588],[4.8390523,43.4015859],[4.8392611,43.4015696],[4.8393841,43.4016319],[4.8394811,43.401613],[4.8395966,43.4016563],[4.8396675,43.4017457],[4.8397197,43.4018378],[4.8397532,43.4019218],[4.8399247,43.4021412],[4.8400589,43.4022604],[4.8400991,43.4024618],[4.8402006,43.4024852],[4.8403274,43.4025231],[4.8403721,43.4026098],[4.8404765,43.4026613],[4.8404579,43.4027534],[4.8403647,43.4028265],[4.840346,43.4029159],[4.8404131,43.4029917],[4.8405213,43.4030486],[4.8406592,43.4030486],[4.8408531,43.4030378],[4.8410395,43.4031217],[4.8410991,43.4031976],[4.8411215,43.4032491],[4.8410805,43.4032924],[4.8411551,43.403333],[4.8411576,43.403348],[4.8411781,43.4034702]]}},{"type":"Feature","properties":{},"geometry":{"type":"LineString","coordinates":[[4.8411781,43.4034702],[4.8412072,43.4037258],[4.8413541,43.4039417],[4.8413638,43.403956],[4.8414981,43.4039885],[4.8415875,43.4039641],[4.8416654,43.4039338],[4.8416919,43.4039235],[4.8417814,43.4038639],[4.8420051,43.4037583],[4.8421058,43.4036581],[4.8423502,43.4035388],[4.8423667,43.4035308],[4.8426016,43.4033574],[4.8428924,43.4031705],[4.8430154,43.4030351],[4.8431311,43.4029692],[4.8431534,43.4029565],[4.843213,43.4029376],[4.8433137,43.4029294],[4.8434144,43.402943],[4.8435001,43.4029321],[4.8438075,43.4028343],[4.8438319,43.4028265],[4.8500227,43.3988414],[4.8497096,43.3985917],[4.8496886,43.3984905],[4.8497306,43.3984031],[4.8498232,43.3983124],[4.8499276,43.3981693],[4.8499962,43.398113],[4.850205,43.3980025],[4.8502736,43.3979743],[4.8503959,43.39797],[4.8506464,43.3979873],[4.8517857,43.3981347],[4.8523614,43.3982452],[4.8526119,43.3982517],[4.8528028,43.3982972],[4.8530384,43.3983925],[4.8534602,43.3985122],[4.8535318,43.3985243],[4.8536129,43.3985243],[4.8536845,43.398533],[4.8537727,43.3985607],[4.853904,43.3986214],[4.8539756,43.3986422],[4.8543645,43.3987098],[4.8544385,43.3987584],[4.8545005,43.3988208],[4.8546246,43.3989941],[4.8546508,43.3990566],[4.8546842,43.3990999],[4.8547415,43.3991415],[4.854887,43.3992091],[4.854992,43.3992265],[4.8550803,43.3992317],[4.8551185,43.3992091],[4.8551304,43.3991692],[4.8551948,43.3991311],[4.8552187,43.399093],[4.8552354,43.3990323],[4.8552998,43.398982],[4.8553762,43.3989473],[4.8554478,43.3989369],[4.8555456,43.3989525],[4.8556434,43.3989751],[4.8557126,43.3990011],[4.8558343,43.3990028],[4.8559345,43.3989733],[4.8559775,43.3989352],[4.8560109,43.398826],[4.8560347,43.398793],[4.8560872,43.3987636],[4.8561469,43.3987497],[4.8561875,43.398767],[4.8563163,43.3988658],[4.8563163,43.3988988],[4.8562447,43.3989803],[4.8561779,43.3990375],[4.8560586,43.3991155],[4.8560013,43.3991675],[4.8559656,43.3992143],[4.8558486,43.3993045],[4.8557198,43.3994189],[4.8557484,43.3994553],[4.8557603,43.3994952],[4.855758,43.399535],[4.8556864,43.3995611],[4.8554406,43.3997136],[4.8562185,43.4003655],[4.8562877,43.4003776],[4.8563974,43.4004504],[4.8564452,43.400492],[4.8565048,43.4005042],[4.8565835,43.4004816],[4.8567076,43.4004158],[4.8568579,43.4003221],[4.8569844,43.4003187],[4.8571896,43.4001886],[4.8573304,43.4001158],[4.8573996,43.4001072],[4.857464,43.400121],[4.8575046,43.400154],[4.8575189,43.400199],[4.8575093,43.4002372],[4.8574783,43.4002736],[4.8574354,43.4002996],[4.8572922,43.4003291],[4.8572397,43.4003707],[4.8572612,43.400518],[4.8573113,43.4005839],[4.8574473,43.4006654],[4.8575356,43.400707],[4.8576525,43.4007347],[4.8579317,43.4007642],[4.8580677,43.4007989],[4.858334,43.4009278],[4.8584198,43.4009549],[4.8585093,43.4009983],[4.8585764,43.4010606],[4.8586584,43.4011147],[4.8587665,43.4012448],[4.8589067,43.401361],[4.8589687,43.4013836],[4.8590546,43.4013749],[4.8592217,43.4014702],[4.8593362,43.4014217],[4.8594436,43.4014234],[4.8595247,43.401413],[4.859613,43.4013801],[4.8596989,43.4013732],[4.8597561,43.4014477],[4.8598086,43.4013992],[4.8598492,43.4013205],[4.859895,43.4012733],[4.8599523,43.4012358],[4.8600725,43.4011845],[4.8601107,43.4011596],[4.8601374,43.4011263],[4.8601797,43.4011142],[4.8601936,43.4011515],[4.8601564,43.401226],[4.8599839,43.4013783],[4.8599327,43.4014393],[4.8599466,43.4014844],[4.8598347,43.4015765],[4.8595365,43.4017526],[4.8592718,43.4018907],[4.858981,43.4020289],[4.858679,43.402232],[4.8583024,43.4024596],[4.8581533,43.4025815],[4.8580265,43.4026465],[4.8578327,43.4027169],[4.8572399,43.4031341],[4.8571318,43.4032587],[4.8570199,43.4033264],[4.8567254,43.4036243],[4.8566844,43.4036948],[4.8566135,43.4037814],[4.8565502,43.4039223],[4.8500742,43.4080664],[4.8455414,43.4109438],[4.831496,43.4199675],[4.8310698,43.4196077],[4.8311382,43.4195646],[4.8310357,43.4194925],[4.8291811,43.4207002],[4.8291066,43.4207381],[4.8288964,43.4208814],[4.8288664,43.4210834],[4.8288347,43.4212562],[4.8288418,43.4213149],[4.8286442,43.4214719],[4.8285548,43.4215315],[4.8284467,43.4215532],[4.8282416,43.4215315],[4.8281335,43.421564],[4.8280664,43.4216317],[4.8280216,43.4217157],[4.8279583,43.42187],[4.8279061,43.4219485],[4.827742,43.4221056],[4.8276153,43.4222491],[4.827522,43.4223006],[4.8266161,43.4229044],[4.8265229,43.4229775],[4.8264632,43.4229965],[4.8263626,43.4229721],[4.8263066,43.4229179],[4.826288,43.4228123],[4.8262619,43.4227636],[4.8261724,43.4227446],[4.826068,43.4227663],[4.8259562,43.4228205],[4.8258704,43.4228882],[4.8257847,43.4229721],[4.8256653,43.4231488],[4.8256354,43.4232815],[4.8256354,43.4234088],[4.8256243,43.4234846],[4.8255795,43.4235306],[4.8252924,43.4237229],[4.825188,43.4237689],[4.8250203,43.4237581],[4.8248972,43.4238068],[4.8248376,43.4238718],[4.8247071,43.4240776],[4.8245878,43.4241155],[4.8244834,43.4241317],[4.8243529,43.4241453],[4.8242597,43.4241155],[4.8241665,43.424148],[4.8240472,43.4242617],[4.8240323,43.4243105],[4.8240435,43.4243727],[4.8239503,43.4243782],[4.8239093,43.4244025],[4.8239503,43.4245839],[4.8241404,43.4250036],[4.8243119,43.4252555],[4.8244126,43.425334],[4.8245207,43.4253502],[4.8245841,43.4254017],[4.8247369,43.4255398],[4.8248711,43.4256914],[4.8254565,43.4262438],[4.8255422,43.4262492],[4.8256168,43.4262681],[4.8256876,43.4263304],[4.8262767,43.4267853],[4.8264258,43.4268855],[4.826862,43.4271292],[4.8272176,43.4273451],[4.8273891,43.4274046],[4.8275419,43.4274804],[4.8277246,43.4276402],[4.8280601,43.4278541],[4.8281533,43.4278731],[4.8282167,43.4278487],[4.8282689,43.4278081],[4.8283398,43.4278487],[4.8283882,43.4279191],[4.8284106,43.4280084],[4.8283994,43.4281871],[4.8284069,43.4283875],[4.8283392,43.428553],[4.8283125,43.4286625],[4.8283144,43.4288552],[4.8283277,43.4290118],[4.8282838,43.429235],[4.8282934,43.4293833],[4.8282399,43.4297174],[4.8282514,43.4297493],[4.828325,43.4298618],[4.8296018,43.429927],[4.8296974,43.4288014],[4.8300358,43.4288175],[4.8300323,43.4287165],[4.829998,43.4287027],[4.8299961,43.4286694],[4.829998,43.4285793],[4.8300247,43.4284466],[4.8299961,43.4284382],[4.8300247,43.4282844],[4.830019,43.4281929],[4.8300381,43.428118],[4.8300261,43.4279736],[4.8301354,43.4278879],[4.8302099,43.4277423],[4.8302709,43.4276966],[4.8304523,43.4276245],[4.830752,43.427472],[4.8309816,43.4273217],[4.8311458,43.4272815],[4.8312393,43.4272329],[4.8313236,43.4271637],[4.8314092,43.4270888],[4.8314684,43.4270708],[4.8316383,43.4269862],[4.831833,43.4268614],[4.8319437,43.4267644],[4.8320162,43.4267159],[4.8320811,43.4266812],[4.8321632,43.4266549],[4.8322854,43.4265661],[4.8325125,43.4264192],[4.8325984,43.4263277],[4.8326538,43.4262861],[4.8329072,43.4261269],[4.832658,43.4259184],[4.8325688,43.4259645],[4.8325248,43.4259636],[4.8324467,43.4259202],[4.8322781,43.426032],[4.8322732,43.4260852],[4.8322414,43.426102],[4.8321889,43.4261127],[4.8321522,43.426102],[4.8321302,43.4260843],[4.8321168,43.4260541],[4.8321302,43.4260284],[4.8321913,43.4259973],[4.8322304,43.4259965],[4.8322658,43.4260124],[4.8324271,43.4259113],[4.8324296,43.4258758],[4.8324039,43.4258527],[4.8326995,43.4256487],[4.8327325,43.4256362],[4.8327667,43.4256407],[4.8328034,43.4256593],[4.8329744,43.4255546],[4.8329519,43.4255175],[4.8329538,43.4254883],[4.8329843,43.425462],[4.8330302,43.4254495],[4.8330741,43.4254523],[4.8331027,43.4254759],[4.8331141,43.4255064],[4.8331065,43.4255355],[4.8330721,43.4255563],[4.8329996,43.425559],[4.8328335,43.4256727],[4.8328755,43.4257032],[4.8328908,43.4257379],[4.8328851,43.4257712],[4.8328011,43.4258335],[4.8330473,43.4260401],[4.8332459,43.425925],[4.8333566,43.4258848],[4.833431,43.4258474],[4.8334878,43.4258047],[4.8335486,43.4258061],[4.8336045,43.4257627],[4.8338468,43.4256219],[4.8341712,43.4253945],[4.8342718,43.4253674],[4.8346521,43.42514],[4.8348348,43.4250154],[4.8349243,43.4249721],[4.8350846,43.4248746],[4.8353754,43.4246796],[4.835793,43.4242572],[4.8359048,43.4241706],[4.836259,43.4240027],[4.8369189,43.4236047],[4.837027,43.4235288],[4.8371911,43.4233718],[4.837508,43.4231768],[4.8378174,43.4230225],[4.8379052,43.4229406],[4.8379102,43.4229372],[4.8379777,43.4228921],[4.8382259,43.4227576],[4.8384187,43.4226397],[4.8384092,43.422612],[4.8384874,43.4225579],[4.8385466,43.4225302],[4.8386,43.4225274],[4.8389093,43.4223098],[4.8389207,43.422282],[4.8390715,43.4221892],[4.8391269,43.4221794],[4.8392186,43.422114],[4.8392503,43.4220483],[4.8392931,43.4220084],[4.8389474,43.4217271],[4.8388741,43.4217368],[4.8388386,43.4217297],[4.8388044,43.4217111],[4.8387495,43.4217519],[4.838758,43.4217759],[4.8387544,43.4218043],[4.8387263,43.4218247],[4.8386688,43.4218291],[4.8386322,43.4218149],[4.838609,43.4217874],[4.8386126,43.421751],[4.8386371,43.4217324],[4.8386847,43.4217226],[4.838736,43.4217315],[4.838791,43.4216872],[4.8387849,43.421657],[4.838802,43.4216295],[4.8391037,43.4214405],[4.8391538,43.4214298],[4.83921,43.4214325],[4.8392699,43.4213872],[4.8392699,43.4213402],[4.8392846,43.4213234],[4.8393175,43.4213092],[4.8393847,43.4213136],[4.8394092,43.4213331],[4.839425,43.4213668],[4.8394165,43.4213872],[4.8393896,43.4214094],[4.8393615,43.4214183],[4.8393273,43.4214174],[4.8392894,43.4214059],[4.839239,43.4214433],[4.8392742,43.4214735],[4.8392608,43.4215373],[4.8390771,43.4216464],[4.8394278,43.4219289],[4.839466,43.4219116],[4.8395519,43.4219116],[4.8397213,43.4217955],[4.8397571,43.421747],[4.8399098,43.4216464],[4.84001,43.421617],[4.8400339,43.4215788],[4.8401604,43.4214939],[4.8402129,43.4214818],[4.8405207,43.4212929],[4.8405332,43.4212577],[4.8406227,43.4211981],[4.8406935,43.4211548],[4.8407755,43.421125],[4.8408613,43.4210708],[4.8409731,43.420995],[4.8411111,43.4208813],[4.8413497,43.4207486],[4.8429416,43.4197223],[4.8431318,43.4195923],[4.8433182,43.4194813],[4.8434822,43.4193676],[4.8435978,43.4193026],[4.8438066,43.4192132],[4.8441645,43.4190236],[4.8442726,43.4189532],[4.8444068,43.4189072],[4.8446231,43.4187637],[4.8450667,43.4184956],[4.8451972,43.4183981],[4.8455104,43.4181869],[4.8455924,43.4181083],[4.8457038,43.4180496],[4.8467768,43.4180841],[4.8478588,43.4179532],[4.8488105,43.4177074],[4.8497734,43.4173216],[4.8505384,43.4169008],[4.8512271,43.4163946],[4.8517271,43.4158974],[4.8520425,43.415443],[4.8523032,43.414963],[4.8525017,43.4144728],[4.8526391,43.4139974],[4.8526954,43.4135999],[4.8530956,43.4133509],[4.8532141,43.4133895],[4.8533246,43.4132893],[4.8534303,43.4131315],[4.8537221,43.4129374],[4.8541147,43.4126549],[4.8541982,43.4125942],[4.8542788,43.4125184],[4.8546068,43.4123039],[4.8546963,43.4122649],[4.8547888,43.4122064],[4.854917,43.4121024],[4.8550125,43.4120439],[4.8551855,43.4119594],[4.8553793,43.4118424],[4.8556895,43.4116322],[4.8559848,43.4114719],[4.8565068,43.4111231],[4.856635,43.4110126],[4.8567633,43.4109476],[4.8572614,43.4106356],[4.857488,43.4104622],[4.857673,43.4103539],[4.8577684,43.4103149],[4.8578609,43.4102607],[4.8580458,43.4101069],[4.8581233,43.4100657],[4.8585737,43.4097451],[4.8586393,43.4097082],[4.8587556,43.4096779],[4.858866,43.4096259],[4.8590509,43.4095045],[4.8591255,43.4094114],[4.8597459,43.4090539],[4.8598741,43.4089585],[4.8608226,43.4083952],[4.861261,43.408107],[4.8613982,43.4079878],[4.8617412,43.407782],[4.8618128,43.4077191],[4.8618605,43.4076195],[4.8620693,43.4075219],[4.862299,43.4073984],[4.8628239,43.4070539],[4.8630536,43.4068871],[4.8632951,43.4067787],[4.8634681,43.4066596],[4.8636411,43.4065729],[4.8637008,43.406523],[4.8637574,43.4064429],[4.8638201,43.4063757],[4.8638917,43.4063237],[4.8641183,43.4062218],[4.8643152,43.4061222],[4.8643808,43.4060658],[4.8644226,43.406016],[4.8648193,43.4058231],[4.8649505,43.405717],[4.8650459,43.4056563],[4.8651354,43.4056195],[4.8652309,43.405613],[4.8653114,43.405639],[4.865383,43.405704],[4.8654695,43.4058405],[4.8655291,43.4058686],[4.865723,43.405847],[4.8657946,43.4058231],[4.8658363,43.4057733],[4.8659318,43.4057365],[4.8659974,43.4057278],[4.8660212,43.4056758],[4.8661077,43.4055826],[4.8661346,43.4055241],[4.8661286,43.4054851],[4.866069,43.4053963],[4.8660302,43.4053638],[4.8659497,43.4053269],[4.8659168,43.4052944],[4.86589,43.4052359],[4.8658393,43.4050301],[4.866236,43.4047679],[4.8662777,43.4047505],[4.8663076,43.4047484],[4.869496,43.4073919],[4.87034,43.4081005],[4.8705548,43.408211],[4.8706979,43.4083042],[4.8712945,43.4087614],[4.8714585,43.408861],[4.8718612,43.4090257],[4.8726486,43.40929],[4.873266,43.4095522],[4.8738774,43.4097494],[4.8743158,43.4098664],[4.8744202,43.4099011],[4.8747632,43.4099856],[4.8752285,43.4101567],[4.8756998,43.4103041],[4.875831,43.4103257],[4.8759563,43.4103691],[4.8761114,43.4104427],[4.8764007,43.4105359],[4.8765021,43.4105814],[4.8765945,43.4107114],[4.8766184,43.4107786],[4.8765856,43.4110451],[4.876508,43.4111664],[4.8764394,43.4112292],[4.876338,43.4113722],[4.8763082,43.4114416],[4.8762933,43.4115304],[4.8762665,43.4116062],[4.8760994,43.4117991],[4.8760487,43.4118901],[4.8759742,43.4121067],[4.8758966,43.4122129],[4.8758608,43.4122779],[4.8758519,43.4123472],[4.8758578,43.4124101],[4.8759264,43.4125422],[4.8759503,43.4126571],[4.8759236,43.4127324],[4.8759506,43.4127597],[4.8745747,43.4150984],[4.874422,43.415365],[4.871014,43.4210453],[4.8708875,43.4212561],[4.8708627,43.4212839],[4.8708283,43.4212991],[4.8707883,43.4213005],[4.8707291,43.4212672],[4.8707234,43.4212256],[4.8706929,43.4212253],[4.8706512,43.4212383],[4.8704663,43.4213423],[4.8703678,43.4214246],[4.8701382,43.4218297],[4.8700627,43.4220098],[4.8700641,43.4222213],[4.8700343,43.422316],[4.8700269,43.4223837],[4.8700448,43.4225624],[4.8699165,43.4226729],[4.8698658,43.4228007],[4.8697644,43.4229675],[4.869654,43.4231213],[4.8695884,43.4232383],[4.869493,43.423299],[4.869314,43.4234918],[4.8692454,43.4235784],[4.8691977,43.4236087],[4.8691459,43.4236289],[4.8690575,43.4236456],[4.8689801,43.4236933],[4.8688607,43.4237344],[4.8688338,43.4237755],[4.8688439,43.4239609],[4.868873,43.423993],[4.8689554,43.4239984],[4.8690061,43.4239897],[4.8690299,43.4240179],[4.8686989,43.4245551],[4.8686392,43.4246851],[4.8685796,43.4247327],[4.8684782,43.4248757],[4.8683231,43.4251313],[4.8682008,43.4252764],[4.8681113,43.4254216],[4.8680934,43.4254866],[4.8680666,43.4255385],[4.8680387,43.4256763],[4.8680745,43.4257497],[4.8674642,43.4267504],[4.8672779,43.4270559],[4.8671928,43.4270536],[4.8670823,43.4270938],[4.8671241,43.427213],[4.8667363,43.4277805],[4.8666409,43.4279603],[4.8665902,43.4280274],[4.8665126,43.4280924],[4.86645,43.4282289],[4.8663635,43.4283805],[4.866283,43.4285581],[4.8662561,43.4286404],[4.8662084,43.4287054],[4.8661547,43.4287595],[4.8660056,43.4290238],[4.8658773,43.4292144],[4.8657431,43.4294483],[4.8654568,43.4298794],[4.8654359,43.4299444],[4.8652689,43.4302541],[4.8650064,43.4306808],[4.864902,43.4308151],[4.864899,43.4308887],[4.8648125,43.4310144],[4.8647499,43.4311378],[4.8646903,43.4312028],[4.8646396,43.4313024],[4.8645769,43.4313956],[4.864565,43.4314497],[4.8644367,43.4316836],[4.8644278,43.431727],[4.8643771,43.4317638],[4.8643801,43.4318006],[4.8643562,43.4318461],[4.8643145,43.4318764],[4.8642876,43.4319154],[4.8642339,43.4319609],[4.8642011,43.4320107],[4.8641325,43.4321493],[4.8640818,43.4322165],[4.8638671,43.4325565],[4.8638104,43.432706],[4.8635927,43.4330287],[4.8635032,43.4331781],[4.8634734,43.4332431],[4.8634644,43.4333081],[4.8634346,43.4333817],[4.863372,43.4334424],[4.8633183,43.4335225],[4.8631841,43.4337434],[4.862856,43.4342437],[4.8628023,43.4343672],[4.862711,43.4344772],[4.8626418,43.4345898],[4.8625941,43.4346384],[4.8625726,43.4346886],[4.8625273,43.4347319],[4.8624438,43.4347181],[4.8624032,43.4346921],[4.862303,43.4345933],[4.8622314,43.434595],[4.8621622,43.4346384],[4.862124,43.434699],[4.8620787,43.4348012],[4.8621026,43.4349225],[4.8621216,43.4349866],[4.8621527,43.4350299],[4.8621932,43.4350611],[4.8622328,43.4351239],[4.8622457,43.4351634],[4.8622219,43.4351859],[4.8621336,43.4351928],[4.8620763,43.4352119],[4.861988,43.4353661],[4.862,43.4354163],[4.8620548,43.43547],[4.8620787,43.4355133],[4.8620644,43.4355567],[4.8619117,43.4357663],[4.8618592,43.4358044],[4.8617948,43.4357646],[4.8617852,43.4357282],[4.8617303,43.4357161],[4.8616874,43.4357421],[4.861654,43.4357975],[4.8616492,43.4358529],[4.8616755,43.4359171],[4.8616831,43.4360115],[4.8616707,43.4360921],[4.8616001,43.4361454],[4.8615204,43.4361562],[4.8614607,43.4361492],[4.8613796,43.436151],[4.8612865,43.4361747],[4.8612913,43.4361977],[4.8613796,43.4362359],[4.8615466,43.4362878],[4.8615576,43.4363167],[4.8615501,43.4363952],[4.8615054,43.4364548],[4.8614867,43.4365224],[4.8614457,43.4365874],[4.8613749,43.4366578],[4.8613227,43.4367959],[4.8612407,43.4369475],[4.8611959,43.4370666],[4.8610841,43.4372074],[4.8610319,43.4372913],[4.8610244,43.4373508],[4.8608119,43.4376188],[4.860756,43.4377163],[4.8607299,43.4378002],[4.8606851,43.4378652],[4.8606069,43.4380276],[4.8604391,43.4382956],[4.8603943,43.4384229],[4.8603086,43.4385718],[4.8601222,43.4388181],[4.8599581,43.4390672],[4.8598687,43.4392946],[4.8596972,43.4394407],[4.8596301,43.4395463],[4.8595592,43.4396871],[4.8595108,43.4398576],[4.8594474,43.4400011],[4.8592274,43.4402935],[4.8591044,43.4404424],[4.8590783,43.4404938],[4.8590634,43.440575],[4.8590335,43.4406373],[4.8588732,43.4408105],[4.8588285,43.4409865],[4.8587651,43.4411056],[4.8585265,43.4414818],[4.8584445,43.4416497],[4.8583662,43.4417363],[4.8581947,43.4421045],[4.8581462,43.4422777],[4.8581127,43.4423427],[4.8580418,43.4424239],[4.857889,43.442543],[4.8576131,43.4427271],[4.8574006,43.4428462],[4.8573185,43.4429003],[4.8568749,43.4432468],[4.8566549,43.443466],[4.8565468,43.4435473],[4.8562448,43.4437367],[4.8559316,43.4439749],[4.8558757,43.4440318],[4.855831,43.4440967],[4.8557974,43.4441725],[4.8557937,43.4442348],[4.8557266,43.4443106],[4.8555812,43.4444189],[4.8554992,43.4444568],[4.8552419,43.4445001],[4.8551002,43.444584],[4.8546118,43.4449548],[4.8528305,43.4462444],[4.8527121,43.4463379],[4.8526107,43.446422],[4.8525922,43.4464098],[4.8524997,43.4466206],[4.8524078,43.4466532],[4.8523481,43.4466552],[4.8523052,43.4466474],[4.8523173,43.446625],[4.8521972,43.4466157],[4.8521201,43.4465967],[4.8519994,43.4465276],[4.8519833,43.446493],[4.8519961,43.446439],[4.8520618,43.4463421],[4.8521731,43.4461839],[4.8521858,43.4461333],[4.8522529,43.4460739],[4.8523381,43.4459303],[4.8525962,43.4454756],[4.8526559,43.445347],[4.8526512,43.4453042],[4.8526371,43.4452818],[4.8521718,43.4451396],[4.8521456,43.4450987],[4.852094,43.4450851],[4.8520571,43.4451124],[4.8520383,43.4451533],[4.85199,43.445144],[4.8519317,43.4452424],[4.8522294,43.445533],[4.852275,43.4457453],[4.8522925,43.4459054],[4.8522234,43.4460627],[4.8521791,43.4460943],[4.852104,43.4461172],[4.8520765,43.4461372],[4.8520558,43.446126],[4.8518311,43.4463061],[4.8516226,43.4464103],[4.8515522,43.4464351],[4.8515247,43.4465008],[4.8515368,43.4465632],[4.8518036,43.4466367],[4.8518546,43.4466357],[4.852155,43.4467209],[4.8522737,43.4467715],[4.8523327,43.4468265],[4.8522951,43.4469137],[4.8522617,43.4470508],[4.8521507,43.4472258],[4.8516227,43.4480904],[4.8515071,43.4483767],[4.8512691,43.4487963],[4.8499235,43.4507522],[4.8498858,43.450807],[4.8505104,43.4510277],[4.8512378,43.4512848],[4.8513417,43.4512988],[4.8514679,43.4513494],[4.8515941,43.4513652],[4.8516687,43.4513703],[4.8517464,43.4514063],[4.8519074,43.4514726],[4.8529264,43.4517678],[4.8530472,43.4515822],[4.8532185,43.4515637],[4.854064,43.4501527],[4.8540741,43.4501561],[4.8541901,43.4499677],[4.8542565,43.4499631],[4.8542803,43.4499703],[4.8544104,43.4500098],[4.854435,43.4500379],[4.854259,43.4503155],[4.8541829,43.4503155],[4.8541194,43.4502786],[4.8539898,43.4504873],[4.8540336,43.4504756],[4.8541034,43.4504481],[4.8541715,43.4504944],[4.8540862,43.4506123],[4.8540131,43.4506211],[4.8539806,43.4505799],[4.8539684,43.4505327],[4.8538669,43.4507243],[4.8538629,43.4507597],[4.8538182,43.450798],[4.8537289,43.4509454],[4.8537207,43.4509955],[4.8536801,43.4510162],[4.8535867,43.4511842],[4.8535827,43.4512225],[4.853538,43.451252],[4.8534446,43.4514112],[4.8534446,43.4514583],[4.853404,43.4514849],[4.8533553,43.4515969],[4.8534609,43.4516883],[4.8533634,43.4519064],[4.8540293,43.4521402],[4.8542946,43.4522735],[4.8547197,43.4523979],[4.8548403,43.4520754],[4.8549228,43.4520616],[4.8549609,43.4519879],[4.8551575,43.4520386],[4.8551195,43.4521031],[4.8551575,43.4521491],[4.8549753,43.4524765],[4.8556833,43.4527056],[4.8561473,43.4527894],[4.8564075,43.4527894],[4.85649,43.4528861],[4.8566105,43.4529782],[4.8568516,43.4529736],[4.8569278,43.4528262],[4.8570229,43.4528492],[4.8570737,43.4529506],[4.8570483,43.4531118],[4.8571942,43.4532269],[4.8575242,43.4533006],[4.858184,43.4533697],[4.8586282,43.453623],[4.8588947,43.4537704],[4.859104,43.4538902],[4.8595926,43.4539455],[4.8600684,43.4540606],[4.8604111,43.4541297],[4.8606704,43.4540167],[4.8614453,43.4527433],[4.862056,43.4516917],[4.8619782,43.4516056],[4.861642,43.4515457],[4.8613818,43.4515273],[4.8611407,43.4516056],[4.8609821,43.4516793],[4.8607664,43.4516701],[4.8605633,43.451555],[4.8603349,43.4513016],[4.8603603,43.4511726],[4.8601509,43.4510253],[4.8601382,43.4509147],[4.8604759,43.4503807],[4.8606956,43.4499861],[4.8606708,43.4498422],[4.8608939,43.4494733],[4.8615259,43.4487086],[4.861749,43.4485377],[4.8619844,43.4482498],[4.8622075,43.4481958],[4.8623066,43.4479079],[4.8624553,43.447719],[4.8623876,43.4472577],[4.8621755,43.4470888],[4.8622349,43.4469304],[4.8630677,43.4466281],[4.863492,43.4461738],[4.8640591,43.4454621],[4.8642276,43.4447639],[4.8642915,43.4445737],[4.8644358,43.444512],[4.8645052,43.4442025],[4.8646737,43.4440945],[4.8647828,43.4439362],[4.8649414,43.4440513],[4.8652388,43.4439866],[4.8654569,43.4438498],[4.8656849,43.4434323],[4.8657147,43.4431084],[4.8657444,43.4428997],[4.8658733,43.4427701],[4.865566,43.442547],[4.8656949,43.4424534],[4.8659625,43.4423454],[4.866141,43.4420791],[4.8660418,43.4418919],[4.8662302,43.4415608],[4.8661509,43.4412657],[4.8659328,43.4413449],[4.8657246,43.4412585],[4.8658726,43.4409276],[4.8659824,43.4407546],[4.8657742,43.4406323],[4.8656552,43.4404955],[4.8657246,43.4402795],[4.8658687,43.4400774],[4.8660319,43.4399556],[4.8660022,43.4396965],[4.8660518,43.4395453],[4.8660125,43.4394307],[4.8658039,43.4393222],[4.8658848,43.4392243],[4.8661326,43.4391883],[4.8663508,43.4390299],[4.8664499,43.4388283],[4.8664697,43.4385836],[4.8664895,43.4383892],[4.8666383,43.43831],[4.8668068,43.4382956],[4.8668464,43.4381517],[4.866668,43.4377845],[4.8666977,43.4376334],[4.8666383,43.437331],[4.8666383,43.4368415],[4.866549,43.4361432],[4.8666482,43.4357761],[4.8665986,43.4354809],[4.8664301,43.4350778],[4.8662714,43.4347538],[4.8662032,43.4346592],[4.8666085,43.4344659],[4.8669456,43.4341995],[4.8671339,43.433854],[4.8672133,43.4336956],[4.8671538,43.4330981],[4.8671895,43.4328668],[4.8673818,43.4327381],[4.8675999,43.4326733],[4.8678081,43.4324213],[4.8681154,43.4322125],[4.8685353,43.4321587],[4.8696875,43.4323384],[4.8706336,43.432608],[4.8712084,43.4327993],[4.8723044,43.4328205],[4.872486,43.4327396],[4.8725617,43.4325993],[4.8728463,43.4319637],[4.8730117,43.4318939],[4.8732764,43.4319391],[4.8734988,43.432007],[4.8736559,43.4319556],[4.873759,43.4318252],[4.8737174,43.4316899],[4.873661,43.4312566],[4.8736607,43.4311419],[4.873447,43.4310724],[4.8731967,43.4309909],[4.8731554,43.4309286],[4.8763103,43.4256684],[4.8768515,43.4258351],[4.8768673,43.4258984],[4.8767801,43.4259445],[4.8768911,43.4260309],[4.8771608,43.4260655],[4.8774701,43.4260655],[4.8776382,43.4259189],[4.8788044,43.4239072],[4.879207,43.4234792],[4.8797785,43.4230776],[4.880008,43.4229089],[4.8801032,43.4227131],[4.880054,43.4224581],[4.8800001,43.4221946],[4.8801587,43.4220621],[4.8805156,43.421849],[4.8807853,43.4216071],[4.8809112,43.4214319],[4.8810111,43.421293],[4.8810866,43.4210886],[4.8810708,43.420864],[4.8811422,43.4206047],[4.8812691,43.4204665],[4.8816322,43.4201242],[4.881856,43.4200287],[4.8819908,43.419804],[4.8821329,43.4197162],[4.8825141,43.4195766],[4.8827918,43.4195505],[4.8834184,43.4195736],[4.8836671,43.4196462],[4.883807,43.4197406],[4.8839022,43.4200575],[4.8839176,43.4204597],[4.8837356,43.4207545],[4.8837753,43.4209216],[4.8840608,43.4212499],[4.8844295,43.4214351],[4.8844479,43.4216631],[4.8846586,43.4219241],[4.8848445,43.4220951],[4.8852287,43.4225091],[4.8854907,43.423026],[4.8856376,43.4231572],[4.8857615,43.4234992],[4.8860465,43.4238142],[4.8861829,43.4241382],[4.8864401,43.4243624],[4.8864877,43.4246273],[4.8867177,43.424973],[4.8867891,43.4252206],[4.887138,43.4255144],[4.8873335,43.4255538],[4.8874137,43.4256444],[4.8873826,43.4258181],[4.8869794,43.4265339],[4.8870032,43.426747],[4.8871154,43.4268725],[4.8874791,43.4270005],[4.887693,43.427014],[4.8879292,43.4266648],[4.8927755,43.4282038],[4.8925865,43.4283023],[4.8928725,43.4287791],[4.8933384,43.4288807],[4.8933938,43.4289332],[4.8934288,43.4290304],[4.8937001,43.4290096],[4.8940896,43.4288783],[4.8943229,43.4286952],[4.8945102,43.4285243],[4.8948002,43.4283031],[4.89528,43.4283451],[4.8956373,43.4282975],[4.8960428,43.428319],[4.896176,43.4283706],[4.8967203,43.4283828],[4.8970859,43.4283729],[4.8974097,43.4284367],[4.8976359,43.4284234],[4.897835,43.4285523],[4.8981994,43.4286071],[4.898533,43.4287844],[4.898841,43.4287855],[4.8990991,43.4288402],[4.8993573,43.4290601],[4.8999855,43.429274],[4.9003752,43.429382],[4.9004081,43.4295524],[4.9006005,43.429634],[4.9008827,43.4296052],[4.9010058,43.4296698],[4.9011016,43.42987],[4.9015205,43.4301512],[4.9017976,43.4301228],[4.9022507,43.4303177],[4.902507,43.430297],[4.9029545,43.4301656],[4.9033944,43.4299845],[4.903579,43.4299381],[4.903695,43.4299894],[4.9039379,43.4302849],[4.9045065,43.4305573],[4.9048928,43.4306535],[4.9055149,43.4304705],[4.9055424,43.430286],[4.9057045,43.4301056],[4.905717,43.4298304],[4.9058025,43.4297539]]}},{"type":"Feature","properties":{},"geometry":{"type":"LineString","coordinates":[[5.2861427,43.2798843],[5.2861137,43.2798811],[5.2860923,43.2798443],[5.2860771,43.2798065],[5.2860221,43.2797861],[5.2859895,43.2797418],[5.2859877,43.2796959],[5.2859687,43.2796504],[5.2859562,43.2796147],[5.2859113,43.2796021],[5.2858542,43.2795592],[5.285809,43.2795062],[5.2857527,43.2794725],[5.2856749,43.2794451],[5.2855955,43.2794173],[5.2855687,43.2794094],[5.2855295,43.2793978],[5.2855126,43.2793928],[5.2854696,43.2793658],[5.2854921,43.2793419],[5.2855568,43.2793289],[5.2855674,43.2792845],[5.2856249,43.2792752],[5.2856891,43.2792487],[5.2857365,43.2791991],[5.2857756,43.2791613],[5.2857518,43.2791196],[5.2857575,43.279078],[5.2858162,43.2790669],[5.2858034,43.279024],[5.2858435,43.2789781],[5.2858764,43.2789387],[5.2859424,43.2789348],[5.2859603,43.27891],[5.2859278,43.2788764],[5.2859367,43.2788439],[5.2859605,43.2788227],[5.2860456,43.2788569],[5.2860698,43.2788787],[5.2860903,43.2788973],[5.286156,43.2789076],[5.2862088,43.278965],[5.2862835,43.2790471],[5.2863125,43.2790654],[5.2863865,43.279098],[5.2864615,43.2791252],[5.2865335,43.2791408],[5.2866266,43.2791586],[5.2866549,43.2791562],[5.2866941,43.2791527],[5.2867708,43.2791295],[5.2868231,43.2791437],[5.2868656,43.279159],[5.2869023,43.2791874],[5.2869177,43.2791993],[5.2869398,43.2792294],[5.2869918,43.2792283],[5.2870629,43.2792277],[5.2871026,43.2792605],[5.2871509,43.2792402],[5.2872531,43.2792399],[5.2872973,43.279257],[5.2873428,43.2792752],[5.2873904,43.2793468],[5.2874599,43.2794236],[5.2875274,43.27954],[5.2875982,43.2796177],[5.287675,43.2796611],[5.2877019,43.2797181],[5.2876942,43.2798029],[5.2876659,43.2798698],[5.2876151,43.2798262],[5.2875616,43.2797832],[5.2875358,43.2798204],[5.2875255,43.2798353],[5.2875209,43.2799046],[5.2874661,43.279969],[5.2874042,43.2799134],[5.287344,43.2798544],[5.2872923,43.2798154],[5.2872471,43.2798025],[5.2872039,43.2797921],[5.2871864,43.2797851],[5.2871573,43.2797432],[5.287101,43.2797218],[5.2870226,43.2797019],[5.2869369,43.2796848],[5.2868527,43.2796731],[5.2867709,43.2796595],[5.2867036,43.2796394],[5.2866157,43.2796592],[5.2865397,43.2797004],[5.2865039,43.279749],[5.2865222,43.2797962],[5.2864953,43.2798248],[5.2864576,43.2798193],[5.286391,43.2798495],[5.2863125,43.2798423],[5.2862676,43.2798592],[5.2862483,43.2798648],[5.2861848,43.2798834],[5.2861427,43.2798843]]}},{"type":"Feature","properties":{},"geometry":{"type":"LineString","coordinates":[[5.3028005,43.2790266],[5.3028951,43.2789612],[5.3029787,43.2788049],[5.302989,43.2787706]]}},{"type":"Feature","properties":{},"geometry":{"type":"LineString","coordinates":[[5.2861228,43.27996],[5.2861702,43.2800116],[5.2861722,43.2800925],[5.2861438,43.2801534],[5.2861223,43.2802006],[5.2860767,43.2802],[5.2860393,43.2801574],[5.2860294,43.2800946],[5.2860392,43.2800314],[5.2860244,43.2799993],[5.2859924,43.2799694],[5.2859969,43.2799288],[5.2860669,43.2799219],[5.2861164,43.279929],[5.2861228,43.27996]]}},{"type":"Feature","properties":{},"geometry":{"type":"LineString","coordinates":[[5.3491549,43.2845224],[5.349154,43.2845134],[5.3491641,43.2845034],[5.3491567,43.2844927],[5.3491288,43.284478],[5.3491214,43.284457],[5.3491242,43.2844336],[5.3491315,43.284421],[5.3491402,43.284423],[5.3491425,43.2844397],[5.3491673,43.284464],[5.349165,43.2844864],[5.3491856,43.2845094],[5.3491833,43.2845317],[5.3491783,43.2845344],[5.3491549,43.2845224]]}},{"type":"Feature","properties":{},"geometry":{"type":"LineString","coordinates":[[5.3055008,43.361286],[5.3055851,43.3612432],[5.3056327,43.361164],[5.3059219,43.3612088],[5.3059923,43.3612183],[5.3060356,43.3612814],[5.3060712,43.3612903],[5.3060953,43.3612947],[5.3060697,43.3612045],[5.3060736,43.3611544],[5.3061051,43.3611014],[5.3061485,43.3610742],[5.3062253,43.361067],[5.3063297,43.3610599],[5.3064518,43.3610355],[5.3065444,43.3610212],[5.3066488,43.3610026],[5.3074665,43.3608073],[5.3075174,43.3607949],[5.3076139,43.3607606],[5.3076828,43.3607448],[5.3077616,43.3607391],[5.3078562,43.3607219],[5.3079586,43.360699],[5.3080551,43.3606732],[5.3081158,43.3606607],[5.3081653,43.3606544],[5.3082009,43.3606388],[5.3082698,43.3606102],[5.3083289,43.3605987],[5.308388,43.3605901],[5.3084185,43.3605725],[5.3084806,43.3605601],[5.3085357,43.3605572],[5.3086401,43.3605386],[5.3087228,43.3605171],[5.3087721,43.3604928],[5.3088213,43.3604842],[5.3089139,43.360457],[5.309036,43.360434],[5.3091148,43.3604226],[5.3092212,43.3603968],[5.3093059,43.360371],[5.3093721,43.3603597],[5.3095107,43.3603052],[5.3095836,43.3602794],[5.3096584,43.3602579],[5.3096944,43.3602474],[5.3097343,43.3602591],[5.3098799,43.3602139],[5.3099487,43.3603405],[5.3093364,43.3605333],[5.3085154,43.3608076],[5.3085136,43.360845],[5.3084105,43.3608746],[5.3083802,43.3608619],[5.3083076,43.3608707],[5.3081301,43.3609352],[5.3080514,43.3609631],[5.3079751,43.3610169],[5.3079425,43.3610672],[5.307924,43.361123],[5.3079344,43.3611919],[5.3079417,43.3612358],[5.3078501,43.3612638],[5.3078638,43.3613048],[5.3079008,43.361359],[5.3079184,43.3613567],[5.3079199,43.3613689],[5.3079284,43.3614177],[5.3079177,43.3614242],[5.3078885,43.3614705],[5.3078618,43.3615204],[5.3078342,43.3615686],[5.3078492,43.3615727],[5.3078562,43.3615572],[5.3079284,43.3615727],[5.307988,43.361551],[5.3081598,43.3616167],[5.3081373,43.3616662],[5.3081334,43.3616806],[5.3081831,43.3616966],[5.3081919,43.3616834],[5.308363,43.361682],[5.3084482,43.361669],[5.3084759,43.3616393],[5.3085011,43.3615829],[5.3085437,43.3615588],[5.3085652,43.3613812],[5.3088323,43.3613933],[5.3091641,43.3611951],[5.3093666,43.3611484],[5.3095622,43.3611026],[5.3095054,43.3609711],[5.3095413,43.3609651],[5.3095951,43.3610949],[5.3103536,43.3609173],[5.310369,43.3609138],[5.3103852,43.36091],[5.3104128,43.3609038],[5.3104345,43.3609443],[5.3105469,43.3609208],[5.3105636,43.3609563],[5.3106245,43.3609706],[5.3106896,43.3609466],[5.3107639,43.3609301],[5.3108146,43.3609203],[5.3108786,43.3609278],[5.3109633,43.3609518],[5.3111203,43.3610359],[5.3111988,43.3610682],[5.3112535,43.361075],[5.3113671,43.3610697],[5.311456,43.3610562],[5.311584,43.3610284],[5.3117028,43.3609811],[5.3119543,43.3608631],[5.3125443,43.3605927],[5.3125704,43.360593],[5.3125792,43.3605931],[5.3126048,43.3605932],[5.3125998,43.3606377],[5.3126392,43.3606398],[5.312739,43.3606788],[5.3136707,43.3604482],[5.3139754,43.3603581],[5.3142026,43.3602875],[5.3144536,43.360072],[5.3144805,43.3600832],[5.3145899,43.3599758],[5.3146604,43.3599101],[5.3146459,43.3598972],[5.3147234,43.3598444],[5.3146588,43.359767],[5.3146233,43.3596062],[5.3146401,43.3595998],[5.3146863,43.3595821],[5.3147121,43.3595722],[5.314654,43.3594842],[5.3145571,43.3595206],[5.3141198,43.3589867],[5.314073,43.3590078],[5.3139568,43.3588623],[5.3138842,43.3588928],[5.3138358,43.3588858],[5.313839,43.3588705],[5.3139084,43.3588447],[5.3139568,43.3588306],[5.3140052,43.3588048],[5.3140665,43.3587814],[5.3142181,43.3587176],[5.3142677,43.358726],[5.3147197,43.3585638],[5.3154997,43.3582911],[5.3155625,43.3583481],[5.3155013,43.3584196],[5.3154592,43.3583662],[5.315308,43.3584202],[5.3153369,43.3584623],[5.315408,43.35844],[5.3154914,43.3584761],[5.3154823,43.3584833],[5.3154311,43.3584689],[5.31537,43.3584869],[5.3145569,43.3587759],[5.3145933,43.3588365],[5.3145057,43.3588606],[5.3145652,43.3589435],[5.3146387,43.3589189],[5.3150204,43.3595316],[5.3152375,43.3594613],[5.3154718,43.3593855],[5.3157319,43.3593013],[5.3160328,43.3592038],[5.3163117,43.3591135],[5.316197,43.3589258],[5.3162301,43.358916],[5.3163406,43.3591045],[5.3164439,43.3590655],[5.3163554,43.3588871],[5.3163356,43.35884],[5.3163623,43.3588381],[5.3163791,43.3588781],[5.3164057,43.3589183],[5.3164319,43.3589089],[5.3169731,43.3587645],[5.3170661,43.3589457],[5.3170351,43.3589551],[5.3171681,43.3592573],[5.3172096,43.3592339],[5.3176175,43.3590044],[5.3176651,43.3589494],[5.3178965,43.358698],[5.3180202,43.3585636],[5.3179207,43.3584416],[5.3180576,43.3583862],[5.3181144,43.3584519],[5.3181443,43.3584209],[5.3183563,43.3582007],[5.3184578,43.3580952],[5.3185789,43.3579978],[5.3187599,43.3578521],[5.3187959,43.3578246],[5.3190214,43.3576518],[5.3191227,43.3575743],[5.319194,43.3575185],[5.3188142,43.3570505],[5.3174431,43.3576418],[5.3174207,43.3576163],[5.318809,43.3570176],[5.3188167,43.3569913],[5.3188503,43.3569632],[5.3188903,43.3569603],[5.3189136,43.3569716],[5.3189458,43.35695],[5.3189768,43.3569209],[5.3190259,43.3569059],[5.3191976,43.3568289],[5.3190786,43.3565925],[5.3190724,43.3565802],[5.319093,43.3565717],[5.3190349,43.3564844],[5.3191653,43.3564356],[5.319186,43.356445],[5.3192092,43.3564347],[5.3193448,43.3565529],[5.3193977,43.3566186],[5.3193538,43.356644],[5.3194558,43.3567435],[5.319595,43.3566725],[5.3196144,43.3566528],[5.3196157,43.3565833],[5.3200098,43.3564117],[5.3210319,43.3559622],[5.3210501,43.35599],[5.3211184,43.3559903],[5.3212089,43.3559878],[5.3222939,43.355528],[5.3223243,43.3555334],[5.3224028,43.3556329],[5.3223918,43.3556543],[5.3215454,43.3560139],[5.3217957,43.3563218],[5.3223042,43.3561082],[5.3223285,43.3561054],[5.3224734,43.3562857],[5.3224666,43.356299],[5.322203,43.3564143],[5.3222224,43.3564729],[5.3222559,43.3566143],[5.3223707,43.3567726],[5.3225632,43.3566828],[5.3225361,43.3566481],[5.3226458,43.3565993],[5.3226485,43.3566026],[5.3227194,43.3566903],[5.3224169,43.3568307],[5.3225765,43.3570144],[5.3227029,43.3569546],[5.3227294,43.356985],[5.3226025,43.3570463],[5.3226073,43.3570549],[5.3226937,43.3570567],[5.3228752,43.3572606],[5.3228898,43.357277],[5.322939,43.3573558],[5.3232771,43.3574135],[5.323446,43.3574133],[5.3239333,43.3574677],[5.3240007,43.3574807],[5.3240782,43.3574956],[5.3241209,43.357489],[5.3241424,43.3574529],[5.3241236,43.3574169],[5.3240911,43.3574274],[5.3239767,43.3572794],[5.3239841,43.3572745],[5.3238504,43.3571125],[5.3248041,43.3567014],[5.3260644,43.356158],[5.3266871,43.3558893],[5.3268321,43.3548353],[5.3266389,43.3546072],[5.3245074,43.3555169],[5.3240659,43.3557084]]}},{"type":"Feature","properties":{},"geometry":{"type":"LineString","coordinates":[[5.2960848,43.3582353],[5.295943,43.3582273],[5.2958516,43.3582353],[5.2958194,43.3582418],[5.2957949,43.3582467],[5.295713,43.3582708],[5.2955367,43.3583648],[5.2942678,43.3591112],[5.2939496,43.3594951],[5.2939323,43.3594842],[5.2938901,43.3595351],[5.2938787,43.3595244],[5.2936968,43.3596612],[5.293812,43.3597633],[5.2939043,43.3597192],[5.2939242,43.3597367],[5.293988,43.3597],[5.2939397,43.3596559],[5.2939612,43.3596433],[5.2940104,43.3596872],[5.2953505,43.3593115],[5.2953742,43.3593049],[5.2954444,43.3594187],[5.2955119,43.3593967],[5.295519,43.3594069],[5.2956289,43.3595668],[5.2957967,43.3595854],[5.2959211,43.3596038],[5.2963558,43.3596642],[5.2969017,43.3597576],[5.2974447,43.3598337],[5.2980868,43.3599274],[5.2987592,43.3600306],[5.2994416,43.3601329],[5.2994252,43.3602026],[5.3003342,43.3603425],[5.3011491,43.360468],[5.3013002,43.3604913],[5.3016882,43.360551],[5.3024762,43.3606762],[5.3025108,43.3605195],[5.3029076,43.3605803],[5.3028932,43.3606229],[5.3029311,43.3606281],[5.3029031,43.3607363],[5.3034978,43.3608282],[5.3051263,43.3610799],[5.3051184,43.3611128],[5.3047718,43.3610541],[5.3047363,43.3611658]]}},{"type":"Feature","properties":{},"geometry":{"type":"LineString","coordinates":[[5.3684421,43.2680233],[5.3685547,43.2680758],[5.3688975,43.2681392],[5.3688546,43.2682778],[5.3690774,43.2682107],[5.3690133,43.268084],[5.3695908,43.2679019],[5.3696386,43.2679795],[5.3696559,43.2679742],[5.3698023,43.2679315],[5.3698288,43.2680027],[5.3699516,43.2679702],[5.36997,43.2679981],[5.3703641,43.2678325],[5.370502,43.2677113],[5.3706578,43.2674925],[5.3706005,43.2674712],[5.3706883,43.2672698],[5.3706632,43.2672614],[5.3707679,43.2670473],[5.3707989,43.2670545],[5.3711057,43.2671252],[5.3711224,43.2671291],[5.3711625,43.2670392],[5.3711713,43.2670195],[5.3710947,43.2669307],[5.3711271,43.2668301],[5.3711321,43.2668128],[5.3712695,43.2663835],[5.3715012,43.2663592],[5.3715073,43.266245],[5.3715057,43.266225],[5.3714938,43.2661112],[5.3714765,43.2660545],[5.3714732,43.2660305],[5.3714622,43.2659831],[5.3714091,43.2659121],[5.3713893,43.2658912],[5.3712951,43.2658139],[5.3711168,43.265886],[5.3710629,43.2658711],[5.3710391,43.2658638],[5.3705597,43.2657288],[5.3695422,43.2660209],[5.3695188,43.2660276],[5.3695057,43.2660314],[5.3693948,43.2659412],[5.3693046,43.2659299],[5.3692737,43.2659389],[5.3692511,43.2659455],[5.3692279,43.265952],[5.3692027,43.2659589],[5.3691513,43.2659491],[5.3691671,43.2659874],[5.3689085,43.2665505],[5.3689164,43.2666175],[5.3689524,43.2666705],[5.3689046,43.2667265],[5.368824,43.2667579],[5.3687358,43.266765],[5.3686438,43.2667415],[5.3686037,43.2666892],[5.3685994,43.26662],[5.3688827,43.2660127],[5.3688744,43.2659531],[5.3687884,43.2657845],[5.3686114,43.2655357],[5.3683923,43.2651721],[5.3679564,43.2645929],[5.3678529,43.2643934],[5.3678189,43.2642787]]}},{"type":"Feature","properties":{},"geometry":{"type":"LineString","coordinates":[[5.3675709,43.2663931],[5.3676495,43.266126],[5.3678284,43.2660643],[5.3679705,43.2661438],[5.3679518,43.2662284],[5.3678653,43.266296],[5.3677964,43.2664479],[5.3677678,43.2667128],[5.3678716,43.26693],[5.3680335,43.2672227],[5.3682352,43.2675994],[5.3686753,43.2674877],[5.3689143,43.2673786],[5.3689769,43.2673822],[5.3690224,43.2674682],[5.3682917,43.2676804],[5.3684421,43.2680233]]}},{"type":"Feature","properties":{},"geometry":{"type":"LineString","coordinates":[[5.3240659,43.3557084],[5.3235042,43.3550099],[5.3239587,43.3548034],[5.3239316,43.3547724],[5.3238903,43.3547565],[5.3236811,43.3547011],[5.3236476,43.3547049],[5.3235907,43.3547274],[5.3235391,43.3547171],[5.3234758,43.3546851],[5.3234255,43.3546607],[5.3233919,43.3546335],[5.3233751,43.3546091],[5.3233764,43.3545866],[5.3233532,43.354564],[5.3233067,43.3545453],[5.3232564,43.3545321],[5.3232176,43.3545378],[5.3231905,43.3545518],[5.3231479,43.3545537],[5.3231014,43.3545387],[5.3230704,43.3545133],[5.3230692,43.3544852],[5.3230627,43.3544608],[5.3229129,43.3544157],[5.3228626,43.3544289],[5.3228277,43.3544476],[5.3227825,43.3544627],[5.3227232,43.3544354],[5.3227064,43.3544026],[5.3226986,43.3543688],[5.3226418,43.3543378],[5.3225669,43.35432],[5.3224972,43.3543134],[5.3224081,43.3543162],[5.3223203,43.3543209],[5.32227,43.3543303],[5.3221061,43.3544172],[5.3215131,43.3546812],[5.3204056,43.3551565],[5.3195623,43.355532],[5.3188482,43.3558282],[5.3186102,43.3559471],[5.3184831,43.3560013],[5.3184266,43.3560263],[5.3183661,43.3560585],[5.3183177,43.3560776],[5.3182693,43.3560717],[5.3182374,43.3560758],[5.3173233,43.3564639]]}},{"type":"Feature","properties":{},"geometry":{"type":"LineString","coordinates":[[5.3320298,43.3501598],[5.3383505,43.3466458],[5.3411005,43.3451168],[5.340939,43.3449547],[5.3409424,43.3449296],[5.3409714,43.3449193],[5.3408605,43.3447858],[5.340826,43.3448006],[5.3407903,43.3447543],[5.3408247,43.3447394],[5.340724,43.344617],[5.3406755,43.3446346],[5.3406335,43.3446049],[5.3406309,43.3445706],[5.3406952,43.3445449],[5.3407187,43.3445575],[5.3410034,43.3449128],[5.3411044,43.3448705],[5.3408039,43.3444921],[5.3405735,43.3441976],[5.3404157,43.3440009],[5.3401036,43.3436066],[5.3397554,43.3431648],[5.3396268,43.3432215],[5.3399571,43.3436353],[5.3399497,43.3436381],[5.3399713,43.3436648],[5.3399228,43.3436871],[5.3398781,43.3436809],[5.3398492,43.3436389],[5.3399038,43.3436126],[5.3397884,43.3434677],[5.3397541,43.3434811],[5.339715,43.3434293],[5.3397451,43.3434158],[5.3396298,43.3432763],[5.3395619,43.3433114],[5.339478,43.3432312],[5.3405417,43.3426435],[5.3403395,43.3424119],[5.3395873,43.3415284],[5.3392377,43.3411726],[5.3381216,43.3417086],[5.3383169,43.3419203],[5.3370998,43.3424988],[5.3362163,43.3429187],[5.3359252,43.3425632],[5.3357922,43.3425606],[5.3357268,43.3425942],[5.3356583,43.3426295],[5.3356574,43.3426802],[5.3356567,43.342715],[5.3356908,43.3427495],[5.3356207,43.3427815],[5.3354771,43.3427257],[5.3353644,43.3427803],[5.3353775,43.3428978],[5.3353089,43.3429323],[5.335162,43.3428824],[5.3349644,43.3430047],[5.3349677,43.3430617],[5.3350428,43.3431353],[5.3350102,43.3431555],[5.3350604,43.3432169],[5.3351114,43.343216],[5.335242,43.3432647],[5.3353092,43.3433121],[5.335309,43.3433597],[5.3350817,43.3434686],[5.3350036,43.3434238],[5.3349981,43.3432386],[5.3349479,43.3431834],[5.3349171,43.3431958],[5.3348518,43.343127],[5.3348175,43.3431187],[5.334762,43.3430819],[5.3340588,43.3434205],[5.3342211,43.343633],[5.3343424,43.3436719],[5.3344283,43.343702],[5.3344322,43.3437788],[5.3332399,43.3443448],[5.3321598,43.3448644],[5.3321436,43.3448653],[5.33212,43.3448555],[5.3320903,43.3448418],[5.332071,43.3448258],[5.3320618,43.3448135],[5.3320413,43.3446764],[5.3320521,43.3446624],[5.3318001,43.3445015],[5.3308446,43.344951],[5.330851,43.3450362],[5.3309205,43.3451008],[5.3308865,43.345119],[5.330945,43.3451844],[5.3309774,43.3451813],[5.331167,43.3452646],[5.3311822,43.345331],[5.3309607,43.3454359],[5.3308781,43.3453915],[5.3308865,43.3452125],[5.330827,43.3451487],[5.3307994,43.3451608],[5.330735,43.3450924],[5.3307005,43.3451092],[5.3306159,43.3450816],[5.3304217,43.3451896],[5.3302642,43.3452687],[5.3301472,43.3452993],[5.3294949,43.3456613],[5.3295044,43.3456704],[5.3295409,43.3456519],[5.3296301,43.3457421],[5.3295936,43.3457609],[5.3297534,43.3459096],[5.3297528,43.345915],[5.3297211,43.3459329]]}},{"type":"Feature","properties":{},"geometry":{"type":"LineString","coordinates":[[5.3592908,43.2972768],[5.3594333,43.297105],[5.3594795,43.2970494],[5.3596054,43.2969012],[5.3599404,43.2965094],[5.3603921,43.2959701]]}},{"type":"Feature","properties":{},"geometry":{"type":"LineString","coordinates":[[5.292694,43.2823279],[5.2926344,43.2822624],[5.2925534,43.2822212],[5.2925508,43.2821995],[5.292624,43.2821772],[5.2926659,43.2821399],[5.2927264,43.2821489],[5.2927501,43.2821889],[5.2928066,43.2822454],[5.2927962,43.2822885],[5.2928505,43.2823319],[5.2929003,43.2823414],[5.2929501,43.2823748],[5.2929583,43.2824114],[5.2930176,43.2824296],[5.2930347,43.2824469],[5.2929851,43.2824537],[5.2929333,43.2824402],[5.292872,43.2823941],[5.2927647,43.2823782],[5.292694,43.2823279]]}},{"type":"Feature","properties":{},"geometry":{"type":"LineString","coordinates":[[5.3041829,43.2764336],[5.3035943,43.2787605]]}},{"type":"Feature","properties":{},"geometry":{"type":"LineString","coordinates":[[5.3035943,43.2787605],[5.3045484,43.2788947],[5.3049894,43.2789523],[5.3062352,43.2790237],[5.30628,43.2790263],[5.306339,43.2791142],[5.3063751,43.2791447],[5.3064307,43.2791904],[5.3064618,43.2791759],[5.3066395,43.2793662],[5.3066486,43.2793817],[5.3066638,43.2793761],[5.3066805,43.2793662],[5.3066883,43.2793753],[5.3066999,43.2793889],[5.3067087,43.2793983],[5.3067231,43.2794138],[5.3067687,43.2794768],[5.3068021,43.2795321],[5.3068249,43.2795299],[5.3068689,43.279541],[5.3068811,43.2795752],[5.306872,43.2796029],[5.3069495,43.2796993],[5.3069784,43.2799245],[5.30715,43.2801432],[5.3073928,43.2801295],[5.3075335,43.2802147],[5.3076168,43.2801362],[5.3074599,43.2800728],[5.3074673,43.2800116],[5.3073659,43.2800164],[5.3073635,43.279773],[5.3074253,43.2797402],[5.3074515,43.2797263],[5.3074855,43.2797165],[5.3075083,43.27974],[5.307751,43.2796041],[5.3078986,43.279744],[5.3080442,43.2797963],[5.3080743,43.2798504],[5.3080811,43.2798622],[5.3080914,43.2798774],[5.3080995,43.2798938],[5.3081519,43.2799832],[5.3079926,43.2800366],[5.3080221,43.2800835],[5.3079927,43.2800931],[5.3079797,43.2800974],[5.3079677,43.2801013],[5.3077309,43.2801788],[5.3076627,43.2801614],[5.3075855,43.2802468],[5.3077038,43.2803864],[5.3078029,43.280357],[5.3078709,43.2804795],[5.3078297,43.2805686],[5.3079635,43.2807729],[5.308112,43.2809217],[5.308272,43.281027],[5.3083511,43.2810508],[5.3084282,43.2810635],[5.3084783,43.2810522],[5.3085188,43.2810171],[5.3085237,43.2809745],[5.3087413,43.280956],[5.3089117,43.2809015],[5.308964,43.2809862],[5.3089728,43.2810011],[5.3089839,43.2810177],[5.3089368,43.2810326],[5.3089716,43.2810836],[5.3087837,43.2811458],[5.3087603,43.2812944],[5.3088666,43.2814617],[5.309699,43.2812642],[5.3097646,43.2813765],[5.3102119,43.2812207],[5.3101693,43.2811416],[5.3104487,43.2810476],[5.3110115,43.2808644],[5.3110546,43.2809287],[5.3112745,43.2808515],[5.3113498,43.2809943],[5.3120681,43.2808806],[5.3121883,43.2806931],[5.3124236,43.2805334],[5.3125572,43.2805111],[5.3127728,43.2804289],[5.3129855,43.2804224],[5.3130551,43.2804045],[5.3130337,43.2803587],[5.3131261,43.2803206]]}},{"type":"Feature","properties":{},"geometry":{"type":"LineString","coordinates":[[5.2927098,43.2677883],[5.2926532,43.2677735],[5.292603,43.2677851],[5.2925058,43.2677844],[5.2925004,43.267747],[5.292541,43.2677175],[5.2925581,43.2676646],[5.2926927,43.2676762],[5.2927355,43.2677019],[5.292743,43.2677283],[5.2927333,43.2677649],[5.2927098,43.2677883]]}},{"type":"Feature","properties":{},"geometry":{"type":"LineString","coordinates":[[5.2942989,43.2695553],[5.2942638,43.2694995],[5.294283,43.2694878],[5.294342,43.269489],[5.29435,43.2695297],[5.2943612,43.2695576],[5.2943372,43.2695657],[5.2943772,43.269589],[5.29435,43.2696052],[5.2942782,43.2695669],[5.2942989,43.2695553]]}},{"type":"Feature","properties":{},"geometry":{"type":"LineString","coordinates":[[5.2947717,43.2706094],[5.2947164,43.2705362],[5.294713,43.2704162],[5.294748,43.2704113],[5.2947977,43.2703792],[5.2948801,43.2703834],[5.2949546,43.2703579],[5.2949918,43.2703743],[5.2949918,43.270417],[5.2949467,43.2704228],[5.2949139,43.2704622],[5.2949196,43.2704885],[5.2949737,43.2705017],[5.29495,43.2705453],[5.2949523,43.2705691],[5.2949184,43.2705617],[5.294853,43.2705691],[5.2948439,43.2705921],[5.2948044,43.2705913],[5.2947965,43.2706126],[5.2947717,43.2706094]]}},{"type":"Feature","properties":{},"geometry":{"type":"LineString","coordinates":[[5.2944697,43.2693298],[5.2945416,43.2692752],[5.2945432,43.269317],[5.2944985,43.269353],[5.2944697,43.2693298]]}},{"type":"Feature","properties":{},"geometry":{"type":"LineString","coordinates":[[5.2945112,43.269174],[5.2945479,43.2691938],[5.2945511,43.269217],[5.294524,43.2692217],[5.2945112,43.269174]]}},{"type":"Feature","properties":{},"geometry":{"type":"LineString","coordinates":[[5.2858944,43.263916],[5.2858583,43.2638884],[5.2858637,43.2638542],[5.2858999,43.2638542],[5.2859179,43.2638897],[5.2858944,43.263916]]}},{"type":"Feature","properties":{},"geometry":{"type":"LineString","coordinates":[[5.2943899,43.2694646],[5.2943819,43.269446],[5.2944043,43.2693832],[5.2944266,43.2693751],[5.2944362,43.2693972],[5.2944203,43.2694158],[5.2944187,43.2694472],[5.2943899,43.2694646]]}},{"type":"Feature","properties":{},"geometry":{"type":"LineString","coordinates":[[5.2938909,43.2691725],[5.293909,43.2691519],[5.2939362,43.2691527],[5.2939701,43.2691428],[5.2940041,43.2691115],[5.2940154,43.2691461],[5.293995,43.2691717],[5.2939271,43.269189],[5.2938909,43.2691725]]}},{"type":"Feature","properties":{},"geometry":{"type":"LineString","coordinates":[[5.3003854,43.2751577],[5.300356,43.2751517],[5.3003536,43.2751277],[5.3003842,43.2751371],[5.3003854,43.2751577]]}},{"type":"Feature","properties":{},"geometry":{"type":"LineString","coordinates":[[4.9902877,43.4039651],[4.990208,43.4039353],[4.9901943,43.4039005],[4.9901966,43.4038591],[4.9910918,43.4038294],[4.9911215,43.4038641],[4.9911283,43.4038989],[4.9910964,43.4039469],[4.9907889,43.4039651],[4.9903788,43.4039733],[4.9902877,43.4039651]]}},{"type":"Feature","properties":{},"geometry":{"type":"LineString","coordinates":[[5.4985246,43.2017449],[5.4982476,43.2019871],[5.4979734,43.2021466],[5.49798,43.2021627],[5.4984254,43.2024816],[5.4984676,43.2024644],[5.4985131,43.2024241],[5.4985786,43.2023946],[5.4986635,43.2023694],[5.4987101,43.2023147],[5.4988052,43.2022562],[5.4988293,43.2021902],[5.4988916,43.2021633],[5.4989658,43.2021711],[5.4990032,43.202123],[5.4992543,43.2020073],[5.4994232,43.201929],[5.4995801,43.2018399],[5.4996135,43.2017988],[5.4997697,43.2017889],[5.4998497,43.2017549],[5.4999591,43.2017398],[5.5000206,43.2017165],[5.5000431,43.201721],[5.5001269,43.2017405],[5.500146,43.2017713],[5.5001819,43.2017655],[5.5001901,43.2017099],[5.5002259,43.2016913],[5.5002764,43.201721],[5.5003217,43.2016723],[5.5004066,43.2016729],[5.5004551,43.2016436],[5.5004569,43.2016063],[5.5005287,43.2015746],[5.5007389,43.201582],[5.5008263,43.2014866],[5.5008811,43.201486],[5.5010134,43.2013522],[5.5012043,43.2012966],[5.5013523,43.2012861],[5.5014429,43.2012888],[5.5015101,43.2013438],[5.5017789,43.2012723],[5.5018778,43.2012277],[5.5019386,43.2011541],[5.5019665,43.2011042],[5.5021388,43.2010309],[5.5022251,43.2010402],[5.5023908,43.2009479],[5.5025352,43.2009471],[5.5025716,43.2009655],[5.5026169,43.2009566],[5.5026986,43.2009025],[5.5027601,43.2008427],[5.5027858,43.2007751],[5.5028331,43.2007467],[5.5028114,43.2007074],[5.5029279,43.2006518],[5.5029198,43.2006126],[5.5030004,43.2006194],[5.5031058,43.2006672],[5.5031836,43.2005818],[5.5032524,43.2005417],[5.5032899,43.2004484],[5.5032575,43.2003929],[5.5034234,43.2003143],[5.5036431,43.2001768],[5.5036314,43.2001476],[5.5037854,43.2001126],[5.5039441,43.2000887],[5.5039667,43.2001224],[5.5041346,43.2001313],[5.5041481,43.2001526],[5.5042649,43.2001507],[5.5043089,43.2001022],[5.5044233,43.2001148],[5.5045716,43.2000782],[5.504639,43.2001123],[5.5047435,43.2000761],[5.504847,43.2001335],[5.5048488,43.2000387],[5.5050004,43.2000057],[5.5053044,43.1998144],[5.5053817,43.199818],[5.5057434,43.1995499],[5.5058459,43.1994323],[5.5060129,43.1993044],[5.5060874,43.1993294],[5.5061574,43.1994037],[5.5062318,43.1995351],[5.5063132,43.1995566],[5.5063574,43.1996015],[5.5064376,43.1996511],[5.5064693,43.1996964],[5.5065866,43.1996813],[5.5066226,43.1996621],[5.5066464,43.1996037],[5.5066646,43.1995278],[5.5066933,43.1994684],[5.5067025,43.1993937],[5.5067512,43.199347],[5.5067577,43.1992002],[5.5067693,43.1990873],[5.5068206,43.1990825],[5.506925,43.1991388],[5.5069336,43.199147],[5.5069373,43.1992375],[5.506929,43.1993034],[5.5070176,43.199389],[5.5070539,43.1994628],[5.5069845,43.1995124],[5.5069617,43.1995727],[5.5070409,43.1996452],[5.507076,43.1997924],[5.5070682,43.1998611],[5.5070616,43.199927],[5.5070244,43.2000762],[5.5070826,43.2000837],[5.5073122,43.2001793],[5.5072919,43.2003594],[5.5073938,43.2004092],[5.5073723,43.2004877],[5.5074277,43.2005176],[5.5074137,43.2007012],[5.5075823,43.2007922],[5.5076566,43.200768],[5.5077367,43.2008324],[5.5076269,43.2010652],[5.5082186,43.2013901],[5.5082069,43.2015419],[5.508409,43.201543],[5.5084458,43.2016894],[5.5086427,43.201951],[5.5085579,43.2021242],[5.5087084,43.2021254],[5.5087729,43.2022187],[5.5089438,43.2022562],[5.5090135,43.202325],[5.5090988,43.2023644],[5.5092105,43.2024708],[5.5092963,43.2025393],[5.5093515,43.2025469],[5.509334,43.2025757],[5.5094982,43.2027932],[5.5094316,43.2028661],[5.5096536,43.2028641],[5.5097278,43.202975],[5.5098155,43.2029603],[5.5098948,43.2030405],[5.510095,43.2030414],[5.5102974,43.2030422],[5.5104483,43.2030429],[5.5105513,43.2031067],[5.5105999,43.2032416],[5.5105629,43.2033219],[5.5106668,43.2034463],[5.5106637,43.2034988],[5.510717,43.2035065],[5.5107509,43.2035471],[5.5107289,43.203626],[5.5107254,43.2036749],[5.5106136,43.2038162],[5.5106399,43.2038395],[5.5106785,43.2038675],[5.510746,43.2038878],[5.5108562,43.2039223],[5.5108781,43.2038736],[5.5109133,43.2038395],[5.510947,43.2038456]]}},{"type":"Feature","properties":{},"geometry":{"type":"LineString","coordinates":[[5.4604935,43.2101529],[5.4605165,43.2101277],[5.4605951,43.2101236],[5.4606088,43.2101509],[5.4607178,43.2101586],[5.4608109,43.210098],[5.4609316,43.2101124],[5.4609516,43.2101597],[5.4611591,43.2100439],[5.4612108,43.2101617],[5.4616314,43.2100658],[5.4616414,43.2100118],[5.4617351,43.2099739],[5.4619172,43.2099982],[5.4621288,43.21003],[5.4622855,43.2100299],[5.4622751,43.2101164],[5.462385,43.2101585],[5.462428,43.2101381],[5.4624022,43.2100988],[5.4624631,43.2100625],[5.4625816,43.2100047],[5.4626557,43.2099767],[5.4627,43.2099094],[5.4628038,43.2098645],[5.4629135,43.2098112],[5.4629929,43.2098288],[5.4630695,43.2097855],[5.4631326,43.2097823],[5.463165,43.2097725],[5.4632084,43.2097421],[5.4631695,43.2097111],[5.4632171,43.2096567],[5.4631962,43.2095598],[5.4632404,43.2094401],[5.4632384,43.2093092],[5.4633199,43.2091903],[5.4634064,43.2091621],[5.4634471,43.2091787],[5.4636138,43.2091168],[5.4636669,43.2091391],[5.4637676,43.2090831],[5.4637712,43.2091065],[5.4638243,43.2090966],[5.4638924,43.2089957],[5.46401,43.2089211],[5.4640477,43.2088596],[5.4640352,43.2088248],[5.4641077,43.2087768],[5.4641422,43.2087003],[5.4641882,43.2086937],[5.4642983,43.2085043],[5.4643563,43.208515],[5.4644615,43.2083925],[5.4647241,43.2084979],[5.4647272,43.2085345],[5.4647771,43.2085689],[5.4649174,43.2085634],[5.4649365,43.2085825],[5.4651684,43.2086093],[5.465388,43.2085812],[5.4654513,43.2085358],[5.4654844,43.2085278],[5.465489,43.208557],[5.4655408,43.2085559],[5.465646,43.2084868],[5.4657684,43.2085217],[5.4657683,43.2085429],[5.4659083,43.2085699],[5.4659617,43.2085753],[5.4659404,43.2085387],[5.4659191,43.2085142],[5.4659338,43.2084935],[5.4659852,43.208495],[5.4660527,43.2085299],[5.4661818,43.2085718],[5.4662649,43.2086107],[5.4662447,43.2086556],[5.4662933,43.208626],[5.4663291,43.2086245],[5.4663996,43.2086527],[5.4664047,43.2086547],[5.4665037,43.2086892],[5.4665393,43.208726],[5.4665831,43.2087632],[5.466629,43.2087849],[5.466651,43.2087484],[5.4666436,43.2086977],[5.4667102,43.2086782],[5.4667602,43.2086975],[5.4667947,43.2088087],[5.4668592,43.2088417],[5.466935,43.2089144],[5.46696,43.2090039],[5.4670366,43.2089122],[5.4673204,43.2088665],[5.4674508,43.2089411],[5.4675172,43.208917],[5.4675801,43.2089109],[5.4675984,43.2088862],[5.4676342,43.2088714],[5.4677274,43.208874],[5.4677836,43.2089143],[5.4678879,43.2089158],[5.4679827,43.2089773],[5.4680062,43.20906],[5.4680701,43.2091515],[5.4681317,43.2091522],[5.4682442,43.2091242],[5.4683141,43.2090347],[5.4683975,43.208979],[5.4685606,43.2089774],[5.4685969,43.2090471],[5.4686378,43.2090657],[5.4687201,43.2090835],[5.4689071,43.2090432],[5.4689448,43.2090825],[5.4689834,43.2090767],[5.4690229,43.2089956],[5.4691023,43.208942],[5.4690925,43.2088992],[5.4690219,43.2089076],[5.4690122,43.2088657],[5.4690776,43.2088281],[5.4691224,43.2088457],[5.4691737,43.208824],[5.4692051,43.2088733],[5.469279,43.2088629],[5.4693048,43.2088123],[5.4693598,43.2088244],[5.4693616,43.2088682],[5.4694416,43.2088609],[5.4694349,43.2087758],[5.4694352,43.2086521],[5.469402,43.2086262],[5.4693898,43.2084323],[5.4693298,43.2083838],[5.469374,43.2082707],[5.4694258,43.2082627],[5.4694425,43.2082084],[5.4696342,43.2081861],[5.4696216,43.20815],[5.4697348,43.2081125],[5.4698692,43.2081765],[5.4700814,43.208183],[5.4701949,43.208161],[5.4702122,43.2081326],[5.4702394,43.2081099],[5.4702756,43.2080906],[5.4703184,43.2080812],[5.4703552,43.2080784],[5.4703895,43.2080796],[5.4704304,43.2080907],[5.4704625,43.2081056],[5.4704972,43.2081344],[5.4705416,43.2081691],[5.4705509,43.2081177],[5.4705466,43.2080326],[5.4707188,43.207933],[5.4706484,43.2077611],[5.4705673,43.2076407],[5.4705561,43.2075321],[5.4704706,43.2074572],[5.470171,43.2072744],[5.4699281,43.2070151],[5.4698477,43.2068476],[5.4698086,43.2066782],[5.4697553,43.20665],[5.4696932,43.206669],[5.4696311,43.2066557],[5.4695686,43.2065671],[5.4696748,43.2063504],[5.4697648,43.2063592],[5.4698157,43.2062955],[5.4698578,43.2063112],[5.470014,43.206193],[5.4704423,43.2059692],[5.4705865,43.2059632],[5.4706772,43.2060875],[5.4708247,43.2061293],[5.4708848,43.2061602],[5.4710784,43.2061188],[5.4711525,43.206034],[5.4712405,43.2059939]]}},{"type":"Feature","properties":{},"geometry":{"type":"LineString","coordinates":[[5.2934736,43.2813564],[5.2934845,43.2813339],[5.2934899,43.2812989],[5.2935099,43.2812857],[5.2935235,43.2813115],[5.2935163,43.281328],[5.2935163,43.2813445],[5.2934927,43.2813591],[5.2934736,43.2813564]]}},{"type":"Feature","properties":{},"geometry":{"type":"LineString","coordinates":[[5.2973512,43.2826242],[5.2974247,43.2825398],[5.2974804,43.2825009],[5.2974737,43.2824571],[5.2974091,43.2824214],[5.2974158,43.2823824],[5.2974693,43.2823597],[5.2975138,43.282363],[5.2976052,43.2824068],[5.2976475,43.2824457],[5.2976765,43.2825171],[5.2976453,43.2825268],[5.2976765,43.2825885],[5.297701,43.2826047],[5.2977456,43.2826599],[5.2977523,43.2827264],[5.2977055,43.2827507],[5.2976297,43.2827604],[5.2975517,43.2827361],[5.297525,43.2826858],[5.2974604,43.2826647],[5.2973623,43.2826469],[5.2973512,43.2826242]]}},{"type":"Feature","properties":{},"geometry":{"type":"LineString","coordinates":[[5.2975862,43.2823758],[5.2975546,43.282331],[5.2975767,43.2823218],[5.2975089,43.2822542],[5.29752,43.2822232],[5.2974774,43.282175],[5.2974853,43.2821612],[5.2976539,43.2821681],[5.2976933,43.2821624],[5.2977548,43.2821762],[5.2978099,43.2821589],[5.2978414,43.2821589],[5.297895,43.2821968],[5.2979533,43.2821865],[5.2980053,43.2821922],[5.298051,43.282206],[5.2980683,43.2822369],[5.2980415,43.2822415],[5.2980478,43.2822932],[5.2980305,43.2823161],[5.2979391,43.282284],[5.2978367,43.2822748],[5.2978005,43.2822622],[5.2977926,43.2822805],[5.2977548,43.2822805],[5.2977957,43.2823276],[5.2977532,43.2823345],[5.2976996,43.2823287],[5.2977217,43.28237],[5.297687,43.2823666],[5.2976665,43.2823872],[5.2976445,43.282378],[5.2976192,43.2823826],[5.2975862,43.2823758]]}},{"type":"Feature","properties":{},"geometry":{"type":"LineString","coordinates":[[5.3135551,43.2804387],[5.3136005,43.2804364],[5.313709,43.2806251],[5.3136864,43.2806933],[5.3137167,43.2807723],[5.3136587,43.2808044],[5.3137507,43.2808732],[5.3138683,43.2809276],[5.3139108,43.2808888],[5.3139839,43.2808622],[5.3142322,43.2808943],[5.3143078,43.2809081],[5.3143663,43.2809063]]}},{"type":"Feature","properties":{},"geometry":{"type":"LineString","coordinates":[[5.3131261,43.2803206],[5.312467,43.2796021],[5.3123037,43.279419],[5.3122882,43.2794022],[5.3111748,43.2781935],[5.3111327,43.2782113],[5.3110893,43.2781974],[5.3110607,43.278168],[5.3110409,43.2781316],[5.3110321,43.2780857],[5.3110415,43.2780466],[5.3106084,43.2773094],[5.3105656,43.2773094],[5.3105324,43.2772942],[5.3105132,43.2772676],[5.310522,43.2772278],[5.3105615,43.2771855],[5.3106237,43.2771603],[5.3106829,43.2771688]]}},{"type":"Feature","properties":{},"geometry":{"type":"LineString","coordinates":[[5.1563144,43.3276159],[5.1564438,43.3275829],[5.1565438,43.3275574],[5.1568171,43.3275468],[5.156861,43.3275715],[5.1570195,43.3275798],[5.1571955,43.3276468],[5.1574224,43.3277332],[5.157508,43.3277416],[5.1576257,43.3277531],[5.1578214,43.3276925],[5.1580429,43.3275925],[5.1581261,43.3275061],[5.1581776,43.3273955],[5.1582773,43.3273758],[5.1583786,43.3274095],[5.1584643,43.3273767],[5.1585613,43.3274104],[5.1585575,43.3274668],[5.1586373,43.3274999],[5.1587392,43.3275011],[5.1589393,43.3274344],[5.159019,43.3273543],[5.159273,43.3273273],[5.1593651,43.3273709],[5.1593951,43.3274077],[5.1594825,43.3274251],[5.1594999,43.3274594],[5.1596879,43.3275503],[5.159772,43.3275573],[5.1597711,43.3276033],[5.1599262,43.3276647],[5.1599864,43.3277086],[5.1599916,43.3277662],[5.160014,43.3277858],[5.159982,43.3278734],[5.1599368,43.3279122],[5.1600045,43.3279661],[5.1599634,43.3280181],[5.1599616,43.3280819],[5.1598799,43.3281692],[5.1599121,43.3281982],[5.1598686,43.3282695],[5.1598806,43.3284652],[5.159788,43.3285413],[5.1597646,43.3286101],[5.1598977,43.3287455],[5.1599684,43.3287429],[5.1599996,43.3287741],[5.15997,43.3288419],[5.1600349,43.3289169],[5.1602216,43.3289888],[5.160522,43.3290087],[5.1607374,43.328939],[5.1608449,43.3288258],[5.160895,43.3287243],[5.160681,43.3287017],[5.1606521,43.3287235],[5.1606152,43.3287197],[5.1605988,43.3286945],[5.160637,43.3286581],[5.160689,43.3286449],[5.1609979,43.3286775],[5.1611307,43.3286418],[5.1612012,43.3285738],[5.1613436,43.3283265],[5.1614047,43.3283322],[5.1614087,43.3282103],[5.1612965,43.3281081],[5.1612836,43.3280283],[5.1613627,43.3279954],[5.1614302,43.3279447],[5.1614022,43.3278988],[5.1623157,43.3274796],[5.1623762,43.3274667],[5.1624241,43.3274249],[5.1624292,43.3273702],[5.1625761,43.3273551],[5.1629421,43.3272014],[5.1631842,43.3271246],[5.1633527,43.3271552],[5.1634266,43.3272201],[5.1634481,43.3273154],[5.1634809,43.3272815],[5.1635355,43.327301],[5.1635253,43.3273412],[5.1640847,43.3274362],[5.1642976,43.3275254],[5.1645947,43.3276169],[5.1649382,43.3276776],[5.1650583,43.3277718],[5.1653741,43.3280194],[5.1654772,43.328253],[5.1655156,43.3285531],[5.1656916,43.3287103],[5.1659481,43.3287471],[5.1663222,43.3286243],[5.1666785,43.3284241],[5.1666344,43.3283818],[5.1666623,43.3283618],[5.1667398,43.3283859],[5.1668618,43.328372],[5.1668838,43.3283204],[5.1669126,43.3283117],[5.1669211,43.3283452],[5.1671437,43.328317],[5.1671988,43.3282566],[5.1672623,43.3282529],[5.1675428,43.3280865],[5.1678911,43.3280846],[5.1679048,43.3280534],[5.1680233,43.3280427],[5.1683149,43.328126],[5.1684769,43.3281491],[5.1686156,43.3281339]]}},{"type":"Feature","properties":{},"geometry":{"type":"LineString","coordinates":[[5.1686156,43.3281339],[5.1687451,43.328167],[5.1688929,43.3283522],[5.1694155,43.3287117],[5.1695213,43.3287511],[5.1696102,43.3288559],[5.1697449,43.3289399],[5.1698679,43.3289737],[5.1699223,43.3290951],[5.1701425,43.3292575],[5.1704413,43.3296188],[5.1705936,43.3297824],[5.1706445,43.3298956],[5.1706328,43.3299474],[5.170674,43.3300302],[5.1706821,43.3301102],[5.1707306,43.3302561],[5.1707851,43.3305082],[5.1707984,43.3306377],[5.1708075,43.3307266],[5.1708202,43.3307999],[5.1709168,43.3308799],[5.1709959,43.3309599],[5.1710334,43.3309238],[5.1710629,43.3309218],[5.17113,43.3308662],[5.171136,43.3308848],[5.1711273,43.3309131],[5.1711032,43.3309218],[5.1710951,43.3309345],[5.1710952,43.3309708],[5.1710334,43.3310584],[5.1709917,43.3310859],[5.1709664,43.3310867],[5.170894,43.3311608],[5.1708376,43.3312672],[5.1708645,43.3312955],[5.1709074,43.3313189],[5.1709168,43.3313501],[5.1709114,43.3313862],[5.1709624,43.3314906],[5.1710424,43.3315898],[5.1711595,43.3316964],[5.1712741,43.3317724],[5.1713862,43.3317861],[5.1714438,43.3317783],[5.1714862,43.3317925],[5.171527,43.3318369],[5.1715149,43.3318895],[5.1715122,43.3319939],[5.1715243,43.3320212],[5.1715136,43.3320476],[5.1715431,43.3320573],[5.1715323,43.3320817],[5.1714747,43.3321188],[5.1715664,43.3322345],[5.1716571,43.3322027],[5.1716611,43.3322232],[5.1715618,43.3322856],[5.1715927,43.332348],[5.1716369,43.3323675],[5.1716879,43.3324163],[5.1716772,43.3324348],[5.1716557,43.3324417],[5.1716624,43.3324622],[5.1717687,43.3325521],[5.1719967,43.3327302],[5.1721172,43.3328024],[5.1721664,43.3328319],[5.1724071,43.3329857],[5.1725287,43.3330425],[5.1726294,43.3330465],[5.172734,43.3330299],[5.1729123,43.3329909],[5.1729888,43.3329997],[5.1730582,43.3330128],[5.1731805,43.3331148],[5.173278,43.3332164],[5.1733672,43.3332746],[5.1734595,43.3333547],[5.1734854,43.3334123],[5.1734643,43.3334663],[5.1733541,43.3334576],[5.1733369,43.3334063],[5.1731032,43.3332798],[5.1729697,43.3331116],[5.1728896,43.3330841],[5.1724667,43.3332012],[5.1724526,43.3332689],[5.1723864,43.3332717],[5.1723602,43.3335879],[5.1723946,43.3336641],[5.1725759,43.3338009],[5.1728192,43.3338139],[5.1730941,43.3335508],[5.1731807,43.333596],[5.1731681,43.3336322],[5.1729263,43.3338566],[5.1732523,43.3341411],[5.1735232,43.3342589],[5.1740826,43.3343972],[5.1741792,43.334184],[5.1742447,43.3342108],[5.1741442,43.3344181],[5.1747149,43.3344917],[5.1747289,43.3343924],[5.1747967,43.3344004],[5.1747907,43.334492],[5.1749249,43.3344979],[5.1753413,43.3344843],[5.1753475,43.334369],[5.1753693,43.3343396],[5.1754142,43.3343438],[5.1754268,43.3343805],[5.1754011,43.3345514],[5.1754839,43.3345546],[5.175581,43.3345583],[5.1756008,43.3344239],[5.1757182,43.3344288],[5.1758409,43.334301],[5.175859,43.334203],[5.1757935,43.3341419],[5.1757231,43.3341185],[5.1756277,43.3341007],[5.1755296,43.3341027],[5.1753871,43.3341113],[5.1752493,43.3341305],[5.1752213,43.3341089],[5.1752373,43.3340785],[5.1753626,43.334014],[5.1756027,43.334027],[5.1757721,43.3340518],[5.1758648,43.3340938],[5.1759386,43.3341166],[5.1760473,43.3341239],[5.1763182,43.3341529],[5.1763374,43.3341967],[5.1763902,43.3341516],[5.1765837,43.334107],[5.1766,43.3340956],[5.1766273,43.3340953],[5.176652,43.3341518],[5.1767541,43.3341385],[5.1770284,43.3340589],[5.1771357,43.3340003],[5.177304,43.3339232],[5.1775109,43.3337068],[5.1772561,43.3335767],[5.1772324,43.3335274],[5.1773209,43.333527],[5.1776174,43.333687],[5.177816,43.3335937],[5.1778466,43.3334314],[5.1777895,43.3334226],[5.1777912,43.3334137],[5.1778504,43.3334163],[5.1778951,43.3332072],[5.1779584,43.3332132],[5.1779697,43.3331336],[5.1780011,43.3331323],[5.1779799,43.3329561],[5.1779491,43.3329531],[5.1778924,43.3329751],[5.1778928,43.3329545],[5.1779376,43.3329282],[5.1779264,43.3329079],[5.1779787,43.3328734],[5.1779458,43.3327213],[5.1779005,43.3326604],[5.1779453,43.3326297],[5.1779878,43.3325152],[5.1779374,43.3324551],[5.1779726,43.3324494],[5.177994,43.3324676],[5.1780362,43.3324656],[5.1780699,43.3325021],[5.1781037,43.3325166],[5.1782062,43.3324396],[5.1782217,43.3323552],[5.1782704,43.3322634],[5.1783083,43.332192],[5.1784236,43.3321077],[5.1784962,43.3320915],[5.1785856,43.3319872],[5.1786284,43.3318422],[5.178699,43.3317707],[5.178657,43.3316625],[5.1787268,43.3315299],[5.1788881,43.3314638],[5.1792152,43.3313604],[5.179809,43.3313862],[5.1800691,43.3315699],[5.1804944,43.3316786],[5.1806511,43.3317629],[5.1807558,43.3317794],[5.1808343,43.3317917],[5.1809358,43.3316935],[5.181489,43.3317457],[5.1815917,43.3316279],[5.1817415,43.3316205],[5.1818157,43.3317114],[5.1824061,43.33178],[5.1824597,43.3317565],[5.1829003,43.3318315],[5.183384,43.3319968],[5.1835253,43.3321526],[5.1834278,43.3321684],[5.1833921,43.3322135],[5.1835334,43.332378],[5.1838056,43.3324697],[5.1843351,43.3325225],[5.1845999,43.3325213]]}},{"type":"Feature","properties":{},"geometry":{"type":"LineString","coordinates":[[5.3575689,43.2992902],[5.3570975,43.2990777],[5.3528252,43.29716],[5.3529068,43.2970635],[5.3529764,43.2970958],[5.3576662,43.2991979],[5.3578533,43.2989789]]}},{"type":"Feature","properties":{},"geometry":{"type":"LineString","coordinates":[[5.3395137,43.3347951],[5.3397354,43.3345293],[5.3397305,43.3345012],[5.3398478,43.3343603],[5.3398899,43.3343458],[5.3399642,43.3342521],[5.3399222,43.3342329],[5.3399638,43.3341806],[5.3400109,43.334199],[5.3424756,43.3312583],[5.3424703,43.3312322],[5.3425883,43.3310922],[5.3426352,43.3310715],[5.3427395,43.3309496],[5.3426943,43.330932],[5.342739,43.3308811],[5.3427827,43.3308996],[5.3449781,43.3282789],[5.3451626,43.3280567],[5.3451582,43.3280291],[5.3452836,43.3278795],[5.345319,43.3278691],[5.345399,43.3277754],[5.3453536,43.3277546],[5.3453942,43.3277068],[5.3454397,43.3277262],[5.3474729,43.3252971],[5.3474726,43.3252656],[5.3475974,43.325118],[5.3476276,43.3251131],[5.3477138,43.3250096],[5.3476698,43.324992],[5.3477128,43.3249398],[5.3477572,43.3249577],[5.3497874,43.3225305],[5.3497841,43.3225009],[5.3499009,43.3223639],[5.3499381,43.322352],[5.349997,43.3222824],[5.3499517,43.3222624],[5.3499965,43.3222085],[5.3500403,43.3222282],[5.3501292,43.3221268],[5.3519369,43.31997],[5.3519337,43.3199415],[5.3520472,43.3198072],[5.3520806,43.3197975],[5.3520909,43.3197869],[5.3520468,43.3197679],[5.3520894,43.319718],[5.3521347,43.3197369],[5.3541157,43.3173645],[5.354112,43.3173325],[5.3542391,43.3171881],[5.3542667,43.3171804],[5.3543133,43.3171264],[5.3542705,43.3171092],[5.3543121,43.3170564],[5.3543586,43.3170775],[5.3560951,43.3149985],[5.3560803,43.3149809],[5.3560856,43.3149633],[5.3565367,43.3144232],[5.356567,43.3144112],[5.356585,43.3144123],[5.3565433,43.3143934],[5.356584,43.314343],[5.356629,43.3143623],[5.3586631,43.3119355],[5.35865,43.3119139],[5.3586589,43.3118924],[5.3591086,43.3113561],[5.3591267,43.3113454],[5.3591588,43.3113483],[5.3591143,43.3113256],[5.3591558,43.3112792],[5.3592004,43.3112972],[5.3607097,43.3094962],[5.360699,43.309488],[5.3606933,43.3094723],[5.360701,43.3094551],[5.3609013,43.309219],[5.3609256,43.3092126],[5.3609439,43.3092162],[5.3609542,43.3092003],[5.3609155,43.309182],[5.3609557,43.3091302],[5.3610003,43.3091481],[5.3612063,43.3089048],[5.361231,43.3088484],[5.3612343,43.3087964],[5.3612238,43.3087556],[5.3603452,43.3064826]]}},{"type":"Feature","properties":{},"geometry":{"type":"LineString","coordinates":[[5.3394109,43.3347489],[5.3395137,43.3347951]]}},{"type":"Feature","properties":{},"geometry":{"type":"LineString","coordinates":[[4.9058025,43.4297539],[4.9058941,43.4294318],[4.9058994,43.4291826]]}},{"type":"Feature","properties":{},"geometry":{"type":"LineString","coordinates":[[5.4712405,43.2059939],[5.4715646,43.2060348],[5.4719434,43.2059472],[5.4721992,43.2058254],[5.4722799,43.2058359],[5.4724913,43.2058948],[5.472542,43.2058656],[5.4725837,43.2058647],[5.4726527,43.2058338],[5.4727033,43.2058449],[5.4727737,43.2057663],[5.4728416,43.2057514],[5.4730797,43.2059274],[5.473196,43.2060892],[5.473227,43.206117],[5.4732648,43.2061434],[5.4733065,43.2061589],[5.4733502,43.2061672],[5.4733995,43.2061669],[5.4734343,43.2061617],[5.4734688,43.2061485],[5.4735027,43.2061322],[5.4735266,43.2061132],[5.4735503,43.2060898],[5.4738195,43.2058455],[5.4741076,43.2057458],[5.47439,43.2056699],[5.4746108,43.2055595],[5.4746831,43.2056112],[5.4747951,43.2055874],[5.4748815,43.2055849],[5.4748921,43.2055302],[5.4749493,43.2055622],[5.4750624,43.2056052],[5.4751806,43.2056166],[5.4752048,43.2055551],[5.4752336,43.2054996],[5.4751357,43.2054885],[5.4751224,43.2053987],[5.4750885,43.2054065],[5.4751188,43.205362],[5.4751919,43.2053706],[5.4752942,43.2054388],[5.4753108,43.2053492],[5.4753434,43.2053344],[5.4753582,43.2052503],[5.4754344,43.2052306],[5.4755056,43.2052439],[5.4755751,43.2053215],[5.475731,43.2052875],[5.4758561,43.205156],[5.4759366,43.2051308],[5.4760084,43.2050862],[5.4760626,43.2050713],[5.4761828,43.2049698],[5.4762323,43.2049697],[5.4762782,43.2049139],[5.4762506,43.2048617],[5.4762903,43.204851],[5.4762686,43.2048104],[5.4761881,43.204773],[5.4761956,43.2047601],[5.4761433,43.2047241],[5.4761459,43.2046898],[5.4760946,43.2046449],[5.4760882,43.2046196],[5.4761233,43.2046169],[5.4761491,43.2046063],[5.4761546,43.2045942],[5.4760861,43.2045516],[5.4760869,43.2044848],[5.4760745,43.2044344],[5.4762312,43.2043482],[5.4763104,43.2043124],[5.4763998,43.204313],[5.4764997,43.2043221],[5.4765931,43.2043768],[5.4767718,43.2043733],[5.4768494,43.2044477],[5.4770711,43.2044797],[5.4771123,43.2044404],[5.4771587,43.2044245],[5.4770949,43.2043555],[5.4770471,43.2042618],[5.4770533,43.2042296],[5.4771329,43.2042137],[5.4771941,43.2041388],[5.4773904,43.2040985],[5.4774504,43.204076],[5.4774988,43.204107],[5.4776606,43.2040718],[5.477778,43.2040888],[5.4778559,43.2040581],[5.4780378,43.204058],[5.4781753,43.2042051],[5.4784028,43.2043713],[5.4786426,43.2044434],[5.4786684,43.2044849],[5.4788834,43.2046082],[5.4787155,43.2046561],[5.4786196,43.204665],[5.4787649,43.2047499],[5.4788599,43.204785],[5.4789182,43.2048033],[5.4788834,43.2047385],[5.4790361,43.2047748],[5.4791686,43.2048168],[5.4790732,43.2047431],[5.4792626,43.2047809],[5.47942,43.2049278],[5.4795202,43.2049429],[5.4795571,43.2048932],[5.4795954,43.2047362],[5.4796175,43.2047313],[5.4796208,43.2045615],[5.4796318,43.2045393],[5.4796866,43.2045187],[5.4797153,43.2044035],[5.479964,43.2043995],[5.4800063,43.2043866],[5.4800557,43.2044018],[5.480094,43.2044999],[5.4800812,43.2047501],[5.4801742,43.2047863],[5.4802278,43.2048396],[5.4803275,43.2046407],[5.4803884,43.2046225],[5.4804524,43.2044939],[5.4804158,43.2044559],[5.4804514,43.204447],[5.4804673,43.2043978],[5.4804883,43.2043867],[5.4805464,43.2044507],[5.4805464,43.204602],[5.480563,43.2046392]]}},{"type":"Feature","properties":{},"geometry":{"type":"LineString","coordinates":[[5.4350762,43.2067413],[5.4351727,43.2067073],[5.4352672,43.2066642],[5.4352809,43.2066247],[5.4353893,43.2065924],[5.4354306,43.2066233],[5.4354916,43.2066053],[5.4355147,43.2066164],[5.4355674,43.2066175],[5.4355909,43.2066419],[5.4356203,43.2066447],[5.435764,43.206564],[5.4358235,43.2065662],[5.4358819,43.2065249],[5.4359376,43.2065222],[5.4360191,43.2064706],[5.4360869,43.206474],[5.4361606,43.206453],[5.4362946,43.2064635],[5.4364339,43.2064413],[5.4366323,43.206455],[5.4366756,43.2064787],[5.436924,43.2064795],[5.4370324,43.2064351],[5.4370752,43.2064454],[5.4371443,43.2065127],[5.4371838,43.2065298],[5.4371875,43.2065828],[5.4372643,43.2067401],[5.4373253,43.2068212],[5.4374574,43.2068003],[5.4374673,43.206775],[5.4375451,43.2067936],[5.4376118,43.2068169],[5.4376845,43.2068014],[5.4377197,43.2068089],[5.4377707,43.2068121],[5.4378118,43.2067996],[5.4379276,43.2068586],[5.4379715,43.2069002],[5.4380272,43.2069182],[5.4380339,43.2069481],[5.4381358,43.2070097],[5.4381786,43.2070138],[5.4382406,43.2070494],[5.4382755,43.2071085],[5.4383679,43.2071532],[5.4383924,43.2071201],[5.4384327,43.207113],[5.4385061,43.2071519],[5.4385427,43.2072143],[5.4384856,43.2072659],[5.4385686,43.2072888],[5.4387004,43.2073068],[5.4387513,43.2073077],[5.4389002,43.2073329],[5.4390068,43.2073259],[5.4391475,43.207314],[5.4392232,43.2072597],[5.4393882,43.207233],[5.4394887,43.2072488],[5.4395912,43.2072215],[5.4397618,43.207236],[5.4398752,43.2071714],[5.4398142,43.2070215],[5.4398086,43.2069288],[5.4397962,43.2068527],[5.4397385,43.2067351],[5.4396586,43.2066498],[5.4396045,43.2066113],[5.4396164,43.2065767],[5.4396442,43.2065679],[5.4396789,43.2065345],[5.4397375,43.2063967],[5.439763,43.2063463],[5.4398185,43.2063074],[5.4398484,43.2062585],[5.4399336,43.206182],[5.4400303,43.2061057],[5.4401333,43.2061101],[5.4402692,43.2061212],[5.4403281,43.2060866],[5.4403778,43.2060753],[5.440419,43.2060483],[5.4405038,43.2060129],[5.4406394,43.2059435],[5.4406592,43.2059136],[5.440711,43.2058919],[5.4407509,43.2058848],[5.4408933,43.2057758],[5.4409554,43.2057419],[5.4409963,43.20574],[5.4410609,43.205718],[5.4410935,43.2056926],[5.4411431,43.2056964],[5.4411612,43.2056671],[5.4412098,43.2056537],[5.4412466,43.2056316],[5.4413538,43.2055264],[5.441455,43.2054514],[5.4416744,43.2053608],[5.4417792,43.205369],[5.4420201,43.2053068],[5.4420751,43.2053278],[5.4422642,43.2053],[5.4423401,43.2053441],[5.4423959,43.205332],[5.4424773,43.2052898],[5.4425816,43.2051704],[5.4425915,43.2051005],[5.4426126,43.2049543],[5.4426996,43.2049028],[5.4427388,43.2048639],[5.4427931,43.2048412],[5.4428692,43.2047886],[5.4429088,43.2047146],[5.4430498,43.2046286],[5.443102,43.2045752],[5.4431522,43.2045634],[5.4431596,43.2045195],[5.4431906,43.2044843],[5.443282,43.2044672],[5.4434039,43.2044772],[5.4435267,43.2044335],[5.4435961,43.2044136],[5.4436968,43.2044171],[5.443777,43.2044084],[5.4438849,43.2044313],[5.4440124,43.2044527],[5.4440756,43.2044752],[5.4441798,43.2045716],[5.4442729,43.204577],[5.4444061,43.2046145],[5.444496,43.2046246],[5.4447783,43.2047333],[5.4448526,43.2047551],[5.4449101,43.2048042],[5.4449216,43.204834],[5.4450592,43.2048983],[5.4451087,43.2049083],[5.4451269,43.2049298],[5.4451405,43.2049604],[5.4451737,43.2049709],[5.4451988,43.2049962],[5.4452588,43.2051287],[5.4453163,43.205174],[5.4453907,43.2052106],[5.4454763,43.2052267],[5.4455166,43.2052055],[5.4455407,43.205229],[5.4456082,43.205228],[5.4456214,43.2052569],[5.4456918,43.2052643],[5.4457813,43.2052952],[5.4459239,43.2053885],[5.4460547,43.2054444],[5.4460816,43.20548],[5.4461598,43.2055139],[5.446225,43.2055045],[5.4462535,43.2055502],[5.4462974,43.2055537],[5.4463381,43.205587],[5.4463959,43.2055929],[5.4465168,43.2055485],[5.4466104,43.2055036],[5.4466483,43.2054545],[5.4466909,43.2054306],[5.4467334,43.2053967],[5.4468718,43.2053517],[5.4469057,43.2053261],[5.44698,43.2053064],[5.4471567,43.205047],[5.4473609,43.2048269],[5.4474254,43.2047226],[5.4474886,43.2046119],[5.4475216,43.2045445],[5.4475443,43.2044828],[5.4476455,43.2044178],[5.4476962,43.2043678],[5.4477662,43.2043043],[5.4478688,43.2042252],[5.4479556,43.2041772],[5.4480608,43.2041105],[5.4481206,43.2040432],[5.4481951,43.2039881],[5.4482624,43.2039216],[5.448308,43.2038465],[5.448332,43.2038191],[5.4483763,43.2036887],[5.4484091,43.2036566],[5.44846,43.2035543],[5.4484675,43.2035066],[5.4484417,43.2034009],[5.4484889,43.2033024],[5.4485644,43.2032395],[5.4486783,43.2031887],[5.4489124,43.2029928],[5.4489779,43.202854],[5.4490694,43.2027937],[5.4490952,43.2027922],[5.4490954,43.2027577],[5.449153,43.202729],[5.4492155,43.2027455],[5.4492666,43.2027137],[5.4492763,43.2026719],[5.4493391,43.2026428],[5.4493814,43.2026391],[5.4494178,43.2025808],[5.4495907,43.2025461],[5.4496913,43.2025631],[5.4497857,43.2025788],[5.4498609,43.2026232],[5.4499311,43.2027525],[5.4499993,43.2027928],[5.4501665,43.2029267],[5.4502461,43.2030242],[5.4503336,43.2030836],[5.4504323,43.2031198],[5.4505073,43.2031782],[5.4505921,43.2032021],[5.4506421,43.203233],[5.4507849,43.2032725],[5.4508612,43.2033126],[5.4511252,43.2033843],[5.4514343,43.2033757],[5.4515196,43.2033308],[5.4516116,43.2032972],[5.451729,43.2032544],[5.4518724,43.2032581],[5.4519324,43.2032328],[5.451976,43.203213],[5.4520085,43.2031905],[5.4522052,43.2030545],[5.4522518,43.2030034],[5.4522773,43.2028326],[5.4523145,43.2027901],[5.4523499,43.2027617],[5.4523384,43.2027042],[5.4523528,43.2026393],[5.4521648,43.2023862],[5.4520467,43.2022844],[5.4519416,43.2022498],[5.4516498,43.2018759],[5.4515868,43.2017625],[5.4515479,43.2017203],[5.4513518,43.2015743],[5.4512957,43.2015195],[5.4512413,43.2014568],[5.4512001,43.2014118],[5.4512012,43.2013755],[5.451236,43.2013787],[5.4512578,43.2013869],[5.4512803,43.2013523],[5.45124,43.2012803],[5.4511333,43.2012168],[5.4510955,43.2011857],[5.4511117,43.2011339],[5.4511693,43.2011323],[5.4512308,43.2011428]]}},{"type":"Feature","properties":{},"geometry":{"type":"LineString","coordinates":[[5.43154,43.2085236],[5.4315819,43.2084929],[5.4316575,43.2084885],[5.4318198,43.2084969],[5.4319414,43.2084614],[5.4320193,43.208475],[5.4320791,43.2084719],[5.4321571,43.2084499],[5.4321214,43.2083972],[5.4318249,43.2081453],[5.4317594,43.2080602],[5.431756,43.2080313],[5.431795,43.2079719],[5.431875,43.2078858],[5.4319681,43.2078076],[5.4323624,43.2075388],[5.4323948,43.2075262],[5.4324272,43.2075293],[5.4325049,43.2075576],[5.4329121,43.207571],[5.4329703,43.2075608],[5.4333608,43.207434],[5.4334656,43.2074367],[5.4338744,43.2073355],[5.4342101,43.2072541],[5.434248,43.2072816],[5.4343005,43.2072615],[5.4343274,43.2072817],[5.4344348,43.2072159],[5.4345304,43.207219],[5.4346517,43.2072049],[5.4346794,43.2071439],[5.4346597,43.2070977],[5.434713,43.2070643],[5.4348357,43.2070126],[5.4349173,43.2069386],[5.4349586,43.2068466],[5.4349946,43.2067836],[5.4350762,43.2067413]]}},{"type":"Feature","properties":{},"geometry":{"type":"LineString","coordinates":[[5.5580679,43.1862085],[5.5581648,43.1861202],[5.558687,43.1858132],[5.5590742,43.18567],[5.5591637,43.1855225],[5.5592063,43.1851763],[5.55953,43.1849628],[5.5597626,43.1846651],[5.5603974,43.1841574],[5.5606286,43.1839488],[5.5608742,43.1838793],[5.5610388,43.1838372],[5.5611226,43.1837529],[5.5610677,43.1836118],[5.5610966,43.1835022],[5.5613162,43.1833927],[5.5614895,43.1829882],[5.5616571,43.1826553],[5.5616629,43.1825563],[5.5615184,43.1824952],[5.56153,43.182293],[5.5616282,43.1821286],[5.5617929,43.1820949],[5.5620096,43.1821897],[5.562209,43.1821939],[5.5624777,43.1820928],[5.562885,43.1818379],[5.5633964,43.1814229],[5.564373,43.1805464],[5.5648006,43.1801209],[5.5649219,43.1797121],[5.5650982,43.1795478],[5.5656471,43.1792065],[5.5664886,43.1787217],[5.5672795,43.1784206],[5.567684,43.1781868],[5.5679151,43.1779845],[5.5681145,43.1777801],[5.5684641,43.177599],[5.5684178,43.1774557],[5.5685623,43.1772682],[5.5688454,43.1769542],[5.5691632,43.1768679],[5.5693424,43.1767815],[5.5695215,43.176516],[5.5695648,43.1761683],[5.5694955,43.1759598],[5.5694117,43.1757301],[5.569562,43.175551],[5.5693886,43.1753213],[5.5696486,43.1751423],[5.5703825,43.1745523],[5.5711481,43.1741604],[5.5716277,43.1737242],[5.5721767,43.1734103],[5.5722691,43.1731553],[5.5722951,43.1729741],[5.5725956,43.1728751],[5.5727863,43.1729741],[5.5730665,43.1729615],[5.573289,43.1731458],[5.5736097,43.1731322],[5.5742477,43.1728067],[5.5755475,43.1725642],[5.575978,43.1724978],[5.5761961,43.1725042],[5.5763449,43.1725579],[5.5765096,43.1725937],[5.5767089,43.1725516],[5.5769386,43.1724863],[5.5771351,43.1723946],[5.5783419,43.1717989],[5.5785763,43.1717299],[5.5786774,43.1717678],[5.5788074,43.1717562],[5.5789317,43.1717783],[5.57904,43.1718026],[5.5791946,43.1717562],[5.5793232,43.1717099],[5.580693,43.1708074],[5.5807941,43.1707831],[5.5809833,43.1706851],[5.5810743,43.1705819],[5.5812694,43.1704797],[5.5812939,43.170407],[5.5813936,43.1703385],[5.5814586,43.1702237],[5.5813228,43.1702332],[5.5812867,43.1701794],[5.5813589,43.1701278],[5.5814543,43.1701109],[5.5814875,43.1700435],[5.581499,43.1699866],[5.5815236,43.1699255],[5.5816189,43.1699055],[5.5817374,43.169915],[5.5817461,43.1699782],[5.5819382,43.1699782],[5.5820335,43.1699729],[5.5822026,43.1698897],[5.5823528,43.1698581],[5.5824684,43.1697959],[5.5828786,43.1697201],[5.5830852,43.1696632],[5.583273,43.1695557],[5.5834781,43.1693892],[5.5835793,43.1693977],[5.5838191,43.1692228],[5.5838653,43.1691048],[5.5842582,43.1690416],[5.5849401,43.1688519],[5.5851083,43.1691583],[5.5852215,43.1691624],[5.5852872,43.1690714],[5.5851933,43.168865],[5.5852828,43.1686876],[5.5854399,43.1685506],[5.585697,43.1684853],[5.5860811,43.1685589],[5.5864568,43.168586],[5.5865551,43.168637],[5.5866036,43.1687465],[5.5867491,43.1688662],[5.5868181,43.1689531],[5.5871475,43.1693232],[5.5871634,43.1691849],[5.5870886,43.1690525],[5.5871715,43.1689325],[5.5873587,43.168851],[5.5873243,43.1687418],[5.5873265,43.1686475],[5.5875635,43.1685653],[5.5877256,43.1685826],[5.5877888,43.1686644],[5.5878903,43.168733],[5.5881953,43.1687826],[5.5883328,43.1689575],[5.5883798,43.1689149],[5.5883704,43.1687219],[5.5885371,43.1687402],[5.588589,43.1685984],[5.5887162,43.168481],[5.5887885,43.1683104],[5.5887278,43.1682345],[5.5887076,43.1680259],[5.5885689,43.1679163],[5.5885198,43.1676424],[5.5886845,43.1674548],[5.5887567,43.1672357],[5.5887423,43.1670565],[5.5890254,43.1669048],[5.5893605,43.1667531],[5.5894617,43.1667763],[5.5896231,43.1669572],[5.5898047,43.167047],[5.5899276,43.1672046],[5.5900321,43.167246],[5.5901141,43.1672322],[5.5901226,43.1671679],[5.5901535,43.1671131],[5.5901252,43.1670628],[5.5901308,43.1670169],[5.5901206,43.1669852],[5.5901384,43.1669587],[5.5901556,43.1669064],[5.5901208,43.1668572],[5.59011,43.1667349],[5.5901299,43.1667006],[5.5901949,43.1666684],[5.5902262,43.166622],[5.590332,43.1665699],[5.5904354,43.1665123],[5.5905261,43.1665221],[5.5905737,43.1664804],[5.5906611,43.1664822],[5.5907076,43.1665071],[5.5907839,43.1664857],[5.5908967,43.1664532],[5.5909563,43.1664194],[5.59105,43.1663647],[5.5911527,43.1663166],[5.5911936,43.1662786],[5.5912307,43.1662073],[5.5913316,43.1661794],[5.5913873,43.1661186],[5.5913542,43.1660898],[5.5913947,43.1660395],[5.5915684,43.1659333],[5.5916684,43.1658658],[5.5917356,43.1658128],[5.5917821,43.1657809],[5.5918698,43.1657572],[5.5919347,43.1657175],[5.5920243,43.1656802],[5.5921443,43.1656115],[5.5921952,43.1655855],[5.5922104,43.1655637],[5.5922609,43.1655339],[5.5923161,43.165508],[5.5923713,43.1654955],[5.5923849,43.1654807],[5.5924573,43.1654482],[5.5924919,43.1654419],[5.5925165,43.1654217],[5.5925522,43.165404],[5.5925941,43.1653661],[5.592669,43.1653304],[5.5928545,43.1652928],[5.5929303,43.1652622],[5.5929834,43.1652527],[5.5929929,43.165254],[5.5930384,43.1652488],[5.5930979,43.1652535],[5.5931185,43.1652682],[5.5932058,43.1652813],[5.5932598,43.1652971],[5.5933463,43.1653475],[5.5934014,43.1654005],[5.5934167,43.1654168],[5.593444,43.1654219],[5.5934768,43.165441],[5.5935367,43.1654523],[5.5935803,43.1654753],[5.5936352,43.1654839],[5.5936596,43.165482],[5.5936809,43.1654968],[5.5936818,43.1655051],[5.5937057,43.1655321],[5.5937223,43.165573],[5.5937521,43.1655929],[5.5938073,43.1655884],[5.5939139,43.1657008],[5.5939206,43.1656913],[5.593925,43.1656832],[5.5939346,43.1656724],[5.593956,43.1656662],[5.5939819,43.1656776],[5.5939978,43.1656927],[5.5940136,43.1657149],[5.5940101,43.1657222],[5.5939913,43.1657251],[5.5939729,43.1657302],[5.593958,43.1657331],[5.593941,43.1657428],[5.5940148,43.1659119],[5.5940553,43.1659616],[5.5940803,43.1659736],[5.5941,43.1659588],[5.5941192,43.1659477],[5.5941452,43.1659455],[5.5941694,43.1659556],[5.5941906,43.1659798],[5.5941848,43.1659601],[5.5941868,43.1659491],[5.5941765,43.1659086],[5.5941545,43.1658889],[5.594139,43.1658538],[5.59413,43.1658469],[5.5941297,43.1658141],[5.594108,43.1657024],[5.5940698,43.1656208],[5.5940484,43.1656115],[5.5940305,43.1655839],[5.594021,43.1655513],[5.5940025,43.1655347],[5.5939943,43.1655086],[5.59398,43.1654989],[5.5939719,43.1654738],[5.5939535,43.1654497],[5.5939444,43.165413],[5.5939482,43.1653315],[5.5939483,43.1652931],[5.593942,43.1652682],[5.5939665,43.1652293],[5.5939557,43.1651916],[5.5939564,43.1651469],[5.5939664,43.1651022],[5.5939755,43.1650828],[5.5939593,43.1650486],[5.59394,43.1650438],[5.5939323,43.165034],[5.5939056,43.1650343],[5.5938953,43.1650075],[5.5938871,43.1649924],[5.5939169,43.1649792],[5.593914,43.1649691],[5.5938854,43.1647993],[5.5939201,43.1647084],[5.5943001,43.1645683],[5.5945849,43.1645184],[5.5947928,43.1645454],[5.5948679,43.1645963],[5.5949886,43.164607],[5.5951173,43.1645532],[5.5951906,43.1645563],[5.5952503,43.164601],[5.595253,43.1646224],[5.5952852,43.1646339],[5.5952756,43.1646838],[5.5952441,43.1647268],[5.5953652,43.164815],[5.5953351,43.1648519],[5.5953221,43.1649023],[5.5953219,43.1649595],[5.5953239,43.16498],[5.5953972,43.1650708],[5.5954526,43.1652256],[5.5955464,43.1653908],[5.5956654,43.165534],[5.5957085,43.165559],[5.595842,43.1655675],[5.5959318,43.1655877],[5.5959639,43.1656132],[5.5959944,43.1656811],[5.5960596,43.1657492],[5.5960536,43.1658056],[5.5959948,43.1658457],[5.5959538,43.1658617],[5.5957279,43.1659241],[5.5955151,43.1659386],[5.5954494,43.1659366],[5.5954261,43.1659511],[5.5954514,43.1659571],[5.5954836,43.1659476],[5.5955295,43.1659606],[5.5955514,43.1659601],[5.5955692,43.1659486],[5.5956978,43.1659665],[5.5957642,43.1659665],[5.5957964,43.165975],[5.5958053,43.1659945],[5.595975,43.165987],[5.5959934,43.1659951],[5.5960011,43.1660106],[5.5960311,43.1660226],[5.5960834,43.1660911],[5.5960727,43.1661341],[5.5960205,43.1661631],[5.5960118,43.1661751],[5.5960253,43.1661871],[5.5961105,43.166209],[5.5961279,43.1662252],[5.5961424,43.1662499],[5.5961279,43.1662859],[5.5961347,43.1663043],[5.5960998,43.166341],[5.5959382,43.166372],[5.5957702,43.1664186],[5.5959988,43.1663934],[5.5960154,43.1664133],[5.596362,43.1663831],[5.5963898,43.1664109],[5.5963918,43.1664737],[5.5964208,43.1664666],[5.5964586,43.1664687],[5.5964837,43.1664977],[5.5964783,43.1665242],[5.5965235,43.16654],[5.5965432,43.1665607],[5.5965625,43.1666023],[5.5965854,43.1666059],[5.5966077,43.1665968],[5.5966504,43.166563],[5.5967013,43.1665531],[5.5967448,43.1665709],[5.5968096,43.1666807],[5.5968135,43.1667117],[5.5968328,43.1667361],[5.5968633,43.1667047],[5.5969374,43.1667019],[5.5969568,43.1667254],[5.5970265,43.1667666],[5.5971798,43.1667144],[5.5973636,43.1666689],[5.5972604,43.1664485],[5.5972007,43.1664455],[5.5972081,43.166424],[5.5973139,43.1664087],[5.5973382,43.16638],[5.5973007,43.166296],[5.5972663,43.1662081],[5.5972362,43.1661283],[5.5972033,43.1660783],[5.5971773,43.1660464],[5.5971513,43.1659875],[5.597128,43.1659406],[5.5970924,43.1658268],[5.5970733,43.1657569],[5.5970377,43.1656321],[5.5969925,43.1655592],[5.5969734,43.1655043],[5.5969433,43.1654444],[5.5969104,43.1653935],[5.5968748,43.1653286],[5.5968543,43.1652737],[5.5968173,43.1652008],[5.5967804,43.1651439],[5.5967448,43.16509],[5.5966983,43.1649393],[5.5966859,43.1648754],[5.5966408,43.1648005],[5.5966011,43.1647396],[5.5965696,43.1647107],[5.5965285,43.1646717],[5.5964943,43.1646078],[5.5964724,43.1645429],[5.5964409,43.164501],[5.596367,43.164483],[5.5963123,43.1644671],[5.5963,43.1644381],[5.5963191,43.1644022],[5.5963082,43.1643952],[5.5962808,43.1644042],[5.5962603,43.1643852],[5.5962767,43.1643702],[5.5962835,43.1643453],[5.5962904,43.1643213],[5.5962918,43.1643073],[5.5962874,43.1642824],[5.596272,43.1642729],[5.596273,43.1642562],[5.5963339,43.1641611],[5.5962387,43.1640921],[5.5962735,43.1640667],[5.5964446,43.1640684],[5.5965455,43.1640492],[5.5966981,43.1640659],[5.5967778,43.1641133],[5.5967787,43.1641348],[5.5968141,43.1641384],[5.5968299,43.1641513],[5.5968466,43.164152],[5.5968722,43.164152],[5.5969095,43.1641721],[5.5969184,43.1641986],[5.5969292,43.1642208],[5.5969469,43.1642208],[5.5969449,43.1642567],[5.5969607,43.1642768],[5.5969813,43.1642962],[5.5970069,43.164294],[5.5970157,43.1642969],[5.5970089,43.1643127],[5.5970334,43.1643141],[5.5970443,43.1643062],[5.5970646,43.1643163],[5.5970667,43.1643412],[5.5970885,43.1643492],[5.5970974,43.1643743],[5.597197,43.1644057],[5.5972324,43.164395],[5.5972678,43.1643971],[5.5973081,43.1644696],[5.5973573,43.164494],[5.5973553,43.1645183],[5.597375,43.1645542],[5.597378,43.1645962],[5.5974651,43.1646053],[5.5975831,43.1647215],[5.597669,43.1648554],[5.5977284,43.1649239],[5.5977298,43.1648369],[5.5976775,43.1647322],[5.5976835,43.1646838],[5.5977432,43.1646696],[5.5978133,43.1646799],[5.597831,43.1647],[5.5978821,43.1647],[5.5978959,43.1647186],[5.5979898,43.1647238],[5.5981407,43.1647531],[5.5982213,43.1647832],[5.5982292,43.1648234],[5.5982901,43.1648526],[5.5983072,43.1649029],[5.5983976,43.1649602],[5.5985762,43.1651505],[5.5986518,43.1652961],[5.5986833,43.1653309],[5.5986673,43.165282],[5.5985995,43.1651426],[5.5985673,43.1649846],[5.5985606,43.1648782],[5.5985626,43.164787],[5.5986122,43.1647948],[5.5986578,43.1648472],[5.5986545,43.1647743],[5.5986775,43.1647226],[5.5986632,43.1646544],[5.5987482,43.1646235],[5.5988872,43.1647127],[5.5989408,43.1647919],[5.5989874,43.1647656],[5.5989616,43.1646736],[5.598987,43.1646041],[5.59898,43.1645449],[5.5991232,43.1644075],[5.5992633,43.1642593],[5.5993225,43.1642149],[5.5993347,43.1641115],[5.5993297,43.1640854],[5.599213,43.1640602],[5.5991701,43.1640083],[5.599159,43.1639434],[5.5990696,43.1637638],[5.5990602,43.1636689],[5.5990047,43.1635951],[5.5990523,43.1634968],[5.5991902,43.1635173],[5.5993927,43.163444],[5.5994343,43.1634048],[5.5994612,43.1633931],[5.5994504,43.163351],[5.5995217,43.1633102],[5.599728,43.1633138],[5.5998594,43.1633431],[5.5999723,43.1633717],[5.600262,43.1633022],[5.6003987,43.1632239],[5.6004897,43.1631394],[5.6006576,43.1629951],[5.6012102,43.1627407],[5.6014729,43.1626017],[5.6015187,43.1625579],[5.6016568,43.1624874],[5.6017707,43.1624247],[5.6020483,43.1623044],[5.6020631,43.1622526],[5.6020143,43.1622008],[5.6019743,43.1621918],[5.6019556,43.1621762],[5.6019934,43.1620953],[5.6022158,43.162004],[5.6023468,43.1619759],[5.6025752,43.1620265],[5.6027411,43.161945],[5.6029209,43.1618782],[5.602936,43.1617682],[5.6029936,43.161674],[5.6032632,43.1615422],[5.6034573,43.1614416],[5.6036126,43.1613969],[5.6037883,43.1612747],[5.6040192,43.1611897],[5.6041411,43.1611046],[5.6041928,43.1610655],[5.6042678,43.1610178],[5.6043577,43.1609486],[5.604403,43.1609186],[5.604406,43.1608718],[5.6043852,43.1608522],[5.6043711,43.1608253],[5.6043731,43.1608087],[5.6043725,43.1607838],[5.6043932,43.160766],[5.6043738,43.1607358],[5.604398,43.1606801],[5.6044127,43.1606698],[5.6044353,43.1606286],[5.6044446,43.1606099],[5.6044684,43.1605991],[5.6044845,43.1605879],[5.6044885,43.1605685],[5.6044838,43.1605492],[5.6044845,43.1605426],[5.604493,43.1605371],[5.6044928,43.160526],[5.6044982,43.1605152],[5.6045086,43.1605042],[5.6045213,43.1604873],[5.6045614,43.1604168],[5.6045589,43.160388],[5.6045723,43.1603748],[5.6045891,43.1603709],[5.6046025,43.1603607],[5.6046119,43.1603391],[5.6046326,43.1603093],[5.6046414,43.1602866],[5.6046476,43.1602749],[5.6046502,43.1602702],[5.6046672,43.1602655],[5.6046876,43.1602689],[5.6046888,43.1602731],[5.6047017,43.1602729],[5.6047178,43.1602711],[5.6047252,43.1602736],[5.6047497,43.1602741],[5.6047681,43.160278],[5.6047879,43.160277],[5.6048046,43.1602831],[5.6048204,43.1602826],[5.6048962,43.1602888],[5.6049522,43.1602954],[5.6050014,43.1603059],[5.6050377,43.1603225],[5.6050712,43.1603416],[5.6050917,43.1603641],[5.6051631,43.1603861],[5.6052274,43.1603788],[5.6052603,43.1603631],[5.6053495,43.1603607],[5.6054247,43.1603656],[5.6054822,43.1603631],[5.605552,43.1603426],[5.6056302,43.1603351],[5.6057159,43.1602981],[5.6057523,43.160338],[5.6058663,43.1603439],[5.606054,43.1603895],[5.6063338,43.1604595],[5.6064823,43.160469],[5.6069422,43.1604782],[5.6071418,43.1604963],[5.6073171,43.160456],[5.6073832,43.1605191],[5.607453,43.1605015],[5.607517,43.1605322],[5.6075211,43.1606195],[5.6074693,43.1607333],[5.6074852,43.1608205],[5.6074611,43.1609104],[5.607516,43.1609192],[5.6076367,43.1610367],[5.6076662,43.1611178],[5.6078164,43.1611902],[5.6078728,43.1612509],[5.6078553,43.1613369],[5.6077547,43.1614396],[5.6077762,43.16156],[5.6077212,43.1616353],[5.6077453,43.1617008],[5.6076258,43.1619238],[5.6075039,43.1620569],[5.6070935,43.1622956],[5.6069564,43.162418],[5.6067825,43.162512],[5.6066317,43.162584],[5.6064627,43.1625827],[5.6062773,43.1625288],[5.6061575,43.1624164],[5.6060031,43.1624276],[5.6058772,43.1624326],[5.6057502,43.1623889],[5.6056704,43.1623431],[5.6056624,43.1623516],[5.6057585,43.1624468],[5.60579,43.1624918],[5.6057847,43.1625539],[5.6057285,43.1626087],[5.6058195,43.1626038],[5.6058676,43.1626203],[5.6059408,43.1626218],[5.605953,43.1626295],[5.605957,43.1626859],[5.6059306,43.1627181],[5.6059038,43.1627957],[5.6059623,43.1628062],[5.6060098,43.1627963],[5.6060676,43.1627935],[5.6061319,43.1628099],[5.6061687,43.1628524],[5.6061477,43.1629403],[5.6060781,43.162986],[5.6060912,43.1630207],[5.6061457,43.1630457],[5.60621,43.1630327],[5.6062903,43.1630454],[5.6063238,43.1630821],[5.6064145,43.1630747],[5.6065141,43.1631465],[5.60655,43.1632651],[5.6066594,43.1632703],[5.6067498,43.1632733],[5.6067779,43.1633046],[5.6068502,43.1632942],[5.6069697,43.1632606],[5.6070193,43.1632635],[5.6070334,43.1633116],[5.6068839,43.1633829],[5.606776,43.1634709],[5.6066989,43.1635195],[5.6069084,43.1634793],[5.6070596,43.1634151],[5.6071816,43.1634205],[5.6075712,43.1633291],[5.6076343,43.1633312],[5.6076747,43.1633419],[5.6076733,43.1633947],[5.6078168,43.1633527],[5.6078369,43.1633673],[5.6077176,43.1636285],[5.6076508,43.1637875],[5.607609,43.1638868],[5.6075835,43.1639601],[5.6075587,43.163945],[5.6075339,43.1639665],[5.607499,43.1640873],[5.6075285,43.1641142],[5.6075178,43.1641783],[5.6075231,43.1642575],[5.6073971,43.1643768],[5.6073568,43.1643377],[5.6072764,43.164326],[5.6072132,43.1644057],[5.6072133,43.1644649],[5.6071932,43.1645461],[5.6070296,43.1646233],[5.6069974,43.1645884],[5.6070255,43.1645364],[5.6070071,43.1644596],[5.6068733,43.1645371],[5.6068325,43.1646325],[5.6067438,43.1647435],[5.6066009,43.164808],[5.6064541,43.1648191],[5.6064141,43.1647579],[5.6064019,43.164826],[5.606365,43.1648415],[5.6061791,43.1648398],[5.6061472,43.1648584],[5.6061109,43.1648796],[5.6061045,43.1650298],[5.6061508,43.1651547],[5.6064004,43.1651153],[5.6064446,43.16518],[5.6064583,43.1653942],[5.6064248,43.1654401],[5.6064645,43.1654639],[5.6064382,43.1655125],[5.6063027,43.165537],[5.6061364,43.1656162],[5.6059809,43.1657127],[5.6059634,43.1657942],[5.6058642,43.165851],[5.6058644,43.1659084],[5.6059218,43.1659928],[5.6058906,43.1660789]]}},{"type":"Feature","properties":{},"geometry":{"type":"LineString","coordinates":[[5.5132035,43.2013947],[5.5133073,43.2014461],[5.513393,43.2015273],[5.5133747,43.2015954],[5.5132997,43.2015878],[5.5132801,43.2015356],[5.5132045,43.2015756],[5.5131527,43.2016256],[5.5130207,43.2018119],[5.5129575,43.201821],[5.5128761,43.2019741],[5.5126542,43.2021147],[5.512539,43.2022007],[5.5124855,43.2023452],[5.5124374,43.2023643],[5.5124003,43.2024038],[5.5123637,43.2024879],[5.5122766,43.2025381],[5.5122415,43.2026565],[5.512269,43.2027269],[5.512207,43.2028885],[5.5121919,43.2028898],[5.5121603,43.2029259],[5.5121278,43.2029423],[5.5120969,43.2029752],[5.5120602,43.2029985],[5.5119626,43.2030414],[5.5118687,43.2031097],[5.5118955,43.2031293],[5.5120394,43.2031197],[5.5121301,43.2031404],[5.5121833,43.2031607],[5.5122175,43.203146],[5.5122947,43.2031651],[5.5123346,43.203209],[5.5123422,43.2032471],[5.5123208,43.2032882],[5.5122532,43.2034129],[5.5122341,43.2035248],[5.5122261,43.2036525],[5.5122312,43.203717],[5.5122192,43.2037757],[5.5122073,43.2038079],[5.5121565,43.2038887],[5.5120903,43.2039435],[5.5120996,43.2040213],[5.5120998,43.2041136],[5.5121021,43.2041435],[5.5120912,43.2041581],[5.5120619,43.2041644],[5.5120766,43.2041899],[5.5120641,43.2042086],[5.5120842,43.2042114],[5.512123,43.2042071],[5.5121449,43.2042339],[5.5121684,43.2042618],[5.5121963,43.2042772],[5.5122007,43.2042896],[5.5121916,43.2043099],[5.5121604,43.2043415],[5.5121537,43.2044024],[5.5121405,43.2044247],[5.5121201,43.2045083],[5.5121263,43.2045438],[5.5120831,43.2045806],[5.5120646,43.2046597],[5.5120819,43.2047288],[5.5121373,43.2047084],[5.5122418,43.2046886],[5.5123267,43.2046643],[5.5123714,43.2047314],[5.5124013,43.2047739],[5.5124733,43.2048105],[5.5125353,43.2048469],[5.5125914,43.2048952],[5.5126062,43.2049413],[5.5126525,43.2049742],[5.5126824,43.2049738],[5.5126739,43.2050405],[5.5127569,43.2050771],[5.5127651,43.2051096],[5.5128101,43.2051078],[5.5128281,43.2051919],[5.5128705,43.2052301],[5.5129114,43.2052542],[5.5129592,43.2052548],[5.512982,43.2052326],[5.5130597,43.2052333],[5.5131011,43.2052422],[5.5131036,43.2052307],[5.5131808,43.2052268],[5.5132249,43.2052327],[5.5132479,43.2052122],[5.5133048,43.2052234],[5.5133487,43.2052324],[5.5133587,43.2052489],[5.513378,43.2052499],[5.5134006,43.2052612],[5.5134063,43.2052808],[5.5134647,43.205278],[5.5134959,43.2053058],[5.5134926,43.2053362],[5.5135119,43.2053509],[5.5136166,43.2053612],[5.5136181,43.2053767],[5.5136481,43.2053802],[5.5136657,43.2053982],[5.5137433,43.2053996],[5.5137424,43.2054281],[5.5137665,43.2054433],[5.5137995,43.2054383],[5.5138378,43.2054278],[5.5138754,43.2054381],[5.5138543,43.2054569],[5.5138786,43.2054697],[5.5139258,43.2054653],[5.5139687,43.205457],[5.5140104,43.2054669],[5.5140171,43.2054781],[5.5140306,43.2054912],[5.5140862,43.2054858],[5.5141302,43.205508],[5.5141847,43.2055056],[5.514186,43.2055185],[5.5142371,43.2055219],[5.5142567,43.2055404],[5.5142602,43.2055515],[5.5142926,43.2055501],[5.5144128,43.2055486],[5.5145747,43.2055537],[5.5146371,43.2055706],[5.514687,43.205592],[5.5147483,43.2056004],[5.5148193,43.2056347],[5.5148683,43.2056771],[5.5149018,43.205734],[5.5149237,43.20574],[5.514975,43.2058294]]}},{"type":"Feature","properties":{},"geometry":{"type":"LineString","coordinates":[[5.5497954,43.1939818],[5.5497996,43.1938786],[5.5498542,43.1937881],[5.5499505,43.1936782],[5.5500378,43.193606],[5.5500465,43.1933561],[5.5504138,43.1932071],[5.5506543,43.1929042],[5.550657,43.192742],[5.5508355,43.1926975],[5.5510254,43.1925211],[5.5511895,43.192246],[5.5515612,43.1919505],[5.5518281,43.1918233],[5.5521789,43.1916713],[5.5522051,43.1915271],[5.5524107,43.1914069],[5.5525831,43.1912484],[5.552695,43.1911441],[5.5527805,43.1910386],[5.5528914,43.1909435],[5.5529645,43.1908636],[5.5530162,43.1907722],[5.5528879,43.1906443],[5.5530076,43.1904594],[5.5534343,43.1903003],[5.5535984,43.190174],[5.5537193,43.1901009],[5.5539427,43.1899871],[5.5541975,43.189877],[5.5543091,43.1898316],[5.554435,43.1897046],[5.5545267,43.1896392],[5.554653,43.1895773],[5.5547137,43.1894876],[5.5547731,43.1894311],[5.5548445,43.1893936],[5.5549322,43.1893694],[5.5550545,43.1893511],[5.5553324,43.1891428],[5.5561478,43.1884732]]}},{"type":"Feature","properties":{},"geometry":{"type":"LineString","coordinates":[[5.480563,43.2046392],[5.4804752,43.2048557],[5.4802689,43.2049131],[5.4803919,43.2050415],[5.4805981,43.2051003],[5.4807312,43.2051899],[5.4807724,43.2052198],[5.4807711,43.2052505],[5.4808418,43.2053053],[5.4808639,43.2053545],[5.480903,43.2054124],[5.4809789,43.2054266],[5.4810594,43.205475],[5.4811133,43.205487],[5.4812761,43.2055006],[5.481421,43.205528],[5.4815992,43.2056329],[5.4816604,43.2056169],[5.4817627,43.2056648],[5.4821211,43.2058],[5.4823193,43.2058213],[5.4823851,43.205837],[5.482506,43.2058086],[5.4825911,43.2058043],[5.4826286,43.205835],[5.4827023,43.2058585],[5.4827354,43.2058288],[5.4827909,43.2058252],[5.4827886,43.2058746],[5.4828293,43.2059011],[5.4828415,43.2059627],[5.4829368,43.2060428],[5.4830285,43.2060595],[5.4831136,43.206179],[5.483117,43.2062345],[5.4831547,43.2062665],[5.4832455,43.2062371],[5.4833839,43.2060642],[5.4834872,43.2060251],[5.4835164,43.2059298],[5.4835779,43.2058885],[5.4835987,43.2057448],[5.483682,43.2056127],[5.4837134,43.2054811],[5.4837462,43.205424],[5.4838841,43.2054053],[5.4839646,43.2054273],[5.48409,43.2054218],[5.4841253,43.2053853],[5.4841363,43.2053406],[5.4841874,43.2053132],[5.4842507,43.2051595],[5.4843005,43.2050795],[5.4843971,43.205036],[5.4844075,43.2049969],[5.4844073,43.2049494],[5.4844611,43.2049062],[5.4845918,43.2048983],[5.484651,43.2048388],[5.4846894,43.2048154],[5.4847067,43.2047981],[5.4846508,43.2046998],[5.4846399,43.204662],[5.4846754,43.2046324],[5.4848385,43.2045863],[5.4848899,43.204553],[5.4849049,43.204507],[5.4849471,43.2044788],[5.4850086,43.2044827],[5.4850616,43.2044671],[5.4852556,43.2045132],[5.4853103,43.2045421],[5.4854946,43.2045856],[5.4855033,43.2046052],[5.4854725,43.2045986],[5.4854571,43.2046081],[5.4855432,43.2046379],[5.4855882,43.2046394],[5.4856005,43.2046262],[5.4856542,43.204624],[5.4856559,43.2046189],[5.4856924,43.2046142],[5.4857139,43.2045937],[5.485789,43.2045617],[5.4858141,43.2045529],[5.4857987,43.2045282],[5.4857883,43.2045001],[5.4858306,43.2044524],[5.4858705,43.2044488],[5.4859033,43.2044605],[5.4859633,43.2044725],[5.4860016,43.2044884],[5.4860461,43.2044898],[5.4860488,43.204481],[5.4861082,43.2044771],[5.4861169,43.2044717],[5.4861434,43.2044715],[5.4861622,43.2044576],[5.4861866,43.2044593],[5.4862161,43.2044515],[5.4862527,43.2044397],[5.486304,43.2044373],[5.4864039,43.2043993],[5.4863647,43.2043664],[5.48638,43.204339],[5.4864989,43.2043041],[5.4868427,43.2043697],[5.4870265,43.2043666],[5.4871292,43.2043999],[5.4871416,43.2044502],[5.4872805,43.2044461],[5.4872847,43.2044831],[5.487353,43.2044626],[5.4874884,43.2045117],[5.4874738,43.2044681],[5.4874409,43.204451],[5.4874308,43.2044348],[5.4874503,43.2043943],[5.4874644,43.2043957],[5.487508,43.2043581],[5.4874885,43.2043469],[5.4874885,43.2042994],[5.4875012,43.2042862],[5.4875026,43.2042535],[5.4875354,43.2042237],[5.4876675,43.2042252],[5.4877333,43.2041914],[5.4877279,43.2041826],[5.4876749,43.2041758],[5.4875489,43.2041303],[5.4875086,43.2041098],[5.4874972,43.2040844],[5.4875207,43.2040521],[5.4875453,43.2040538],[5.4876266,43.2040527],[5.4876661,43.2040762],[5.4877894,43.2040973],[5.4879727,43.2041208],[5.4879758,43.2041006],[5.4879522,43.2040841],[5.4879458,43.2040592],[5.4879576,43.2040406],[5.4880172,43.204048],[5.4880504,43.2040387],[5.4880139,43.2039949],[5.4880169,43.203982],[5.4880045,43.2039661],[5.4880025,43.2039465],[5.4880146,43.2039336],[5.4879995,43.203915],[5.4879834,43.2039033],[5.4879871,43.2038886],[5.4880598,43.2038696],[5.4880739,43.2038737],[5.4881158,43.2038845],[5.4881071,43.2038708],[5.4881342,43.2038696],[5.4881688,43.2038886],[5.4881624,43.2038544],[5.4881634,43.2038505],[5.4881738,43.2038505],[5.4881909,43.2038437],[5.4882855,43.2038664],[5.4883703,43.203903],[5.4884303,43.203917],[5.4884772,43.2039126],[5.4884658,43.2038964],[5.488429,43.2038855],[5.4884152,43.2038659],[5.4884347,43.2038598],[5.4884648,43.2038417],[5.4884883,43.2038478],[5.4884767,43.2038599],[5.4885174,43.203849],[5.4885297,43.2038332],[5.4885624,43.2038146],[5.4885785,43.2037877],[5.4885761,43.2037769],[5.4885537,43.2037706],[5.4885419,43.2037767],[5.4885165,43.2037832],[5.4884654,43.2037646],[5.4883917,43.203732],[5.488374,43.2037095],[5.4883324,43.203689],[5.4882731,43.2036687],[5.488256,43.2036474],[5.4882117,43.2036364],[5.4880156,43.2035934],[5.4880136,43.2035643],[5.4879951,43.203544],[5.4879344,43.203522],[5.4878851,43.2035069],[5.4878828,43.2034993],[5.4878181,43.2034766],[5.4878114,43.2034671],[5.4878147,43.2034465],[5.4878248,43.2034402],[5.4878627,43.2034441],[5.4878855,43.2034411],[5.4878835,43.2034328],[5.4878975,43.203427],[5.487917,43.2034284],[5.4879348,43.2034155],[5.4879532,43.203414],[5.4880363,43.203428],[5.4880675,43.2034162],[5.4880887,43.2034135],[5.4881088,43.2034167],[5.4881135,43.2034223],[5.4881061,43.2034277],[5.4881007,43.2034387],[5.4881192,43.2034436],[5.4881638,43.2034355],[5.4881574,43.2034248],[5.48815,43.2034245],[5.4881309,43.2034167],[5.4881212,43.2034018],[5.4881208,43.2033884],[5.4881155,43.2033708],[5.4881161,43.20336],[5.4881329,43.2033541],[5.4881369,43.2033449],[5.4881235,43.2033209],[5.4881564,43.2032984],[5.4881852,43.2032779],[5.4882201,43.203275],[5.488263,43.2033028],[5.4883508,43.2033258],[5.488387,43.2033473],[5.4884226,43.2033541],[5.4884548,43.2033649],[5.4884963,43.2033424],[5.4884695,43.2033229],[5.4884233,43.2033053],[5.4884226,43.2032886],[5.4883931,43.2032632],[5.4883428,43.2032312],[5.4883408,43.2032166],[5.488316,43.2031982],[5.4883113,43.203176],[5.4883046,43.2031462],[5.4883022,43.2031308],[5.4883314,43.2031322],[5.4883545,43.2031371],[5.4883907,43.2031427],[5.4884109,43.2031508],[5.488441,43.203163],[5.4884414,43.2031591],[5.4884293,43.203143],[5.4884353,43.2031349],[5.4884534,43.2031383],[5.4884682,43.2031493],[5.4884692,43.2031572],[5.4884803,43.2031652],[5.488493,43.2031611],[5.4885238,43.2031738],[5.4885604,43.2031823],[5.4885658,43.203166],[5.4885383,43.2031474],[5.4885215,43.2031085],[5.4885282,43.2030992],[5.4885426,43.2031044],[5.4885456,43.2030997],[5.4885376,43.2030887],[5.488557,43.2030799],[5.4885842,43.2030875],[5.4885902,43.2030802],[5.4886402,43.2030995],[5.4886298,43.2031139],[5.4886506,43.2031261],[5.4886724,43.2031283],[5.4886871,43.2031371],[5.4886901,43.2031647],[5.4887002,43.2031779],[5.4886881,43.203188],[5.4887183,43.2032131],[5.4887076,43.2032244],[5.4887123,43.2032356],[5.4887059,43.203242],[5.4887709,43.2032757],[5.4888031,43.2033092],[5.4887994,43.2033273],[5.4888118,43.2033312],[5.4888155,43.2033551],[5.4888219,43.2033568],[5.4888128,43.203384],[5.4888286,43.2033918],[5.4888413,43.2033884],[5.4888655,43.2033903],[5.4888457,43.2034118],[5.4888464,43.2034407],[5.4888397,43.2034568],[5.4888222,43.2034602],[5.48879,43.2035404],[5.4888147,43.2035398],[5.4887999,43.2035958],[5.4887955,43.2036764],[5.4889548,43.2037082],[5.4889868,43.2037091],[5.4890083,43.2036968],[5.4890462,43.2037068],[5.489077,43.2037026],[5.4891001,43.203708],[5.4891217,43.2036981],[5.4890958,43.2036858],[5.4891029,43.2036736],[5.489129,43.2036782],[5.4891438,43.2036753],[5.4891593,43.2036809],[5.4891745,43.203674],[5.4891721,43.2036703],[5.4891629,43.2036682],[5.4891478,43.203655],[5.4891421,43.2036389],[5.4891732,43.2036347],[5.4891474,43.2036222],[5.489134,43.2036183],[5.4891329,43.2036116],[5.4891468,43.203611],[5.4891488,43.2035968],[5.4892167,43.2035404],[5.4892273,43.2035449],[5.4892318,43.2035398],[5.4892317,43.2035333],[5.4892532,43.2035185],[5.4892842,43.2035372],[5.4892987,43.2035333],[5.4893184,43.2035411],[5.4893258,43.2035545],[5.4893382,43.203544],[5.489363,43.2035418],[5.4894083,43.203514],[5.4894019,43.2034981],[5.4894086,43.2034856],[5.4894288,43.2034761],[5.4894542,43.2034541],[5.4894636,43.2034678],[5.4894445,43.2035005],[5.4894378,43.2035289],[5.4895002,43.2035467],[5.4895736,43.2035768],[5.4896235,43.2035773],[5.4896374,43.2035091],[5.4896474,43.2034888],[5.4896443,43.2034372],[5.489642,43.203403],[5.4896256,43.2033954],[5.4896232,43.2033849],[5.4896376,43.2033735],[5.4896202,43.2033622],[5.4896152,43.2033451],[5.489591,43.2033378],[5.4895635,43.2033006],[5.4895699,43.2032539],[5.489581,43.2032412],[5.4896832,43.2031975],[5.4896983,43.2032031],[5.4897094,43.2032246],[5.4897523,43.2032395],[5.4897783,43.203203],[5.4897925,43.203206],[5.4898002,43.2031914],[5.4897965,43.2031757],[5.4898076,43.2031567],[5.4897898,43.2031401],[5.4897908,43.2031281],[5.489811,43.2031254],[5.4898582,43.2031374],[5.4898532,43.2031232],[5.4898217,43.2031129],[5.489809,43.2031019],[5.489785,43.2030837],[5.4897638,43.2030392],[5.4898868,43.202876],[5.4900025,43.2028082],[5.4899476,43.2027649],[5.489915,43.2027005],[5.4898048,43.2026635],[5.489775,43.2026059],[5.4896823,43.2025597],[5.4896626,43.202527],[5.4896614,43.2025137],[5.4896651,43.2024848],[5.4896799,43.2024594],[5.4897,43.2024166],[5.4897147,43.2024154],[5.4897473,43.2024144],[5.4897791,43.2024091],[5.4898136,43.2024118],[5.4898499,43.202411],[5.4898646,43.2024074],[5.4899131,43.2024043],[5.489996,43.2023969],[5.4900145,43.2023925],[5.4900524,43.2023929],[5.4900805,43.2023861],[5.4900983,43.2023729],[5.4900886,43.2023602],[5.4900668,43.202357],[5.4900487,43.2023402],[5.4900701,43.2023326],[5.4900872,43.2023248],[5.4901263,43.202308],[5.4901421,43.2023069],[5.4901752,43.2023119],[5.4902135,43.2023151],[5.4902416,43.2023194],[5.4902626,43.2023229],[5.4902861,43.2023296],[5.4902968,43.2023355],[5.4902991,43.2023306],[5.4902981,43.2023233],[5.4903028,43.2023145],[5.490336,43.2023123],[5.4903464,43.2023164],[5.4903648,43.2023206],[5.49039,43.2023025],[5.4904101,43.2022996],[5.4904557,43.2022773],[5.490448,43.2022685],[5.4904574,43.2022395],[5.4904829,43.202226],[5.4904705,43.2022128],[5.4904802,43.2022057],[5.4905083,43.2022079],[5.4905161,43.2022184],[5.4905335,43.2022162],[5.4905523,43.2022246],[5.4905687,43.2022359],[5.4905818,43.2022373],[5.490602,43.2022266],[5.4906158,43.2022244],[5.4906423,43.2022359],[5.4906533,43.2022384],[5.4906654,43.2022381],[5.490682,43.2022318],[5.4906894,43.2022318],[5.490702,43.2022352],[5.4907129,43.2022377],[5.4907486,43.2022324],[5.4907767,43.2022371],[5.490828,43.2022684],[5.4908523,43.2022776],[5.490912,43.202313],[5.4909348,43.2023394],[5.4909834,43.2023602],[5.4909804,43.2023727],[5.4909831,43.2023881],[5.4909948,43.2023956],[5.4909864,43.2024118],[5.4910035,43.2024152],[5.4910156,43.2024059],[5.4910421,43.2024008],[5.4910756,43.2024118],[5.4910924,43.202423],[5.4911085,43.2024474],[5.4911356,43.2024545],[5.4911464,43.2024638],[5.4912134,43.2024941],[5.4912278,43.2024988],[5.4912758,43.2025205],[5.4912989,43.2025247],[5.4913415,43.2025481],[5.4913636,43.2025628],[5.4914082,43.2025863],[5.4914022,43.202607],[5.4913905,43.2026183],[5.4913841,43.2026405],[5.4913884,43.2026564],[5.4914164,43.2026827],[5.4914136,43.2026883],[5.4914364,43.2027017],[5.4914401,43.2027121],[5.4914348,43.2027752],[5.4914301,43.2028242],[5.4914125,43.202852],[5.4913646,43.2028579],[5.4913356,43.2028997],[5.4913531,43.202971],[5.4914259,43.203042],[5.4914734,43.2030966],[5.4914817,43.2030979],[5.4915359,43.2031887],[5.4917516,43.2033962],[5.4917348,43.2035074],[5.4916568,43.2035961],[5.4916341,43.2036432],[5.4916484,43.2037548],[5.4916493,43.2037613],[5.4916325,43.2037691],[5.4916215,43.2037606],[5.4916164,43.2037615],[5.4916151,43.2037677],[5.4915946,43.2037723],[5.4915849,43.2037694],[5.4915802,43.2037586],[5.4915293,43.2037339],[5.4915118,43.203741],[5.4915215,43.203751],[5.4915403,43.2037596],[5.4915417,43.2037681],[5.4915353,43.2037694],[5.4915276,43.2037645],[5.4915226,43.203763],[5.4915259,43.2037782],[5.4914998,43.2037853],[5.4914894,43.2037813],[5.4914669,43.2037997],[5.4914666,43.2038114],[5.4914568,43.2038278],[5.4914562,43.2038757],[5.4914743,43.2039033],[5.491482,43.2039077],[5.4914914,43.2039057],[5.4915457,43.2039302],[5.4915557,43.2039387],[5.4915866,43.2039461],[5.4916003,43.2039558],[5.4916094,43.2039656],[5.4916164,43.2039671],[5.4916161,43.2039615],[5.4916258,43.2039639],[5.4916268,43.2039739],[5.4916386,43.2039798],[5.4916563,43.203982],[5.4916919,43.2039962],[5.4917059,43.204004],[5.4917086,43.2040118],[5.4917227,43.2040164],[5.4917308,43.2040301],[5.4917415,43.2040326],[5.491769,43.2040511],[5.4917673,43.2040607],[5.4917529,43.2040727],[5.4917582,43.2040797],[5.4918008,43.2040837],[5.4918223,43.2040744],[5.491831,43.2040604],[5.4918243,43.2040296],[5.4918132,43.2040185],[5.49181,43.2040094],[5.4917992,43.2040079],[5.4917809,43.2039881],[5.4917698,43.2039715],[5.4917643,43.2039707],[5.4917572,43.2039644],[5.491745,43.2039622],[5.491723,43.2039458],[5.4917081,43.203942],[5.4917016,43.2039346],[5.4916535,43.2039187],[5.4916451,43.2039134],[5.4916429,43.2039089],[5.4916337,43.2039066],[5.4916141,43.2038927],[5.4916132,43.2038858],[5.4916186,43.2038839],[5.4916243,43.2038809],[5.4916441,43.2038908],[5.4916513,43.203884],[5.4916615,43.2038844],[5.4916793,43.2038901],[5.4917058,43.2038795],[5.4917132,43.2038806],[5.491738,43.2038754],[5.4917631,43.2038708],[5.4917767,43.203851],[5.491779,43.2038424],[5.4917914,43.2038395],[5.4918142,43.2038006],[5.4918548,43.2037745],[5.4918582,43.203762],[5.4918746,43.2037591],[5.491881,43.2037413],[5.4919054,43.2037246],[5.4919604,43.2037078],[5.4919809,43.2037035],[5.491997,43.2037053],[5.4919879,43.2036989],[5.4919918,43.203693],[5.4920017,43.2036951],[5.4920067,43.2036929],[5.4920064,43.2036898],[5.4920159,43.2036866],[5.4920538,43.2036853],[5.4920697,43.2036888],[5.4920794,43.2036891],[5.492119,43.2036986],[5.4921515,43.2037063],[5.492197,43.2037238],[5.4922018,43.2037281],[5.4922144,43.20373],[5.4922439,43.2037469],[5.4922774,43.2037587],[5.4922821,43.2037576],[5.4922875,43.2037598],[5.4922893,43.2037585],[5.492288,43.2037556],[5.4922892,43.2037523],[5.4923049,43.2037501],[5.4923418,43.203751],[5.4923658,43.2037551],[5.492382,43.2037618],[5.4923866,43.2037565],[5.4923993,43.203758],[5.4924653,43.2037774],[5.4925311,43.2038107],[5.4926042,43.2038248],[5.492694,43.2038507],[5.4927497,43.2038615],[5.492865,43.2038483],[5.4929146,43.2038292],[5.4929502,43.2037948],[5.4929455,43.2037794],[5.4929321,43.2037733],[5.4929257,43.2037545],[5.4929347,43.2037414],[5.4929341,43.203731],[5.4929475,43.2037064],[5.4929528,43.2036719],[5.4929522,43.2036494],[5.4929602,43.2036068],[5.4930051,43.2035814],[5.4930095,43.2035861],[5.4930112,43.2036005],[5.4930216,43.2035905],[5.4930212,43.2035834],[5.4930511,43.2035729],[5.4930608,43.2035643],[5.4930786,43.2035665],[5.4930866,43.2035629],[5.4930983,43.2035644],[5.4931877,43.2035288],[5.493317,43.2034914],[5.4933776,43.2033413],[5.4933999,43.2031761],[5.4933862,43.2031144],[5.4934442,43.2031075],[5.4934498,43.2030992],[5.4936253,43.2031407],[5.4937255,43.2032201],[5.4938136,43.2032104],[5.493894,43.203214],[5.4939995,43.2032736],[5.4940027,43.2031711],[5.4940892,43.2032137],[5.4941083,43.203147],[5.4941541,43.2031486],[5.4942917,43.2031792],[5.4943569,43.2031523],[5.4944729,43.2031633],[5.4944266,43.2031048],[5.4944497,43.2030734],[5.4945973,43.2030842],[5.4945089,43.2030314],[5.4945211,43.2029725],[5.4945555,43.2029053],[5.4946869,43.2028503],[5.4947652,43.2028215],[5.494719,43.2027825],[5.494655,43.2027206],[5.4946182,43.202638],[5.4947775,43.2026316],[5.4947408,43.2025655],[5.494628,43.202471],[5.4946711,43.2024198],[5.4947039,43.2023965],[5.4947758,43.2024134],[5.4948648,43.2024696],[5.4949678,43.2025168],[5.4948995,43.2024315],[5.494808,43.2023882],[5.4947253,43.2023079],[5.4946529,43.2022154],[5.4945657,43.2021683],[5.4944956,43.2020956],[5.4945518,43.2020608],[5.4946293,43.202095],[5.4946618,43.2020915],[5.4946284,43.2020575],[5.4945333,43.2019507],[5.4945315,43.201776],[5.494448,43.2017083],[5.4945538,43.2016381],[5.4945945,43.2016231],[5.4945904,43.201595],[5.4945705,43.2015537],[5.4945475,43.2015196],[5.4944993,43.2015038],[5.4944562,43.2014547],[5.4945276,43.2014088],[5.4945604,43.2013785],[5.4945786,43.2013541],[5.4945214,43.2013129],[5.4944984,43.2012554],[5.4944217,43.2012589],[5.4942816,43.2010615],[5.4943197,43.2010286],[5.4943071,43.2008335],[5.4942725,43.2006746],[5.4943353,43.2005827],[5.4944584,43.2005652],[5.4945603,43.2005394],[5.4946465,43.2005125],[5.4947172,43.2005211],[5.4947647,43.2005469],[5.4948474,43.2005241],[5.4949124,43.2004469],[5.4949768,43.2004058],[5.4949436,43.2003709],[5.4948906,43.2003371],[5.4949171,43.2002965],[5.4949879,43.2002854],[5.495041,43.2002683],[5.4950458,43.2002116],[5.4952166,43.2001386],[5.4952631,43.2001574],[5.4952931,43.2001348],[5.4953461,43.2001526],[5.4954446,43.2002003],[5.4954686,43.2001645],[5.4955304,43.2001522],[5.4955852,43.200133],[5.4955631,43.2000854],[5.4957796,43.1999949],[5.4958038,43.1999841],[5.4958648,43.1999797],[5.4959857,43.2000707],[5.4960804,43.2000966],[5.4960658,43.1999645],[5.4961458,43.1999316],[5.496127,43.1998997],[5.4961836,43.1998452],[5.4961731,43.1998222],[5.4963535,43.199853],[5.496404,43.1998057],[5.4963351,43.199746],[5.4963974,43.1996346],[5.4963241,43.1994631],[5.4964001,43.1994394],[5.4964892,43.1994458],[5.4965876,43.1995178],[5.4966914,43.1995474],[5.4968648,43.1994179],[5.4967637,43.1993239],[5.4967631,43.1992272],[5.496938,43.1992527],[5.4969421,43.1991499],[5.4970511,43.1991545],[5.4970656,43.1988909],[5.497206,43.1987262],[5.4975875,43.198542],[5.4979079,43.198356],[5.4982515,43.1981417],[5.4987947,43.1978997],[5.4991291,43.1977479],[5.4993817,43.1976383],[5.4995084,43.1976001],[5.499663,43.1975341],[5.4997403,43.1974739],[5.4998213,43.1974282],[5.4999354,43.1973501],[5.5001165,43.1972774],[5.5001517,43.1972242],[5.5002682,43.1971692],[5.5003324,43.1971443],[5.5003928,43.1971547],[5.5004621,43.1971743],[5.5005078,43.1972453],[5.5007372,43.1973937],[5.5009858,43.1976512],[5.5010492,43.197784],[5.5013328,43.1978508],[5.5014688,43.1978246],[5.5020583,43.1981201],[5.5021242,43.1980954],[5.5022709,43.1980848],[5.5024034,43.1980953],[5.5027458,43.1981281],[5.5027988,43.1981562],[5.5032314,43.1981484],[5.5036332,43.1980831],[5.5036866,43.1980569],[5.5037591,43.1980573],[5.503992,43.1979958],[5.5041583,43.1979808],[5.5042649,43.1980116],[5.5043499,43.1979915],[5.5043982,43.1979427],[5.5044151,43.1979635],[5.5044926,43.1979492],[5.5045046,43.1979544],[5.5045431,43.1980037],[5.50454,43.1980601],[5.5044794,43.1980951],[5.5044469,43.1982501],[5.5044774,43.198426],[5.5044553,43.1985738],[5.5045039,43.1987392],[5.5038742,43.1990214],[5.5034898,43.1991445],[5.5031599,43.1992189],[5.5030148,43.1993187],[5.5029102,43.1993715],[5.5027883,43.1994051],[5.5026331,43.1994648],[5.5025949,43.1995814],[5.5024887,43.1996426],[5.5024043,43.1997512],[5.5022566,43.1998667],[5.5021789,43.1999443],[5.5021304,43.2000069],[5.5020896,43.2000502],[5.5020249,43.2001649],[5.5019854,43.2002059],[5.5019533,43.2002239],[5.5019478,43.2002503],[5.5017629,43.2003359],[5.5016088,43.200373],[5.5015451,43.2003792],[5.501309,43.2004748],[5.5009989,43.2005771],[5.5007764,43.2006586],[5.500625,43.2007093],[5.5003406,43.2008536],[5.5002754,43.2008381],[5.5002304,43.2009901],[5.5001592,43.2011615],[5.5000954,43.2011967],[5.5000485,43.2011605],[5.4999701,43.2011397],[5.4999295,43.2010956],[5.4998343,43.2010899],[5.4997617,43.2010528],[5.4997263,43.201093],[5.499431,43.2011323],[5.4992414,43.2012794],[5.4991778,43.2012952],[5.4990266,43.2014279],[5.4989378,43.2014475],[5.4989355,43.2014791],[5.4988643,43.2015075],[5.4987662,43.2015689],[5.4987675,43.2016642],[5.4985871,43.2016903],[5.4985246,43.2017449]]}},{"type":"Feature","properties":{},"geometry":{"type":"LineString","coordinates":[[5.3822028,43.2095758],[5.3822486,43.2095685],[5.3823422,43.2095632],[5.3823949,43.2095404],[5.3824267,43.2095398],[5.3824523,43.2095603],[5.3824886,43.2095527],[5.3825249,43.2096301],[5.3825285,43.2096897],[5.3825749,43.2098133],[5.3825551,43.2098515],[5.3824686,43.2099184],[5.3826303,43.2100005],[5.382868,43.2101394],[5.383082,43.2103804],[5.3831392,43.2105382],[5.3831867,43.2105671],[5.3832746,43.2105287],[5.3832765,43.21058],[5.3833662,43.2106332],[5.3834429,43.2106537],[5.3835049,43.2106861],[5.3835559,43.2106752],[5.3835748,43.2107433],[5.3836285,43.2107598],[5.383651,43.210748],[5.3837432,43.2107878],[5.3838447,43.2108463],[5.3838389,43.2109092],[5.3838898,43.2109423],[5.3838806,43.2109595],[5.3839268,43.2109848],[5.3839334,43.2110129],[5.3839644,43.2110044],[5.3840214,43.2110211],[5.3840413,43.211048],[5.3840113,43.2110727],[5.3841123,43.2111092],[5.3841362,43.211152],[5.3842129,43.2111557],[5.3843334,43.2111278],[5.3844076,43.2111035],[5.3844467,43.21108],[5.3844667,43.2109876],[5.3843911,43.2109355],[5.3843894,43.2108854],[5.3843373,43.2108188],[5.3844527,43.2108213],[5.384427,43.2107864],[5.3844496,43.2106745],[5.3844448,43.2106465],[5.3844093,43.21059],[5.3843011,43.2104834],[5.3841121,43.210364],[5.3840513,43.2103079],[5.3840184,43.2102366],[5.3840814,43.2102353],[5.3840194,43.2101109],[5.3840461,43.2100684],[5.3839699,43.2100294],[5.3839052,43.2099361],[5.3838672,43.2099269],[5.3838465,43.2098658],[5.3838915,43.2098463],[5.3841064,43.2098684],[5.384181,43.2098585],[5.3842823,43.2098134],[5.3843876,43.20983],[5.384403,43.2098398],[5.3844109,43.2098744],[5.384566,43.2099511],[5.3846289,43.2099628],[5.3846708,43.2099533],[5.3848071,43.2099856],[5.3850022,43.2099881],[5.3850805,43.2100071],[5.3851259,43.2100011],[5.3852461,43.2100219],[5.3853296,43.2100501],[5.3854197,43.2101604],[5.385522,43.2102476],[5.3855628,43.2102952],[5.3856198,43.2103958],[5.3856114,43.210462],[5.3856392,43.2104951],[5.3856968,43.2105239],[5.3857892,43.2104895],[5.3858185,43.210467],[5.3858464,43.2104178],[5.3858375,43.210362],[5.3858953,43.2102417],[5.3859437,43.2102092],[5.3860755,43.2101844],[5.3861323,43.210231],[5.3864548,43.2103272],[5.3865235,43.2103366],[5.3865954,43.2103187],[5.386727,43.2103645],[5.3868836,43.210405],[5.3870068,43.2104702],[5.3870914,43.2105295],[5.3871319,43.2105675],[5.3871785,43.2106553],[5.3872086,43.2106676],[5.3872651,43.2105564],[5.3874429,43.2103893],[5.3874887,43.2103709],[5.3876665,43.2103989],[5.3877186,43.2104469],[5.3877797,43.2104764],[5.3878158,43.2105154],[5.3879022,43.2105361],[5.3879221,43.2105525],[5.3879317,43.2106329],[5.387959,43.2106685],[5.3880152,43.2106414],[5.3880408,43.2106428],[5.3881312,43.2106837],[5.3882271,43.2106938],[5.3882592,43.2107211],[5.3882861,43.2108291],[5.3882316,43.2108459],[5.3882217,43.2108626],[5.3882476,43.2109426],[5.3882268,43.2110105],[5.3882672,43.2110683],[5.3882868,43.2111307],[5.3883583,43.2111816],[5.3884046,43.2112294],[5.3884996,43.211267],[5.3885714,43.2112615],[5.3887663,43.2111784],[5.3888594,43.2111892],[5.3889975,43.2112366],[5.389053,43.2112466],[5.3891535,43.2112263],[5.3892092,43.2112423],[5.3892967,43.2113686],[5.3893488,43.2113983],[5.3893742,43.2114023],[5.3894562,43.2113862],[5.3894731,43.2113953],[5.3894789,43.2114144],[5.3894478,43.2115484],[5.3894277,43.2115883],[5.3893904,43.2116212],[5.3893847,43.2116415],[5.3894152,43.2117204],[5.3893716,43.2118954],[5.3893775,43.2119258],[5.3894425,43.2120447],[5.3894554,43.2121491],[5.3895556,43.2121263],[5.3895748,43.2121219],[5.3896607,43.212128],[5.3896707,43.2120901],[5.3897435,43.2121069],[5.3898652,43.2120837],[5.3899324,43.2120538],[5.3899699,43.2120633],[5.3900457,43.2121033],[5.3901044,43.2121646],[5.3901442,43.2121714],[5.3903141,43.2121384],[5.3904073,43.2121738],[5.3904579,43.2121673],[5.3905394,43.2121101],[5.3906229,43.2120995],[5.39084,43.2121075],[5.3908601,43.2122015],[5.3909004,43.2122273],[5.3909542,43.2122389],[5.3910521,43.2122429],[5.391141,43.2122302],[5.3912239,43.2122331],[5.3914096,43.2122155],[5.391538,43.2122446],[5.391558,43.2122609],[5.3916695,43.2122329],[5.3918157,43.2122755],[5.3918669,43.2122557],[5.3919396,43.2122497],[5.3920951,43.2122836],[5.3924332,43.2122757],[5.3925862,43.212311],[5.3930879,43.2123475],[5.3931606,43.2124181],[5.3932522,43.2124755],[5.3932613,43.2125321],[5.393384,43.212569],[5.393717,43.2125969],[5.3938672,43.212596],[5.3942679,43.2125297],[5.3946301,43.2123464],[5.3947041,43.2123422],[5.3948722,43.2123096],[5.3949371,43.2123099],[5.3949711,43.2123292],[5.395031,43.2124063],[5.3950628,43.2124258],[5.39524,43.21244],[5.3952723,43.2124511],[5.395367,43.2125201],[5.395394,43.2125286],[5.3955002,43.2125159],[5.395583,43.2125508],[5.3957495,43.2125939],[5.3958247,43.2125753],[5.3959293,43.2126166],[5.3960207,43.212609],[5.3961138,43.2126149],[5.3961976,43.2125938],[5.3963232,43.212583],[5.3964077,43.2125481],[5.3965435,43.2125551],[5.3966582,43.2125337],[5.3967277,43.2124956],[5.396825,43.2124779],[5.3969213,43.2124885],[5.3970879,43.2126329],[5.3971883,43.2126793],[5.3972064,43.2127464],[5.3973483,43.2128482],[5.3975066,43.2129277],[5.397541,43.2130663],[5.3975955,43.2131381],[5.3977657,43.2131285],[5.3978303,43.2131112],[5.3978872,43.2131891],[5.3978626,43.2132323],[5.3978947,43.213248],[5.3979325,43.213235],[5.3979428,43.2132055],[5.398003,43.2131636],[5.3980599,43.213034],[5.3982283,43.2129492],[5.3984064,43.2130086],[5.3985197,43.2130697],[5.3986096,43.213066],[5.3986254,43.2130183],[5.3988291,43.2129335],[5.3989745,43.2129199],[5.3990626,43.2129049],[5.3990396,43.2128651],[5.3989445,43.212837],[5.3988696,43.2127775],[5.398809,43.2126217],[5.3987169,43.2126063],[5.3986655,43.2125491],[5.398656,43.2124925],[5.3989021,43.2123193],[5.3990561,43.2122535],[5.3991236,43.2121586],[5.3992109,43.2121233],[5.3993009,43.212179],[5.3994027,43.2122224],[5.399718,43.2123507],[5.3998995,43.2124881],[5.3999187,43.2125114],[5.3999639,43.2124974],[5.4000173,43.2125147],[5.4000892,43.2126428],[5.4000866,43.2127055],[5.4001734,43.2127285],[5.4003324,43.2127387],[5.4003975,43.212793],[5.4005059,43.2129271],[5.4005675,43.2130313],[5.4006066,43.2130028],[5.400673,43.2130343],[5.4008091,43.2131852],[5.4008626,43.2131854],[5.4009101,43.2131055],[5.4010855,43.2129955],[5.401214,43.2129515],[5.4011752,43.212897],[5.401172,43.2128646],[5.4012141,43.2128386],[5.4012783,43.2128363],[5.4013212,43.2128554],[5.4013896,43.2128378],[5.4014214,43.2128914],[5.4013802,43.2130154],[5.4014401,43.2131107],[5.4014412,43.2131888],[5.4015662,43.2132699],[5.4015823,43.2133203],[5.4016177,43.2133473],[5.4016128,43.21339],[5.4016247,43.2134735],[5.4016905,43.2135669],[5.4018584,43.2136308],[5.402028,43.2138486],[5.4020589,43.213906],[5.4022579,43.2140401],[5.4023706,43.2139817],[5.4024976,43.2139917],[5.4025857,43.2139121],[5.4026712,43.2138715],[5.4026111,43.2136807],[5.4025447,43.2136612],[5.4024806,43.213594],[5.4024985,43.213468],[5.4025763,43.2134806],[5.4027769,43.2134378],[5.4027359,43.2133257],[5.4026835,43.2132957],[5.4026807,43.213258],[5.4027218,43.2132528],[5.4027501,43.2132155],[5.4027299,43.2131322],[5.402778,43.2130903],[5.4029351,43.2130696],[5.4031024,43.2130224],[5.4032838,43.2130666],[5.4035411,43.213041],[5.4036159,43.213089],[5.4036533,43.2131399],[5.4037526,43.2131153],[5.4039161,43.2131457],[5.4039667,43.2131309],[5.404063,43.2131228],[5.4041509,43.2132503],[5.4042358,43.2133213],[5.4042663,43.2133132],[5.4043091,43.213267],[5.4042861,43.2132369],[5.4043269,43.2132256],[5.4044403,43.2132567],[5.404498,43.2132408],[5.4044402,43.2130536],[5.404503,43.2130339],[5.4045029,43.2129912],[5.4044418,43.2129445],[5.4044152,43.2128911],[5.4044266,43.2128447],[5.4042361,43.2127161],[5.4040673,43.2126234],[5.4040251,43.2124917],[5.4041315,43.2125417],[5.4042361,43.2125546],[5.4042762,43.2126141],[5.4043317,43.2126461],[5.4042868,43.2125351],[5.4043127,43.2125081],[5.4044712,43.2124694],[5.4047867,43.2125901],[5.4048404,43.2125854],[5.4050227,43.2126861],[5.4050759,43.2126745],[5.4052819,43.212739],[5.4053968,43.2127983],[5.4053805,43.2126074],[5.4053924,43.2125584],[5.4053854,43.2124463],[5.4054138,43.2123774],[5.4053945,43.2122881],[5.4054247,43.2122125],[5.4053778,43.2121436],[5.4052077,43.2121531],[5.4051452,43.2120786],[5.4052417,43.2119874],[5.4053229,43.2120146],[5.4053616,43.21201],[5.4053473,43.2119804],[5.4054672,43.2119309],[5.4055265,43.2119816],[5.4055472,43.2120276],[5.4056096,43.212012],[5.4057692,43.2119098],[5.4059367,43.2118546],[5.4061986,43.2119082],[5.4062565,43.2118907],[5.4064944,43.2119369],[5.4067164,43.2118988],[5.4069489,43.2119207],[5.4071718,43.2119486],[5.4074536,43.2120422],[5.4076724,43.2120794],[5.4078995,43.2120804],[5.4079727,43.2121207],[5.4080089,43.212066],[5.4079587,43.21199],[5.4080017,43.2119563],[5.4083659,43.2119792],[5.4085062,43.2121243],[5.4085882,43.2121529],[5.4087058,43.2120876],[5.4087268,43.2119673],[5.408771,43.2118558],[5.4086021,43.2116288],[5.4085891,43.211571],[5.4087186,43.2115189],[5.4088572,43.2114505],[5.4088058,43.2113541],[5.4088202,43.2112362],[5.4088043,43.211149],[5.4088615,43.2109657],[5.4088842,43.2109257],[5.4089055,43.2108991],[5.4089415,43.2108708],[5.4089824,43.2108512],[5.4090212,43.2108368],[5.4090779,43.2108252],[5.4091378,43.2108229],[5.4091839,43.2108286],[5.409231,43.2108397],[5.4092794,43.2108584],[5.4093217,43.2108837],[5.4094399,43.2109065],[5.4095374,43.2106854],[5.4094772,43.210617],[5.4094553,43.2105885],[5.4094411,43.210555],[5.4094416,43.2105215],[5.4094483,43.2104936],[5.4094649,43.2104614],[5.409491,43.2104387],[5.4095254,43.2104182],[5.4095565,43.2104055],[5.4095955,43.2103966],[5.4096518,43.2103961],[5.40969,43.2104017],[5.4097254,43.210415],[5.4099243,43.2105274],[5.4099781,43.2105861],[5.4100322,43.2105641],[5.4100395,43.2105195],[5.410089,43.2104593],[5.4100927,43.2104209],[5.410139,43.2103828],[5.4101965,43.2103766],[5.4102222,43.2103983],[5.4102568,43.2103513],[5.4103746,43.2102728],[5.4104637,43.2102578],[5.410613,43.2102035],[5.4106937,43.2101986],[5.4108358,43.2101978],[5.4108823,43.2102158],[5.4109011,43.2102035],[5.4109189,43.21021],[5.4109397,43.210236],[5.4110348,43.2102051],[5.4111343,43.2102606],[5.4114923,43.2103164],[5.4115778,43.2102907],[5.411487,43.2101301],[5.4114009,43.2100737],[5.4113691,43.210011],[5.4112239,43.2099031],[5.4112373,43.2098478],[5.4112382,43.2096924],[5.4113618,43.209571]]}},{"type":"Feature","properties":{},"geometry":{"type":"LineString","coordinates":[[5.4113618,43.209571],[5.4114052,43.2095353],[5.4115558,43.2093755],[5.4117904,43.2091032],[5.411896,43.2090741],[5.4121724,43.208944],[5.4123072,43.2088731],[5.4123661,43.2088328],[5.4124386,43.2088345],[5.412626,43.2087889],[5.4127791,43.2087237],[5.4128263,43.2087011],[5.4132911,43.2084678],[5.4135475,43.2084026],[5.4137708,43.208311],[5.414057,43.2081067],[5.4144316,43.2079103],[5.414504,43.2079124],[5.4145619,43.207882],[5.4145457,43.2078435],[5.4146793,43.207772],[5.4148349,43.207771],[5.4148803,43.2078186],[5.4149358,43.207798],[5.415093,43.207783],[5.4150923,43.20771],[5.4153396,43.2075853],[5.4154839,43.2075406],[5.4155616,43.2075601],[5.4157377,43.2075147],[5.4158907,43.2075292],[5.4160183,43.2074647],[5.4160656,43.2074841],[5.4160744,43.2074582],[5.4161434,43.2074473],[5.4161858,43.2074344],[5.4163138,43.2074154],[5.4164196,43.207377],[5.4168557,43.2073383],[5.4171722,43.207448],[5.417219,43.2074783],[5.417384,43.2074786],[5.4175807,43.2074204],[5.4176405,43.2074355],[5.4176111,43.2074827],[5.4176422,43.2075327],[5.4176292,43.2075428],[5.4177635,43.2075195],[5.4177435,43.2074676],[5.4178782,43.2073968],[5.4179827,43.2073267],[5.4179998,43.2072653],[5.418085,43.2072161],[5.4181524,43.2070854],[5.4182115,43.2070817],[5.4182628,43.2070234],[5.4183466,43.2070232],[5.4184131,43.2070087],[5.4184191,43.2069342],[5.418497,43.2068775],[5.4185251,43.2067754],[5.418578,43.2067433],[5.4186097,43.2067564],[5.4185882,43.2067391],[5.4185905,43.2067267],[5.4186314,43.2067093],[5.4186644,43.2067167],[5.4186871,43.2067408],[5.4187357,43.206752],[5.4187496,43.2067416],[5.4187905,43.2067532],[5.4188173,43.206728],[5.4188644,43.2067292],[5.4188936,43.2067505],[5.4189221,43.2067221],[5.4189668,43.2067035],[5.4190058,43.2067186],[5.4190573,43.206666],[5.4191259,43.2066198],[5.4191612,43.206614],[5.41922,43.2066307],[5.4192428,43.2066089],[5.4193033,43.2065684],[5.419356,43.2065477],[5.4193692,43.2065386],[5.4194124,43.2065369],[5.4194272,43.2065262],[5.4194579,43.2065345],[5.4194908,43.2065303],[5.4195113,43.2065378],[5.4195582,43.2065308],[5.4195852,43.2065013],[5.4196147,43.2064939],[5.4196984,43.206493],[5.4198003,43.2064311],[5.4198569,43.2064557],[5.419891,43.2064565],[5.4199751,43.20643],[5.4200081,43.206435],[5.4201007,43.2064209],[5.4201281,43.2064032],[5.4201581,43.2064126],[5.4202048,43.2063729],[5.4201979,43.2063638],[5.4203412,43.2062734],[5.4203491,43.2062519],[5.4203969,43.206227],[5.420489,43.2061757],[5.4205388,43.2061273],[5.420639,43.2060795],[5.4207773,43.2060561],[5.4208678,43.2060527],[5.4210096,43.205982],[5.4211093,43.2058617],[5.421229,43.2057862],[5.4213048,43.205763],[5.421308,43.2057425],[5.4213894,43.2056874],[5.4214174,43.2056912],[5.4214333,43.2057075],[5.4214793,43.205676],[5.4215346,43.2056652],[5.4215968,43.2056066],[5.4216798,43.2055554],[5.4217014,43.2055295],[5.4218508,43.2054591],[5.4218347,43.205455],[5.4218572,43.2054251],[5.4219471,43.2053855],[5.4220116,43.2053325],[5.4220108,43.2052886],[5.4220778,43.2052382],[5.422106,43.2052228],[5.422145,43.2051931],[5.422201,43.2051784],[5.4222516,43.2051731],[5.422264,43.2051778],[5.422243,43.2051206],[5.4222865,43.2050952],[5.4222608,43.2050929],[5.4222953,43.2050688],[5.4223595,43.2050348],[5.4223846,43.205029],[5.4224114,43.2050413],[5.4223934,43.2050184],[5.4224151,43.2050067],[5.4224362,43.2050067],[5.422512,43.2051279],[5.4225092,43.2051526],[5.4225357,43.2051837],[5.4225646,43.2052013],[5.422607,43.2052052],[5.4226531,43.2052581],[5.4227061,43.2052921],[5.4227346,43.2053403],[5.4227626,43.2053744],[5.4227435,43.2053176],[5.4227705,43.2052969],[5.4228121,43.2052922],[5.422844,43.2053082],[5.42285,43.2053198],[5.422858,43.205322],[5.4229043,43.2053479],[5.4229435,43.2053647],[5.4229603,43.205374],[5.4229827,43.2053811],[5.4229894,43.2053872],[5.4230337,43.2054021],[5.4230746,43.205409],[5.4230887,43.205417],[5.4231121,43.205417],[5.4231591,43.2054266],[5.4231836,43.2054239],[5.4231926,43.2054292],[5.4232332,43.2054339],[5.4233036,43.2054131],[5.4233144,43.2054037],[5.4234638,43.2053871],[5.4235106,43.2053804],[5.4236746,43.2053004],[5.4236947,43.2052809],[5.4236657,43.2052436],[5.423729,43.2051775],[5.4237727,43.2051581],[5.423807,43.2051826],[5.4238084,43.2052057],[5.4238826,43.205145],[5.4239144,43.2050927],[5.4239037,43.2050203],[5.4238055,43.2049308],[5.4238135,43.204791],[5.4237934,43.2047475],[5.4238036,43.2046826],[5.4238503,43.2046363],[5.4239929,43.204575],[5.4241196,43.2045833],[5.4241706,43.204595],[5.424317,43.2045776],[5.4243987,43.2045208],[5.4244502,43.2044463],[5.4245834,43.2043304],[5.4246354,43.2042491],[5.4246735,43.2042186],[5.4247858,43.2041462],[5.4247941,43.2041341],[5.4248442,43.2041061],[5.4248673,43.2041069],[5.4248619,43.2040807],[5.4248573,43.204046],[5.424864,43.2040191],[5.4249132,43.2039962],[5.4249384,43.2039962],[5.4249541,43.2039783],[5.4249729,43.203971],[5.4250205,43.2039519],[5.4250916,43.2039502],[5.425103,43.2039627],[5.4251282,43.2039509],[5.4251325,43.2039448],[5.4251543,43.2039463],[5.4251617,43.2039549],[5.4251805,43.2039602],[5.4251815,43.2039729],[5.4251992,43.2039715],[5.4252281,43.2039451],[5.4252777,43.2039395],[5.4253256,43.2039451],[5.4253397,43.2039534],[5.4253434,43.2039783],[5.4253531,43.2039962],[5.4253605,43.2039864],[5.4253682,43.2039617],[5.4253863,43.2039612],[5.4253947,43.2039395],[5.4254255,43.2039314],[5.4254369,43.2039358],[5.4254433,43.2039527],[5.4254423,43.2039561],[5.4254396,43.2039663],[5.4254581,43.2039659],[5.4254658,43.2039739],[5.425448,43.2039993],[5.425455,43.2040201],[5.4254785,43.204034],[5.4254996,43.204036],[5.4255369,43.2040125],[5.4255543,43.204013],[5.4255757,43.2040045],[5.4255939,43.2039969],[5.4256022,43.204003],[5.4256167,43.2040076],[5.4256519,43.2039475],[5.4256948,43.2039531],[5.4257129,43.2039343],[5.4257565,43.2039243],[5.4258165,43.2039292],[5.4258255,43.2039409],[5.4258356,43.2039492],[5.4258971,43.2039226],[5.4260395,43.2038742],[5.4260862,43.2038792],[5.4261107,43.2038698],[5.426174,43.2038621],[5.4262215,43.2038784],[5.4262713,43.2038481],[5.4263323,43.2038323],[5.426447,43.2038182],[5.4264783,43.2038329],[5.426512,43.2038306],[5.4265206,43.2038378],[5.4265328,43.2038371],[5.4265492,43.2038275],[5.4266051,43.2038264],[5.4266264,43.203808],[5.4266518,43.2037931],[5.426666,43.203795],[5.4266706,43.2037806],[5.4267133,43.2037514],[5.4267793,43.2037232],[5.4268333,43.2037156],[5.4269116,43.2036775],[5.4269354,43.203672],[5.4269699,43.2036754],[5.4269685,43.2036629],[5.426977,43.203651],[5.4270478,43.2036149],[5.4270795,43.2036145],[5.4271,43.2036204],[5.4271093,43.2035959],[5.4272188,43.2035498],[5.4272459,43.2035561],[5.4272823,43.2035527],[5.4273019,43.2035309],[5.4273606,43.2035112],[5.4273828,43.20352],[5.4274118,43.2035193],[5.4274204,43.2035232],[5.4274236,43.2035344],[5.4274283,43.2035164],[5.4274343,43.2035129],[5.4274529,43.2035215],[5.4274537,43.2035489],[5.427459,43.2035593],[5.4274559,43.2035745],[5.4274303,43.2035848],[5.4274286,43.2036075],[5.4274138,43.2036208],[5.4273307,43.2036684],[5.4272735,43.2036972],[5.4272287,43.203755],[5.4272119,43.2037652],[5.4271951,43.2037924],[5.4271438,43.2038563],[5.4271289,43.203893],[5.4270225,43.204032],[5.4269442,43.204171],[5.4269344,43.2042276],[5.4269287,43.2043109],[5.4269182,43.2043674],[5.4269873,43.2043522],[5.4270275,43.2043605],[5.427,43.2043948],[5.4269792,43.2044036],[5.4269303,43.2044735],[5.4269152,43.2044832],[5.4269169,43.2044974],[5.426946,43.2045082],[5.4270037,43.2044918],[5.4270282,43.2044954],[5.4270811,43.2045192],[5.4271368,43.2045382],[5.4271584,43.2045356],[5.4271611,43.2045477],[5.4271228,43.2045882],[5.4270634,43.2046162],[5.427046,43.2046406],[5.4269861,43.2046552],[5.4269114,43.2047124],[5.4268399,43.2047994],[5.42683,43.204829],[5.4268226,43.2048329],[5.4268015,43.2048564],[5.426819,43.2048848],[5.4268258,43.204907],[5.4267935,43.2049261],[5.4267854,43.2049366],[5.4267623,43.2049461],[5.4267046,43.20496],[5.4266684,43.2049771],[5.426663,43.2049947],[5.4266416,43.2049991],[5.4266335,43.2050148],[5.4266248,43.2050182],[5.4266024,43.2050128],[5.4265913,43.205017],[5.4265762,43.2050089],[5.4265286,43.2050241],[5.4265125,43.2050187],[5.4264877,43.2050187],[5.4264703,43.2049959],[5.4264387,43.2050016],[5.4264404,43.2050258],[5.426428,43.2050487],[5.4264126,43.2050666],[5.4263958,43.2050732],[5.4263841,43.2050856],[5.4263851,43.2050998],[5.4263697,43.205112],[5.4263657,43.2051218],[5.4263496,43.2051299],[5.4263308,43.2051274],[5.4263211,43.2051326],[5.4263157,43.205144],[5.426314,43.2051641],[5.426306,43.2051724],[5.4262312,43.2052034],[5.4262128,43.2052176],[5.4261883,43.2052291],[5.4261762,43.2052455],[5.4261434,43.2052675],[5.4261393,43.2052826],[5.4261226,43.2052968],[5.4260676,43.2053139],[5.426029,43.2053215],[5.4259794,43.2053361],[5.4258782,43.2053024],[5.4258574,43.2053058],[5.4258408,43.2053191],[5.4258262,43.2053127],[5.4257925,43.2053345],[5.4257595,43.2053381],[5.425742,43.2053229],[5.425731,43.2053425],[5.425731,43.2053701],[5.4257524,43.2053887],[5.4257471,43.205395],[5.4257534,43.2054072],[5.4257833,43.205442],[5.4258012,43.2054591],[5.4258163,43.2054591],[5.4258413,43.2054727],[5.4258416,43.2054774],[5.4258507,43.2054807],[5.4258435,43.2054867],[5.4258366,43.2054906],[5.4258193,43.2054901],[5.4258202,43.205493],[5.4258294,43.2054956],[5.4258327,43.205505],[5.4258475,43.2055101],[5.4258502,43.2055224],[5.4258435,43.205526],[5.4258373,43.2055246],[5.4258244,43.2055246],[5.4258017,43.2055143],[5.4258029,43.2055288],[5.425819,43.2055374],[5.4258185,43.2055409],[5.4258259,43.2055507],[5.4258203,43.2055505],[5.4258057,43.2055463],[5.4258016,43.2055534],[5.4258133,43.2055662],[5.4258285,43.2055982],[5.425816,43.2056114],[5.425816,43.2056217],[5.4257902,43.2056491],[5.4257749,43.2056577],[5.4257627,43.20567],[5.4257467,43.205677],[5.4257437,43.2057147],[5.4257249,43.2057262],[5.4257263,43.2057337],[5.4257528,43.205732],[5.4257786,43.2057179],[5.4258104,43.2057164],[5.4258507,43.2057188],[5.4258802,43.205711],[5.4258916,43.2057144],[5.4259747,43.2057096],[5.4259841,43.2057315],[5.4260143,43.2057301],[5.4260485,43.2057149],[5.4261582,43.2057201],[5.4261848,43.2057359],[5.4262498,43.2058119],[5.4262262,43.2058708],[5.4262436,43.2059036],[5.4262899,43.2059114],[5.4263578,43.2060002],[5.426413,43.2059949],[5.4264347,43.2059388],[5.426563,43.2059379],[5.4266319,43.2059393],[5.426653,43.2059718],[5.4266691,43.2060177],[5.4266461,43.2061276],[5.426602,43.2061806],[5.4262478,43.2062739],[5.4261969,43.2062751],[5.4259958,43.2062127],[5.4258769,43.2062175],[5.4258018,43.20623],[5.4257453,43.2062503],[5.4257058,43.2062411],[5.4256706,43.2062264],[5.4256308,43.2062033],[5.4255988,43.2062008],[5.4254426,43.2062701],[5.4253546,43.2062488],[5.4253047,43.2063196],[5.4252118,43.2063405],[5.4251522,43.2063481],[5.4251155,43.2063831],[5.4250932,43.2064488],[5.4249884,43.2066091],[5.4249546,43.206713],[5.4249109,43.2067449],[5.4249017,43.2067835],[5.4248659,43.2067929],[5.4247134,43.2067946],[5.4246338,43.2067969],[5.4245045,43.2068677],[5.4244345,43.2069139],[5.4244013,43.2069253],[5.4243791,43.2069527],[5.4243161,43.2069908],[5.4242967,43.2070216],[5.4242839,43.2070478],[5.4242601,43.2070703],[5.4242558,43.2070817],[5.4242601,43.2070864],[5.4242826,43.2070803],[5.4243215,43.2070639],[5.4243272,43.2070656],[5.4243366,43.2070588],[5.424351,43.2070646],[5.4243426,43.2070717],[5.4243527,43.2070815],[5.4243342,43.2070962],[5.4243563,43.2071196],[5.4243352,43.2071487],[5.4242833,43.207167],[5.4242755,43.2071648],[5.4242709,43.2071663],[5.4242729,43.2071714],[5.4242574,43.2071907],[5.4242424,43.2072015],[5.4242239,43.2072064],[5.424176,43.2072333],[5.4241609,43.2072372],[5.4241431,43.2072347],[5.4240995,43.207246],[5.4240834,43.2072487],[5.4240804,43.2072567],[5.4240439,43.2072794],[5.4239698,43.207308],[5.4239094,43.2073242],[5.4238675,43.2073337],[5.4238605,43.2073383],[5.4238494,43.2073347],[5.4238229,43.2073518],[5.4237612,43.2073606],[5.423726,43.2073757],[5.4236821,43.2073795],[5.4234509,43.207461],[5.4233163,43.2075176],[5.4233437,43.2075401],[5.4233939,43.2075389],[5.4237942,43.2074068],[5.4238442,43.2073963],[5.4238283,43.2074134],[5.4239181,43.2074085],[5.4240482,43.207386],[5.4241046,43.2073831],[5.4241488,43.2073977],[5.4242105,43.2073811],[5.4242467,43.2073796],[5.4242695,43.2073723],[5.4243091,43.2073689],[5.4243493,43.2073884],[5.4243138,43.2074148],[5.4243077,43.2074256],[5.4242789,43.2074354],[5.4242601,43.2074349],[5.4241984,43.2074701],[5.4241595,43.2074642],[5.4241119,43.2074906],[5.4240884,43.207531],[5.4239386,43.207616],[5.4238863,43.2076636],[5.4238467,43.2076758],[5.423828,43.2077011],[5.4237718,43.2077302],[5.4236439,43.2077806],[5.4235879,43.2078144],[5.4235778,43.2078129],[5.4235108,43.2078498],[5.4234679,43.2078484],[5.4234602,43.2078525],[5.4234501,43.2078466],[5.4234518,43.2078327],[5.4234478,43.207831],[5.4234467,43.2078249],[5.4234307,43.2078273],[5.4234129,43.2078053],[5.4233686,43.2077887],[5.4233361,43.2077819],[5.4233146,43.2077943],[5.4233381,43.207822],[5.4233187,43.2078415],[5.4232982,43.2078396],[5.4233002,43.2078513],[5.4233244,43.2078635],[5.4233545,43.2078672],[5.4233636,43.2078747],[5.4233582,43.2078916],[5.4232667,43.2079368],[5.4232241,43.2079703],[5.4231976,43.207981],[5.4231747,43.2079865],[5.4230517,43.2080483],[5.423031,43.2081182],[5.4229255,43.2081761],[5.4228573,43.2082397],[5.4227226,43.2083016],[5.4226965,43.208348],[5.4226032,43.2084018],[5.422365,43.208504],[5.4222515,43.2085376],[5.4222128,43.2085823],[5.4221066,43.2086453],[5.4219756,43.2086974],[5.4218958,43.2087059],[5.4218647,43.2086948],[5.4217917,43.2086191],[5.4217573,43.2086003],[5.4216895,43.208582],[5.4216563,43.2085635],[5.4216429,43.2085189],[5.4216233,43.2085037],[5.4215683,43.2084894],[5.4215515,43.2085516],[5.4216167,43.2086141],[5.4216125,43.2087275],[5.4216998,43.2088748],[5.4216954,43.2088956],[5.421669,43.2089117],[5.4213891,43.2090008],[5.4212963,43.2090399],[5.420878,43.2093118],[5.4207945,43.2093606],[5.420691,43.2093902],[5.4206043,43.2094252],[5.4204134,43.2095799],[5.4203706,43.2095897],[5.4203357,43.2095878],[5.4202925,43.2096406],[5.4202925,43.209687],[5.4203143,43.2097002],[5.4203089,43.2097058],[5.4203153,43.2097212],[5.4202955,43.2097295],[5.420272,43.2097207],[5.4202532,43.2097288],[5.4202475,43.2097234],[5.4202583,43.2097197],[5.4202516,43.2097119],[5.4201007,43.2097762],[5.4200986,43.2098399],[5.4201692,43.2100076],[5.4202465,43.2101284],[5.4204887,43.2103987],[5.4206487,43.210594],[5.4206595,43.2106071],[5.4207679,43.2107394],[5.4208534,43.2108005],[5.4208991,43.2108151],[5.4210445,43.2107482],[5.4215013,43.2106737],[5.4219466,43.2106753],[5.4220641,43.2106631],[5.4220983,43.2106294],[5.4221195,43.2106286],[5.4222033,43.2106656],[5.4222297,43.2106642],[5.4223252,43.2106166],[5.4223615,43.2106161],[5.4224024,43.2106356],[5.4224363,43.2106398],[5.4224627,43.2106704],[5.4224844,43.2107408],[5.422458,43.2107624],[5.4224865,43.2107818],[5.4225552,43.2108042],[5.4225754,43.2108147],[5.4225955,43.2108023],[5.4226072,43.2108023],[5.42262,43.2107847],[5.422622,43.2107764],[5.4226397,43.2107722],[5.4226619,43.2107497],[5.4226974,43.210743],[5.4227063,43.2107538],[5.4227014,43.2107725],[5.42269,43.210784],[5.4227168,43.2107854],[5.4227276,43.210802],[5.4227175,43.2108199],[5.4227168,43.2108492],[5.4227467,43.2108646],[5.4227507,43.2108922],[5.4227624,43.2108993],[5.42276,43.2109161],[5.4227384,43.2109341],[5.422718,43.2110065],[5.422726,43.2110239],[5.4227808,43.2110135],[5.422782,43.2110328],[5.4228029,43.2110569],[5.4227993,43.211072],[5.4227794,43.2110905],[5.4227559,43.2110894],[5.4227679,43.2111562],[5.4227578,43.2111873],[5.422774,43.2112202],[5.4227664,43.2112458],[5.4227704,43.2112578],[5.422805,43.2113168],[5.4228787,43.2113315],[5.4229123,43.2113609],[5.4233188,43.2113866],[5.4233435,43.2113376],[5.4234218,43.2111496],[5.4231988,43.2110355],[5.423086,43.2110408],[5.4230369,43.2110328],[5.4230377,43.2110303],[5.4230141,43.2110279],[5.4230119,43.2110188],[5.4230016,43.2109877],[5.4230366,43.2109493],[5.4232048,43.21094],[5.4232617,43.2109585],[5.4235137,43.2110982],[5.4235884,43.2111599],[5.4236059,43.2111744],[5.4236335,43.2111815],[5.4237375,43.2111282],[5.4237472,43.211126],[5.4238678,43.2110991],[5.4238778,43.2110791],[5.4238151,43.2110156],[5.4238041,43.2109796],[5.4238262,43.210942],[5.4238904,43.2109722],[5.4239248,43.2109755],[5.4239709,43.210964],[5.4240675,43.2109165],[5.4240951,43.2108775],[5.4240642,43.2108118],[5.4239983,43.2107539],[5.4239894,43.210729],[5.424067,43.2106117],[5.4241723,43.2105393],[5.4242118,43.2104954],[5.4241823,43.2104707],[5.4241721,43.2104276],[5.4243345,43.2104068],[5.4243684,43.2103879],[5.4243778,43.2103638]]}},{"type":"Feature","properties":{},"geometry":{"type":"LineString","coordinates":[[5.5162151,43.206375],[5.5162274,43.2063188],[5.5162461,43.2062559],[5.5162543,43.2061945],[5.5162455,43.2061115],[5.5162795,43.2060623],[5.5162748,43.20604],[5.5162887,43.2060382],[5.5162999,43.2060368],[5.5163009,43.2060034],[5.5163206,43.205997],[5.5163436,43.2059895],[5.5163448,43.205893],[5.5163159,43.2058441],[5.5162573,43.2057228],[5.5161573,43.2056155],[5.5161338,43.2055806],[5.516065,43.2055682],[5.515984,43.2055619],[5.515979,43.2055075],[5.5160387,43.205453],[5.5160779,43.2054361],[5.5161161,43.2053924]]}},{"type":"Feature","properties":{},"geometry":{"type":"LineString","coordinates":[[5.3513893,43.232539],[5.3513397,43.2325489],[5.3511985,43.2325412],[5.3511197,43.2324688],[5.351033,43.2324396],[5.3511708,43.2322963],[5.3510537,43.2322694],[5.3509604,43.2323122],[5.3507959,43.2323194],[5.3507145,43.2322387],[5.3505727,43.232189],[5.3504642,43.2322045],[5.3503783,43.2321854],[5.3502149,43.2320973],[5.3501655,43.2320531],[5.350062,43.2320585],[5.3499324,43.2320177],[5.3498922,43.2319575],[5.3498822,43.2318787],[5.349976,43.2318613],[5.3500284,43.2318195],[5.3500994,43.2317921]]}},{"type":"Feature","properties":{},"geometry":{"type":"LineString","coordinates":[[5.51521,43.2066042],[5.515207,43.2066481],[5.5152391,43.2067115],[5.5152646,43.2069007],[5.5152765,43.206902],[5.5152791,43.2069322],[5.5157266,43.2073055],[5.5157594,43.2073079],[5.5157705,43.2073145],[5.5158166,43.2073015],[5.5158938,43.207332],[5.5159432,43.2073437],[5.5160541,43.2074189],[5.5160681,43.2074105],[5.5160913,43.2074267],[5.5161085,43.2074888],[5.5161405,43.2075213],[5.5161613,43.2075444],[5.5161879,43.207574],[5.516209,43.2076108],[5.5162531,43.207627],[5.5162742,43.2076545],[5.5163145,43.2076953],[5.5163478,43.2077048],[5.5163819,43.2077366],[5.5164337,43.207757],[5.5164675,43.2077793],[5.5165082,43.2077863],[5.5165511,43.2077969],[5.5165877,43.2078176],[5.5166337,43.2078214],[5.5166603,43.2078173],[5.5167866,43.2078627],[5.5167904,43.207885],[5.5168074,43.2078932],[5.5168201,43.2078899],[5.5168336,43.2078935],[5.5168662,43.2079053],[5.516857,43.2078847],[5.516865,43.2078775],[5.516883,43.2078913],[5.5169107,43.2078964],[5.5169298,43.2079015],[5.5169424,43.207907],[5.5169439,43.2079212],[5.5169335,43.2079346],[5.51704,43.2079758],[5.5170719,43.207994],[5.5170982,43.208011],[5.5171874,43.2080459],[5.5172163,43.2080631],[5.5172431,43.2080791],[5.5173272,43.2081095],[5.5173706,43.2081202],[5.5176465,43.2081826],[5.5176854,43.2081803],[5.5177566,43.2082101],[5.5181147,43.2084018],[5.5181244,43.2083906],[5.5181437,43.2083693],[5.5182196,43.2084075],[5.5183583,43.2084765],[5.5184339,43.2085323],[5.5184443,43.2085268],[5.5185761,43.2086409],[5.5186634,43.2087116],[5.5187117,43.2087539],[5.5187545,43.2087992],[5.518865,43.2088559],[5.5189024,43.20889],[5.5189508,43.2089471],[5.518967,43.2090026],[5.5189888,43.2090538],[5.5191378,43.2092173],[5.5192154,43.2093002],[5.5192672,43.2093274],[5.5193038,43.2093707],[5.5193252,43.2094033],[5.5193624,43.2094385],[5.5193959,43.2094745],[5.5194135,43.2095034],[5.5194329,43.2095239],[5.5194818,43.2095646],[5.5195466,43.2096679],[5.5195565,43.2096784],[5.5196107,43.2097311],[5.5197238,43.2098456],[5.5198145,43.2099454],[5.5198599,43.2099954],[5.5199148,43.2099882],[5.5199332,43.2100533],[5.5200183,43.210158],[5.5202028,43.2103121],[5.5203289,43.2103651],[5.5204792,43.2104078],[5.520571,43.2104567],[5.5206791,43.2104877],[5.5207548,43.2105789],[5.5208427,43.2106744],[5.5209103,43.2107474],[5.5209452,43.2108154],[5.520969,43.2108361],[5.5210477,43.2110241],[5.5210796,43.211124],[5.5211342,43.2112022],[5.5211594,43.2112409],[5.5211891,43.2112833],[5.5212574,43.21128],[5.521326,43.2112846],[5.5214044,43.2112853],[5.5214203,43.2112705],[5.5214265,43.2112314],[5.5214166,43.2111746],[5.5213725,43.2110566],[5.5213393,43.2108913],[5.5213081,43.2107513],[5.5212914,43.2106869],[5.5212437,43.2106005],[5.521208,43.2105701],[5.5211642,43.2104986],[5.5211555,43.2104653],[5.5211282,43.2104342],[5.5211063,43.2104046],[5.521091,43.2103479],[5.5210386,43.2102887],[5.5210002,43.2102155],[5.5209776,43.2101942],[5.5209413,43.2101648],[5.5209238,43.2101237],[5.5208946,43.2100964],[5.5208965,43.210073],[5.5208776,43.2100356],[5.5208537,43.2100107],[5.5208182,43.209989],[5.5207884,43.2099782],[5.5206789,43.2099738],[5.5206201,43.2099748],[5.5205734,43.2099846],[5.5205102,43.209971],[5.5204146,43.209975],[5.520311,43.2098265],[5.5202619,43.2097897],[5.5202024,43.2096733],[5.5201583,43.209618],[5.5200812,43.2095532],[5.5200199,43.2094716],[5.519806,43.2092657],[5.5197565,43.209141],[5.5196385,43.2089754],[5.5196001,43.20889],[5.5195019,43.2087348],[5.5194737,43.2087237],[5.5194018,43.2086466],[5.5193438,43.2085731],[5.5192916,43.2084841],[5.519196,43.2083773],[5.5191838,43.208342],[5.519119,43.2082888],[5.5190942,43.208277],[5.5190749,43.208257],[5.5190914,43.2082394],[5.5190828,43.2082268],[5.5190477,43.2082345],[5.5189994,43.2081808],[5.5190165,43.2081575],[5.5189591,43.208123],[5.5189478,43.2081032],[5.5189448,43.2080718],[5.518921,43.2080509],[5.5188622,43.2080847],[5.5188049,43.2080356],[5.5186689,43.2079132],[5.518591,43.2078412],[5.5185826,43.2078275],[5.5185419,43.2078104],[5.5184291,43.2077115],[5.5181963,43.2076004],[5.5181116,43.20756],[5.5180632,43.2075569],[5.5179276,43.2074826],[5.5178506,43.2074701],[5.5178088,43.207447],[5.5177584,43.2074509],[5.5176046,43.2073829],[5.517548,43.2073811],[5.5174132,43.2073284],[5.5173317,43.2072922],[5.5172272,43.2072829],[5.5170493,43.2072157],[5.5169304,43.207232],[5.5168805,43.2072237],[5.5168625,43.2072177],[5.5168432,43.207223],[5.516802,43.2071634],[5.5167752,43.2070924],[5.5167932,43.2070855],[5.5167694,43.2070539],[5.5167492,43.2070601],[5.5166926,43.2069963],[5.5166489,43.2069614],[5.5165077,43.2068544],[5.5164525,43.2068886],[5.5164248,43.2068682],[5.5164429,43.2068433],[5.5163926,43.2068005],[5.5163442,43.2068161],[5.5163327,43.206817],[5.5163393,43.2068436],[5.5163136,43.2068531],[5.5162868,43.2068455],[5.5162926,43.206806],[5.516344,43.2067708],[5.5163763,43.2067392],[5.5163863,43.206724],[5.516353,43.2066713],[5.5163035,43.2066275],[5.5162644,43.2065913],[5.5162405,43.2065116],[5.5162151,43.206375]]}},{"type":"Feature","properties":{},"geometry":{"type":"LineString","coordinates":[[5.610434,43.1654763],[5.6110949,43.1656516],[5.6157726,43.1696393],[5.6155581,43.1697833],[5.615105,43.1694742],[5.6150707,43.1694511],[5.6150264,43.1694491],[5.6143028,43.1698968],[5.6143452,43.1699421],[5.6143841,43.1700536],[5.614354,43.1702098],[5.6143237,43.1703548],[5.6142491,43.1704465],[5.6145203,43.1707823],[5.6149411,43.1713032],[5.6150707,43.1714816],[5.6151117,43.1715653],[5.6150787,43.1716127],[5.6150264,43.1716459],[5.6149641,43.1716462],[5.6149044,43.1716166],[5.6147442,43.1714099],[5.6145784,43.1714774],[5.6144858,43.1713902],[5.6146054,43.171303],[5.6146208,43.1711624],[5.6143778,43.1708698],[5.6140769,43.1708389],[5.6140461,43.1708951],[5.6139828,43.170911],[5.6139227,43.1709261],[5.613121,43.170248],[5.6125226,43.1697418],[5.6122911,43.1698881],[5.6117435,43.1694295],[5.6119633,43.1692692],[5.6104444,43.167962],[5.6101717,43.1677273],[5.6100545,43.1676263],[5.6100114,43.1675892],[5.6098266,43.1676139],[5.6091013,43.1680793],[5.6090641,43.1681963],[5.6132554,43.1717756],[5.6130818,43.171905],[5.6121484,43.1718628],[5.6119749,43.1717925],[5.611601,43.1714922],[5.6116178,43.1714736],[5.6114817,43.1713607],[5.6114629,43.1713729],[5.6113677,43.1712995],[5.6113747,43.1712499],[5.6107737,43.17162],[5.6109306,43.1717582],[5.6109836,43.171815],[5.6109195,43.1718559],[5.6093624,43.1719427],[5.6083879,43.1711016],[5.6081809,43.171214],[5.6075504,43.1715569],[5.6085393,43.1722864],[5.6085344,43.1723175],[5.6084312,43.1723933],[5.6084044,43.1723913],[5.6082947,43.1723151],[5.6082492,43.1723515],[5.6081197,43.1724552],[5.6082267,43.172539],[5.6082072,43.1725572],[5.6082327,43.1725751],[5.608228,43.1726041],[5.6080593,43.1727127],[5.6079342,43.1727508],[5.607892,43.1727415],[5.60789,43.1727249],[5.6078297,43.1727293],[5.6072447,43.1726093],[5.6064205,43.1724612],[5.6060657,43.1723869],[5.605868,43.1726686],[5.6059129,43.1731618],[5.605976,43.1733464],[5.6060614,43.173553],[5.6061331,43.1737481],[5.6062627,43.17372],[5.6063022,43.1737206],[5.6063289,43.173728],[5.6063484,43.1737411],[5.6063592,43.1737602],[5.6063685,43.1737836],[5.606362,43.1738145],[5.6062489,43.1738929],[5.6064832,43.1740951],[5.6068386,43.1738802],[5.6077767,43.1738966],[5.6078344,43.173925],[5.6078116,43.1739494],[5.6077687,43.1739225],[5.606848,43.1739113],[5.6065047,43.1741176],[5.6068373,43.1744084],[5.6073653,43.1744633],[5.6092055,43.1737426],[5.6091594,43.173689],[5.6089663,43.1736],[5.6082387,43.1738005],[5.6082012,43.1737418],[5.6082407,43.1737286],[5.6083038,43.1737477],[5.608979,43.1735658],[5.6091963,43.1736611],[5.6093297,43.1736077],[5.6095749,43.1735039],[5.6099296,43.1733621],[5.6099516,43.1733028],[5.610494,43.1730567],[5.6105185,43.1730448],[5.6107278,43.1729444],[5.6108586,43.1728188],[5.610926,43.1726938],[5.6109434,43.1724838],[5.6110511,43.1724164],[5.611174,43.1723844],[5.6112471,43.1723828],[5.6114133,43.1724486],[5.6114341,43.1724452],[5.6115541,43.1724716],[5.6115642,43.1724858],[5.6115688,43.1725001],[5.6116218,43.1725308],[5.611648,43.1725983],[5.6116614,43.1727176],[5.6116372,43.1727796],[5.6110949,43.1733388],[5.6111115,43.174667],[5.6112494,43.1748536],[5.6120647,43.174841],[5.6120744,43.1749027],[5.61208,43.1749377],[5.611241,43.1749781],[5.6112655,43.1752241],[5.6110662,43.1752909],[5.6111047,43.1754789],[5.6111893,43.1757816],[5.6112608,43.1760841],[5.6113264,43.1763546],[5.6114739,43.1763321],[5.6122884,43.1762078],[5.6124749,43.1760456],[5.6124344,43.175349],[5.6124344,43.174811],[5.6123458,43.1747279],[5.6123123,43.174744],[5.6122942,43.174746],[5.6122895,43.1747093],[5.612193,43.1746937],[5.6121795,43.174659],[5.6122144,43.1746218],[5.6122976,43.1746326],[5.6123485,43.174611],[5.612374,43.1746326],[5.6125381,43.1746288],[5.6125953,43.1746502],[5.6126685,43.1747548],[5.6126918,43.1749221],[5.6127106,43.1760624],[5.6127777,43.1762385],[5.6127535,43.1764798],[5.6127133,43.1765827],[5.6127482,43.1767529],[5.6128115,43.1768878],[5.6134804,43.1775079],[5.6135019,43.1775912],[5.6134563,43.1776409],[5.6134026,43.1776727],[5.6133221,43.1776697],[5.6132488,43.1776004],[5.6130291,43.1773925],[5.6129963,43.1774091],[5.6124746,43.1768988],[5.6124384,43.1768805],[5.6115382,43.1770595],[5.6115001,43.177068],[5.6113486,43.1770983],[5.61138,43.1772978],[5.6114097,43.1775456],[5.6114457,43.1778204],[5.6114761,43.1780436],[5.6115562,43.1783822],[5.6117163,43.1786562],[5.6118551,43.1788936],[5.6120025,43.1791458],[5.6121531,43.1791033],[5.6121887,43.1791654],[5.6122126,43.1791567],[5.6122403,43.1791468],[5.6122088,43.1790886],[5.6132752,43.1787732],[5.612679,43.1777376],[5.6127495,43.1777123],[5.6127509,43.1776683],[5.6127696,43.1776419],[5.6128139,43.1776326],[5.6128396,43.1776438],[5.613113,43.1780536],[5.6135019,43.1787264],[5.6134965,43.178793],[5.6134268,43.1788826],[5.6129386,43.1793895],[5.6129043,43.1793884],[5.6128272,43.179359],[5.6127936,43.1793939],[5.6127608,43.179428],[5.6128681,43.1794729],[5.6128305,43.1795165],[5.6127306,43.1794749],[5.6126985,43.1795096],[5.6126656,43.1795453],[5.6127709,43.1795898],[5.6127474,43.1796157],[5.6126696,43.1795952],[5.6125449,43.1797145],[5.612565,43.1797605],[5.612512,43.179781],[5.6125061,43.1798173],[5.6125003,43.1798531],[5.6125957,43.1799584],[5.612947,43.180245],[5.6130175,43.1802489],[5.613246,43.1802391],[5.6133038,43.1802694],[5.6137155,43.1807384],[5.6137168,43.1807785],[5.6136934,43.1808034],[5.6136424,43.1807965],[5.6135907,43.1807782],[5.6132078,43.1803002],[5.6129827,43.1803061],[5.61265,43.1805196],[5.6131852,43.1809985],[5.6134184,43.1808251],[5.6134493,43.1808445],[5.6134598,43.1808577],[5.6134506,43.1808767],[5.6132699,43.181018],[5.6133936,43.1811257],[5.6134739,43.1811837],[5.6135854,43.1812625],[5.6137879,43.1813549],[5.6140303,43.181413],[5.6141822,43.1814136],[5.614331,43.1813999],[5.6145322,43.18135],[5.6146047,43.1812835],[5.6146715,43.1811086],[5.6144918,43.1811181],[5.6144527,43.1810867],[5.6144395,43.1810385],[5.6144844,43.1810086],[5.6145294,43.1809992],[5.6146654,43.1810006],[5.6149185,43.1810109],[5.6154828,43.1811912],[5.6155301,43.1812193],[5.6155357,43.181269],[5.6155069,43.1812998],[5.6154406,43.1813089],[5.6153722,43.1812844],[5.6153038,43.1812497],[5.6152113,43.1812023],[5.6151853,43.1812097],[5.6150457,43.1813551],[5.6150144,43.1814118],[5.6149952,43.1814719],[5.6149894,43.1816062],[5.6150075,43.1816935],[5.615045,43.181766],[5.6150744,43.181821],[5.6151333,43.1818882],[5.6152361,43.1819763],[5.6153628,43.1820508],[5.6155052,43.1821219],[5.6157922,43.1819725],[5.6158375,43.1819578],[5.6158851,43.1819711],[5.6159064,43.1820078],[5.6158846,43.1820363],[5.6156617,43.1821464],[5.6155855,43.1821814],[5.6157297,43.1823956],[5.6158157,43.182388],[5.6158945,43.1823927],[5.616045,43.182445],[5.6161292,43.1824798],[5.6162862,43.1825389],[5.6163284,43.1825923],[5.6163783,43.1826921],[5.6164527,43.1829313],[5.6166191,43.1829275],[5.6166231,43.1829632],[5.616494,43.1829613],[5.6164618,43.182973],[5.6164682,43.1830233],[5.6165322,43.183121],[5.6166246,43.1831878],[5.6169256,43.1830589],[5.6171621,43.183033],[5.6172045,43.1830352],[5.6172385,43.1830529],[5.6172566,43.1830882],[5.617248,43.1831294],[5.6170002,43.1833144],[5.6170471,43.1834337],[5.6171172,43.1835679],[5.6172638,43.1837023],[5.6174277,43.1838322],[5.617618,43.1839603],[5.617853,43.1841259],[5.6179874,43.1841761],[5.6181677,43.1842135],[5.6182224,43.1842179],[5.6182843,43.1841747],[5.6183921,43.1840326],[5.6184351,43.1840125],[5.6184833,43.1840171],[5.6185393,43.1840597],[5.618541,43.1840979],[5.6183271,43.1843042],[5.6184884,43.18443],[5.6186749,43.184556],[5.6188692,43.1846607],[5.6190948,43.1847527],[5.6193521,43.1848384],[5.6194664,43.1848659],[5.6195523,43.1848793],[5.619651,43.1848843],[5.6198033,43.18488],[5.6199346,43.1848592],[5.6200803,43.1848233],[5.6202217,43.1847307],[5.6200489,43.1845834],[5.620032,43.1845523],[5.6200275,43.1845165],[5.6200365,43.1844985],[5.6200526,43.1844851],[5.6200941,43.1844775],[5.6201364,43.1844864],[5.6201748,43.1845158],[5.6203498,43.1846647],[5.6204549,43.1847455],[5.6208254,43.184923],[5.621598,43.1850464],[5.6216392,43.1850746],[5.6216443,43.1851152],[5.6216102,43.1851566],[5.6215407,43.1851653],[5.621501,43.1851533],[5.6214817,43.1851359],[5.6211021,43.1850828]]}},{"type":"Feature","properties":{},"geometry":{"type":"LineString","coordinates":[[5.3598422,43.2753124],[5.3599807,43.2752187],[5.3599986,43.2751805],[5.3599709,43.2751747],[5.3599717,43.2751565],[5.3599592,43.2751524],[5.3599168,43.2751238],[5.3598898,43.2750917],[5.3598812,43.2750683],[5.3599155,43.2750386],[5.3598894,43.2749878],[5.359726,43.2747506],[5.3597155,43.2747249],[5.3597022,43.2747142],[5.3597783,43.2746687],[5.35982,43.2746649],[5.3598918,43.2746641],[5.3598988,43.2746546],[5.3598886,43.274642],[5.3599017,43.2746192],[5.3601142,43.27463],[5.3601111,43.274651],[5.3600869,43.2746677],[5.3601849,43.2746802],[5.3602351,43.2746528],[5.3602876,43.2746132],[5.3603342,43.2746033],[5.3603587,43.2745755],[5.3603961,43.2745603],[5.3604012,43.2745841],[5.3604538,43.2745602],[5.3604889,43.2745618],[5.3604467,43.2745431],[5.3604665,43.2745155],[5.3604932,43.2745143],[5.3605321,43.2745412],[5.3605633,43.2745312],[5.3605909,43.2745118],[5.3605551,43.2744943],[5.3605489,43.2744809],[5.3605996,43.274455],[5.3606105,43.274466],[5.3607253,43.2744686],[5.3608033,43.2744413],[5.3608439,43.274447],[5.3608906,43.2744417],[5.3608692,43.274426],[5.3608819,43.2744096],[5.3609057,43.2744043],[5.3609267,43.2744246],[5.3609696,43.2744204],[5.3610368,43.2744491],[5.3610685,43.2744297],[5.3611047,43.2744334],[5.3611166,43.274412],[5.3611482,43.2744101],[5.3611545,43.274432],[5.3612692,43.2743749],[5.3613568,43.2743474],[5.3614825,43.274407],[5.3616317,43.2743687],[5.3616346,43.274348],[5.3616456,43.2743502],[5.3616627,43.2743424],[5.3616796,43.2743421],[5.3616892,43.2743365],[5.3617352,43.2743363],[5.3617601,43.2743014],[5.3617885,43.2742954],[5.3617893,43.2742792],[5.3618125,43.2742639],[5.3618215,43.2742532],[5.3618072,43.2742396],[5.3618209,43.274226],[5.3618356,43.2742272],[5.3618713,43.2741975],[5.3618672,43.2741867],[5.3618889,43.2741773],[5.3619064,43.2741468],[5.3619328,43.2741252],[5.3619769,43.2740618],[5.36187,43.2740197],[5.3620228,43.2738561],[5.3620478,43.2738593],[5.3620786,43.27382],[5.36188,43.2735612],[5.3616038,43.2733619],[5.3613552,43.2732578],[5.3612707,43.2733249],[5.361187,43.2734205],[5.3611621,43.2734626],[5.3611744,43.2735127],[5.3611237,43.2735578],[5.3610522,43.2735503],[5.3610027,43.2735],[5.3610484,43.2734039],[5.3612198,43.2732141],[5.3614609,43.2729306],[5.3616631,43.2727203],[5.3618496,43.2725142],[5.3618834,43.2724642],[5.3619337,43.2724629],[5.3619633,43.2724924],[5.3619439,43.2725355],[5.3617758,43.2727351],[5.3618864,43.2727822],[5.3620124,43.272818],[5.3621189,43.2728168],[5.3622316,43.2727943],[5.3622874,43.2727336],[5.3622502,43.2726641],[5.3623699,43.2725507],[5.3624076,43.2724153],[5.3624792,43.2723884],[5.3624445,43.2723544],[5.3624485,43.2723447],[5.3624582,43.2723345],[5.3624505,43.2723295],[5.3624566,43.2722892],[5.3624498,43.2722607],[5.3624805,43.2721619],[5.3624915,43.2721424],[5.3625103,43.2721308],[5.36251,43.2721187],[5.3625238,43.2721069],[5.3625253,43.272096],[5.3625559,43.2720577],[5.3625808,43.27198],[5.3626189,43.2719242],[5.3626094,43.2719142],[5.3626,43.2719009],[5.3625812,43.2718895],[5.3626039,43.271876],[5.3626374,43.2718695],[5.3626446,43.2718624],[5.3626401,43.2718563],[5.3626913,43.2717748],[5.3626805,43.2717677],[5.3626845,43.2717467],[5.3626601,43.2717401],[5.362606,43.2717423],[5.3626077,43.2717213],[5.3625835,43.2717119],[5.3625989,43.271681],[5.3626152,43.2716735],[5.3626604,43.2716005],[5.3626602,43.2715941],[5.3626577,43.2715899],[5.3626157,43.2715824],[5.3626051,43.2715625],[5.3626214,43.2715303],[5.3626381,43.2715333],[5.3626466,43.2715586],[5.3626537,43.2715598],[5.3626684,43.2715598],[5.3626925,43.2715661],[5.3626973,43.2715535],[5.3627236,43.2715033],[5.3626884,43.2714869],[5.3627115,43.2714604],[5.3627318,43.2714534],[5.3627519,43.2714239],[5.3627637,43.2713863],[5.3627719,43.2713231],[5.3627722,43.2712921],[5.3627566,43.2712888],[5.3627241,43.2712882],[5.3626652,43.2712708],[5.3626742,43.2712471],[5.3626518,43.2712354],[5.3626562,43.2712087],[5.3626842,43.2711677],[5.3626871,43.271147],[5.3627073,43.2711412],[5.3627177,43.2711289],[5.3627146,43.2711101],[5.3627415,43.2710966],[5.3627729,43.2711002],[5.3627695,43.271128],[5.3627838,43.2711288],[5.3628045,43.2711136],[5.3628096,43.2710794],[5.3628104,43.2710362],[5.3628379,43.2709995],[5.3628627,43.2709731],[5.3628643,43.2709422],[5.3628554,43.2709116],[5.3628611,43.2708725],[5.3628884,43.2708657],[5.3629409,43.2708619],[5.3629798,43.2708706],[5.3630078,43.2708287],[5.3630327,43.2708209],[5.3630657,43.2707762],[5.3630926,43.2707361],[5.3630908,43.2707082],[5.3630766,43.2706845],[5.3630612,43.2706841],[5.3630511,43.2706778],[5.3630623,43.2706574],[5.3630584,43.2706507],[5.3630735,43.2706475],[5.3630767,43.270629],[5.3630998,43.2706262],[5.3631022,43.2706163],[5.3631169,43.2706077],[5.3631159,43.2705875],[5.3630987,43.270586],[5.3630844,43.2705673],[5.3630853,43.2705401],[5.3631424,43.2705304],[5.3631489,43.2705172],[5.3631819,43.270498],[5.3632172,43.2704938],[5.3632292,43.2704799],[5.363222,43.2704678],[5.3632347,43.270453],[5.3632313,43.270441],[5.3632587,43.2704305],[5.3633016,43.2704016],[5.3633297,43.2703888],[5.3633532,43.2704044],[5.3633549,43.2704005],[5.3633902,43.2703863],[5.363437,43.270381],[5.3634786,43.270356],[5.3636266,43.2703109],[5.3637044,43.2702641],[5.3637348,43.270253],[5.3637691,43.2702189],[5.3638175,43.2701834],[5.3638671,43.2701647],[5.3639187,43.2701608],[5.3640044,43.2701623],[5.3640555,43.2701741],[5.3641043,43.2701634],[5.364151,43.2701615],[5.3641901,43.2701548],[5.3642434,43.2701554],[5.3643155,43.27017],[5.3643698,43.2701486],[5.3644241,43.2701361],[5.3645058,43.270078],[5.3645369,43.2700751],[5.3645583,43.2700951],[5.3645909,43.270117],[5.3646148,43.2701433],[5.3646348,43.2701725],[5.3646648,43.2701863],[5.3647003,43.2701812],[5.3647172,43.2701881],[5.3647183,43.2702127],[5.3647319,43.2702248],[5.3647814,43.2702007],[5.3647971,43.2702122],[5.3647996,43.2702302],[5.3648306,43.2702089],[5.3648607,43.2701722],[5.3649725,43.2701002],[5.365008,43.2700792],[5.3650339,43.2700625],[5.3650431,43.2700538],[5.3650565,43.2700508],[5.3650682,43.2700707],[5.3650917,43.2700776],[5.3650962,43.270065],[5.3651141,43.2700529],[5.3651022,43.2700499],[5.3650655,43.2700304],[5.3650458,43.2700013],[5.3650378,43.2699577],[5.365039,43.2699281],[5.3650662,43.2699171],[5.3650903,43.2699031],[5.3651209,43.269901],[5.3651412,43.2699119],[5.3651759,43.2698924],[5.365207,43.269873],[5.3652214,43.2698784],[5.3652405,43.269873],[5.365249,43.2698773],[5.3652504,43.2699342],[5.3652572,43.2699665],[5.3653034,43.2699662],[5.3653154,43.2699733],[5.3653318,43.2700011],[5.3653802,43.2699944],[5.3654149,43.2699827],[5.3654364,43.26997],[5.3654677,43.2699654],[5.3654854,43.2699514],[5.3654994,43.2699118],[5.3655106,43.2698893],[5.3655182,43.269892],[5.3655368,43.2699058],[5.3655498,43.2698905],[5.3655586,43.2698706],[5.3655805,43.2698744],[5.3656233,43.2698601],[5.3656125,43.269859],[5.36565,43.2698399],[5.3656776,43.2698168],[5.3656835,43.2698005],[5.3657164,43.2697889],[5.3657484,43.2697859],[5.3657789,43.2697901],[5.3658053,43.2698015],[5.3658272,43.2698186],[5.3658187,43.2698955],[5.3658129,43.2699055],[5.3658055,43.2699155],[5.365797,43.2699395],[5.3658631,43.2699413],[5.365912,43.2699306],[5.3660436,43.2698322],[5.3659889,43.2698043],[5.3659862,43.2697576],[5.3659568,43.2697458],[5.3659173,43.2697664],[5.3658991,43.2697532],[5.3658995,43.2697387],[5.3658961,43.2697301],[5.3658947,43.269724],[5.3658996,43.269718],[5.3659046,43.269713],[5.365903,43.2697061],[5.365917,43.2696885],[5.3659258,43.2696831],[5.3659263,43.269662],[5.3659232,43.2696545],[5.3659236,43.2696469],[5.365928,43.2696391],[5.3659251,43.2696225],[5.3659292,43.2696058],[5.365931,43.2696019],[5.3659368,43.269598],[5.3659487,43.2695802],[5.3659825,43.2695621],[5.3659931,43.2695547],[5.3660479,43.2695305],[5.3660595,43.2695354],[5.3660682,43.2695382],[5.3660791,43.2695486],[5.36608,43.2695551],[5.3660742,43.2695583],[5.3660759,43.2695666],[5.3660753,43.2695781],[5.3660997,43.2695638],[5.3661138,43.2695484],[5.3661272,43.2695442],[5.3661377,43.2695383],[5.3661457,43.2695458],[5.3661675,43.2695336],[5.366173,43.2695274],[5.3661699,43.2695201],[5.3661747,43.2694988],[5.3661814,43.2694978],[5.3661754,43.2694817],[5.3661806,43.2694583],[5.3662653,43.2694027],[5.3662824,43.2693939],[5.3663032,43.2693913],[5.3663186,43.2693845],[5.3663309,43.2693852],[5.3663453,43.2693895],[5.3663621,43.2693896],[5.3663738,43.2693883],[5.3663452,43.2693797],[5.3663396,43.2693724],[5.3663425,43.2693636],[5.3663246,43.269356],[5.3663139,43.2693487],[5.3663067,43.269333],[5.3662948,43.2693299],[5.3662864,43.2693185],[5.3662873,43.2693084],[5.3662722,43.2693042],[5.3662553,43.2692853],[5.3662562,43.269269],[5.3662417,43.2692635],[5.3662325,43.2692522],[5.3662276,43.2692403],[5.3662312,43.2692292],[5.3662205,43.2692211],[5.3662113,43.2691838],[5.366215,43.2691652],[5.366212,43.2691524],[5.3662218,43.2691377],[5.366222,43.2691264],[5.3662248,43.2691183],[5.3662303,43.2690985],[5.3662446,43.2690937],[5.3662475,43.2690834],[5.3662585,43.2690778],[5.3662727,43.2690674],[5.366287,43.2690648],[5.3662962,43.2690587],[5.3663294,43.2690545],[5.366347,43.2690447],[5.3663773,43.2690388],[5.3663874,43.2690427],[5.3664108,43.2690379],[5.3664369,43.2690399],[5.3664702,43.269045],[5.3665101,43.2690444],[5.3665275,43.2690486],[5.3665763,43.2690525],[5.3665886,43.2690512],[5.3666001,43.2690447],[5.3666081,43.2690498],[5.3666272,43.2690506],[5.366637,43.2690529],[5.3666477,43.2690527],[5.366654,43.2690568],[5.3666552,43.269065],[5.3666687,43.2690637],[5.3666781,43.2690656],[5.3666876,43.2690689],[5.3666959,43.2690757],[5.3666958,43.2690856],[5.3666918,43.2690901],[5.3666848,43.269093],[5.366689,43.2690968],[5.3666932,43.2691042],[5.3667055,43.2691038],[5.3667152,43.269108],[5.3667309,43.2691143],[5.3667473,43.2691084],[5.3667601,43.2691039],[5.3667734,43.2691051],[5.3667825,43.2691005],[5.366791,43.2690926],[5.3668101,43.269085],[5.3668176,43.2690912],[5.3668357,43.2690923],[5.3668579,43.2690981],[5.3668623,43.2691056],[5.3668743,43.2691074],[5.3668835,43.2691148],[5.3668824,43.2691193],[5.3668895,43.2691252],[5.3668919,43.2691349],[5.3669025,43.2691302],[5.3669113,43.2691319],[5.3669121,43.269141],[5.3669319,43.2691387],[5.3669419,43.2691364],[5.3669471,43.2691404],[5.3669476,43.2691473],[5.3669538,43.26915],[5.366957,43.2691534],[5.3669592,43.2691628],[5.3669637,43.2691613],[5.3669724,43.2691656],[5.3669782,43.2691751],[5.3669857,43.2691744],[5.3669921,43.2691775],[5.3669967,43.269181],[5.3670069,43.2691837],[5.3670146,43.2691865],[5.36702,43.2691902],[5.3670287,43.2691909],[5.3670386,43.2691895],[5.3670614,43.2691907],[5.3670693,43.2691952],[5.3670754,43.2691992],[5.3670991,43.2691817],[5.3671242,43.269171],[5.3671443,43.2691679],[5.3671635,43.2691661],[5.3671931,43.2691424],[5.3672183,43.2691194],[5.3672256,43.2691172],[5.3672763,43.269081],[5.3673118,43.269059],[5.3673305,43.2690225],[5.367335,43.2690207],[5.3673435,43.2690228],[5.3673603,43.2690177],[5.3673816,43.2690055],[5.3673969,43.268995],[5.3673843,43.2689856],[5.3673789,43.2689789],[5.3673735,43.2689674],[5.3673701,43.2689479],[5.36736,43.2689387],[5.3673508,43.2689305],[5.3673477,43.2689196],[5.3673532,43.268912],[5.3673588,43.2689097],[5.3673664,43.268911],[5.3673773,43.2689161],[5.3673884,43.2689147],[5.3673938,43.2689158],[5.3673976,43.2689193],[5.3674011,43.2689186],[5.3674031,43.2689171],[5.3674012,43.2688982],[5.3674069,43.2688922],[5.3674136,43.2688911],[5.367421,43.2688928],[5.3674256,43.2688958],[5.3674312,43.2689016],[5.3674363,43.2689049],[5.3674409,43.2689064],[5.3674477,43.2689056],[5.3674629,43.2689067],[5.3674758,43.2689121],[5.3674791,43.2689144],[5.3674825,43.2689188],[5.3674861,43.2689219],[5.3674964,43.268921],[5.3675105,43.2689235],[5.3675236,43.2689287],[5.3675359,43.2689353],[5.3675439,43.2689352],[5.3675511,43.268934],[5.3675678,43.2689353],[5.3675783,43.26894],[5.3675893,43.2689395],[5.3676019,43.2689406],[5.367623,43.2689232],[5.3676404,43.2689145],[5.3676556,43.2689074],[5.3676542,43.2689033],[5.367656,43.2688858],[5.3676578,43.2688796],[5.3676574,43.2688735],[5.3676519,43.2688613],[5.3676523,43.2688516],[5.3676593,43.2688521],[5.3676751,43.2688585],[5.3676878,43.2688551],[5.3677066,43.268861],[5.3677146,43.2688644],[5.3677227,43.2688661],[5.3677274,43.2688708],[5.3677451,43.2688683],[5.3677677,43.2688678],[5.3677793,43.2688703],[5.3677916,43.2688713],[5.3678189,43.2688488],[5.3678507,43.2688312],[5.3678784,43.268814],[5.3679105,43.2687869],[5.3679801,43.2687067],[5.3680712,43.2686361]]}},{"type":"Feature","properties":{},"geometry":{"type":"LineString","coordinates":[[5.5219232,43.2063373],[5.5219937,43.2064518],[5.5222372,43.2064369],[5.5225886,43.2065772],[5.5225925,43.2066269],[5.5226871,43.2066234],[5.52279,43.2067307],[5.5229533,43.2067376],[5.5229699,43.2068003],[5.5232629,43.2068596],[5.5232783,43.2068627],[5.5234774,43.2076377],[5.523643,43.2076891],[5.5238991,43.2076818],[5.5242641,43.2078031],[5.5243084,43.2078587],[5.5243493,43.2079053],[5.5243762,43.207914],[5.5243812,43.207926],[5.5243106,43.2080614],[5.5244163,43.2080842],[5.5244083,43.2082583],[5.5245494,43.2083228],[5.5246118,43.2084242],[5.5245905,43.2085142],[5.52508,43.2084473],[5.5252154,43.2083123],[5.5257345,43.2082666],[5.5258286,43.208367],[5.5258029,43.208512],[5.5259113,43.2088958],[5.5260245,43.2090648],[5.5261297,43.2090511],[5.5262157,43.2090898],[5.5266496,43.2094822],[5.5270592,43.2096154],[5.5270654,43.2096203],[5.5272387,43.2097576],[5.5273248,43.2096443],[5.5274462,43.2095985],[5.5275498,43.2096164],[5.5277808,43.2097309],[5.5280288,43.2099676],[5.5282653,43.2100789],[5.5283569,43.2102081],[5.5283313,43.2102624],[5.52857,43.2105354],[5.5287856,43.2105309],[5.5288231,43.2106085],[5.5291078,43.2107381],[5.5292133,43.2107291],[5.5293237,43.2108595],[5.5298174,43.2108419],[5.5298871,43.210865],[5.5298882,43.2109168],[5.5300771,43.2109603]]}},{"type":"Feature","properties":{},"geometry":{"type":"LineString","coordinates":[[5.5485637,43.2057704],[5.5485512,43.2056639],[5.5485619,43.2056313],[5.5486031,43.2056271],[5.5486143,43.2056045],[5.5487026,43.205603],[5.5487958,43.2056408],[5.548885,43.2056291],[5.5489643,43.2055875],[5.549046,43.2054871],[5.5490867,43.205396],[5.5490826,43.2052678],[5.5490214,43.2051816],[5.5489046,43.2050647],[5.5488717,43.2050181],[5.5488569,43.2049215],[5.5488773,43.2048634],[5.5487272,43.2047949],[5.5487215,43.2046627],[5.5487456,43.2045175],[5.5487997,43.2043926],[5.5488253,43.2042504],[5.5488666,43.2041442],[5.5489207,43.2040456],[5.5488985,43.2037592],[5.5488624,43.2032115],[5.5487928,43.2029437],[5.5487243,43.2027203],[5.5486848,43.2026275],[5.5486285,43.2025553],[5.5485285,43.2024429],[5.5484092,43.2022776],[5.5483296,43.2021576],[5.5482326,43.2020492],[5.5481465,43.201989],[5.5480683,43.2019458],[5.5479683,43.2019112],[5.5478869,43.2018863],[5.5478256,43.2018243],[5.5478348,43.2017119],[5.5478211,43.2016375],[5.5477788,43.20157],[5.5476961,43.2014946],[5.5476189,43.2014462],[5.547532,43.2013972],[5.5474701,43.2013757],[5.5474592,43.2013528],[5.547493,43.2013387],[5.5475629,43.2013023],[5.5476546,43.201234],[5.5476624,43.2012004],[5.5476132,43.2010806],[5.5476114,43.2009937],[5.5476595,43.2008337],[5.5476998,43.2006314],[5.5477742,43.2005242],[5.5478734,43.2002607],[5.5478147,43.2001956],[5.5478601,43.2000882],[5.5478867,43.1999915],[5.5478833,43.1996167],[5.5477861,43.1994527],[5.5477803,43.19937],[5.5477935,43.1992797],[5.5478533,43.1991324],[5.5478555,43.1989919],[5.5479093,43.1988873],[5.5481957,43.1985083],[5.5484383,43.1983174],[5.5484427,43.1982435],[5.5484591,43.1981632],[5.5484902,43.1980997],[5.5486305,43.1980886],[5.5486577,43.1980029],[5.5487343,43.1975743],[5.5487588,43.1974119],[5.5487824,43.1972849],[5.548798,43.1971632],[5.5487621,43.1970339],[5.5486998,43.1968234],[5.5487431,43.1967039],[5.5487657,43.1966083],[5.5486877,43.1964224],[5.5485658,43.1961983],[5.548707,43.1961552],[5.5486678,43.1960674],[5.5486899,43.1959385],[5.5487021,43.1957794],[5.5487202,43.1956779],[5.5487928,43.1955121],[5.5488899,43.1953638],[5.5490098,43.1951785],[5.5490665,43.1950495],[5.549146,43.1948563],[5.5491955,43.194775],[5.5492681,43.194686],[5.5493591,43.1945794],[5.5494777,43.1944992],[5.5496178,43.194381],[5.5497106,43.194256],[5.5497656,43.1941211],[5.5497954,43.1939818]]}},{"type":"Feature","properties":{},"geometry":{"type":"LineString","coordinates":[[5.0045075,43.4035018],[5.0044236,43.402803],[5.004339,43.4020981],[4.9979246,43.4023536],[4.9979051,43.4023544],[4.9977502,43.4023548],[4.9971912,43.402373],[4.997014,43.4023615],[4.996941,43.4023411],[4.9969077,43.402298],[4.9968972,43.4021951],[4.9969125,43.4020961],[4.9968721,43.4020806],[4.9968602,43.4020426],[4.9969805,43.4020171],[4.9977672,43.4013417],[4.9975437,43.4011983],[4.9974554,43.4012691],[4.9974711,43.4012792],[4.9972814,43.4014459],[4.997154,43.4013718],[4.9977634,43.4008579],[4.9978879,43.4009307],[4.9978342,43.4009769],[4.9979012,43.4010167],[4.9978646,43.4010469],[4.9980347,43.4011557],[4.9995076,43.3999485],[4.9995959,43.399789],[4.9996679,43.3997333],[4.9995133,43.3996293],[4.9993728,43.3996044],[4.9992896,43.3996565],[4.9993047,43.3996812],[4.9993036,43.3997114],[4.9992858,43.3997336],[4.9992671,43.3997434],[4.9992389,43.399752],[4.9991948,43.3997441],[4.9991707,43.3997277],[4.9991525,43.3996979],[4.9991481,43.3996806],[4.9991614,43.3996617],[4.9991809,43.3996484],[4.9992043,43.3996393],[4.9992526,43.3996434],[4.9992717,43.3996481],[4.999353,43.3995895],[4.9993444,43.3995249],[4.9995608,43.3993359],[4.9995884,43.3993231],[4.9996624,43.3993197],[4.9997401,43.399251],[4.9997224,43.3991956],[4.9997598,43.399164],[4.9998192,43.399162],[4.9998609,43.3991849],[4.999875,43.3992206],[4.9998591,43.3992515],[4.9998174,43.3992674],[4.999786,43.3992692],[4.9997592,43.3992654],[4.9996782,43.3993339],[4.9997438,43.399376],[4.9997483,43.3994213],[4.9998031,43.3994529],[4.999886,43.3994168],[5.0000193,43.3994027],[5.0001696,43.3994185],[5.0012384,43.3984951],[5.001036,43.3983477],[5.0009432,43.3984325],[5.0009657,43.3984561],[5.0008934,43.3985066],[5.0008034,43.3984452],[5.0008596,43.3983955],[5.0008949,43.3984038],[5.0010015,43.3983177],[5.0009991,43.3982651],[5.0009293,43.3982146],[4.9993106,43.3971725],[4.9990903,43.3970932],[4.998937,43.3971973],[4.9988776,43.3971712],[4.998651,43.3973371],[4.9987099,43.3973748],[4.9985545,43.3974943],[4.9984958,43.3974606],[4.9983071,43.3976199],[4.9983627,43.3976658],[4.9972773,43.3985518],[4.997162,43.3984899],[4.9969752,43.3986518],[4.9970706,43.3987474],[4.9969573,43.3988508],[4.9968304,43.3987891],[4.996369,43.3991739],[4.996384,43.3992273],[4.9963607,43.399287],[4.9962813,43.399328],[4.9962001,43.3993285],[4.9961281,43.3992871],[4.9961048,43.3992152],[4.9961384,43.3991673],[4.9962142,43.3991278],[4.9963021,43.3991391],[4.9967649,43.3987525],[4.9966513,43.3986769],[4.9967903,43.3985714],[4.9969256,43.3986153],[4.9971163,43.39846],[4.997013,43.3983789],[4.9980978,43.3974808],[4.9981549,43.3975185],[4.9983434,43.3973552],[4.9982902,43.3973214],[4.9984377,43.3971914],[4.9984927,43.3972237],[4.9987077,43.3970542],[4.9986324,43.3970441],[4.9987147,43.3969738],[4.9987837,43.3968699],[4.9986526,43.3967862],[4.9985986,43.3967055],[4.9974631,43.3959974],[4.9973133,43.3960267],[4.9971239,43.3961528],[4.9970934,43.3961354],[4.9967645,43.3964081],[4.9968084,43.3964362],[4.9966939,43.3965348],[4.9966422,43.3965071],[4.9961962,43.3968955],[4.996251,43.3969508],[4.9962514,43.3969699],[4.995551,43.3975581],[4.9955216,43.3975662],[4.9954194,43.3974963],[4.9950997,43.3977627],[4.9951627,43.3978019],[4.9950586,43.3978924],[4.9949918,43.3978493],[4.9946841,43.3981084],[4.9947067,43.3981938],[4.9946211,43.398261],[4.9944787,43.3982453],[4.9944345,43.3981525],[4.9945322,43.3980673],[4.9946292,43.3980838],[4.9949444,43.3978158],[4.9948692,43.3977655],[4.9949734,43.3976789],[4.9950493,43.3977244],[4.9953806,43.3974589],[4.9952553,43.3973841],[4.9959755,43.3967908],[4.9960165,43.3967964],[4.9960802,43.3968316],[4.9965454,43.3964371],[4.9965063,43.3964078],[4.9966208,43.3963079],[4.9966616,43.3963345],[4.9969691,43.3960777],[4.997107,43.395897],[4.9971223,43.3958714],[4.9971138,43.3958032],[4.9969971,43.395701],[4.9960258,43.3951027],[4.9958407,43.3951766],[4.9957433,43.39524],[4.9956683,43.3952435],[4.9953507,43.3955096],[4.9953946,43.3955377],[4.99528,43.3956363],[4.9952284,43.3956086],[4.9947438,43.3960168],[4.994824,43.3960779],[4.9941078,43.3966676],[4.9940056,43.3965978],[4.9936983,43.3968575],[4.9937613,43.3968993],[4.9936447,43.3969938],[4.993578,43.3969507],[4.9932716,43.3972141],[4.9932959,43.39728],[4.9932953,43.3972945],[4.9932845,43.3973071],[4.9932246,43.3973545],[4.9932073,43.3973638],[4.9930819,43.3973486],[4.9930649,43.3973411],[4.9930589,43.3973303],[4.9930252,43.3972526],[4.9930324,43.3972419],[4.9931054,43.3971793],[4.9931334,43.3971736],[4.9932154,43.3971853],[4.9935241,43.3969139],[4.9934678,43.3968735],[4.9935766,43.3967829],[4.9936423,43.3968201],[4.9939464,43.3965637],[4.9938347,43.3964822],[4.9945617,43.3958923],[4.9946414,43.395943],[4.9951316,43.3955386],[4.9950925,43.3955093],[4.9952069,43.3954094],[4.9952478,43.395436],[4.9955553,43.3951791],[4.9956932,43.3949985],[4.995677,43.3948697],[4.994624,43.3941988],[4.9928396,43.3956711],[4.9925624,43.3955104],[4.9924378,43.3954995],[4.9924222,43.3955126],[4.9919149,43.3959653],[4.9919833,43.3960143],[4.990689,43.3970783],[4.9901764,43.3967592],[4.990116,43.3968058],[4.9901015,43.3967983],[4.9901586,43.3967482],[4.9901323,43.3967318],[4.9902896,43.3966005],[4.9903492,43.3966395],[4.991012,43.3960959],[4.9911785,43.3959719],[4.9910965,43.3959266],[4.991181,43.3957572],[4.9909872,43.3957079],[4.9910489,43.3956071],[4.9912359,43.3956472],[4.9914019,43.3952371],[4.9906011,43.3947425],[4.9901883,43.3950771],[4.9902077,43.3951007],[4.9898967,43.395351],[4.9898276,43.3953159],[4.9896587,43.3954569],[4.9896728,43.3954679],[4.9896715,43.3954905],[4.9896372,43.3955197],[4.9896056,43.3955207],[4.9895644,43.3954948],[4.9895619,43.3954719],[4.9895983,43.3954427],[4.9896416,43.3954425],[4.989809,43.3952994],[4.9897531,43.3952594],[4.9900629,43.3950058],[4.9900936,43.3950154],[4.9904887,43.3946837],[4.9902067,43.3944891],[4.9901637,43.394443],[4.9901471,43.3943964],[4.9903585,43.3940357],[4.9905643,43.3936226],[4.9903399,43.3934578],[4.9903099,43.3934804],[4.9902852,43.3934642],[4.9903205,43.3934271],[4.99029,43.3934065],[4.9899788,43.3936654],[4.9900149,43.3936912],[4.9899397,43.3937566],[4.9898995,43.393736],[4.9898433,43.3937824],[4.9898749,43.3938062],[4.989565,43.3940669],[4.9894996,43.3940273],[4.9893219,43.3941745],[4.9893286,43.3941859],[4.9893296,43.3942002],[4.9893246,43.3942134],[4.9893089,43.3942243],[4.9892987,43.3942288],[4.9892793,43.3942304],[4.9892621,43.3942282],[4.9892473,43.3942206],[4.9892387,43.394212],[4.9892334,43.3942005],[4.9892322,43.3941898],[4.989235,43.3941813],[4.9892408,43.3941742],[4.9892494,43.3941676],[4.9892608,43.3941633],[4.9892725,43.394161],[4.9892932,43.3941622],[4.9893046,43.3941648],[4.989484,43.3940146],[4.9894173,43.3939726],[4.9897191,43.3937173],[4.9897499,43.3937327],[4.9898171,43.3936787],[4.9897901,43.393659],[4.9898657,43.3935988],[4.9898969,43.3936145],[4.9901994,43.3933536],[4.9894631,43.392897],[4.9892481,43.3928756],[4.988938,43.3931307],[4.9890306,43.3932072],[4.9889576,43.3932668],[4.9888452,43.3932055],[4.9885451,43.3934562],[4.988556,43.3934644],[4.9884555,43.3935522],[4.9885413,43.3936167],[4.9884724,43.3936709],[4.9883573,43.3936116],[4.9877886,43.3940858],[4.9873959,43.3947582],[4.9873674,43.3948118],[4.9873544,43.3948703],[4.9873633,43.3949394],[4.9873928,43.3949753],[4.9876126,43.3951076],[4.9877195,43.3950774],[4.9878106,43.3950733],[4.9878818,43.3950833],[4.9880643,43.3951878],[4.9879543,43.3952716],[4.9879759,43.3952886],[4.9879512,43.3953135],[4.9880956,43.3954225],[4.9880865,43.3954365],[4.9881389,43.395471],[4.9880576,43.3955312],[4.9876512,43.3952672],[4.9873722,43.3951292],[4.9872475,43.3950278],[4.9871988,43.3949418],[4.9871822,43.3948833],[4.9872059,43.3947884],[4.9876263,43.3940384],[4.9876113,43.3939255],[4.9875818,43.3938954],[4.9874742,43.3938492],[4.9872232,43.3937926],[4.9870462,43.3937852],[4.9869225,43.3937936],[4.9867655,43.3938272],[4.9865829,43.3939507],[4.9860149,43.3940046],[4.9855303,43.3941334],[4.9851453,43.3941635],[4.9850946,43.3941275],[4.9851961,43.3937839],[4.9852172,43.3936594],[4.9856478,43.3932471],[4.9861632,43.393108],[4.9861715,43.3929922],[4.9861841,43.3928175],[4.9863419,43.3925967],[4.9865918,43.3924246],[4.987282,43.3920255],[4.9874821,43.3920498]]}},{"type":"Feature","properties":{},"geometry":{"type":"LineString","coordinates":[[5.3628418,43.294586],[5.3628947,43.2945857],[5.3628963,43.2945916],[5.3629393,43.2946023],[5.3629635,43.2946232],[5.3629833,43.2946732],[5.3631831,43.2947162],[5.3633863,43.2947603],[5.363615,43.2948098],[5.3639041,43.2948713],[5.364146,43.2949222],[5.3645851,43.2950135],[5.3646365,43.2950235],[5.3649947,43.295099],[5.3653671,43.2951763],[5.3657321,43.2952521],[5.3660523,43.2953181],[5.3663081,43.2953708],[5.3667487,43.2954699],[5.3673761,43.2955874],[5.3675899,43.2956237],[5.3676279,43.2956289],[5.3677848,43.2956477],[5.3681286,43.2956873],[5.3682337,43.2956995],[5.3684795,43.2957246],[5.3687326,43.2957505],[5.3690096,43.2957788],[5.3693141,43.2958099],[5.3693961,43.2958183],[5.3695794,43.295838],[5.3695956,43.2957849],[5.3696291,43.2957882],[5.3701838,43.2958427],[5.3704267,43.2958683],[5.3704209,43.2958966],[5.3704602,43.2958995],[5.3705006,43.2959036],[5.3706465,43.2959163],[5.3708456,43.295936],[5.3711828,43.295969],[5.3713954,43.2959903],[5.3717178,43.2960225],[5.3719128,43.296041],[5.3722548,43.2960735],[5.372472,43.2960944],[5.3726715,43.2961136],[5.3728266,43.2960747],[5.37333,43.2959487],[5.3735247,43.2958999]]}},{"type":"Feature","properties":{},"geometry":{"type":"LineString","coordinates":[[5.2215422,43.3283972],[5.2214698,43.3283757],[5.221494,43.3283289],[5.2215583,43.3283035],[5.2216002,43.3283168],[5.22162,43.328286],[5.221671,43.3283133],[5.2215986,43.3283543],[5.2215422,43.3283972]]}},{"type":"Feature","properties":{},"geometry":{"type":"LineString","coordinates":[[5.3504638,43.2801763],[5.3504585,43.2801989],[5.3504342,43.2802066],[5.3504045,43.2802019],[5.3503847,43.2801996],[5.3503881,43.2801626],[5.3503973,43.280148],[5.3504237,43.2801304],[5.3504471,43.2801308],[5.3504628,43.280152],[5.3504638,43.2801763]]}},{"type":"Feature","properties":{},"geometry":{"type":"LineString","coordinates":[[5.3488524,43.2800799],[5.3488509,43.2800449],[5.3488621,43.2800167],[5.3489292,43.2800009],[5.3489357,43.2801303],[5.3489399,43.2802022],[5.3488989,43.2801932],[5.3488745,43.2801695],[5.3488625,43.2801481],[5.3488576,43.2801176],[5.3488524,43.2800799]]}},{"type":"Feature","properties":{},"geometry":{"type":"LineString","coordinates":[[5.3094032,43.2766143],[5.3094013,43.2766083],[5.3093945,43.2765876],[5.3092377,43.2765286],[5.3091905,43.2765503],[5.3091123,43.2765441],[5.308695,43.276644],[5.3083323,43.2768982],[5.3081199,43.2769439],[5.3070515,43.2768982],[5.3041829,43.2764336]]}},{"type":"Feature","properties":{},"geometry":{"type":"LineString","coordinates":[[5.3460336,43.2170108],[5.3459899,43.2169662],[5.3459471,43.2169538],[5.3458474,43.2169227],[5.3458013,43.2169084],[5.345701,43.2168934],[5.3455294,43.2168792],[5.3454818,43.2168577],[5.3454176,43.2168528],[5.3453921,43.216846],[5.3453608,43.2168376],[5.3453395,43.2168017],[5.3453704,43.216776],[5.3454628,43.2167785],[5.3456292,43.2168018],[5.345653,43.2168051],[5.3457412,43.2168175],[5.345815,43.2168177],[5.3458623,43.2168047],[5.345882,43.2167991],[5.3459463,43.2167464],[5.3460071,43.2166784],[5.346,43.2166162],[5.3460409,43.2164105],[5.3460645,43.2163278],[5.3460785,43.2162931],[5.3461469,43.2162383],[5.3461436,43.2160644],[5.3461821,43.2160412],[5.3462033,43.2160013],[5.3461204,43.2159511],[5.3460925,43.2158986],[5.3460928,43.2157838],[5.3460956,43.2157682],[5.3461006,43.2157604],[5.3461304,43.2157381],[5.3462169,43.2156544],[5.346258,43.2156391],[5.3463792,43.2156204],[5.3464081,43.2156161],[5.3463968,43.2155404],[5.3463946,43.2155255],[5.3463907,43.2155028],[5.3463819,43.2154505],[5.3463801,43.215437],[5.346309,43.2153828],[5.3462503,43.2153625],[5.3461996,43.2153481],[5.3460554,43.2153073],[5.3458371,43.2152455],[5.3458279,43.2152934],[5.345765,43.2152875],[5.3457576,43.2153183],[5.3455988,43.2153154],[5.345453,43.215333],[5.3454102,43.2153452],[5.3453813,43.2153535],[5.3453597,43.2153617],[5.3452673,43.2153972],[5.3452323,43.2154107],[5.3450316,43.2155294],[5.3449281,43.2156174],[5.3448838,43.2156637],[5.3448327,43.2157291],[5.3447981,43.2157903],[5.3447759,43.2158302],[5.344751,43.2159005],[5.3449362,43.2159182],[5.3455805,43.2159872],[5.3455807,43.2160055],[5.345581,43.2160288],[5.345456,43.2160699],[5.3447941,43.216284],[5.3447717,43.2162912],[5.3447516,43.2162977],[5.3447397,43.2163016],[5.344607,43.2163445],[5.3446366,43.2163717],[5.3446476,43.2164291],[5.3446742,43.2164789],[5.3446893,43.2165017],[5.3447059,43.2165268],[5.3447135,43.2165383],[5.3447245,43.2165521],[5.3447729,43.2166125],[5.3448807,43.2167471],[5.3449187,43.2168021],[5.3449428,43.2168568],[5.3449438,43.2169167],[5.344944,43.2169453],[5.3449338,43.2169992],[5.3449053,43.2170434],[5.3448757,43.2170536],[5.3448273,43.2170505],[5.3447725,43.217023],[5.3447469,43.2169832],[5.3447323,43.2169292],[5.3447127,43.2168564],[5.3446617,43.2167398],[5.3446405,43.2167149],[5.3446089,43.2166982],[5.3445454,43.2165847],[5.3444104,43.2164121],[5.3443537,43.2163247],[5.344345,43.2162973],[5.3442518,43.2162621],[5.3442331,43.2162877],[5.3442223,43.2163058]]}},{"type":"Feature","properties":{},"geometry":{"type":"LineString","coordinates":[[5.3442223,43.2163058],[5.3442203,43.2163131],[5.3442284,43.2163217],[5.3442254,43.2163334],[5.3441774,43.2163544],[5.3441285,43.2163862],[5.3441218,43.2164106],[5.3441211,43.2164209],[5.3441694,43.2164395],[5.3441801,43.216459],[5.3441613,43.2164737],[5.3441472,43.2164781],[5.344103,43.2164654],[5.3440748,43.2164487],[5.3440594,43.2164473],[5.3440326,43.2164561],[5.3440265,43.2164619],[5.3440151,43.2164786],[5.3439863,43.216482],[5.3439729,43.2164869],[5.3439333,43.2164864],[5.3438991,43.2164878],[5.3438884,43.2164854],[5.343869,43.2164952],[5.3438985,43.2165147],[5.3439239,43.2165348],[5.3439266,43.2165494],[5.3438931,43.2165709],[5.3438482,43.2165724],[5.343814,43.2165714],[5.3437704,43.2165655],[5.3437436,43.2165445],[5.3436369,43.2165142],[5.3434445,43.2165001],[5.3433104,43.2165005],[5.3432339,43.2165089],[5.3431964,43.2165279],[5.3431997,43.2165494],[5.3432192,43.216567],[5.3432064,43.2166041],[5.3431669,43.2166237],[5.3430918,43.2166457],[5.3430113,43.2166701],[5.3429845,43.2167092],[5.3429597,43.2167268],[5.3429322,43.2167288],[5.3428866,43.2167156],[5.3428511,43.2167288],[5.3428195,43.2167371],[5.3427679,43.2167371],[5.3427136,43.2167454],[5.3426626,43.2167498],[5.3426231,43.2167405],[5.3425661,43.2167312],[5.3425372,43.2167234],[5.3424957,43.2167165],[5.3424608,43.2166902],[5.3424226,43.2166652],[5.3423817,43.2166501],[5.3423649,43.2166428],[5.3423394,43.2166041],[5.34232,43.2165782],[5.3422932,43.2165651],[5.3422375,43.2165499],[5.3422073,43.2165475],[5.3421738,43.2165274],[5.3421383,43.2164971],[5.3421014,43.2164805],[5.3420551,43.2164834],[5.3420129,43.2164874],[5.3419713,43.2164839],[5.3419478,43.2164761],[5.3419358,43.2164522],[5.3419304,43.2164272],[5.3419049,43.2164141],[5.3418895,43.2164009],[5.3418633,43.2163461],[5.3418741,43.216309],[5.3418848,43.2162943],[5.341866,43.2162635],[5.3418855,43.2162293],[5.3418975,43.2162064],[5.3418902,43.2161878],[5.3418761,43.2161682],[5.3418982,43.2161453],[5.3418888,43.2161282],[5.3419083,43.2161096],[5.3419062,43.2160808],[5.3418948,43.2160436],[5.3418962,43.2160036],[5.3418902,43.2159747],[5.3419042,43.215942],[5.341925,43.2159307],[5.3419458,43.2159254],[5.3419753,43.2159083],[5.3419746,43.2158936],[5.3419458,43.2158936],[5.3419116,43.2158829],[5.341858,43.2158721],[5.3418218,43.2158574],[5.341799,43.2158433],[5.341801,43.2158203],[5.3418265,43.2158022],[5.3418365,43.2158012],[5.3418472,43.2157856],[5.3418493,43.2157729],[5.3418338,43.2157568],[5.3418305,43.2157402],[5.3418197,43.215726],[5.3418016,43.2157211],[5.3417929,43.215703],[5.3418097,43.2156835],[5.3418137,43.2156703],[5.3418204,43.2156458],[5.3418358,43.2156155],[5.3418526,43.2155896],[5.3418902,43.2155745],[5.341921,43.2155608],[5.3419411,43.2155452],[5.3419787,43.2155383],[5.3420102,43.2155584],[5.3420283,43.2155882],[5.3420611,43.2155994],[5.3420746,43.2155896],[5.3420766,43.2155774],[5.3420907,43.2155677],[5.342086,43.2155476],[5.3420759,43.215508],[5.3420766,43.2154978],[5.3420826,43.2154787],[5.3420967,43.2154533],[5.3421101,43.215425],[5.3421476,43.2153717],[5.3422134,43.2153345],[5.3422771,43.2153082],[5.3422979,43.2153057],[5.3423059,43.2153277],[5.3423327,43.2153184],[5.3423622,43.2152994],[5.3423817,43.2152798],[5.3424092,43.2152666],[5.3424742,43.2152652],[5.3425185,43.2152524],[5.342562,43.215252],[5.3425922,43.2152573],[5.3426398,43.2152583],[5.3426713,43.2152441],[5.3427029,43.215227],[5.3427739,43.2152226],[5.3428356,43.2151943],[5.3428658,43.2151591],[5.3429208,43.2151181],[5.342963,43.2150838],[5.3429919,43.2150521],[5.3430033,43.2150335],[5.3429986,43.2149978],[5.3429805,43.2149167],[5.3429335,43.2148507],[5.3428651,43.214776],[5.3428081,43.2147388],[5.3427538,43.2147232],[5.3426988,43.2147266],[5.3426345,43.2147554],[5.3426056,43.2147691],[5.3425453,43.2147989],[5.3425017,43.214839],[5.3424574,43.2148517],[5.3424313,43.2148371],[5.3424125,43.2148278],[5.3424186,43.2148537],[5.3423958,43.2148639],[5.3423662,43.2148664],[5.3423401,43.2148786],[5.3422757,43.2148845],[5.3421919,43.2148933],[5.3420483,43.2148993],[5.3418848,43.2149211],[5.3417279,43.2149534],[5.3415656,43.2149592],[5.3413752,43.2149837],[5.3412518,43.2149954],[5.3411177,43.2149895],[5.3410506,43.2149788],[5.3409809,43.2149309],[5.3409661,43.2148771],[5.34095,43.214795],[5.3409702,43.2147471],[5.3409943,43.2147149],[5.3410305,43.2146826],[5.3410506,43.2146621],[5.3410399,43.214623],[5.3410211,43.2145605],[5.3409983,43.2145272],[5.3409715,43.2145302],[5.3409635,43.2145047],[5.3409675,43.2144559],[5.3409635,43.2144314],[5.3409407,43.2144168],[5.3409085,43.2144051],[5.3408629,43.2144422],[5.3408387,43.2144657],[5.3407824,43.2144588],[5.3407569,43.2144588],[5.3407288,43.2144759],[5.3407355,43.2144999],[5.3407435,43.2145057],[5.3407489,43.2145253],[5.3407288,43.2145546],[5.3407019,43.2145531],[5.3406758,43.2145438],[5.3406651,43.2145487],[5.3406617,43.2145707],[5.340649,43.2145815],[5.3405571,43.2145888],[5.3404585,43.2145952],[5.3403905,43.2146053],[5.3403512,43.2145971],[5.3403237,43.2145678],[5.340313,43.2145272],[5.3403244,43.2144872],[5.3403244,43.2144573],[5.3403056,43.214429],[5.3403036,43.2143782],[5.3402714,43.2143493],[5.3402379,43.2143425],[5.3402299,43.2143244],[5.3402419,43.2142971],[5.3402326,43.2142927],[5.3402017,43.2142946],[5.340189,43.2143054],[5.340187,43.2143366],[5.3401548,43.2143933],[5.3401092,43.2144417],[5.340079,43.2144661],[5.3400689,43.2145082],[5.3400709,43.214536],[5.3400515,43.2145781],[5.3400314,43.2145937],[5.3400331,43.2146424],[5.3400274,43.2146558],[5.339969,43.2146621],[5.3399248,43.2146729],[5.3398979,43.2146865],[5.33989,43.2147087],[5.3398577,43.2147124],[5.3398356,43.2146963],[5.3398208,43.2146836],[5.3398409,43.2146694],[5.3398637,43.2146685],[5.3398778,43.2146499],[5.3398825,43.2146215],[5.3398698,43.2145619],[5.3398644,43.2145214],[5.3398738,43.2144984],[5.3398711,43.2144779],[5.3398617,43.2144793],[5.339853,43.2144935],[5.3398195,43.2144788],[5.3397913,43.2144608],[5.3397759,43.2144388],[5.3397578,43.2143557],[5.3397424,43.2143283],[5.3397223,43.2143132],[5.3396633,43.2143015],[5.3396364,43.2143049],[5.3396204,43.2143138],[5.3396171,43.2143329],[5.3396119,43.2143417],[5.3396059,43.2143403],[5.3396084,43.2143265],[5.3395988,43.2143138],[5.3395276,43.2143157],[5.3394921,43.2143549],[5.339412,43.2143824],[5.3394058,43.2144188],[5.3393882,43.2144753],[5.3392135,43.2144482],[5.3391936,43.2144122],[5.3392137,43.2143622],[5.3391913,43.2143134],[5.3391342,43.2143346],[5.3391191,43.2143732],[5.3390702,43.2143734],[5.3390702,43.2144117],[5.3390314,43.2144292],[5.3390269,43.2143858],[5.338998,43.2143698],[5.3389225,43.2143825],[5.3388757,43.2143226],[5.3387865,43.2143048],[5.3386193,43.214394],[5.3385424,43.2143959],[5.3384978,43.214425],[5.338456,43.2144004],[5.3383824,43.2144102],[5.3383109,43.2144597],[5.3383197,43.214503],[5.3382902,43.2145306],[5.3382815,43.214495],[5.3382523,43.2144723],[5.3381703,43.2144671],[5.3380557,43.2144513],[5.3379842,43.2145198],[5.3378648,43.2145233],[5.3378141,43.2145898],[5.3378341,43.2146204],[5.3377921,43.2146308],[5.3377634,43.2146252],[5.3377226,43.2146736],[5.3377602,43.2147464],[5.3377758,43.2147791],[5.3377437,43.214793],[5.3376463,43.214799],[5.337567,43.2148618],[5.3374919,43.2149242],[5.3374841,43.2149662],[5.3374222,43.2149309],[5.3373159,43.214967],[5.3372692,43.215073],[5.3372017,43.2151055],[5.336731,43.2150672],[5.3366243,43.2150475],[5.3365841,43.215058],[5.3365405,43.215015],[5.3364987,43.2150042],[5.3364743,43.2149688],[5.3364523,43.2149157],[5.3363422,43.2149345],[5.3363028,43.2149865],[5.3362381,43.2149815]]}},{"type":"Feature","properties":{},"geometry":{"type":"LineString","coordinates":[[5.3279603,43.2803134],[5.3279308,43.2803112],[5.3278878,43.2802761],[5.3278721,43.2802301],[5.3279041,43.2802075],[5.3279541,43.2802011],[5.3279863,43.2802104],[5.3280157,43.2802346],[5.3280517,43.2802515],[5.328056,43.2802754],[5.3280204,43.2802862],[5.3279603,43.2803134]]}},{"type":"Feature","properties":{},"geometry":{"type":"LineString","coordinates":[[5.3282813,43.2803527],[5.3282197,43.2802964],[5.3282098,43.280281],[5.3282495,43.2802437],[5.3283064,43.2802037],[5.3283551,43.2802316],[5.3283853,43.2802578],[5.3284006,43.2802937],[5.3284246,43.2803524],[5.3283695,43.2803582],[5.3283246,43.280347],[5.3283058,43.2803708],[5.3282813,43.2803527]]}},{"type":"Feature","properties":{},"geometry":{"type":"LineString","coordinates":[[5.2998859,43.2821161],[5.2998297,43.2821281],[5.2997645,43.2821295],[5.2997156,43.2821386],[5.2996658,43.2821568],[5.2996305,43.2821368],[5.2996148,43.2820813],[5.2996143,43.2820382],[5.2996335,43.2819946],[5.29968,43.2819676],[5.2997045,43.2819525],[5.2997432,43.2819346],[5.2997635,43.2819232],[5.2997781,43.281915],[5.2998455,43.281936],[5.2998605,43.2819731],[5.2998634,43.2820158],[5.2998898,43.2820593],[5.2999176,43.2820933],[5.2998859,43.2821161]]}},{"type":"Feature","properties":{},"geometry":{"type":"LineString","coordinates":[[5.3079955,43.2853956],[5.3079559,43.2853899],[5.3079127,43.2853584],[5.3078848,43.2853392],[5.3078528,43.2853381],[5.3078091,43.2853237],[5.3078058,43.2852725],[5.3077934,43.2852097],[5.3077342,43.2851444],[5.3076741,43.2850917],[5.3075849,43.2850459],[5.3075343,43.2850128],[5.3075108,43.2849809],[5.307506,43.2849531],[5.3075352,43.2849138],[5.307582,43.2848831],[5.3076249,43.2848768],[5.3076375,43.2848531],[5.3076204,43.2847653],[5.3076195,43.2847113],[5.3076213,43.2846645],[5.3076224,43.2846284],[5.3075843,43.2846014],[5.3075261,43.2845844],[5.3075008,43.284577],[5.3074369,43.2845496],[5.3073648,43.284534],[5.3073148,43.2845468],[5.307302,43.2845675],[5.3072905,43.284586],[5.3072877,43.2846392],[5.3072978,43.284675],[5.3072714,43.2846926],[5.307207,43.284685],[5.3071538,43.2846789],[5.30719,43.2847223],[5.3071794,43.2847648],[5.3071474,43.2848267],[5.3071169,43.2848642],[5.3070723,43.2848904],[5.3070348,43.2849695],[5.3070222,43.2850219],[5.3070459,43.2850586],[5.307055,43.2850725],[5.3070696,43.2850869],[5.307096,43.285113],[5.3071108,43.2851739],[5.3071127,43.2852072],[5.3071146,43.2852386],[5.3071019,43.2852911],[5.3070742,43.285315],[5.3070457,43.2853388],[5.3069859,43.2853773],[5.3069249,43.2853624],[5.3068168,43.2853701],[5.3067606,43.2853803],[5.3066986,43.2853717],[5.3066211,43.2853743],[5.3065419,43.2853958],[5.3064668,43.2853974],[5.3063738,43.2853804],[5.3063014,43.2853577],[5.3062277,43.285362],[5.3061117,43.2853896],[5.3060053,43.2854081],[5.3059688,43.285412],[5.305899,43.2854184],[5.3058722,43.2854065],[5.3058741,43.2853614],[5.3058989,43.2853357],[5.3059479,43.2853292],[5.3060283,43.2852735],[5.3061004,43.2852199],[5.3061181,43.285178],[5.3060763,43.2851501],[5.3060274,43.2851278],[5.306053,43.2850921],[5.3060614,43.2850541],[5.3059909,43.2849854],[5.3059443,43.2849603],[5.3058401,43.2849437],[5.3057069,43.2849375],[5.3056205,43.2849388],[5.3055806,43.2849195],[5.305547,43.2848833],[5.305577,43.2848323],[5.3056028,43.2848002],[5.3055757,43.2847684],[5.3055412,43.2847377],[5.3055137,43.2846671],[5.3055103,43.2846114],[5.3055433,43.2845441],[5.3055733,43.2844931],[5.3055744,43.2844589],[5.3055306,43.2844418],[5.3054774,43.2844357],[5.3054363,43.2844258],[5.3053827,43.2844081],[5.3053151,43.284414],[5.3052643,43.2844349],[5.3052231,43.284465],[5.3051847,43.2844798],[5.305099,43.2844672],[5.305072,43.2844633],[5.3049331,43.2844411],[5.3048486,43.2844213],[5.3047779,43.2844102],[5.3047181,43.2843934],[5.304623,43.2843874],[5.3045652,43.2843895],[5.3045455,43.2844205],[5.3045508,43.2844482],[5.3045548,43.2844689],[5.3045702,43.2845136],[5.3045594,43.2845525],[5.3045499,43.2845696],[5.304523,43.2846163],[5.3044715,43.284666],[5.3044531,43.2846753],[5.3044232,43.2846904],[5.304398,43.2846978],[5.3043731,43.2847109],[5.3043722,43.2847383],[5.3044206,43.2848084],[5.3044261,43.2848282],[5.3044349,43.2848594],[5.3044529,43.2848908],[5.304443,43.2849393],[5.3044194,43.2849947],[5.3043915,43.285007],[5.3043484,43.2849755],[5.3043093,43.2849529],[5.3042313,43.2849136],[5.3042214,43.284881],[5.3041982,43.2848536],[5.3041457,43.2848673],[5.3041313,43.2848789],[5.3041064,43.2848988],[5.3040774,43.2849129],[5.3041038,43.2849582],[5.3041225,43.2850011],[5.3041129,43.2850327],[5.30407,43.2850687],[5.3040526,43.2850961],[5.3040064,43.2851097],[5.303927,43.2850961],[5.3038588,43.2850858],[5.3037909,43.2850513],[5.3037723,43.2850438],[5.303702,43.2850154],[5.3036589,43.284983],[5.3036428,43.2849767],[5.3036176,43.2849668],[5.3035418,43.2849828],[5.3034652,43.2850078],[5.3034069,43.285028],[5.3033591,43.2850335],[5.3033191,43.2850514],[5.303295,43.285096],[5.3032923,43.2851204],[5.3032573,43.2851373],[5.3031845,43.2851038],[5.3031063,43.2850578],[5.3030022,43.2850132],[5.3029556,43.2849872],[5.3029091,43.2849639],[5.3028802,43.2849789],[5.3028736,43.2850303],[5.3028856,43.2850832],[5.3028889,43.2851065],[5.3028757,43.2851455],[5.3029008,43.2852187],[5.3029082,43.285247],[5.3029212,43.2852966],[5.3029141,43.285353],[5.302887,43.2853981],[5.3028207,43.2853716],[5.3027592,43.2853432],[5.3027274,43.2853231],[5.3027112,43.2853128],[5.3026516,43.2852717],[5.3025971,43.2852639],[5.3025728,43.2852844],[5.3025489,43.2853046],[5.302503,43.2853433],[5.3024445,43.2853904],[5.3023794,43.2854251],[5.3023033,43.2854322],[5.302213,43.2853918],[5.3021235,43.2853424],[5.3020714,43.2853012],[5.3020488,43.2852594],[5.3020147,43.2852394],[5.3019408,43.2852392],[5.3018637,43.2852525],[5.3017761,43.2852796],[5.3016905,43.2852967],[5.3016168,43.2853001],[5.3015035,43.2852981],[5.3014364,43.2852877],[5.3013813,43.2852646],[5.3013755,43.2852431],[5.3013831,43.2852138],[5.3013873,43.2851979],[5.3013976,43.2851482],[5.3014294,43.2850818],[5.3014846,43.285014],[5.3015272,43.284969],[5.3015614,43.2849305],[5.3015558,43.2848847],[5.3015074,43.2848435],[5.3014574,43.2848293],[5.3014034,43.2847998],[5.3013459,43.284779],[5.3012774,43.2847602],[5.3011975,43.2847331],[5.3011998,43.2846997],[5.3012309,43.2846689],[5.3012555,43.2846445],[5.3013076,43.2846227],[5.301339,43.284605],[5.3013078,43.284566],[5.3012966,43.2845321],[5.3013323,43.2845007],[5.3013696,43.2844765],[5.3013943,43.2844481],[5.3013662,43.2844226],[5.3012692,43.2843995],[5.3011669,43.284398],[5.3010853,43.2844223],[5.3010331,43.284452],[5.3009339,43.284457],[5.3008477,43.2844579],[5.3008198,43.2844545],[5.3007752,43.2844491],[5.3007537,43.2844464],[5.3006552,43.2844242],[5.3005543,43.2844192],[5.3004635,43.2843986],[5.3003605,43.2843783],[5.300285,43.28437],[5.3002029,43.2843502],[5.300165,43.2843258],[5.3001649,43.2842814],[5.3001723,43.2842626],[5.3002298,43.2842209],[5.3003076,43.2841661],[5.3003689,43.2841279],[5.3004175,43.2841098],[5.3004844,43.2840877],[5.3005006,43.2840621],[5.3005006,43.2840315],[5.3005253,43.2840013],[5.3005676,43.2839815],[5.3005702,43.2839545],[5.3005405,43.2839156],[5.3005439,43.2838636],[5.3005842,43.283812],[5.3005814,43.2837724],[5.3005801,43.2837401],[5.300566,43.2836954],[5.3005309,43.2836495],[5.3005203,43.2836302],[5.3005176,43.2835614],[5.3005633,43.2835029],[5.3006248,43.2834691],[5.3006774,43.2834572],[5.3006992,43.2834523],[5.3007814,43.2834424],[5.3008413,43.2834636],[5.3008769,43.2834908],[5.3009447,43.2834614],[5.3010396,43.2834306],[5.3011283,43.2833999],[5.3011669,43.2833793],[5.3012129,43.2833603],[5.3012544,43.2833513],[5.3013273,43.2833876],[5.3013634,43.2834273],[5.3013983,43.2834995],[5.3014478,43.2835668],[5.301469,43.2835976],[5.3014923,43.2836316],[5.3015311,43.2836478],[5.3015491,43.283589],[5.3015789,43.2835487],[5.3016278,43.283509],[5.3016664,43.2834875],[5.3017289,43.2835113],[5.3017892,43.283505],[5.301839,43.2834855],[5.3018897,43.2834657],[5.3019649,43.283437],[5.3019672,43.283401],[5.3019664,43.2833597],[5.3019661,43.2833425],[5.301968,43.2833169],[5.3019693,43.2832992],[5.302016,43.2832973],[5.30206,43.2832955],[5.3021676,43.2832986],[5.3022255,43.2833237],[5.3022828,43.2833762],[5.3022755,43.2834106],[5.3022782,43.2834474],[5.3023237,43.2834753],[5.3023694,43.2835094],[5.3023968,43.2835475],[5.3024694,43.283579],[5.3025439,43.2836236],[5.3025963,43.2836701],[5.3026307,43.2836887],[5.3026653,43.283639],[5.3026828,43.283554],[5.3026879,43.2834963],[5.3026857,43.2834405],[5.3026577,43.2833871],[5.3026286,43.2833374],[5.3026168,43.283289],[5.3026154,43.283254],[5.3026167,43.2831945],[5.3026159,43.2831744],[5.3026154,43.2831613],[5.3026148,43.2831451],[5.3026279,43.2831043],[5.302679,43.2830573],[5.302733,43.2830508],[5.3027587,43.2830628],[5.3027882,43.2830766],[5.3028496,43.2831032],[5.3028827,43.2831007],[5.3029012,43.2830994],[5.3029215,43.2830539],[5.3029756,43.2830492],[5.3030287,43.2830544],[5.3030978,43.2830436],[5.3031368,43.2830376],[5.3031903,43.2830293],[5.30325,43.2830109],[5.3033232,43.2829868],[5.3033918,43.2829845],[5.303491,43.2830013],[5.3035796,43.2830291],[5.303635,43.2830594],[5.3036726,43.283046],[5.3036901,43.2830261],[5.3037056,43.2830084],[5.3037265,43.2829756],[5.3037624,43.2829487],[5.3037827,43.2829524],[5.3038012,43.2829557],[5.3038795,43.2830137],[5.3038937,43.283041],[5.3039115,43.2830751],[5.3039143,43.2831138],[5.3039156,43.2831461],[5.3039281,43.2831801],[5.3039777,43.2832213],[5.3040753,43.2833812],[5.3041067,43.283242],[5.304101,43.2832286],[5.3040904,43.2832036],[5.3041148,43.2831671],[5.3041176,43.2831148],[5.3041307,43.2830408],[5.3041678,43.2829824],[5.304201,43.2829511],[5.3042168,43.2829147],[5.3042291,43.2828533],[5.3042402,43.2828215],[5.3043275,43.2828197],[5.3044241,43.2828014],[5.3045158,43.2827833],[5.3045832,43.2827737],[5.3045963,43.2827942],[5.304607,43.2828155],[5.3046472,43.2828354],[5.3046815,43.2827995],[5.3047562,43.2827909],[5.304814,43.2827868],[5.3048543,43.282776],[5.3048619,43.2827516],[5.3048945,43.2827347],[5.3049548,43.2827325],[5.3049678,43.282689],[5.3049048,43.2826841],[5.304854,43.2826771],[5.3048485,43.2826313],[5.3048894,43.2826088],[5.304915,43.2825696],[5.3049627,43.2825614],[5.3050246,43.2825886],[5.3050582,43.2826079],[5.3050995,43.2826149],[5.3051458,43.2825817],[5.3051642,43.2825481],[5.3051629,43.2825297],[5.3051614,43.2825094],[5.3051816,43.2824488],[5.3052393,43.2823926],[5.3052949,43.282368],[5.3054193,43.2823671],[5.3054713,43.2823524],[5.305521,43.2823306],[5.3056764,43.2822959],[5.3057075,43.2822728],[5.305731,43.2822138],[5.305739,43.2820741],[5.3057142,43.282009],[5.3056516,43.2819759],[5.3056088,43.2819673],[5.3055793,43.2819614],[5.3055318,43.281937],[5.3055025,43.2818911],[5.3054868,43.2818799],[5.3054315,43.2818404],[5.3053718,43.2818246],[5.3052855,43.2818246],[5.3052147,43.2818396],[5.3051934,43.2818545],[5.3051668,43.281873],[5.305134,43.2818819],[5.3050876,43.2818945],[5.3048436,43.281924],[5.3046676,43.2819278],[5.3045785,43.2819162],[5.304469,43.2818906],[5.3044565,43.2819161],[5.30443,43.2819311],[5.3043626,43.2819388],[5.3043265,43.2819315],[5.3042616,43.2819409],[5.3042104,43.2819852],[5.304157,43.2820647],[5.3041399,43.2820992],[5.3041512,43.2821377],[5.3041255,43.2821724],[5.304034,43.2821618],[5.3039667,43.2821434],[5.3039541,43.282105],[5.3039804,43.2820841],[5.3039972,43.2820678],[5.3040012,43.2819573],[5.3040249,43.2819046],[5.304082,43.281853],[5.3041533,43.2818182],[5.3041934,43.2818065],[5.3041924,43.2817804],[5.3041265,43.2817638],[5.304124,43.2817415],[5.3041206,43.2817109],[5.3041366,43.2816484],[5.3041744,43.2816386],[5.3041899,43.2815627],[5.3040822,43.2814885],[5.303941,43.2814069],[5.3038925,43.2813648],[5.3038383,43.2813344],[5.3038021,43.281344],[5.3037493,43.2813579],[5.3036972,43.2813763],[5.303589,43.2814144],[5.3035335,43.2814129],[5.3034861,43.281368],[5.3034613,43.2813326],[5.3034233,43.2813064],[5.3033523,43.2812872],[5.3032661,43.2812881],[5.3032015,43.2813039],[5.3031372,43.2813584],[5.3031185,43.2813867],[5.3030988,43.2813966],[5.3030645,43.2814099],[5.3030256,43.2814021],[5.3029997,43.2813712],[5.3029207,43.2813351],[5.3028411,43.2813161],[5.3027413,43.2813164],[5.3026899,43.2813247],[5.3026572,43.2813686],[5.3026148,43.2814496],[5.3025505,43.2814726],[5.3024819,43.2814821],[5.3024382,43.2814687],[5.3023,43.2814005],[5.3021664,43.2812945],[5.3020983,43.2812536],[5.3020142,43.2812158],[5.3018324,43.2811972],[5.30179,43.281154],[5.3016759,43.281133],[5.3015925,43.2811105],[5.3015534,43.281083],[5.3015506,43.281142],[5.3017203,43.2813495],[5.3017527,43.2813891],[5.3018459,43.2815029],[5.3018839,43.2815624],[5.3018888,43.2816165],[5.3018996,43.2817384],[5.3019227,43.2817622],[5.3019542,43.28178],[5.3020147,43.2818143],[5.3020211,43.2818303],[5.3020339,43.2818624],[5.302036,43.2819164],[5.3020532,43.2819531],[5.3020818,43.2820144],[5.3020553,43.2820276],[5.3020319,43.2820587],[5.3019891,43.2820686],[5.3018875,43.2820527],[5.3018074,43.2820221],[5.3017459,43.2819928],[5.3016588,43.2820018],[5.3016024,43.2819778],[5.3015789,43.2819432],[5.3015779,43.2818875],[5.301567,43.2818607],[5.301507,43.2818098],[5.301484,43.2817869],[5.301399,43.2817887],[5.3013325,43.2817892],[5.3012886,43.2817676],[5.3012558,43.2817372],[5.3012412,43.2817236],[5.3012133,43.2817002],[5.3012004,43.2816894],[5.3012005,43.2816282],[5.3011624,43.2815961],[5.3011491,43.2816671],[5.3011263,43.2817135],[5.3011052,43.2817715],[5.3010731,43.2818001],[5.3009956,43.2818314],[5.3009549,43.2818647],[5.3009442,43.2819046],[5.300926,43.2819112],[5.3008653,43.2819332],[5.3008427,43.2819375],[5.3007858,43.2819484],[5.3007399,43.2819719],[5.3007224,43.2820263],[5.3007076,43.2820554],[5.3006338,43.2820894],[5.3005324,43.2821104],[5.3004634,43.2821101],[5.3004503,43.2820906],[5.3003666,43.2820626],[5.3003087,43.2820306],[5.3003175,43.2820042],[5.3002972,43.2819588],[5.3002449,43.2819164],[5.3002352,43.2818855],[5.3001479,43.2818594],[5.3001165,43.2818439],[5.3000411,43.2818383],[5.2999734,43.2818495],[5.2999346,43.2818559],[5.2999053,43.2818623],[5.2998747,43.2818691],[5.2998577,43.2818728],[5.2998092,43.281891],[5.2997234,43.2818702],[5.2996824,43.2818324],[5.2996657,43.2817824],[5.2996779,43.2817182],[5.2996797,43.2816714],[5.2997146,43.2816266],[5.299731,43.2815974],[5.2997146,43.2815888],[5.2996768,43.2815689],[5.299622,43.2815214],[5.2995769,43.2814711],[5.2995354,43.2814504],[5.2994626,43.2814771],[5.2993856,43.2815247],[5.2993315,43.2815582],[5.2992893,43.2815798],[5.2992721,43.2816117],[5.2992127,43.2816048],[5.2991334,43.2815939],[5.2991189,43.281586],[5.2991019,43.2815766],[5.2990668,43.2815296],[5.2990078,43.2814724],[5.2989574,43.2814429],[5.2989134,43.2814519],[5.2988691,43.2814835],[5.2988347,43.2815166],[5.298792,43.2815175],[5.2987661,43.2815567],[5.2987381,43.2815978],[5.298675,43.2816199],[5.2986052,43.2816313],[5.29853,43.2816302],[5.2984948,43.2816426],[5.2985214,43.2816618],[5.2985226,43.2816929],[5.2985228,43.2817266],[5.298494,43.281747],[5.2984834,43.2817592],[5.298467,43.2817782],[5.2984671,43.2818133],[5.2984362,43.2818409],[5.2983486,43.2818689],[5.2982932,43.2818701],[5.2982729,43.2818327],[5.2982627,43.281814],[5.2982415,43.2818045],[5.2982188,43.2817943],[5.2981573,43.2817668],[5.2981097,43.2817453],[5.2980642,43.2817472],[5.2980133,43.2817077],[5.297991,43.2817361],[5.2979872,43.2817641],[5.2979538,43.2817909],[5.2978966,43.2818083],[5.2978464,43.2818166],[5.2978149,43.2817669],[5.2977863,43.2817306],[5.2977415,43.2816883],[5.2976815,43.2816347],[5.2976763,43.2816214],[5.2976577,43.2815795],[5.2976317,43.2815593],[5.2975631,43.2815373],[5.2975008,43.2814818],[5.2974414,43.2814193],[5.2974255,43.2813721],[5.2974297,43.2813422],[5.2974752,43.2813439],[5.2975326,43.2813578],[5.2975578,43.281344],[5.297573,43.2812914],[5.2976252,43.2812417],[5.2977109,43.2812273],[5.2977648,43.2812217],[5.297826,43.2812114],[5.2978617,43.2812097],[5.2978147,43.2811432],[5.2977608,43.2810904],[5.297767,43.2810596],[5.2978199,43.2810187],[5.2978466,43.2809868],[5.2978089,43.2809975],[5.2977676,43.2810119],[5.2977221,43.2810138],[5.297676,43.2810013],[5.2976983,43.2810368],[5.297696,43.2810701],[5.2976373,43.2810813],[5.2975569,43.2810722],[5.2975238,43.2810546],[5.2974725,43.2810272],[5.2973982,43.2809847],[5.297345,43.280948],[5.2973146,43.2809577],[5.2973082,43.2810154],[5.2972762,43.2810449],[5.2971965,43.281025],[5.2971556,43.2810186],[5.2971151,43.2809916],[5.2970486,43.2809588],[5.2970163,43.2809523],[5.2969658,43.2809525],[5.2969258,43.280948],[5.2968779,43.2809528],[5.2968561,43.2809818],[5.2968537,43.2810143],[5.2968533,43.2810555],[5.2967904,43.281065],[5.2967361,43.2810618],[5.2966749,43.2810397],[5.296612,43.2810077],[5.2965581,43.2809845],[5.2965049,43.2809776],[5.296479,43.2809466],[5.2964767,43.2808891],[5.2964598,43.2808354],[5.2964367,43.2807819],[5.2964156,43.2807374],[5.2964085,43.2807222],[5.2964029,43.2806959],[5.2963994,43.2806792],[5.2963928,43.2806655],[5.2963832,43.2806454],[5.2963599,43.2806171],[5.2963576,43.2805883],[5.2963051,43.2806002],[5.2962377,43.2806098],[5.2961713,43.2806139],[5.296128,43.2806076],[5.2960806,43.2805924],[5.2960298,43.2805854],[5.2960028,43.2805887],[5.2960362,43.2806231],[5.2960521,43.2806515],[5.2960443,43.2806724],[5.296045,43.2807353],[5.2960429,43.2807609],[5.2960282,43.2807924],[5.2959793,43.2808242],[5.2959408,43.2808492],[5.2958981,43.2808663],[5.2958633,43.280858],[5.2958279,43.2808354],[5.2958017,43.2808593],[5.2958013,43.2808847],[5.295801,43.2809016],[5.2958264,43.2809429],[5.2958245,43.2809745],[5.2957441,43.2809892],[5.2956738,43.2810195],[5.295623,43.2810568],[5.2955868,43.2810601],[5.2955307,43.2810451],[5.2955313,43.2809965],[5.2955252,43.2809669],[5.2954973,43.2809199],[5.2954765,43.2809069],[5.2954382,43.280885],[5.2954216,43.2808692],[5.2953921,43.280841],[5.2953619,43.2808296],[5.295344,43.2808286],[5.2953286,43.280852],[5.295311,43.2808787],[5.2953039,43.2809158],[5.2953349,43.2809529],[5.2953619,43.2810109],[5.2953695,43.2810467],[5.2953502,43.2810869],[5.2953852,43.2811328],[5.2954257,43.2811646],[5.2954589,43.2811906],[5.2954814,43.2812279],[5.2954829,43.2812666],[5.295519,43.2813072],[5.2956039,43.2813666],[5.2957008,43.2814185],[5.2957896,43.2814517],[5.29591,43.2814753],[5.2959625,43.2814931],[5.2960013,43.2815942],[5.2959438,43.2816123],[5.2958135,43.2816186],[5.2956646,43.281593],[5.2955109,43.2815675],[5.295446,43.2815595],[5.2953487,43.2815475],[5.2952384,43.2815291],[5.2950997,43.2815053],[5.2950379,43.2814972],[5.2949979,43.281492],[5.2949265,43.2814926],[5.2948434,43.2814772],[5.2947263,43.2814455],[5.2946658,43.2814305],[5.294633,43.2814223],[5.2945402,43.2814126],[5.2944173,43.2813864],[5.2943125,43.2813544],[5.2942613,43.2813375],[5.2942603,43.2813114],[5.2942419,43.2812821],[5.2941582,43.2812524],[5.2940312,43.2812191],[5.2939133,43.2811955],[5.2938288,43.2811784],[5.2937333,43.281193],[5.2937133,43.2811964],[5.2936517,43.2812066],[5.2936313,43.2812029],[5.2935943,43.2811622],[5.2935455,43.2811329],[5.293547,43.2811157],[5.2935722,43.2810813],[5.2935691,43.2810492],[5.2935281,43.28104],[5.2934785,43.2810578],[5.293417,43.2810911],[5.2933674,43.2810842],[5.2933918,43.2810475],[5.2933784,43.2810108],[5.2933477,43.2809821],[5.2932855,43.2809683],[5.2932721,43.2809953],[5.2932082,43.2810182],[5.2931128,43.2810138],[5.2930365,43.2809976],[5.292975,43.2809626],[5.2929041,43.2809448],[5.2928656,43.2809284],[5.2928364,43.2808599],[5.2927964,43.2808106],[5.2926333,43.2807579],[5.2924739,43.2807205],[5.2924259,43.2807337],[5.2923565,43.2807217],[5.2923219,43.2806861],[5.2922867,43.2806357],[5.2922441,43.2806094],[5.2922408,43.2805818],[5.2921583,43.2805704],[5.2920848,43.2805348],[5.2920647,43.2805056],[5.2920748,43.2804747],[5.2920402,43.2804739],[5.2920235,43.2804569],[5.2920291,43.2804293],[5.292067,43.2804074],[5.2920369,43.2803847],[5.292026,43.280337],[5.2919797,43.2803225],[5.2919352,43.2802802],[5.2918816,43.2802689],[5.291818,43.280263],[5.2917863,43.2802722],[5.2916836,43.2802709],[5.2916346,43.2802392],[5.2916173,43.2802484],[5.2915773,43.2802451],[5.2915776,43.2802126],[5.2916219,43.2801949],[5.291666,43.280183],[5.2917081,43.2801783],[5.2917708,43.2801882],[5.291818,43.2801631],[5.2919588,43.2801499],[5.292016,43.2801506],[5.2920551,43.2801558],[5.2921139,43.2801528],[5.2921532,43.2801327],[5.2922903,43.2801016],[5.2923692,43.280094],[5.2925027,43.2800996],[5.292656,43.2800707],[5.2926492,43.2800397],[5.2927211,43.2799967],[5.2927062,43.2799573],[5.2926569,43.2799331],[5.292658,43.2798958],[5.2926798,43.2798641],[5.2926723,43.2798097],[5.2926053,43.279788],[5.2925327,43.2797913],[5.2924771,43.2797573],[5.2924833,43.2797035],[5.2925727,43.2796769],[5.2926898,43.2796201],[5.2927598,43.2796049],[5.2928482,43.2795616],[5.2929142,43.279548],[5.2929705,43.2795659],[5.2930123,43.2795956],[5.293057,43.2796055],[5.2930568,43.2795705],[5.2930686,43.2795566],[5.2930377,43.279503],[5.2930504,43.2794753],[5.2930749,43.279462],[5.2930574,43.2794352],[5.2930886,43.2793986],[5.2931403,43.2793695],[5.2931703,43.2793748],[5.2932084,43.279349],[5.2933059,43.2793398],[5.2933511,43.2793748],[5.2933792,43.2794177],[5.2934345,43.27943],[5.2934418,43.2794515],[5.2934127,43.2794637],[5.2934191,43.2795375],[5.2934743,43.2795815],[5.2934204,43.2796049],[5.2934024,43.2796395],[5.2933754,43.2796535],[5.2933947,43.279703],[5.293454,43.2797172],[5.2934756,43.2796367],[5.2935064,43.2796105],[5.2935039,43.2795843],[5.2935351,43.2795421],[5.2935912,43.2795198],[5.2936362,43.2795188],[5.2936914,43.2795263],[5.2937492,43.2795179],[5.293771,43.2794627],[5.293753,43.279415],[5.2937877,43.2793907],[5.2937993,43.2793477],[5.2937941,43.279314],[5.2938275,43.2792841],[5.2938609,43.2792701],[5.2938828,43.2792532],[5.2939637,43.2792196],[5.2940022,43.2791831],[5.2940536,43.2791784],[5.2940745,43.2791581],[5.2941111,43.2791545],[5.2941682,43.2791634],[5.294222,43.2791651],[5.2942522,43.2791764],[5.2942669,43.2791788],[5.2943003,43.2791711],[5.2943158,43.2791699],[5.2943378,43.2791806],[5.2943508,43.279177],[5.2943785,43.2791663],[5.2944095,43.2791758],[5.2944813,43.2791194],[5.2945204,43.2791218],[5.2945563,43.2790993],[5.2946101,43.2790921],[5.2946484,43.2791093],[5.2946574,43.2791206],[5.2947316,43.2791093],[5.2947356,43.2791194],[5.2947511,43.2791206],[5.294756,43.2791111],[5.2947715,43.2791111],[5.2948571,43.2791361],[5.2948816,43.2791337],[5.2949003,43.2791194],[5.2949451,43.2791295],[5.2949884,43.2791444],[5.2950846,43.2791622],[5.2951098,43.2791568],[5.2951441,43.2791634],[5.2951791,43.2791598],[5.295206,43.279145],[5.2952289,43.2791426],[5.2952525,43.279145],[5.2952688,43.2791764],[5.2952558,43.2791948],[5.2952329,43.2792091],[5.2952207,43.279234],[5.2951841,43.2792617],[5.2952191,43.2792488],[5.2952386,43.2792334],[5.2952615,43.2792269],[5.2952827,43.279212],[5.2953397,43.279215],[5.2953723,43.2792114],[5.29544,43.2792292],[5.2954514,43.2792381],[5.2955093,43.2792542],[5.2955403,43.2792565],[5.2955941,43.2792773],[5.2956169,43.279285],[5.2956495,43.2793123],[5.2956707,43.2792939],[5.2956968,43.2792862],[5.2957231,43.2792951],[5.2957808,43.2793468],[5.2958043,43.279351],[5.2957986,43.2793765],[5.295854,43.2794163],[5.2958769,43.2794127],[5.2959347,43.2794252],[5.2959535,43.2794139],[5.2959926,43.2794169],[5.2960309,43.2793991],[5.2959894,43.2793908],[5.29596,43.2793724],[5.2959601,43.2793533],[5.2959258,43.279354],[5.2958622,43.2793332],[5.2958345,43.2793297],[5.2958247,43.2793196],[5.2958263,43.2793101],[5.295779,43.279284],[5.2957497,43.2792584],[5.2957391,43.2792371],[5.2957415,43.2792175],[5.2957652,43.2792169],[5.2958369,43.2792187],[5.2958548,43.2792038],[5.2959021,43.279202],[5.2959233,43.2792092],[5.2959315,43.2792026],[5.2960057,43.2791985],[5.2960277,43.2792098],[5.2960415,43.2792234],[5.2960375,43.2791914],[5.2960562,43.2791795],[5.2960269,43.2791635],[5.2960138,43.2791474],[5.2959846,43.2791319],[5.2959853,43.2791207],[5.296022,43.2791112],[5.2960864,43.2791136],[5.2961165,43.2791059],[5.2961883,43.2791041],[5.2962445,43.2791142],[5.2962429,43.2791279],[5.2962543,43.2791231],[5.2963163,43.2791415],[5.2963375,43.2791421],[5.2963628,43.279129],[5.2963831,43.2791047],[5.2964019,43.2791017],[5.2964385,43.2790752],[5.2964653,43.2790724],[5.2964847,43.2790848],[5.2965046,43.2791172],[5.2965212,43.2791143],[5.2965542,43.2791339],[5.2965902,43.2791422],[5.2965976,43.2791496],[5.2966187,43.2791476],[5.2966375,43.2791322],[5.2966558,43.2791397],[5.2966603,43.2791243],[5.2966815,43.2791226],[5.2966894,43.2791081],[5.2967065,43.2791006],[5.2967231,43.2791085],[5.2967345,43.2791185],[5.2967539,43.2791231],[5.2967533,43.2791164],[5.2967579,43.2791123],[5.2967818,43.2791197],[5.2967858,43.2791355],[5.2968001,43.2791417],[5.2968246,43.2791409],[5.2968526,43.2791492],[5.2968583,43.2791608],[5.296872,43.279165],[5.2969176,43.2791646],[5.2969284,43.2791791],[5.296961,43.2791841],[5.2969741,43.2791924],[5.2969758,43.2791787],[5.2969809,43.27917],[5.297034,43.2791654],[5.2970944,43.2791779],[5.2971001,43.2791721],[5.2971732,43.2791928],[5.2972273,43.2791932],[5.2972524,43.2791766],[5.2972422,43.2791629],[5.2972405,43.2791521],[5.2972587,43.279138],[5.2972751,43.2791289],[5.2972747,43.279116],[5.2972507,43.2791164],[5.2972422,43.2791081],[5.297237,43.2790898],[5.2972382,43.2790799],[5.2972234,43.2790741],[5.2972102,43.2790678],[5.2972102,43.2790583],[5.2971936,43.2790447],[5.2971948,43.2790394],[5.2972194,43.2790354],[5.2972327,43.2790352],[5.2972343,43.279022],[5.2972593,43.2790147],[5.2972715,43.2790063],[5.2972601,43.2789982],[5.2972492,43.2789991],[5.2972392,43.2789927],[5.2972384,43.2790018],[5.297223,43.2790018],[5.2971891,43.2789903],[5.2971895,43.2790068],[5.2971726,43.2790141],[5.297132,43.2790099],[5.2971195,43.2790174],[5.2970887,43.2790205],[5.2970545,43.2790118],[5.2970328,43.2789823],[5.2970231,43.2789666],[5.2970214,43.2789296],[5.2970145,43.2789242],[5.2970128,43.2789001],[5.297014,43.2788781],[5.2970271,43.2788665],[5.2970624,43.2788619],[5.2970645,43.2788333],[5.2971244,43.2787864],[5.2971712,43.2788005],[5.2972156,43.2787856],[5.2972051,43.2787665],[5.2971551,43.2787289],[5.2970905,43.2787113],[5.2970792,43.2786843],[5.2971034,43.2786208],[5.2971325,43.2786067],[5.2971749,43.278581],[5.2972309,43.2785762],[5.2973164,43.2785868],[5.2973906,43.2786032],[5.2974132,43.2786255],[5.2975052,43.2786572],[5.2975165,43.2786361],[5.2975536,43.2786244],[5.2975829,43.2786349],[5.297594,43.2786447],[5.2976422,43.2786158],[5.2977163,43.2785893],[5.2977517,43.2785909],[5.2977836,43.2785652],[5.2978432,43.2785539],[5.2979013,43.2785327],[5.2979319,43.2785081],[5.2979465,43.2784857],[5.2979513,43.2784294],[5.297957,43.2784061],[5.2979742,43.2783957],[5.2980689,43.2783808],[5.2981681,43.2784024],[5.2982811,43.2784207],[5.2983666,43.2784356],[5.2984111,43.2784589],[5.2984636,43.278463],[5.2985012,43.2784788],[5.2985134,43.278493],[5.2985018,43.2785037],[5.2984659,43.2785079],[5.2984134,43.2785137],[5.2984242,43.2785261],[5.2984031,43.2785315],[5.2983946,43.2785249],[5.2983655,43.2785261],[5.2983449,43.2785452],[5.2984465,43.2785436],[5.2984887,43.2785527],[5.2984944,43.2785627],[5.2985281,43.278571],[5.2985566,43.2785864],[5.2985753,43.2786112],[5.2985383,43.2786391],[5.2985532,43.2786694],[5.298549,43.2787097],[5.2985158,43.2787108],[5.2984975,43.27872],[5.298469,43.2787183],[5.2984827,43.2787374],[5.2984819,43.2787792],[5.2985044,43.278803],[5.2985534,43.2788329],[5.2985647,43.2788425],[5.2985981,43.2788394],[5.2986373,43.2788483],[5.2986913,43.2788812],[5.2987103,43.2788758],[5.2987554,43.2788799],[5.2987885,43.2788893],[5.2987869,43.2788999],[5.2988127,43.2789187],[5.2988119,43.2789316],[5.2987922,43.2789458],[5.298824,43.2789533],[5.2988401,43.2789622],[5.2988589,43.2789638],[5.2988668,43.2789745],[5.2988635,43.278988],[5.2988908,43.2789854],[5.2989051,43.2789966],[5.2989211,43.2789849],[5.2989336,43.2789879],[5.2989616,43.2790294],[5.2989736,43.2790551],[5.2989998,43.2790742],[5.2990135,43.2790863],[5.2990374,43.2790975],[5.2990631,43.2791494],[5.2990782,43.2791668],[5.2991048,43.2791706],[5.299147,43.2791706],[5.2991612,43.2791747],[5.2991743,43.2791677],[5.2991977,43.2791623],[5.2992337,43.2791693],[5.2992571,43.2791793],[5.2992804,43.2791814],[5.2993307,43.279197],[5.2993643,43.2791947],[5.2994116,43.279198],[5.2994168,43.279193],[5.2994436,43.2791918],[5.2994596,43.2792017],[5.2994886,43.2792084],[5.299508,43.2792229],[5.29952,43.2792391],[5.2995246,43.2792362],[5.2995366,43.2792374],[5.2995714,43.2792595],[5.2996023,43.2792928],[5.299615,43.2792944],[5.2996304,43.27928],[5.2996147,43.2792448],[5.2996206,43.2792372],[5.2996383,43.2792429],[5.2996494,43.2792567],[5.2996546,43.2792738],[5.2996794,43.2792671],[5.2997069,43.2792709],[5.2997389,43.2792881],[5.2997605,43.2793109],[5.2997507,43.2793138],[5.2997716,43.279339],[5.2997814,43.2793414],[5.2998088,43.2793705],[5.2997945,43.2793417],[5.2998003,43.2793262],[5.2997722,43.2792649],[5.2997813,43.279242],[5.2998114,43.279242],[5.2998271,43.2792174],[5.299812,43.279183],[5.299814,43.2791749],[5.2997872,43.2791726],[5.2997598,43.2791597],[5.2997277,43.2791335],[5.2997062,43.2791159],[5.2997042,43.2790979],[5.2997166,43.2790907],[5.2997421,43.2790964],[5.2997402,43.279075],[5.2997297,43.2790503],[5.2997081,43.2790274],[5.2996937,43.2790027],[5.299711,43.2789935],[5.2997153,43.2789451],[5.2997264,43.2789285],[5.299667,43.2789151],[5.2996526,43.2789037],[5.2996532,43.2788842],[5.2996656,43.2788747],[5.2996918,43.2788695],[5.2997225,43.2788704],[5.2997689,43.2788666],[5.2998441,43.2788761],[5.2998506,43.2788847],[5.2998336,43.2788942],[5.2998768,43.278898],[5.2998957,43.2789051],[5.2999153,43.2789056],[5.2999415,43.2789132],[5.299963,43.2789285],[5.2999846,43.2789342],[5.3000349,43.2789708],[5.3000617,43.2789684],[5.3001336,43.2789794],[5.3001852,43.2789989],[5.3002153,43.2789984],[5.3002199,43.2790122],[5.300216,43.2790312],[5.3002428,43.2790374],[5.3002526,43.2790441],[5.30028,43.2790484],[5.3003477,43.2790491],[5.3003782,43.2790627],[5.3003634,43.2790708],[5.3003605,43.2790918],[5.3003782,43.2791132],[5.3003764,43.2791273],[5.3004281,43.2791455],[5.3004448,43.2791684],[5.3004392,43.2791852],[5.3004143,43.2791825],[5.3003958,43.2791825],[5.3003968,43.2792137],[5.300417,43.2792424],[5.3004531,43.2792727],[5.3004577,43.2792942],[5.3004549,43.2793171],[5.300464,43.279344],[5.3005021,43.2793588],[5.300527,43.2793608],[5.3005594,43.2793776],[5.3005695,43.2794019],[5.300564,43.279416],[5.30054,43.2794342],[5.3004638,43.2794294],[5.3003977,43.2794494],[5.3003605,43.2794594],[5.3003357,43.2794566],[5.300312,43.2794724],[5.3003116,43.2794933],[5.3003357,43.2795108],[5.3003507,43.2795022],[5.3003644,43.2795127],[5.3004108,43.2795046],[5.3004605,43.2795118],[5.3004696,43.2795094],[5.3005036,43.2795175],[5.3005121,43.2795118],[5.3005187,43.2794965],[5.3005474,43.2794861],[5.3005631,43.2795118],[5.3005598,43.2795213],[5.3005788,43.2795432],[5.3005736,43.2795465],[5.300603,43.2795665],[5.3006128,43.2795922],[5.3006023,43.2795979],[5.3006147,43.2796098],[5.3006226,43.2796098],[5.3006539,43.2796264],[5.300682,43.2796283],[5.3007075,43.2796112],[5.3007102,43.2795969],[5.3007226,43.2795984],[5.3007428,43.279616],[5.3007349,43.2796239],[5.3007369,43.2796336],[5.3007579,43.2796331],[5.3007683,43.2796245],[5.3008023,43.2796388],[5.3008481,43.2796569],[5.300869,43.2796731],[5.3008886,43.2796726],[5.3008945,43.2796659],[5.3009036,43.2796664],[5.3009193,43.2796764],[5.3009258,43.2796926],[5.3009376,43.2797007],[5.3009369,43.2797235],[5.300952,43.2797392],[5.3009719,43.279745],[5.3010023,43.2797492],[5.3010245,43.2797635],[5.3010245,43.2797782],[5.301033,43.2797925],[5.3010631,43.279812],[5.3010886,43.279842],[5.3011088,43.2798605],[5.3011082,43.2798696],[5.301133,43.2798743],[5.3011677,43.2798862],[5.301184,43.2798967],[5.3011814,43.2799167],[5.3011814,43.279931],[5.3011873,43.2799371],[5.3011958,43.2799271],[5.3012069,43.2799386],[5.3012284,43.2799286],[5.301233,43.279911],[5.3012454,43.2799124],[5.3012539,43.2798924],[5.3012428,43.2798701],[5.3012564,43.2798574],[5.3012435,43.2798425],[5.3012291,43.2798406],[5.3012402,43.2798134],[5.3012572,43.2798139],[5.3012704,43.2798121],[5.3013063,43.2798354],[5.3013276,43.2798502],[5.301335,43.2798603],[5.3014066,43.2799043],[5.3014219,43.2799265],[5.3014186,43.2799481],[5.3014062,43.2799508],[5.3014177,43.2799659],[5.3014154,43.2799746],[5.3014011,43.2799784],[5.3014343,43.2799938],[5.3014445,43.2800073],[5.3014482,43.280016],[5.3014357,43.280016],[5.3014484,43.2800289],[5.3014848,43.280037],[5.3014992,43.2800589],[5.3015502,43.2800877],[5.3015527,43.2800786],[5.3015222,43.2800467],[5.3015175,43.2800295],[5.3015249,43.2800255],[5.3015522,43.2800258],[5.3015762,43.2800433],[5.301597,43.2800403],[5.3016446,43.280046],[5.3016728,43.2800571],[5.3017324,43.2800611],[5.3017547,43.280073],[5.301756,43.280065],[5.3017409,43.2800559],[5.3017226,43.2800388],[5.3017253,43.2800255],[5.3017422,43.2800231],[5.3017723,43.2800288],[5.301786,43.2800345],[5.3018017,43.2800569],[5.3018148,43.2800564],[5.3018292,43.2800654],[5.3018664,43.280065],[5.3019096,43.2800735],[5.3019311,43.280083],[5.3019501,43.2800897],[5.3019762,43.2800888],[5.3020102,43.2800964],[5.3020226,43.2800897],[5.3020004,43.2800788],[5.3020011,43.2800726],[5.3020207,43.280073],[5.3020455,43.2800669],[5.3020449,43.2800526],[5.3020643,43.2800441],[5.3020815,43.2800459],[5.3020965,43.2800669],[5.3021167,43.2800854],[5.3021311,43.2800921],[5.3021481,43.2801168],[5.30212,43.2801092],[5.3020971,43.2801106],[5.3021161,43.280134],[5.3021239,43.2801587],[5.3021468,43.2801758],[5.3020952,43.2801692],[5.3020939,43.2801849],[5.3021194,43.2801991],[5.3021213,43.2802101],[5.3020919,43.2801991],[5.3021043,43.280222],[5.3021086,43.2802405],[5.3020833,43.2802681],[5.302077,43.2802985],[5.302103,43.2803187],[5.3021324,43.2803132],[5.3021511,43.2802916],[5.302181,43.2802927],[5.3021815,43.2802794],[5.3022317,43.2802531],[5.3022684,43.2802561],[5.3022626,43.2802413],[5.3022653,43.2802253],[5.3022762,43.280218],[5.3022768,43.2802137],[5.3022783,43.2802032],[5.3022893,43.2801971],[5.3022917,43.2801851],[5.302293,43.2801784],[5.3023474,43.2801723],[5.3023653,43.2801668],[5.3023721,43.2801647],[5.3023621,43.2801536],[5.30236,43.2801349],[5.3023694,43.2801269],[5.3024368,43.2801262],[5.3024658,43.2801323],[5.3024904,43.2801243],[5.3025113,43.280141],[5.3025192,43.2801551],[5.3025851,43.2801559],[5.3025961,43.2801391],[5.3026433,43.2801372],[5.302682,43.2801117],[5.3027232,43.2801034],[5.3027406,43.2801132],[5.3027736,43.2801349],[5.302781,43.2801578],[5.3028045,43.2801597],[5.3028187,43.2801933],[5.3028715,43.2802093],[5.3029208,43.2802001],[5.3029455,43.2801798],[5.3029695,43.2801795],[5.3029847,43.2801849],[5.3030229,43.2801841],[5.3030758,43.2801674],[5.3030902,43.2801586],[5.3030994,43.2801529],[5.3031323,43.2801414],[5.3031737,43.2801391],[5.3031816,43.2801273],[5.3032083,43.280122],[5.3032391,43.2801201],[5.3032748,43.2801266],[5.3033056,43.2801411],[5.3033417,43.2801382],[5.303349,43.280117],[5.3033501,43.2800934],[5.3033454,43.2800602],[5.3033371,43.2800309],[5.3033193,43.2800016],[5.3032926,43.2799676],[5.3032543,43.2799314],[5.3032132,43.2799036],[5.3031695,43.279923],[5.3031549,43.2799394],[5.3031392,43.2799436],[5.303125,43.2799745],[5.3031081,43.2799959],[5.3030779,43.2799962],[5.3030674,43.2800077],[5.3030491,43.280008],[5.3030397,43.2799913],[5.3030229,43.2799874],[5.3030145,43.2799231],[5.3029826,43.279915],[5.3029624,43.2798942],[5.3029308,43.279887],[5.302913,43.279867],[5.302933,43.2798546],[5.3029071,43.2798147],[5.3028886,43.2798126],[5.3028508,43.2797921],[5.3028183,43.2797883],[5.3027353,43.2797711],[5.3027264,43.2797829],[5.302682,43.279784],[5.3026672,43.2797705],[5.3026369,43.2797657],[5.3025961,43.2797765],[5.3025599,43.2797743],[5.3025317,43.2797673],[5.3025243,43.2797506],[5.3025273,43.2797166],[5.3025574,43.2796808],[5.3025384,43.2796476],[5.3025058,43.279625],[5.3024547,43.279611],[5.3024369,43.2795808],[5.302434,43.2795463],[5.3024569,43.2795258],[5.3024999,43.2795037],[5.3024523,43.2794651],[5.3023836,43.2794234],[5.3023562,43.2794099],[5.3023551,43.279397],[5.3023803,43.2793932],[5.3023427,43.2793788],[5.3022857,43.2793502],[5.3022265,43.279354],[5.3021951,43.2793487],[5.3021385,43.2793117],[5.3021265,43.2792919],[5.3020977,43.2792717],[5.3020851,43.2792538],[5.3020857,43.2792324],[5.3020789,43.2792206],[5.3020848,43.2792126],[5.3020951,43.2792103],[5.3021014,43.2791981],[5.3021128,43.2791872],[5.3021102,43.2791728],[5.3021186,43.2791647],[5.302139,43.2791636],[5.3021567,43.2791575],[5.3021442,43.2791464],[5.3021221,43.2791362],[5.3021128,43.2791198],[5.3021169,43.2791073],[5.3021947,43.2790527],[5.3022347,43.2790467],[5.3022621,43.2790133],[5.3023013,43.2790038],[5.3023187,43.2789741],[5.3024154,43.2789799],[5.302442,43.2789863],[5.3024953,43.2789815],[5.3025383,43.2789917],[5.3025996,43.2789909],[5.3026182,43.2789971],[5.3026982,43.2790068],[5.3027626,43.2790111],[5.3028005,43.2790266]]}},{"type":"Feature","properties":{},"geometry":{"type":"LineString","coordinates":[[5.3028577,43.2757507],[5.3027466,43.2757362],[5.3026316,43.2758099],[5.3025698,43.2757898],[5.3025536,43.2757543],[5.302334,43.2757472],[5.3021438,43.2757708],[5.302094,43.2757479],[5.3020998,43.2756649],[5.3017681,43.275476],[5.3016543,43.2753991],[5.3014965,43.2753671],[5.3014618,43.2753001],[5.3015106,43.275179],[5.3016478,43.2750877],[5.3017323,43.2751149],[5.3018624,43.2750794],[5.3019226,43.2750415],[5.3020511,43.2750817],[5.3021145,43.2750533],[5.3022892,43.2750812],[5.3023034,43.2750585],[5.301986,43.2748497],[5.3020462,43.2747999],[5.3021173,43.2748082],[5.3022446,43.2746934],[5.3023145,43.2747419],[5.3024397,43.2747609],[5.3025471,43.274807],[5.3025612,43.2747932],[5.3025211,43.2747419],[5.3023422,43.2746543],[5.3023926,43.2746034],[5.3023979,43.2745421],[5.3025796,43.2744708],[5.3025942,43.2744388],[5.3024885,43.2744127],[5.302456,43.2743689],[5.3024105,43.2743737],[5.3023926,43.2744187],[5.3023357,43.2744305],[5.3023031,43.2744779],[5.3022088,43.2744684],[5.3020917,43.2743891],[5.3020625,43.2744127],[5.3020771,43.2744719],[5.3020007,43.2744992],[5.3018771,43.2745039],[5.3017925,43.2744838],[5.3016949,43.2745418],[5.3016624,43.2745229],[5.3015908,43.274575],[5.3014689,43.2745525],[5.3013241,43.2746164],[5.3011691,43.2746098],[5.3011859,43.2745513],[5.3013046,43.2745359],[5.3014249,43.2744601],[5.3014071,43.274408],[5.301477,43.2743524],[5.3016673,43.2743133],[5.3016792,43.2741567],[5.3014428,43.2740824],[5.301306,43.2740001],[5.3013371,43.2739356],[5.3014201,43.2738645],[5.301368,43.2737828],[5.3013624,43.2737148],[5.3012396,43.273662],[5.3012347,43.2736206],[5.3013014,43.2735874],[5.3012802,43.2734915],[5.3011566,43.2734963],[5.3010883,43.2735626],[5.3010621,43.2735511],[5.3010281,43.2736739],[5.3010184,43.2737698],[5.3009485,43.2737864],[5.3009485,43.2738373],[5.3007858,43.2739356],[5.3007335,43.2739223],[5.3007338,43.2738444],[5.3006152,43.2738225],[5.3006167,43.2738669],[5.300646,43.2738846],[5.3005825,43.2739237],[5.3006118,43.2739628],[5.3005891,43.2740332],[5.3005549,43.2740907],[5.3005012,43.2741037],[5.3005191,43.2741487],[5.3004259,43.2741755],[5.3002931,43.2740741],[5.3002264,43.2739237],[5.3002882,43.2739154],[5.300331,43.2738465],[5.3002947,43.2737781],[5.3003191,43.2737366],[5.3003028,43.2736905],[5.3004102,43.2737272],[5.300402,43.2736466],[5.3003175,43.2735721],[5.3003467,43.2735117],[5.3003955,43.2734406],[5.3003207,43.2733802],[5.3003109,43.27334],[5.3004004,43.2733305],[5.3004129,43.2732839],[5.3005516,43.2733068],[5.3006964,43.2732666],[5.3006882,43.2732062],[5.3007338,43.2731991],[5.3007891,43.2732299],[5.3008021,43.2731991],[5.3007435,43.2731458],[5.3007549,43.2731316],[5.3008204,43.2731642],[5.3008655,43.2730901],[5.300846,43.2730025],[5.3007874,43.273044],[5.3005581,43.2730712],[5.3004603,43.2730199],[5.3003467,43.27307],[5.3001906,43.2730676],[5.3001142,43.2731553],[5.3000919,43.2731544],[5.3000085,43.2730747],[5.2998686,43.273038],[5.2997938,43.2730617],[5.2997109,43.2730463],[5.2996653,43.2730866],[5.2995938,43.2730665],[5.2994702,43.2730759],[5.2994458,43.2731529],[5.2993872,43.2731043],[5.2994116,43.2730499],[5.2993075,43.2729895],[5.2993434,43.2729587],[5.2995173,43.2729303],[5.299475,43.2727858],[5.299558,43.2727491],[5.2995677,43.2726946],[5.2997338,43.2725706],[5.2994767,43.272523],[5.2993612,43.2725597],[5.299236,43.272536],[5.2991807,43.2724803],[5.2992864,43.2724472],[5.2993856,43.2723631],[5.2993905,43.2723157],[5.2992718,43.2722257],[5.2991628,43.2722459],[5.2990977,43.2722471],[5.2990668,43.2722648],[5.2990977,43.2723465],[5.299075,43.2723714],[5.2990229,43.2723347],[5.298979,43.272356],[5.2990473,43.2724294],[5.2990359,43.2724436],[5.2988587,43.272388],[5.2988197,43.2723453],[5.2988408,43.2722944],[5.2987676,43.2722577],[5.2987302,43.2723027],[5.2986245,43.2722932],[5.298566,43.2723394],[5.2985318,43.272324],[5.298348,43.2724436],[5.2983025,43.2724389],[5.2982879,43.2723915],[5.2983364,43.2723547],[5.2982814,43.2722636],[5.2982163,43.2722518],[5.2981447,43.2721772],[5.2982065,43.2721298],[5.2982716,43.2721452],[5.2983253,43.2721429],[5.2984342,43.2720884],[5.2984033,43.2719948],[5.2985107,43.2719546],[5.2984359,43.271893],[5.2983806,43.271771],[5.2982391,43.2717486],[5.2982407,43.2718184],[5.2982244,43.2718291],[5.2982147,43.271912],[5.2981935,43.2719131],[5.2981887,43.2719475],[5.2981675,43.2719404],[5.2981561,43.271906],[5.2979596,43.2718519],[5.2979366,43.2718871],[5.297978,43.2719608],[5.2978285,43.2719457],[5.2977825,43.2720043],[5.2978653,43.2720663],[5.2978354,43.2720663],[5.2977963,43.2720278],[5.2975801,43.2719424],[5.2976307,43.2721031],[5.2975387,43.2720914],[5.2974639,43.2721757],[5.2974734,43.272237],[5.2973294,43.2722672],[5.2972558,43.2722103],[5.2972006,43.2720026],[5.2972852,43.2719529],[5.2972834,43.2718302],[5.2974674,43.2716476],[5.2976491,43.2715137],[5.2976307,43.2714668],[5.2977112,43.2713194],[5.2977756,43.2713127],[5.297719,43.2712638],[5.2975916,43.2713412],[5.2974858,43.2713295],[5.2974237,43.2712675],[5.2973846,43.2712642],[5.2973616,43.271301],[5.2971937,43.2713596],[5.29715,43.2713211],[5.297058,43.271378],[5.2969591,43.2713462],[5.296758,43.2713754],[5.2966923,43.2713529],[5.2967291,43.2712851],[5.2967797,43.2712809],[5.2967943,43.2712986],[5.2969341,43.2712608],[5.2970057,43.2712655],[5.297074,43.2712454],[5.2970772,43.2711684],[5.2971,43.2711139],[5.2971862,43.271121],[5.2971439,43.2710843],[5.2971325,43.2710393],[5.2972041,43.2710251],[5.297183,43.2709718],[5.297246,43.2709301],[5.297113,43.2708653],[5.2970528,43.27087],[5.2969569,43.2708309],[5.2969455,43.2708629],[5.2967975,43.2708463],[5.2967715,43.2708854],[5.2966674,43.2708925],[5.2965783,43.2710163],[5.2963958,43.2708937],[5.2964576,43.270857],[5.2965487,43.2708759],[5.2965276,43.2708475],[5.2966024,43.2708155],[5.2965812,43.27078],[5.2966284,43.2707729],[5.2966246,43.2707215],[5.2965995,43.2706728],[5.2966156,43.2706622],[5.2966369,43.2706614],[5.2966584,43.2706442],[5.2966836,43.2706408],[5.2966947,43.2706148],[5.2966899,43.2705927],[5.296723,43.2705807],[5.296789,43.2705958],[5.2968342,43.2705917],[5.2968361,43.2705682],[5.2968676,43.2705783],[5.2968903,43.2705898],[5.2969312,43.2705966],[5.2970103,43.2705937],[5.297016,43.2705725],[5.2970058,43.2705473],[5.2970438,43.2705042],[5.2970216,43.2704565],[5.2970344,43.2704449],[5.2970313,43.2703882],[5.2970829,43.2704197],[5.2971547,43.270422],[5.2972204,43.2704376],[5.297301,43.2704408],[5.2973316,43.2704194],[5.2973753,43.2704276],[5.2973703,43.2704017],[5.2973612,43.2703863],[5.2973242,43.2703552],[5.2972953,43.2703464],[5.2972531,43.2703165],[5.2972225,43.2703079],[5.2971777,43.2702845],[5.2971643,43.2702316],[5.2971379,43.2702573],[5.2970857,43.2702357],[5.2970795,43.270222],[5.2970002,43.2701817],[5.2969849,43.2701499],[5.2969513,43.2701566],[5.296874,43.270113],[5.2968604,43.2701298],[5.2968153,43.2701139],[5.2968385,43.2701597],[5.2968007,43.2701772],[5.2967576,43.2701849],[5.2967461,43.2702337],[5.2967194,43.2702452],[5.2966927,43.2702703],[5.2966539,43.2702466],[5.2966138,43.2702317],[5.2965723,43.2702131],[5.2965308,43.2702092],[5.2965172,43.2702204],[5.2965238,43.2702501],[5.2965009,43.2702789],[5.2964907,43.2703311],[5.2965332,43.2704595],[5.2965191,43.2704709],[5.2964846,43.2705113],[5.2964588,43.2704979],[5.2964405,43.2704798],[5.2964391,43.2705298],[5.2964038,43.2705804],[5.2963554,43.270562],[5.2963245,43.2705525],[5.2962587,43.2705577],[5.2962284,43.2705394],[5.2962088,43.2705005],[5.2962918,43.270407],[5.2962527,43.2703987],[5.2962771,43.2703573],[5.2963438,43.2703123],[5.2962983,43.2702471],[5.2962234,43.270246],[5.2961633,43.2701725],[5.2962077,43.2700622],[5.2963113,43.2700304],[5.2963389,43.2699618],[5.2963224,43.2699178],[5.2963535,43.2699002],[5.2964023,43.2699191],[5.2964365,43.2699049],[5.2964153,43.2697664],[5.2964511,43.2697143],[5.2964446,43.2696586],[5.2965491,43.269601],[5.2965308,43.2695331],[5.2964869,43.2695888],[5.296423,43.2696023],[5.2963696,43.2696551],[5.2962286,43.2696318],[5.2962521,43.269694],[5.2962927,43.2697298],[5.2962777,43.2697671],[5.2962329,43.2697422],[5.2961837,43.2698013],[5.2962072,43.2698402],[5.2962072,43.2698993],[5.2960598,43.2698962],[5.2959402,43.269834],[5.2959146,43.2698605],[5.2959295,43.2698962],[5.2958826,43.2699289],[5.2957459,43.2698947],[5.2957202,43.2699258],[5.2957437,43.2699787],[5.2956882,43.2700378],[5.2955878,43.269974],[5.2954372,43.2700537],[5.2953125,43.2700143],[5.2953508,43.2699039],[5.2952359,43.2698121],[5.2952918,43.2697633],[5.2952279,43.2696808],[5.2952277,43.269632],[5.2953141,43.2696076],[5.2953732,43.2696064],[5.2954195,43.2695762],[5.2953875,43.2695274],[5.2954211,43.269496],[5.2955296,43.2694669],[5.2954131,43.2694448],[5.2953716,43.2694251],[5.2953668,43.2693786],[5.2953157,43.2693891],[5.2953109,43.2693112],[5.2953716,43.2692693],[5.2953987,43.2692043],[5.2953381,43.2691799],[5.2953428,43.2691206],[5.2953764,43.2691055],[5.2954019,43.2690299],[5.2955631,43.2690195],[5.2955855,43.2689625],[5.2954721,43.2689276],[5.2954817,43.2688963],[5.2953834,43.2689003],[5.2953189,43.2689997],[5.2952646,43.2690601],[5.2952104,43.2690567],[5.2950875,43.2690753],[5.2950731,43.2690288],[5.2949965,43.2690195],[5.2950204,43.2690973],[5.2949598,43.2690915],[5.294856,43.2691566],[5.2948177,43.2690718],[5.2947826,43.2690485],[5.2947698,43.2690857],[5.2946996,43.2690764],[5.2946948,43.2691252],[5.2946469,43.2691287],[5.2945564,43.2691651],[5.29454,43.2691357],[5.294508,43.2691252],[5.2944857,43.2690973],[5.2945001,43.2690601],[5.2945527,43.2690148],[5.2945559,43.2689637],[5.2944905,43.2688974],[5.2944075,43.2688637],[5.2943101,43.2688672],[5.2942112,43.26893],[5.2941578,43.2689278],[5.2941296,43.2689952],[5.2940889,43.2690224],[5.2940551,43.2691103],[5.2940336,43.2690988],[5.2940472,43.26901],[5.2940156,43.2689476],[5.2937861,43.2689726],[5.2937752,43.2688991],[5.2937898,43.2688572],[5.2937605,43.2688202],[5.2937232,43.2688087],[5.2937086,43.2687676],[5.2938192,43.268752],[5.2938271,43.2686862],[5.2937493,43.2686157],[5.2938824,43.2685219],[5.2938135,43.2684997],[5.2937819,43.2684306],[5.293662,43.2683591],[5.2936454,43.2684463],[5.2936883,43.2684857],[5.293651,43.2685178],[5.2935619,43.2685194],[5.2935788,43.2685597],[5.2935831,43.268612],[5.2935396,43.2686163],[5.2935057,43.2686021],[5.2935228,43.2686274],[5.2935285,43.2686451],[5.293514,43.2686553],[5.2934733,43.2686547],[5.2934593,43.2686672],[5.2934797,43.2687006],[5.2935126,43.2687288],[5.2934795,43.2687783],[5.293459,43.2687709],[5.2934239,43.268793],[5.2934302,43.2688372],[5.2934135,43.2688645],[5.2933831,43.2688738],[5.2933616,43.2688691],[5.2933305,43.2689075],[5.2932908,43.2689283],[5.2932618,43.2689086],[5.2932168,43.2688454],[5.2932183,43.268731],[5.2931562,43.2687294],[5.2931502,43.2686975],[5.2931072,43.2686693],[5.2930716,43.2687041],[5.2929929,43.2686677],[5.2930293,43.2686105],[5.2930308,43.268572],[5.2931275,43.268561],[5.2931254,43.2685004],[5.2930807,43.2685159],[5.2930293,43.2684752],[5.2930429,43.2684169],[5.2930006,43.2683586],[5.2929613,43.2683608],[5.2929425,43.268432],[5.2928492,43.268445],[5.2928842,43.2683729],[5.2928132,43.2683806],[5.2928072,43.2683311],[5.2927528,43.2683465],[5.2927346,43.2683718],[5.2927145,43.2683686],[5.2927165,43.2683333],[5.2927392,43.26833],[5.2927467,43.2682838],[5.2927063,43.2682779],[5.2927431,43.2681988],[5.2927271,43.2681539],[5.2926785,43.2681187],[5.2926595,43.268105],[5.2926833,43.2680659],[5.2926543,43.2680273],[5.2926848,43.2679922],[5.292712,43.2679416],[5.2928014,43.267897],[5.292915,43.2678856],[5.292926,43.2678524],[5.2928692,43.2677624],[5.2928555,43.2677369],[5.2929054,43.2676918],[5.2928888,43.2676522],[5.2928434,43.2676368],[5.2928306,43.2676326],[5.2927538,43.2676076],[5.2927528,43.2675917],[5.2926555,43.2675588],[5.2926274,43.2675378],[5.2926661,43.2675057],[5.2926434,43.2674729],[5.2925996,43.2674497],[5.2925518,43.2674641],[5.2925322,43.2674905],[5.2924874,43.2674546],[5.2924203,43.2675191],[5.292301,43.2675455],[5.2922783,43.2675378],[5.2922451,43.2674597],[5.2921242,43.267419],[5.2920787,43.2674249],[5.2919805,43.2674789],[5.2919716,43.2675037],[5.2920409,43.2675241],[5.2920561,43.2675542],[5.2919776,43.2675455],[5.2919625,43.267573],[5.2920418,43.2676296],[5.2920864,43.2677549],[5.2920335,43.2678007],[5.2920327,43.2678396],[5.2920078,43.2678602],[5.2918582,43.2678635],[5.2918522,43.2679163],[5.2919051,43.2679339],[5.2919202,43.2679763],[5.2918854,43.2680032],[5.2918772,43.2680445],[5.2919694,43.2681191],[5.2920803,43.2681438],[5.2921861,43.2682243],[5.2921778,43.26825],[5.2921272,43.2682408],[5.2920418,43.268299],[5.2920018,43.2683179],[5.2920134,43.268365],[5.291989,43.2684015],[5.2919296,43.268411],[5.2919534,43.2684609],[5.2919247,43.2685181],[5.291961,43.2685533],[5.2919349,43.2685735],[5.2919748,43.2686427],[5.292029,43.2686798],[5.2920988,43.2687654],[5.2921985,43.2687651],[5.2922709,43.2688836],[5.2922176,43.2689713],[5.2921348,43.2690062],[5.2921177,43.268936],[5.2920121,43.2688805],[5.2919599,43.2688947],[5.2919048,43.2688146],[5.2919243,43.2687784],[5.291827,43.2685875],[5.2916788,43.2684206],[5.2917384,43.2683076],[5.2916866,43.268204],[5.2915749,43.2682405],[5.2914851,43.2683307],[5.2913142,43.2682965],[5.2912073,43.2682996],[5.2910868,43.2684245],[5.2910214,43.2684241],[5.2909979,43.2683805],[5.2910342,43.2682607],[5.2908953,43.2681969],[5.2908975,43.2680911],[5.2909573,43.2680996],[5.290968,43.2680553],[5.2908547,43.2679651],[5.2907864,43.2679837],[5.2907308,43.2679448],[5.2906415,43.2680493],[5.2904519,43.2679993],[5.2903344,43.2680623],[5.2901656,43.2680646],[5.2901517,43.2680989],[5.2900983,43.2680825],[5.2900384,43.2682023],[5.2900609,43.268249],[5.2901656,43.2682685],[5.290158,43.268375],[5.2901146,43.268381],[5.2900073,43.2684559],[5.2899589,43.2684625],[5.2899665,43.2685197],[5.2900267,43.2685244],[5.2901004,43.2685824],[5.290108,43.2686296],[5.2900845,43.2686397],[5.2900696,43.268681],[5.290023,43.2687215],[5.289952,43.2686965],[5.2898965,43.2686506],[5.2899008,43.2686304],[5.2898644,43.268597],[5.2898366,43.2686078],[5.2897867,43.2685868],[5.2896688,43.2685505],[5.2895872,43.2685703],[5.2895283,43.268547],[5.2895112,43.2685081],[5.289446,43.2685066],[5.289347,43.2684581],[5.2892566,43.2683587],[5.2892907,43.2683387],[5.2893291,43.2683713],[5.2893878,43.2683931],[5.2894573,43.2682996],[5.2894814,43.2682006],[5.2895781,43.2681984],[5.289602,43.2681176],[5.2896204,43.2681126],[5.289648,43.2681526],[5.2897036,43.2681665],[5.2897313,43.2681222],[5.2897773,43.2681036],[5.2897078,43.2680444],[5.289711,43.2680289],[5.2897471,43.2680211],[5.2896918,43.2679814],[5.2896854,43.2679495],[5.289724,43.267942],[5.289789,43.2679643],[5.289829,43.2680003],[5.2899499,43.2678969],[5.2899604,43.2677451],[5.2898292,43.2676757],[5.2898456,43.2676307],[5.2899423,43.2676131],[5.2899589,43.267448],[5.2900178,43.2674535],[5.2901206,43.2673435],[5.2900858,43.2672907],[5.2901826,43.2672555],[5.2903004,43.2672522],[5.2903521,43.2672292],[5.2903286,43.2671996],[5.2902132,43.2671903],[5.2901432,43.2671026],[5.2901161,43.2669962],[5.2900668,43.2669919],[5.2900273,43.2671],[5.2899568,43.2671335],[5.2897976,43.2670743],[5.2897719,43.2671731],[5.2897945,43.2672309],[5.2897345,43.2672385],[5.2896587,43.2672292],[5.2895764,43.2671996],[5.2895689,43.2672222],[5.2895123,43.2672206],[5.28957,43.2673101],[5.2895625,43.2673381],[5.2894258,43.2673536],[5.2893157,43.2673957],[5.2892089,43.267314],[5.2891576,43.2672268],[5.2890037,43.2671669],[5.2889503,43.2671941],[5.2889129,43.2672525],[5.2888862,43.2672556],[5.2888178,43.2672136],[5.288821,43.2671428],[5.2888573,43.2670922],[5.2889428,43.2670681],[5.2889909,43.2670292],[5.2889492,43.2669475],[5.2886372,43.2668876],[5.2886319,43.266851],[5.2885261,43.266792],[5.288446,43.2667164],[5.2884521,43.2666049],[5.2884046,43.2664761],[5.2883508,43.2664905],[5.2882707,43.2664509],[5.2881559,43.2665279],[5.2879867,43.2665103],[5.2879549,43.266441],[5.287899,43.2664322],[5.2878869,43.2664564],[5.2878038,43.2664443],[5.2877389,43.2663948],[5.2877177,43.2664267],[5.2877268,43.2664784],[5.2876784,43.2665807],[5.2876981,43.2666335],[5.2876116,43.2666871],[5.287485,43.266628],[5.2874397,43.2665367],[5.287352,43.2664883],[5.2872312,43.2664652],[5.2871586,43.2665136],[5.2870801,43.2665268],[5.2870529,43.2664773],[5.2870559,43.2664344],[5.2871405,43.2663915],[5.2871163,43.2663233],[5.2869546,43.2663045],[5.2869607,43.2662429],[5.2868655,43.2662176],[5.2867627,43.2661065],[5.2866691,43.2660504],[5.2865678,43.2661021],[5.2863759,43.2661296],[5.2862837,43.2661857],[5.2862777,43.2662253],[5.2862203,43.2662242],[5.286181,43.2661329],[5.2860707,43.2660691],[5.285971,43.2660757],[5.2859196,43.2660372],[5.2859543,43.2659965],[5.2859075,43.2659899],[5.2858304,43.2660218],[5.2857504,43.2659558],[5.2857016,43.2659326],[5.285702,43.2657852],[5.2860813,43.265278],[5.2860828,43.2652207],[5.2859846,43.2651503],[5.285872,43.2651029],[5.2858832,43.2650652],[5.286113,43.2649567],[5.286175,43.2648235],[5.2861221,43.2647685],[5.2861145,43.2647289],[5.2862731,43.2645601],[5.28618,43.2644554],[5.2861661,43.2643828],[5.2861629,43.2642646],[5.2861296,43.2642085],[5.2862732,43.2641699],[5.2864001,43.2642239],[5.2864651,43.2642239],[5.2865648,43.2641413],[5.2866071,43.2641655],[5.2866298,43.2642613],[5.2867099,43.264335],[5.2868156,43.2643339],[5.2868338,43.2642558],[5.2868884,43.2642272],[5.2871677,43.2641296],[5.286991,43.2640265],[5.287001,43.2639927],[5.2871249,43.2639584],[5.2873856,43.2640082],[5.2874326,43.2639273],[5.2875651,43.2638931],[5.2874925,43.2638308],[5.2871907,43.2637852],[5.2872318,43.2636814],[5.2874711,43.2635352],[5.2876341,43.2633799],[5.2878059,43.2632617],[5.2879762,43.2632676],[5.2882316,43.2633411],[5.2882105,43.2631928],[5.2881056,43.2631247],[5.2881073,43.2631004],[5.2882918,43.2630725],[5.2882248,43.263034],[5.2881053,43.2630237],[5.2880668,43.2629927],[5.2881438,43.2629205],[5.2879027,43.262832],[5.2878055,43.2627376],[5.2876354,43.2627626],[5.2874713,43.2627272],[5.2873964,43.2625473],[5.2872789,43.2624485],[5.2872606,43.2624024],[5.2873397,43.2623349],[5.2871999,43.2622995],[5.2871885,43.262241],[5.2872445,43.2622449],[5.2872641,43.2621863],[5.2872445,43.262152],[5.2873093,43.2621373],[5.2873842,43.2620355],[5.2873944,43.2619485],[5.2874835,43.2619146],[5.2875422,43.2618172],[5.2877442,43.2618155],[5.2879245,43.2617905],[5.2879791,43.2616739],[5.2880703,43.26164],[5.2879852,43.2616149],[5.2880055,43.2615309],[5.2880879,43.2614505],[5.2879872,43.261407],[5.2880358,43.2613362],[5.2879791,43.2612609],[5.2878212,43.2612064],[5.2873971,43.2612343],[5.2872669,43.2611866],[5.2873067,43.2611149],[5.2874154,43.2610453],[5.2877665,43.2611282],[5.2878839,43.2611872],[5.2882014,43.2612361],[5.2883012,43.2613185],[5.2885118,43.2613465],[5.2886592,43.261283],[5.2887852,43.2612786],[5.2889655,43.2612462],[5.289006,43.2611798],[5.2890992,43.2611607],[5.2890789,43.2610397],[5.2892193,43.260907],[5.2892713,43.2607698],[5.2892693,43.2606901],[5.2891741,43.2606488],[5.2891478,43.2605323],[5.2891033,43.2604907],[5.2892308,43.2604541],[5.2895569,43.2605648],[5.2897878,43.2607196],[5.28996,43.2608037],[5.2901058,43.2608037],[5.2902291,43.2608601],[5.2902374,43.2609099],[5.2901949,43.2609763],[5.2900714,43.2610294],[5.2900916,43.2610957],[5.2902212,43.2611666],[5.2903783,43.2612767],[5.2903691,43.2613052],[5.2903083,43.2613391],[5.2900673,43.2613848],[5.2900572,43.2614379],[5.2900065,43.261494],[5.2898992,43.2615176],[5.2898465,43.261581],[5.2899789,43.2616748],[5.2899681,43.2617226],[5.2898708,43.2617654],[5.2898506,43.2618318],[5.2897959,43.261904],[5.2898607,43.2619424],[5.2898384,43.261994],[5.2898749,43.262025],[5.2898688,43.2620515],[5.2897939,43.262081],[5.2897854,43.2621108],[5.2896608,43.2622252],[5.2897229,43.2622191],[5.2897523,43.2622606],[5.2898093,43.2622806],[5.2897964,43.262302],[5.2898717,43.2623194],[5.2898735,43.2623355],[5.2898038,43.2624117],[5.2897046,43.2624398],[5.2896568,43.2624345],[5.2896238,43.2624826],[5.2894584,43.2625401],[5.2894676,43.2625816],[5.289396,43.2626083],[5.2894438,43.2626257],[5.2896513,43.2625575],[5.289666,43.2625803],[5.2897082,43.2625789],[5.2897578,43.2625107],[5.2897211,43.262488],[5.2898001,43.2624679],[5.2898662,43.2624264],[5.2898901,43.2624612],[5.2898644,43.2625013],[5.2898735,43.2625548],[5.2899489,43.2626097],[5.2899874,43.2626177],[5.2899801,43.2625843],[5.2900462,43.2625669],[5.2900664,43.2625923],[5.2900793,43.2626445],[5.2901362,43.2626578],[5.2901693,43.2626271],[5.2901417,43.2625535],[5.2900664,43.2625134],[5.2900554,43.2624585],[5.2899893,43.2624773],[5.2899103,43.2624626],[5.2899195,43.2624278],[5.2899893,43.262381],[5.2900407,43.262377],[5.2901233,43.2623328],[5.2900286,43.2623426],[5.2900021,43.2623279],[5.2900961,43.2622941],[5.2901766,43.2623061],[5.2902446,43.262274],[5.2902593,43.2622378],[5.2903952,43.2622392],[5.2904503,43.2622017],[5.2904558,43.2621723],[5.2909594,43.2621469],[5.2910137,43.2621904],[5.29101,43.2622613],[5.2909402,43.2623362],[5.2909384,43.2624165],[5.2908869,43.2624499],[5.2908833,43.2625034],[5.2909384,43.2624994],[5.2909696,43.2625328],[5.2909457,43.2625556],[5.2908447,43.2625649],[5.2908502,43.2625903],[5.2909255,43.262589],[5.2909641,43.2626385],[5.2908759,43.2626853],[5.2908649,43.2627147],[5.2909255,43.2627054],[5.2909824,43.2627388],[5.2910669,43.2627134],[5.2911126,43.2626957],[5.2911032,43.2626506],[5.291297,43.2626039],[5.2913866,43.2625954],[5.2913697,43.2625538],[5.29141,43.2624621],[5.2914477,43.262464],[5.2915243,43.2625131],[5.2916191,43.2625027],[5.2917685,43.2625396],[5.2918308,43.2624734],[5.2918165,43.2624101],[5.2919043,43.2623992],[5.2919113,43.2624952],[5.2918775,43.2625217],[5.2918126,43.2625453],[5.2918269,43.2626058],[5.2917347,43.2626862],[5.2917633,43.2627704],[5.2917568,43.2628376],[5.2918295,43.2628877],[5.2919516,43.2629416],[5.2919321,43.2629946],[5.2918477,43.2630116],[5.2918785,43.2630587],[5.2919373,43.2630797],[5.2919321,43.2630997],[5.2919067,43.2631145],[5.2918529,43.2631232],[5.2918145,43.2632154],[5.2918678,43.2632649],[5.2918872,43.263266],[5.2918843,43.263299],[5.2918476,43.263307],[5.2917925,43.2633766],[5.2917402,43.2634033],[5.2917594,43.2634181],[5.2918733,43.2634074],[5.2919844,43.2634187],[5.2919927,43.2634649],[5.2920432,43.263497],[5.2921589,43.2634542],[5.2922701,43.2634388],[5.2922719,43.2635097],[5.2923114,43.2634863],[5.292406,43.2635244],[5.2925822,43.2634489],[5.2926183,43.2635617],[5.2926103,43.2636447],[5.2925734,43.2636879],[5.292522,43.2636587],[5.2924049,43.2637288],[5.2924289,43.2637592],[5.2924081,43.2638036],[5.2923776,43.2638258],[5.2923407,43.2638281],[5.292315,43.2638854],[5.2923728,43.2639216],[5.292376,43.2639754],[5.2924642,43.2640291],[5.2924354,43.2640467],[5.2923343,43.2640362],[5.2922444,43.2640595],[5.2921802,43.2641215],[5.2921962,43.2641776],[5.2920871,43.2642956],[5.2919786,43.2643291],[5.2920358,43.264444],[5.2921,43.264437],[5.292124,43.2644966],[5.2921898,43.2645024],[5.2921946,43.2645387],[5.2921561,43.2645854],[5.2920181,43.2646579],[5.2920069,43.2647163],[5.2920692,43.2647237],[5.2920165,43.2648227],[5.2920293,43.2648565],[5.2920759,43.2648554],[5.2921561,43.2647747],[5.2922829,43.2647514],[5.292411,43.2646528],[5.2925573,43.2646637],[5.2926424,43.2646976],[5.2929537,43.2646555],[5.2930799,43.2648262],[5.2933198,43.2648455],[5.2935443,43.2647525],[5.2936037,43.2647829],[5.293639,43.2647619],[5.2936422,43.2647123],[5.2935892,43.264659],[5.2936245,43.264624],[5.2935587,43.2646088],[5.2935672,43.2645721],[5.2936711,43.2645176],[5.2938284,43.2644756],[5.2940065,43.2645024],[5.2940755,43.2645691],[5.2943098,43.2645756],[5.2943419,43.2646041],[5.2941413,43.2646859],[5.2941461,43.2647712],[5.2940835,43.2648437],[5.2943018,43.2649792],[5.2943098,43.2650307],[5.294252,43.2651148],[5.2941108,43.2652025],[5.2940996,43.2652971],[5.2941477,43.265338],[5.2942691,43.2653659],[5.2942633,43.2654105],[5.2942103,43.2654607],[5.2942761,43.2654397],[5.2943531,43.2654432],[5.2944205,43.2653859],[5.2945826,43.2653929],[5.2946324,43.2654759],[5.2946725,43.2654993],[5.2947511,43.2654642],[5.2948394,43.2653824],[5.2949044,43.2653774],[5.2950173,43.265337],[5.2950399,43.2653826],[5.2951005,43.2654258],[5.2950744,43.265463],[5.2950937,43.2654703],[5.2951314,43.2654501],[5.2951766,43.2654682],[5.2951895,43.2654917],[5.2952189,43.2654978],[5.295229,43.2655272],[5.2952562,43.2655427],[5.2953744,43.265526],[5.2954424,43.2655511],[5.2955273,43.2655529],[5.2955189,43.2655162],[5.2955651,43.2654831],[5.2955618,43.2654171],[5.295602,43.2653938],[5.2956567,43.2653981],[5.2956995,43.2654172],[5.2957541,43.2654059],[5.2957339,43.2653704],[5.2957618,43.2653565],[5.2957945,43.2653575],[5.2958399,43.2653754],[5.2958769,43.2654128],[5.2959307,43.2654415],[5.2959275,43.2654664],[5.2958544,43.265479],[5.2958229,43.2655202],[5.2957758,43.2655282],[5.2957349,43.2655808],[5.2957531,43.2655944],[5.2957616,43.2656289],[5.2957255,43.2656712],[5.295716,43.2657136],[5.2957601,43.2657571],[5.2957585,43.26582],[5.2957082,43.2658521],[5.2957264,43.2658834],[5.2957275,43.2659236],[5.2957397,43.2659397],[5.2957349,43.2659917],[5.2957136,43.2659942],[5.2957064,43.2660217],[5.2956864,43.2660213],[5.2956842,43.2660039],[5.295662,43.2659991],[5.2956731,43.2660412],[5.2956575,43.2660646],[5.295667,43.2660832],[5.2956586,43.2661051],[5.2956297,43.2661302],[5.2956075,43.26611],[5.2956086,43.2661375],[5.2956019,43.266152],[5.2955842,43.2661399],[5.2955708,43.2661561],[5.295593,43.2661771],[5.2955975,43.2662063],[5.295573,43.2662144],[5.2955608,43.2662451],[5.2955764,43.2662597],[5.2955664,43.2662807],[5.2955842,43.2662977],[5.2956364,43.2662791],[5.2956742,43.2662831],[5.2957086,43.2663018],[5.2957964,43.2662856],[5.2958109,43.2663034],[5.2957953,43.2663104],[5.2958114,43.2663185],[5.2958269,43.2663521],[5.2959236,43.2663707],[5.2959914,43.2663994],[5.2959997,43.266414],[5.2960903,43.2663877],[5.2960931,43.2663723],[5.2961242,43.2663622],[5.296112,43.2663339],[5.2961181,43.2663241],[5.2961515,43.2663209],[5.2961648,43.2663274],[5.2961703,43.2663379],[5.296132,43.2663484],[5.2961298,43.2663614],[5.2961731,43.2663533],[5.2962009,43.2663638],[5.2962298,43.2663533],[5.2962487,43.2663266],[5.2962999,43.266324],[5.2963109,43.2663383],[5.2962848,43.266348],[5.2962876,43.2663707],[5.2962798,43.2663816],[5.2962548,43.266395],[5.2962548,43.2664136],[5.2962687,43.2664326],[5.2962576,43.2664488],[5.2962437,43.2664504],[5.296197,43.2664888],[5.2961659,43.2665321],[5.2961653,43.2665685],[5.2962231,43.2666025],[5.2962092,43.2666167],[5.2962298,43.26663],[5.2962515,43.2666264],[5.2962687,43.2666406],[5.2962654,43.2666483],[5.296252,43.2666414],[5.2962465,43.2666616],[5.2962281,43.2666899],[5.2962092,43.2666932],[5.2962354,43.2667138],[5.2962326,43.266728],[5.2962198,43.2667292],[5.2961937,43.266709],[5.2961742,43.2667268],[5.2962031,43.2667757],[5.2962281,43.2667988],[5.2962554,43.2668069],[5.2962559,43.2668421],[5.2963109,43.2668595],[5.2963305,43.2668613],[5.2963243,43.2668753],[5.2962809,43.2668757],[5.2962226,43.266834],[5.2962231,43.2668542],[5.2961981,43.2668676],[5.2961798,43.2668878],[5.2961559,43.2668922],[5.296172,43.2669153],[5.2961431,43.266938],[5.2961431,43.2669529],[5.2961648,43.2669562],[5.2962426,43.2669372],[5.2962454,43.266925],[5.2962565,43.2669186],[5.296282,43.2669242],[5.2962804,43.2669384],[5.2963037,43.2669643],[5.2963437,43.2669732],[5.2963526,43.2669825],[5.2963804,43.2669813],[5.2964071,43.2669861],[5.2964326,43.267008],[5.2964248,43.2670205],[5.2964398,43.2670294],[5.2964696,43.2670586],[5.2964684,43.267075],[5.2964573,43.2670799],[5.2964479,43.2671021],[5.2964329,43.2671082],[5.2963768,43.2671163],[5.2963929,43.2671312],[5.2964107,43.2671357],[5.2964651,43.2671466],[5.2964668,43.267162],[5.2965368,43.2671729],[5.2965979,43.2671875],[5.2966196,43.2671733],[5.2966024,43.2671592],[5.2966213,43.2671422],[5.2966218,43.2671256],[5.2966357,43.2671045],[5.2966552,43.2670928],[5.2966546,43.2670746],[5.296649,43.2670681],[5.2966613,43.2670434],[5.2966857,43.2670313],[5.2967279,43.267041],[5.2967613,43.266986],[5.296758,43.2669536],[5.2968062,43.2669377],[5.2968729,43.2669725],[5.2969184,43.2669709],[5.2970296,43.2669247],[5.2970551,43.2668964],[5.2971215,43.2668783],[5.2971685,43.2668705],[5.2972452,43.266966],[5.297223,43.2669927],[5.2972241,43.2670623],[5.2972052,43.2670858],[5.2972285,43.2670939],[5.2972218,43.2671263],[5.2971829,43.2671618],[5.2972141,43.2671845],[5.2972218,43.2672096],[5.2972741,43.2672242],[5.2973019,43.2672533],[5.2973274,43.2673011],[5.2973085,43.2673245],[5.2973419,43.2673504],[5.2974241,43.2673561],[5.2974652,43.2673836],[5.2975264,43.2674694],[5.2974258,43.2675126],[5.297457,43.2675611],[5.297497,43.2675255],[5.2975414,43.267553],[5.2975103,43.2675757],[5.297577,43.2675967],[5.2976509,43.2676555],[5.2976303,43.2676938],[5.2976859,43.2676679],[5.2977281,43.2676858],[5.2977526,43.2676307],[5.2977148,43.2675886],[5.2978435,43.2675564],[5.2978415,43.2674753],[5.2980807,43.2673348],[5.2982083,43.2673119],[5.2983139,43.2673664],[5.2983616,43.2673718],[5.2984816,43.2672714],[5.2984883,43.2671792],[5.2986048,43.2670251],[5.2986817,43.2669849],[5.2987573,43.2669882],[5.2988214,43.2669115],[5.2987861,43.2668797],[5.2988795,43.2668668]]}},{"type":"Feature","properties":{},"geometry":{"type":"LineString","coordinates":[[5.514975,43.2058294],[5.514992,43.2058541],[5.5150109,43.2058911],[5.5149943,43.2059133],[5.5150069,43.205949],[5.5150294,43.2059881],[5.5150381,43.2060408],[5.5150423,43.2060828],[5.5151168,43.2061881],[5.5151329,43.2062292],[5.5151427,43.2062674],[5.5151822,43.2063817],[5.5151918,43.2064893],[5.51521,43.2066042]]}},{"type":"Feature","properties":{},"geometry":{"type":"LineString","coordinates":[[5.3457878,43.2821526],[5.3457695,43.2821142],[5.3457657,43.2820828],[5.3457894,43.2820589],[5.3457799,43.2820375],[5.3457465,43.2820337],[5.345705,43.2820427],[5.3456584,43.2820482],[5.3456304,43.2820263],[5.3456094,43.2819962],[5.3455676,43.2819665],[5.3455512,43.2819273],[5.3455633,43.281891],[5.345615,43.2818917],[5.345676,43.2819066],[5.3457132,43.281912],[5.3457489,43.2819122],[5.3457876,43.2819239],[5.3457986,43.2819516],[5.3458387,43.2819705],[5.3458735,43.2819455],[5.3458638,43.281889],[5.3458682,43.2818466],[5.3458889,43.2818101],[5.3458887,43.2817741],[5.3458868,43.2817274],[5.3458901,43.2816877],[5.3458906,43.28164],[5.3459146,43.2815945],[5.3459526,43.2815595],[5.345993,43.2815523],[5.3459886,43.2815956],[5.3460184,43.2816318],[5.3460749,43.2816297],[5.346111,43.2816073],[5.3461306,43.2815745],[5.3461305,43.2815486],[5.3461305,43.281543],[5.3461277,43.2815026],[5.3461376,43.2814754],[5.346178,43.2814673],[5.3462144,43.2814548],[5.3462107,43.2814234],[5.3461775,43.2813962],[5.3461788,43.2813674],[5.3462064,43.2813488],[5.3462012,43.2813111],[5.3461792,43.2812855],[5.3461005,43.281289],[5.3460292,43.2812932],[5.3460002,43.281275],[5.3459447,43.2812735],[5.3459299,43.2812441],[5.3459571,43.2811859],[5.3459611,43.2811318],[5.3459844,43.2810989],[5.3460155,43.2810757],[5.346015,43.2810352],[5.346032,43.2809971],[5.3461006,43.2809587],[5.3461588,43.2809349],[5.3461976,43.2809503],[5.3461892,43.2809874],[5.3461448,43.2810153],[5.3461694,43.2810436],[5.3462483,43.2810464],[5.3463199,43.2810493],[5.3463686,43.2810672],[5.3464086,43.2810798],[5.3464432,43.2810538],[5.3464641,43.2810219],[5.3465073,43.2809949],[5.3465161,43.2809074],[5.3465186,43.2808776],[5.3465606,43.2808525],[5.3465897,43.2808411],[5.3466345,43.2808561],[5.3466763,43.2808778],[5.3467177,43.2808976],[5.3467681,43.2809244],[5.3468241,43.2809691],[5.3469851,43.280983],[5.3470093,43.2809674],[5.3470572,43.2809321],[5.3470929,43.2809068],[5.3470479,43.2808382],[5.347048,43.2807815],[5.3470998,43.2807831],[5.3471662,43.2808096],[5.3472344,43.2808216],[5.3472764,43.2807937],[5.3473117,43.2807821],[5.3473275,43.2807475],[5.3473279,43.2807268],[5.3473403,43.2806681],[5.3473304,43.2806377],[5.3473278,43.2805721],[5.3473734,43.2805441],[5.3474158,43.2805614],[5.3474517,43.2805442],[5.3474827,43.2805542],[5.3474859,43.2805359],[5.3474698,43.2805204],[5.3474481,43.2804731],[5.347456,43.2804588],[5.347478,43.2804531],[5.3474894,43.2804463],[5.3474754,43.2804249],[5.3474946,43.2804072],[5.3475022,43.2803793],[5.3475573,43.2803711],[5.3476162,43.2804073],[5.3476399,43.2804384],[5.3476805,43.2804627],[5.3476997,43.2804764],[5.3477282,43.2804833],[5.3477589,43.2804924],[5.3477703,43.2804857],[5.3477695,43.2804689],[5.3477477,43.2804281],[5.3477382,43.2804213],[5.3477249,43.2803921],[5.347737,43.2803805],[5.3477355,43.2803598],[5.3477755,43.2803579],[5.3477923,43.2803482],[5.3478397,43.2803439],[5.3478639,43.280339],[5.347882,43.2803532],[5.34789,43.2803396],[5.3478918,43.280325],[5.3479264,43.2803205],[5.3479406,43.2803144],[5.3479555,43.2802936],[5.347988,43.2802893],[5.3480156,43.2802857],[5.3480835,43.2803099],[5.348098,43.2803309],[5.3480918,43.2803464],[5.348121,43.2803586],[5.3481406,43.2803808],[5.348128,43.2803933],[5.3481544,43.2804036],[5.3481867,43.2804229],[5.3482326,43.2804148],[5.3482888,43.2804228],[5.3482771,43.2803919],[5.3482716,43.2803756],[5.3482577,43.2803602],[5.3482314,43.2803509],[5.3482137,43.2803377],[5.3482434,43.280311],[5.3482797,43.2803255],[5.3482876,43.2803445],[5.3483109,43.2803338],[5.3483568,43.2803112],[5.3483281,43.2802722],[5.3483288,43.280229],[5.3483721,43.2802038],[5.3484244,43.2801882],[5.3484617,43.2801361],[5.3484989,43.2801101],[5.3485773,43.2801003],[5.3486425,43.2801286],[5.3486782,43.2801593],[5.3486573,43.2801904],[5.3486509,43.2802148],[5.3486738,43.280262],[5.3486797,43.2802853],[5.3486902,43.2803022],[5.3487149,43.2803025],[5.3487507,43.2803044],[5.3487794,43.2803146],[5.3488059,43.2803311],[5.3488492,43.2803644],[5.348897,43.2803886],[5.3489411,43.2804146],[5.3489798,43.2804264],[5.3490379,43.2804309],[5.3490834,43.2804295],[5.3490909,43.2804005],[5.3491074,43.2803534],[5.3491553,43.2803505],[5.3492107,43.2803493],[5.3492374,43.2803083],[5.3492107,43.2802881],[5.3491791,43.280269],[5.3492247,43.2802401],[5.3492485,43.280218],[5.3492802,43.2801804],[5.3492937,43.2801495],[5.3492638,43.2801106],[5.349253,43.2800559],[5.3492796,43.2799852],[5.3492689,43.2799341],[5.3492175,43.2798812],[5.3492307,43.2798125],[5.3492849,43.2797817],[5.3493488,43.2798082],[5.3493742,43.279858],[5.349382,43.2798974],[5.349443,43.2799141],[5.349522,43.2799178],[5.3495899,43.2799208],[5.349663,43.2799606],[5.3497118,43.28001],[5.3497657,43.280034],[5.3498068,43.2800745],[5.3498118,43.2801365],[5.3497861,43.2802036],[5.3497658,43.2802405],[5.3498879,43.2802476],[5.3500171,43.2802351],[5.3500312,43.280201],[5.3500208,43.2801283],[5.350001,43.2800658],[5.3499724,43.2799971],[5.3499526,43.2799336],[5.3499419,43.2798835],[5.3499599,43.2798417],[5.350024,43.2798133],[5.3500729,43.2797726],[5.3501653,43.2797445],[5.3502687,43.2797423],[5.350358,43.2797565],[5.3504068,43.2797762],[5.3503983,43.2798393],[5.3503801,43.2799063],[5.3503606,43.2799716],[5.3503447,43.2799987],[5.3503315,43.2800169],[5.3503143,43.2800431],[5.3502869,43.2800845],[5.3502518,43.2801434],[5.3502656,43.2801649],[5.3502537,43.2802304],[5.3501876,43.280235],[5.3501495,43.2802893],[5.3501898,43.2803182],[5.3501763,43.2803829],[5.3501993,43.2804263],[5.3502535,43.2805025],[5.3502891,43.28052],[5.3503099,43.2805209],[5.3503865,43.2804906],[5.3504435,43.2804881],[5.3505235,43.2804832],[5.3506006,43.2804927],[5.3507098,43.2804103],[5.350728,43.2803661],[5.3507671,43.280344],[5.3507969,43.2803724],[5.3508209,43.28036],[5.3508139,43.2803361],[5.3508281,43.2803092],[5.3508086,43.2803014],[5.3508751,43.2802183],[5.3509053,43.2802255],[5.3509473,43.280199],[5.3509942,43.2801998],[5.3510277,43.2802156],[5.3510732,43.2802375],[5.3510816,43.2802916],[5.3511045,43.2803288],[5.3511237,43.2803463],[5.3511626,43.2803399],[5.3511921,43.280316],[5.3512222,43.2803121],[5.3512377,43.2803224],[5.3512658,43.2803219],[5.3512646,43.2802843],[5.3512645,43.2802804],[5.3512873,43.2802613],[5.3513576,43.2802645],[5.3513617,43.2802647],[5.3513731,43.2802467],[5.3513054,43.2801585],[5.3513146,43.2801273],[5.3513373,43.2800964],[5.3513746,43.2800723],[5.351359,43.2800192],[5.3513369,43.2800172],[5.3513215,43.2799948],[5.3513483,43.2799538],[5.3513617,43.2799172],[5.3514082,43.2798714],[5.3514495,43.279862],[5.351473,43.2798659],[5.3515025,43.279862],[5.3515045,43.2798425],[5.3515404,43.2798261],[5.3515919,43.2797862],[5.351691,43.2798034],[5.3517171,43.279819],[5.3517852,43.2798326],[5.3518237,43.2798483],[5.3518675,43.2798519],[5.3519229,43.2798908],[5.3519789,43.2798924],[5.35201,43.2798494],[5.3520396,43.2798444],[5.3520596,43.2798295],[5.3520651,43.2798098],[5.3521173,43.2797754],[5.3521212,43.279747],[5.3521554,43.2797591],[5.352194,43.2797736],[5.3522721,43.2798021],[5.3522851,43.2798337],[5.3523119,43.2798381],[5.3523353,43.2798396],[5.3523275,43.2798221],[5.3523559,43.2798078],[5.3524064,43.2798308],[5.3524662,43.2798412],[5.3525565,43.2798734],[5.3525955,43.2799094],[5.3526095,43.2799491],[5.3526597,43.2800145],[5.352663,43.2800429],[5.3527162,43.2801009],[5.3527588,43.2801515],[5.352798,43.2802056],[5.3528798,43.2802603],[5.3528551,43.2802987],[5.3528162,43.2802907],[5.3527762,43.2802763],[5.3527377,43.2802535],[5.3527095,43.2802175],[5.3526744,43.2802364],[5.352682,43.2802535],[5.3526949,43.2802962],[5.3527178,43.2803531],[5.3527001,43.280378],[5.3527263,43.2804124],[5.3527521,43.2804678],[5.352801,43.2804888],[5.3528775,43.2805163],[5.3530883,43.2805286],[5.3531633,43.2805243],[5.3532129,43.2805034],[5.353213,43.2804838],[5.3531682,43.2804108],[5.3531788,43.2803626],[5.3530901,43.2803188],[5.3531101,43.2802748],[5.3532116,43.280287],[5.3532687,43.2802418],[5.3533182,43.280185],[5.3534111,43.2801397],[5.3534597,43.2801172],[5.3534415,43.2800683],[5.3534163,43.2800443],[5.3534388,43.2800113],[5.3533972,43.2800014],[5.353375,43.279977],[5.3533462,43.2799419],[5.3533561,43.2798926],[5.3533904,43.2798827],[5.3534144,43.2798946],[5.3534491,43.2798712],[5.3535086,43.2798043],[5.3534988,43.2797751],[5.3535048,43.2797193],[5.3534522,43.2796724],[5.3534113,43.2796547],[5.3533817,43.27961],[5.3533212,43.2795754],[5.3532717,43.2793823],[5.3531837,43.2793661],[5.3531174,43.2792573],[5.3531921,43.2791819],[5.3531269,43.2790119],[5.3530949,43.2789618],[5.3531179,43.2788825],[5.3531912,43.2788554],[5.3532821,43.2787972],[5.3533871,43.2787765],[5.3534864,43.2787302],[5.3536002,43.2786331],[5.3536821,43.2785963],[5.353749,43.2785864],[5.3538758,43.2786686],[5.3538831,43.2787085],[5.3539021,43.2787256],[5.3538621,43.2787389],[5.353865,43.2787483],[5.353919,43.2787391],[5.3539687,43.2787889],[5.3539923,43.2787829],[5.3539723,43.2787454],[5.3540042,43.278753],[5.3540268,43.2787812],[5.3540802,43.278757],[5.3541207,43.2787642],[5.3541941,43.2788238],[5.3542731,43.2788922],[5.3543591,43.2788379],[5.3542846,43.2787685],[5.354197,43.2787187],[5.3541594,43.2786796],[5.3541292,43.2786202],[5.3541268,43.2785723],[5.3541409,43.2785715],[5.3542039,43.278627],[5.3542097,43.2786084],[5.3541814,43.2785751],[5.3541734,43.278524],[5.3542001,43.2784975],[5.3542451,43.2784607],[5.3543267,43.2784038],[5.3544518,43.278367],[5.3544862,43.2783424],[5.3544739,43.2783124],[5.3545535,43.2782588],[5.3546679,43.2781505],[5.3548185,43.2780705],[5.3548722,43.2781075]]}},{"type":"Feature","properties":{},"geometry":{"type":"LineString","coordinates":[[5.302989,43.2787706],[5.3030398,43.2786011],[5.3035582,43.2764514],[5.3034818,43.2761529]]}},{"type":"Feature","properties":{},"geometry":{"type":"LineString","coordinates":[[5.5450943,43.2106516],[5.5452927,43.2105593],[5.5455686,43.2104067],[5.5457697,43.2102928],[5.545954,43.2101471],[5.5460138,43.2099989],[5.5460373,43.2097668],[5.5459993,43.2095718],[5.545953,43.2095064],[5.5458047,43.2093166],[5.5456024,43.2090981],[5.5454388,43.2089047],[5.5453141,43.2087435],[5.5452219,43.2085167],[5.5452142,43.2083452],[5.5452748,43.2082121],[5.5454423,43.208089],[5.5455202,43.2079706],[5.545624,43.2079484],[5.5456878,43.2079527],[5.5459465,43.2079595],[5.5460669,43.2081703],[5.5461937,43.2083192],[5.5463612,43.2083781],[5.5464533,43.2083957],[5.5465876,43.2084525],[5.5471691,43.2088129],[5.5473873,43.2088632],[5.5476179,43.208887],[5.5480048,43.2088404],[5.5485035,43.2086571],[5.5490514,43.2083529],[5.5494721,43.2080464],[5.5497037,43.2078356],[5.5499989,43.2074205],[5.5499689,43.2072713],[5.5499104,43.2071117],[5.5498588,43.2070767],[5.5498348,43.2069885],[5.549731,43.206855],[5.5496261,43.2067802],[5.54956,43.2067063],[5.5494639,43.2066141],[5.5493345,43.206545],[5.5492789,43.2064344],[5.549252,43.2062937],[5.5492138,43.2062503],[5.5492216,43.206138],[5.5491321,43.2060405],[5.5490332,43.205921]]}},{"type":"Feature","properties":{},"geometry":{"type":"LineString","coordinates":[[5.5490332,43.205921],[5.548876,43.2058802],[5.5486435,43.2058675],[5.5485993,43.2058677],[5.5485715,43.2058372],[5.5485637,43.2057704]]}},{"type":"Feature","properties":{},"geometry":{"type":"LineString","coordinates":[[5.5212868,43.2066466],[5.5212912,43.2066842],[5.5213389,43.206642],[5.5214449,43.206647],[5.5215302,43.206513],[5.5219232,43.2063373]]}},{"type":"Feature","properties":{},"geometry":{"type":"LineString","coordinates":[[5.3021489,43.2831694],[5.302099,43.2831766],[5.3021005,43.2831511],[5.3021118,43.2830767],[5.3021785,43.2830788],[5.3022285,43.2830883],[5.3022204,43.2831276],[5.3021961,43.2831495],[5.3021489,43.2831694]]}},{"type":"Feature","properties":{},"geometry":{"type":"LineString","coordinates":[[5.6058906,43.1660789],[5.6059039,43.1662322],[5.6059776,43.1663619],[5.606109,43.166492],[5.6062111,43.1665454],[5.606337,43.166581],[5.6065029,43.1666219],[5.6067694,43.1664231],[5.6068793,43.1664258],[5.6068405,43.1664828],[5.6070197,43.1665475],[5.6071288,43.1665136],[5.6077904,43.1667033],[5.609095,43.1661524],[5.6100391,43.1655139],[5.610434,43.1654763]]}},{"type":"Feature","properties":{},"geometry":{"type":"LineString","coordinates":[[5.3239593,43.2863591],[5.3239062,43.2863503],[5.3239062,43.2863714],[5.3238773,43.2863937],[5.3238512,43.2863808],[5.3238121,43.2863829],[5.3238223,43.2864202],[5.3237916,43.2864351],[5.3237301,43.2863822],[5.3236984,43.2864188],[5.3236686,43.286427],[5.3237264,43.2864771],[5.3237208,43.2865022],[5.3236528,43.2864798],[5.3236099,43.2864534],[5.323555,43.2864778],[5.3234562,43.2864676],[5.3234227,43.28649],[5.3234041,43.2865171],[5.3234242,43.2865459],[5.3233966,43.2865558],[5.3233547,43.286549],[5.3233053,43.2865131],[5.3232867,43.2864609],[5.3232634,43.2864649],[5.3232289,43.2864337],[5.3232317,43.2864019],[5.3231995,43.286373],[5.3231665,43.2863917],[5.3231377,43.28645],[5.323133,43.2864724],[5.3230948,43.2864767],[5.3230892,43.2864568],[5.323052,43.2864446],[5.3230529,43.2865063],[5.3230147,43.2864934],[5.3229837,43.2864421],[5.3229996,43.2863858],[5.3229678,43.2863726],[5.3229473,43.2864123],[5.322895,43.2864222],[5.3228078,43.2863672],[5.3228495,43.2863096],[5.322795,43.2863047],[5.3228023,43.2862011],[5.3227677,43.2862451],[5.3225383,43.286268],[5.3224132,43.2863234],[5.322308,43.2863239],[5.3222227,43.2863694],[5.3221524,43.286324],[5.3221545,43.2862142],[5.3221094,43.2861863],[5.3219782,43.2862908],[5.3218958,43.286297],[5.3218986,43.2863694],[5.3218503,43.2864108],[5.3217894,43.2863778],[5.3217878,43.2862535],[5.3217195,43.2862308],[5.3215574,43.286198],[5.3214352,43.2862308],[5.3212959,43.2862442],[5.3212134,43.2862403],[5.3211443,43.2862721],[5.3210784,43.2862807],[5.3210108,43.2862658],[5.3209763,43.2862341],[5.3209744,43.2862195],[5.3209691,43.2861776],[5.3209668,43.2860912],[5.3209654,43.2860556],[5.3209644,43.2860319],[5.3209356,43.2859884],[5.3208557,43.2859937],[5.3208171,43.2860449],[5.3208181,43.2860987],[5.3208214,43.2861519],[5.320827,43.2861734],[5.3208346,43.286203],[5.3208083,43.2862242],[5.320727,43.2862251],[5.3206377,43.286209],[5.3205992,43.2861387],[5.3206099,43.2860989],[5.3205876,43.286067],[5.3205337,43.2860438],[5.3204554,43.2860572],[5.3203945,43.2860644],[5.3203721,43.2860671],[5.3203165,43.2860709],[5.3202968,43.2860722],[5.3202554,43.286075],[5.3201437,43.2860847],[5.3200638,43.2860899],[5.3199979,43.2861363],[5.3199311,43.2861909],[5.319866,43.2862256],[5.3197872,43.2862281],[5.3197439,43.2861913],[5.3197376,43.2861284],[5.3197405,43.2860771],[5.3197323,43.286064],[5.3197142,43.2860353],[5.3196419,43.2860441],[5.3195909,43.2860641],[5.3195946,43.2861069],[5.3195887,43.2861613],[5.31957,43.2861643],[5.3195272,43.286171],[5.319476,43.2861556],[5.3194564,43.2861489],[5.3194216,43.2861127],[5.3193743,43.2861084],[5.3192943,43.2861133],[5.3191831,43.2860957],[5.3191482,43.286073],[5.3191185,43.2860499],[5.3190667,43.2859871],[5.3190418,43.2859404],[5.3190334,43.2859248],[5.3189906,43.285872],[5.3189232,43.2858474],[5.3188347,43.2857923],[5.318762,43.2857309],[5.3187092,43.2856726],[5.3186991,43.2856071],[5.3186882,43.2855489],[5.3187137,43.2855314],[5.3187453,43.2855099],[5.3187589,43.2855006],[5.3188056,43.2854357],[5.3188592,43.2853895],[5.318892,43.2853149],[5.3188454,43.2852611],[5.3188556,43.2852096],[5.318926,43.2851514],[5.3190573,43.2851081],[5.3191602,43.2850636],[5.3191684,43.2850515],[5.3191974,43.2850088],[5.3191393,43.2849816],[5.3191221,43.2849735],[5.3190394,43.284969],[5.3190045,43.2849598],[5.3189472,43.284944],[5.3188908,43.2849209],[5.3188573,43.2848847],[5.3188845,43.2848247],[5.3189311,43.2847589],[5.3189546,43.2847503],[5.318927,43.2847127],[5.3188818,43.2846958],[5.3188395,43.2846956],[5.3188174,43.2846955],[5.318759,43.2846938],[5.3187299,43.2847479],[5.3187263,43.2847936],[5.318767,43.2848719],[5.3187817,43.2849331],[5.3187566,43.2849822],[5.3187402,43.2849964],[5.3187256,43.285009],[5.3186645,43.285022],[5.3186285,43.2850291],[5.3185973,43.2850352],[5.3185329,43.2850148],[5.318468,43.2849758],[5.3183862,43.2849308],[5.3182895,43.2849407],[5.3183216,43.2849799],[5.3183531,43.2850203],[5.318363,43.2850387],[5.3183558,43.285058],[5.3183456,43.2850856],[5.318278,43.2851203],[5.3181773,43.2851585],[5.3180762,43.2852191],[5.3179867,43.2852291],[5.3179058,43.2851778],[5.3178225,43.2851283],[5.3177209,43.2851134],[5.3176511,43.2851248],[5.3175698,43.2851259],[5.3175281,43.2851265],[5.3174924,43.2851282],[5.3174215,43.2851344],[5.3173993,43.2851428],[5.3174309,43.2851768],[5.3174659,43.2852314],[5.3174674,43.2852449],[5.3174732,43.285296],[5.3174433,43.2853173],[5.3173534,43.2853192],[5.3173141,43.2853103],[5.3172664,43.2852995],[5.3171638,43.2852603],[5.3171142,43.28522],[5.3170714,43.2851678],[5.3170194,43.2851936],[5.3169826,43.2852255],[5.3169261,43.2852618],[5.3168783,43.2852786],[5.3168581,43.2852857],[5.31681,43.2853138],[5.3167985,43.2853456],[5.31679,43.2853691],[5.3167741,43.2854309],[5.3167022,43.2854432],[5.3166949,43.2854934],[5.3167123,43.2855671],[5.3167676,43.2855932],[5.3169049,43.2856492],[5.3169362,43.2856383],[5.316962,43.2856656],[5.3169863,43.2856853],[5.3170354,43.2857418],[5.3170996,43.2857764],[5.3172126,43.2857992],[5.3173219,43.2857906],[5.3174236,43.2857785],[5.3174675,43.2857668],[5.3174968,43.2857589],[5.3175989,43.2857864],[5.3176778,43.2858504],[5.317765,43.285935],[5.3177936,43.2860018],[5.3177686,43.286074],[5.3177335,43.2861012],[5.3177664,43.286123],[5.3177485,43.286158],[5.3176952,43.2861605],[5.3176471,43.286158],[5.3176422,43.2862202],[5.3176371,43.2862464],[5.3176619,43.2862635],[5.3176736,43.2862978],[5.3176344,43.2863328],[5.3175639,43.2863253],[5.3175019,43.2862862],[5.3174498,43.286245],[5.3174351,43.2862366],[5.3174132,43.2862242],[5.317398,43.2862317],[5.3173734,43.2862439],[5.3173316,43.286216],[5.317327,43.2861927],[5.317298,43.2861772],[5.3172338,43.2862055],[5.3171619,43.2862008],[5.3171386,43.286195],[5.3170985,43.2861787],[5.3170721,43.2861667],[5.3170295,43.2862081],[5.3169628,43.2862059],[5.3168657,43.2861892],[5.316838,43.2861636],[5.3168329,43.2861286],[5.316853,43.2860778],[5.3168939,43.2860229],[5.3169159,43.2859874],[5.31683,43.2859973],[5.3167712,43.2860355],[5.3167011,43.2860676],[5.3166153,43.2860928],[5.3165664,43.2861198],[5.3165562,43.2861612],[5.3165519,43.2861869],[5.3165299,43.2862479],[5.3165464,43.2862959],[5.31659,43.2863196],[5.3166068,43.2863288],[5.3166669,43.2863824],[5.3166748,43.2863995],[5.3167006,43.2864555],[5.3167464,43.286522],[5.3167448,43.2865751],[5.3167383,43.2866265],[5.3167901,43.2866578],[5.3168212,43.2866968],[5.3168329,43.2867424],[5.3169087,43.2867903],[5.3169464,43.2868399],[5.3169296,43.2869122],[5.3169068,43.2869568],[5.3168498,43.2869805],[5.3167629,43.2869646],[5.3166966,43.2869601],[5.316679,43.286959],[5.3166273,43.2869916],[5.3165448,43.2869916],[5.3164746,43.2869616],[5.3164013,43.2869478],[5.3162401,43.2869522],[5.3161055,43.2869434],[5.3160795,43.2869451],[5.3160428,43.2869474],[5.3159864,43.2869846],[5.3159287,43.2870201],[5.315855,43.2870549],[5.3157698,43.2870496],[5.3157432,43.2870319],[5.3156938,43.286999],[5.3156724,43.2869716],[5.3156523,43.2869459],[5.315624,43.2868862],[5.3155857,43.2868519],[5.3155042,43.2868474],[5.3154561,43.2868593],[5.3154285,43.2868661],[5.3153644,43.2868809],[5.3153133,43.2868812],[5.3152432,43.2868827],[5.3152127,43.2868833],[5.3150512,43.2868868],[5.3149613,43.2868878],[5.3148803,43.2868661],[5.3148175,43.2868666],[5.3147727,43.2868735],[5.3147371,43.286879],[5.3146547,43.2868917],[5.3145978,43.2869163],[5.3145163,43.2869126],[5.3144709,43.2868857],[5.3143926,43.2868982],[5.3143522,43.2868926],[5.3143133,43.2868873],[5.31425,43.2868751],[5.3141728,43.2868942],[5.3140905,43.2869236],[5.3140722,43.286925],[5.3139947,43.286931],[5.3139168,43.2869219],[5.3138738,43.286957],[5.313856,43.2869704],[5.3138309,43.2869894],[5.3137916,43.2870262],[5.3137496,43.2870541],[5.3136218,43.2870999],[5.3136041,43.2872031],[5.313581,43.2872168],[5.3135325,43.2872456],[5.3134499,43.2872595],[5.3133876,43.2872725],[5.3133405,43.2872978],[5.313298,43.2873743],[5.3132494,43.2874203],[5.3131772,43.2874327],[5.3130867,43.2874202],[5.3130154,43.287392],[5.3129678,43.2873492],[5.3129156,43.2873604],[5.3128839,43.2873706],[5.312827,43.2873603],[5.312767,43.2873819],[5.3127402,43.2873773],[5.312699,43.2873673],[5.312658,43.2873558],[5.3126088,43.2873413],[5.3125253,43.2873053],[5.3124684,43.2872391],[5.312392,43.2871759],[5.3123539,43.2871155],[5.3123816,43.2870384],[5.3123963,43.2869572],[5.3124007,43.2869327],[5.3124059,43.2868673],[5.3124073,43.2868498],[5.3124566,43.2867911],[5.3125241,43.2867825],[5.31255,43.286754],[5.3125155,43.2867233],[5.3125283,43.2866735],[5.3125639,43.286671],[5.3126225,43.2867192],[5.3126502,43.286733],[5.3126866,43.2867511],[5.3127371,43.2867317],[5.3127596,43.2866974],[5.3127392,43.2866483],[5.3126722,43.2866065],[5.312607,43.2865782],[5.3126288,43.2865373],[5.3126796,43.286519],[5.3127004,43.2865114],[5.3127231,43.2864615],[5.3127373,43.2863874],[5.312722,43.2863436],[5.3126872,43.2863221],[5.3126475,43.2862975],[5.3126086,43.2862694],[5.3125955,43.2862599],[5.3126244,43.2862125],[5.312669,43.2861566],[5.3126924,43.2860661],[5.3127078,43.2859884],[5.3127463,43.2859354],[5.3128205,43.2858816],[5.3128673,43.2858185],[5.3129329,43.2857955],[5.3130206,43.2858026],[5.3130845,43.2857671],[5.3131547,43.2857359],[5.3132327,43.2857144],[5.3132919,43.2857171],[5.3133265,43.2857187],[5.31335,43.285707],[5.3133663,43.2856989],[5.3133568,43.2856868],[5.3133339,43.2856573],[5.3133399,43.2855933],[5.3133943,43.2855364],[5.3134631,43.2855016],[5.3135214,43.2854814],[5.3135678,43.2854705],[5.3136343,43.2854691],[5.3136792,43.2854835],[5.3137383,43.2855137],[5.3137888,43.2855441],[5.3137928,43.2855128],[5.3137944,43.2854999],[5.3137679,43.2854528],[5.3137445,43.2854146],[5.3137336,43.2853968],[5.313735,43.2853392],[5.3137792,43.2853049],[5.31386,43.2852933],[5.3138992,43.2852556],[5.3139278,43.285235],[5.31397,43.2852182],[5.3140068,43.2852047],[5.3140827,43.2851625],[5.3141352,43.2851209],[5.3141647,43.2850888],[5.3141521,43.2850513],[5.3141428,43.2850029],[5.314171,43.2849619],[5.3141379,43.2849673],[5.3140829,43.2849825],[5.3140238,43.2850153],[5.3139713,43.2849966],[5.3138552,43.2849883],[5.3137466,43.2849843],[5.3136866,43.2849622],[5.3136482,43.2848956],[5.3135852,43.2848814],[5.3134841,43.2848586],[5.3134278,43.2848058],[5.3133559,43.2847317],[5.3133342,43.2846521],[5.3133859,43.2845907],[5.3133905,43.2845854],[5.3134036,43.2845703],[5.313413,43.2845595],[5.313384,43.2845554],[5.3133746,43.284554],[5.3133133,43.2845922],[5.3132874,43.2846186],[5.3132447,43.2846621],[5.313179,43.2846824],[5.3131064,43.2846237],[5.3130426,43.2845692],[5.3130326,43.2845642],[5.3129916,43.284544],[5.3129794,43.2845606],[5.3129475,43.2846235],[5.3129516,43.284726],[5.3129541,43.2848204],[5.3129626,43.284939],[5.3129647,43.2850218],[5.312952,43.2850356],[5.3129234,43.2850668],[5.3128433,43.2850055],[5.3127343,43.2849286],[5.3126857,43.284854],[5.3126952,43.2847846],[5.3126726,43.2847113],[5.3126066,43.2846317],[5.3125262,43.2845632],[5.3124619,43.2844656],[5.3123974,43.2843923],[5.3123243,43.2843209],[5.3122727,43.2842762],[5.3122503,43.2842568],[5.3121828,43.2842934],[5.3121527,43.2843723],[5.3121213,43.2844792],[5.3120778,43.2845935],[5.3120555,43.2846099],[5.3120299,43.2846287],[5.3119645,43.2845941],[5.311939,43.2845669],[5.3119066,43.2845324],[5.3118487,43.2845335],[5.3118261,43.284521],[5.3117706,43.2844903],[5.3116927,43.2844523],[5.3116212,43.2843917],[5.3116157,43.2843442],[5.3116129,43.2843047],[5.3115586,43.2843337],[5.3114962,43.2843419],[5.3114314,43.2843562],[5.3113547,43.2844101],[5.3112974,43.2844545],[5.3112902,43.2844674],[5.3112664,43.2845101],[5.3112032,43.2846021],[5.3112622,43.2846807],[5.3112725,43.2846935],[5.3111531,43.2847573],[5.3110854,43.2847893],[5.3109649,43.284827],[5.3108939,43.2848366],[5.3108423,43.2848395],[5.3107955,43.2848607],[5.3107222,43.2848862],[5.3106304,43.2849007],[5.3105331,43.2849028],[5.3104403,43.2849237],[5.3103812,43.2849538],[5.3101823,43.2850003],[5.3101183,43.2850017],[5.3100513,43.2849896],[5.3099873,43.2849919],[5.3099517,43.2850268],[5.3099318,43.2850304],[5.309871,43.2850412],[5.3098715,43.2850834],[5.3098711,43.285143],[5.3098473,43.2851569],[5.3097333,43.2851404],[5.3096873,43.2850982],[5.3096418,43.2850389],[5.3095366,43.284997],[5.3094831,43.2849753],[5.309444,43.2849594],[5.3093971,43.2848956],[5.3093755,43.2848484],[5.309338,43.2848051],[5.3093232,43.2847793],[5.3093089,43.2847544],[5.3092805,43.2847884],[5.3091972,43.2848882],[5.309122,43.2849474],[5.3090891,43.2849535],[5.3090533,43.2849542],[5.3090301,43.2849534],[5.3089828,43.2849486],[5.3089459,43.2849503],[5.3089103,43.2849519],[5.3088537,43.284954],[5.3088309,43.2849523],[5.3088055,43.2849503],[5.3087748,43.2849506],[5.3087213,43.2849703],[5.3087597,43.285037],[5.308765,43.2850765],[5.3087737,43.2851144],[5.3087738,43.285142],[5.3087745,43.2851609],[5.3087715,43.285179],[5.3087315,43.2851627],[5.3086428,43.2851628],[5.3086063,43.2851744],[5.308653,43.285204],[5.3087069,43.2852865],[5.3087059,43.285354],[5.3086609,43.2853694],[5.3086277,43.2853578],[5.3086075,43.2853332],[5.3085715,43.2852884],[5.3085031,43.2852423],[5.3084616,43.2852264],[5.3084318,43.285215],[5.3083156,43.2852373],[5.3082413,43.2852587],[5.308195,43.2852696],[5.3081671,43.2852828],[5.3081467,43.285296],[5.3081047,43.2853235],[5.3079955,43.2853956]]}},{"type":"Feature","properties":{},"geometry":{"type":"LineString","coordinates":[[4.8841498,43.4150094],[4.8841191,43.4150043],[4.8840974,43.4149891],[4.8840869,43.4149703],[4.8840876,43.4149495],[4.8841016,43.4149338],[4.8841386,43.4149211],[4.8841777,43.4149241],[4.8842085,43.4149409],[4.8842168,43.4149632],[4.8842147,43.4149825],[4.8841959,43.4150007],[4.8841665,43.4150089],[4.8841498,43.4150094]]}},{"type":"Feature","properties":{},"geometry":{"type":"LineString","coordinates":[[4.8853683,43.4143306],[4.8853209,43.4143321],[4.8852833,43.4143149],[4.8852636,43.4142775],[4.8852794,43.4142488],[4.8853149,43.4142331],[4.8853663,43.4142402],[4.8853959,43.4142661],[4.8854038,43.4143019],[4.8853683,43.4143306]]}},{"type":"Feature","properties":{},"geometry":{"type":"LineString","coordinates":[[5.2612836,43.3403429],[5.261269,43.3403212],[5.2612164,43.3403165],[5.261191,43.3403044],[5.2611835,43.3402819],[5.2612004,43.3402599],[5.2612905,43.3402504],[5.261305,43.3402665],[5.2613311,43.340274],[5.2613254,43.3402881],[5.2613099,43.3402879],[5.2613104,43.3403007],[5.2613348,43.3403162],[5.2613118,43.3403314],[5.2612836,43.3403429]]}},{"type":"Feature","properties":{},"geometry":{"type":"LineString","coordinates":[[5.2618493,43.3404675],[5.2617954,43.3404325],[5.2617455,43.3404541],[5.2617352,43.3404853],[5.2616947,43.3404572],[5.2617324,43.340409],[5.2617251,43.3403931],[5.2616922,43.3404265],[5.2616411,43.3404334],[5.2616354,43.3403728],[5.2616859,43.3403455],[5.2617221,43.3403168],[5.261816,43.3403138],[5.2618957,43.3403539],[5.2619069,43.3403801],[5.2620886,43.340496],[5.2620744,43.3405518],[5.262008,43.3405705],[5.2619184,43.34055],[5.2618686,43.3405049],[5.261859,43.340481],[5.2618304,43.3405113],[5.2618182,43.3405087],[5.261827,43.3404797],[5.2618493,43.3404675]]}},{"type":"Feature","properties":{},"geometry":{"type":"LineString","coordinates":[[4.9751345,43.4115205],[4.9754305,43.4111575],[4.9756285,43.4106249],[4.9757514,43.4101485],[4.9757422,43.4099868],[4.9758775,43.4098955],[4.9760304,43.4097104],[4.9760911,43.4095339],[4.9760331,43.409529],[4.9760922,43.4093713],[4.9763009,43.4091513],[4.9763944,43.4089533],[4.976406,43.4086817],[4.9763226,43.4083175],[4.9763489,43.4082335],[4.9764692,43.4081066],[4.9767012,43.4080282],[4.9767866,43.4079835],[4.9768123,43.4078574],[4.9769096,43.4078798],[4.9770705,43.4077964],[4.9771671,43.4077199],[4.9772826,43.4076284],[4.9774037,43.407263],[4.9773554,43.407111],[4.9771274,43.4070565],[4.9772776,43.4070117],[4.9772448,43.4065265],[4.9773094,43.4064982],[4.9773063,43.4064307],[4.9772039,43.4064152],[4.9772136,43.4063525],[4.977279,43.4063512],[4.9773244,43.4063095],[4.977271,43.4062713],[4.9773221,43.4060391],[4.9772582,43.4058456],[4.9770444,43.4058011],[4.9770315,43.4057143],[4.9768699,43.4056496],[4.9768413,43.4055056],[4.9767707,43.4053768],[4.9768825,43.4053219],[4.9771687,43.405115],[4.9770529,43.4049956],[4.9769922,43.4048611],[4.9769126,43.4047308],[4.9767893,43.4045747],[4.9766733,43.4044541],[4.976587,43.4043405],[4.9764992,43.4042648],[4.9763914,43.4042085],[4.9763007,43.4041963],[4.9761414,43.4041933],[4.9759395,43.4041993],[4.9756034,43.4041697],[4.9754656,43.4041282],[4.9754086,43.404087],[4.9752997,43.4040207],[4.9751345,43.4039445],[4.9751774,43.403886],[4.9751774,43.4038412],[4.975038,43.4037691],[4.9749548,43.4036658],[4.9748126,43.4035547],[4.9747107,43.4034339],[4.9746034,43.4033053],[4.9743138,43.4031163],[4.9741126,43.4030247],[4.9739678,43.4029331],[4.9738095,43.402748],[4.9737237,43.402594],[4.9736244,43.4024479],[4.9735976,43.4023076],[4.9736424,43.4020972],[4.9737618,43.402022],[4.9738941,43.4018854],[4.9741723,43.401662],[4.9742172,43.4015436],[4.9744479,43.4013721],[4.9747951,43.4012637],[4.975451,43.400998],[4.9761994,43.4007466],[4.9763683,43.400692],[4.9764974,43.4006173],[4.9770979,43.4005731],[4.9772374,43.4005576],[4.9774439,43.400501],[4.9776665,43.4003666],[4.9781064,43.3999242],[4.9785382,43.3994838],[4.9786294,43.3993883],[4.97908,43.398903],[4.9791793,43.3988114],[4.9796245,43.3983812],[4.9800287,43.3980438],[4.9804524,43.3977054],[4.9810351,43.3974412],[4.9813383,43.3971665],[4.9815934,43.3967903],[4.9820833,43.3964248],[4.9828368,43.396229],[4.984309,43.396019],[4.9845328,43.3960201],[4.9846931,43.3960649],[4.9848637,43.3961897],[4.9849721,43.3963443],[4.9849447,43.3964633],[4.9848824,43.3965706],[4.9846686,43.3967068],[4.984655,43.3971683],[4.9846322,43.397239],[4.9845303,43.3973598],[4.984427,43.397459],[4.9842641,43.3975725],[4.9838698,43.3980709],[4.983855,43.3980768],[4.9838433,43.3980752],[4.9838362,43.3980678],[4.9838346,43.3980589],[4.9838429,43.3980492],[4.9837746,43.3980164],[4.9842594,43.3973898],[4.9843264,43.3974219],[4.984423,43.3973459],[4.9845175,43.3972178],[4.9845437,43.397124],[4.9845504,43.3967142],[4.9843927,43.3966912],[4.9840876,43.3965118],[4.9828917,43.3965647],[4.9824867,43.3966428],[4.9823731,43.3967962],[4.9823058,43.3968872],[4.9822303,43.3969892],[4.9821891,43.3970651],[4.982178,43.3970855],[4.9821933,43.3972816],[4.9821956,43.3973113],[4.9822381,43.3973454],[4.9822367,43.3974194],[4.9822581,43.3976511],[4.9822654,43.3977305],[4.9824039,43.3979619],[4.9824777,43.3980081],[4.9825787,43.3980714],[4.9826746,43.3981032],[4.9828295,43.3981327],[4.9829207,43.3981396],[4.9835658,43.3975149],[4.9835698,43.3974916],[4.9835966,43.397475],[4.9836302,43.397475],[4.9836543,43.3974945],[4.9836543,43.3975218],[4.9833029,43.3978784],[4.9831152,43.3980665],[4.9829728,43.3981892],[4.982977,43.3983159],[4.9829532,43.3984667],[4.9828791,43.3985868],[4.9828241,43.3986433],[4.9826056,43.3987767],[4.9823002,43.3989726],[4.9822947,43.399445],[4.9821697,43.3998965],[4.9822478,43.4001618],[4.9821296,43.4001972],[4.9820936,43.4002866],[4.9821128,43.4003721],[4.982328,43.400406],[4.9824646,43.4005148],[4.9824808,43.4008904],[4.9825935,43.4008767],[4.9825988,43.4008027],[4.982631,43.4008046],[4.9826552,43.4010677],[4.9824889,43.4010774],[4.9826232,43.4022212],[4.9837024,43.4021767]]}},{"type":"Feature","properties":{},"geometry":{"type":"LineString","coordinates":[[4.9721792,43.4218653],[4.9726266,43.4214374],[4.9729367,43.4211101],[4.9730236,43.4210185],[4.9731988,43.4207481],[4.9733512,43.4204337],[4.9733569,43.4203414],[4.9732808,43.4202617],[4.9732326,43.4201836],[4.9732727,43.4200367],[4.973466,43.419893],[4.9734544,43.4196288],[4.9734024,43.4194518],[4.9734715,43.4190099],[4.9734027,43.4186173],[4.9734844,43.4184495],[4.9735293,43.4181879],[4.9736186,43.4179694],[4.9736633,43.417787],[4.9736598,43.4175197],[4.9735996,43.4172619],[4.9733972,43.4169768],[4.9732892,43.4168513],[4.9731148,43.4167402],[4.9723848,43.416599],[4.9720383,43.4164868],[4.9714446,43.4162045],[4.9713858,43.4160262],[4.9712981,43.4156225],[4.9713433,43.4151739],[4.9712846,43.4151277],[4.9713701,43.4150599],[4.9714285,43.4148062],[4.9713862,43.414683],[4.9714681,43.4145768],[4.9715266,43.4142411],[4.9714853,43.4139173],[4.9716499,43.4138116],[4.9719054,43.4133042],[4.9720855,43.4131844],[4.9724629,43.4131492],[4.9726026,43.413184],[4.9727918,43.4131188],[4.972903,43.4130053],[4.9728919,43.4128814],[4.9732097,43.4127088],[4.9733429,43.4127572],[4.9734447,43.412633],[4.973588,43.4125351],[4.9735233,43.4124465],[4.9735259,43.4123327],[4.9736446,43.4121841],[4.9738057,43.4122094],[4.9740209,43.4124094],[4.9744769,43.4121862],[4.9746616,43.4119471],[4.9746142,43.4118479],[4.9746785,43.411844],[4.9747767,43.411901],[4.9751345,43.4115205]]}},{"type":"Feature","properties":{},"geometry":{"type":"LineString","coordinates":[[5.4443289,43.2123719],[5.4440634,43.212201],[5.4436529,43.2124763],[5.4436725,43.2125444],[5.4435348,43.2126773],[5.4432934,43.2127129],[5.4433156,43.212794],[5.4432961,43.2128025],[5.4433412,43.2128713],[5.4433483,43.2128798],[5.4433606,43.2128898],[5.4434041,43.212925],[5.4434535,43.2129566],[5.4434674,43.2129655],[5.4434726,43.2129693],[5.4435114,43.2130102],[5.4435715,43.2129528],[5.443713,43.2129662],[5.4438468,43.2129713],[5.4439133,43.2129645],[5.4439742,43.2129024],[5.4440407,43.2128168],[5.4441202,43.2128572],[5.4441567,43.2128491],[5.4441922,43.2128387],[5.4442056,43.212823],[5.4442119,43.2127866],[5.4442195,43.2127426],[5.4442157,43.2127113],[5.4442176,43.2127061],[5.4442241,43.212688],[5.4442369,43.2126639],[5.4442533,43.2126473],[5.4442826,43.212631],[5.4443146,43.2126178],[5.4443418,43.2126128],[5.444375,43.2126083],[5.4444397,43.2125994],[5.4445275,43.2125887],[5.444554,43.212537],[5.4445685,43.2125373],[5.4446031,43.2125459],[5.4446126,43.2125683],[5.4446512,43.2126035],[5.4446779,43.2126527],[5.4447858,43.2126536],[5.4449338,43.2126714],[5.4449445,43.2126445],[5.4449934,43.2126446],[5.445005,43.2126446],[5.4450335,43.2126353],[5.4450598,43.2126307],[5.4450869,43.2126121],[5.4451061,43.2125843],[5.4451269,43.2125439],[5.4451526,43.2124917],[5.4451648,43.2124742],[5.4451982,43.2124344],[5.4452036,43.212428],[5.4452467,43.2123824],[5.4452608,43.2123617],[5.4452713,43.2123301],[5.4452789,43.2123073],[5.4452848,43.2122665],[5.445284,43.212247],[5.4452806,43.2122381],[5.4452645,43.2122344],[5.4452465,43.2122364],[5.4452234,43.2122481],[5.4452055,43.2122513],[5.4451911,43.2122468],[5.4451813,43.2122366],[5.4451872,43.2122197],[5.4452169,43.2121541],[5.4452398,43.2121123],[5.4452609,43.2120786],[5.4452734,43.2120603],[5.4453024,43.2120328],[5.4451529,43.2117237],[5.4452175,43.211691],[5.4453579,43.2119835],[5.4454083,43.2119431],[5.4454734,43.2118864],[5.4455338,43.2118342],[5.4456047,43.2117858],[5.4456326,43.2117703],[5.4456614,43.2117649],[5.4456845,43.2117664],[5.4456975,43.2117774],[5.4457034,43.2118009],[5.445702,43.2118213],[5.4456868,43.2118513],[5.4456866,43.2118742],[5.4457083,43.2118937],[5.4457313,43.2119085],[5.4457559,43.21192],[5.4457731,43.2119248],[5.4457938,43.211922],[5.4458142,43.2119131],[5.4458336,43.2119031],[5.4458611,43.211894],[5.4458851,43.2118903],[5.4459125,43.2118893],[5.4459326,43.2118985],[5.4459433,43.2119211],[5.4459558,43.2119317],[5.4459809,43.2119279],[5.4460093,43.2119125],[5.446029,43.2118976],[5.4460558,43.2118846],[5.446084,43.2118764],[5.4461188,43.2118692],[5.4461407,43.2118687],[5.4461603,43.2118655],[5.4461699,43.2118465],[5.446215,43.2117685],[5.4462387,43.2117179],[5.4462562,43.2117047],[5.4462732,43.2116907],[5.4463003,43.2116845],[5.4463355,43.2116733],[5.4463642,43.2116659],[5.4464113,43.2116508],[5.4464905,43.2116187],[5.4465368,43.211598],[5.4468482,43.2114914],[5.4469182,43.2114862],[5.4470265,43.2114781],[5.4470941,43.2115312],[5.4471565,43.2115665],[5.4472242,43.2115741],[5.4472897,43.2115615],[5.4473426,43.211533],[5.4473908,43.2115138],[5.4473977,43.211487],[5.4473701,43.2114661],[5.4473507,43.211442],[5.4473518,43.2114125],[5.4473174,43.2113737],[5.4473304,43.211349],[5.4473702,43.211346],[5.4474049,43.211344],[5.4474636,43.2113515],[5.4474991,43.2113168],[5.4475376,43.21131],[5.4475741,43.2113013],[5.4476185,43.2112619],[5.4476358,43.2110871],[5.4476125,43.2110426],[5.4476325,43.2110271],[5.4476873,43.2109865],[5.4477265,43.2109825],[5.4477391,43.2109327],[5.447838,43.2108811],[5.4478784,43.210822],[5.4478303,43.2107961],[5.4478033,43.2107641],[5.4477891,43.2107519],[5.4477528,43.2107446],[5.4477218,43.2107377],[5.4476755,43.2107362],[5.4476634,43.2107363],[5.4476584,43.210731],[5.447799,43.2106219],[5.4478116,43.2105951],[5.44782,43.2105649],[5.4480387,43.2104529],[5.4482426,43.2103964],[5.4483181,43.2103657],[5.4488002,43.210201],[5.4488692,43.2101743],[5.4489021,43.2101554],[5.4488746,43.2101439],[5.4489243,43.2101219],[5.4489841,43.2100521],[5.4491238,43.2100355],[5.4493064,43.2099905],[5.4493171,43.2099707],[5.4494554,43.2099176],[5.4494782,43.2099061],[5.4494974,43.2099145],[5.4494984,43.2099699],[5.4495596,43.2099369],[5.4495905,43.2100079],[5.4495883,43.2101221],[5.4496331,43.2101474],[5.4496985,43.2101105],[5.4497547,43.210135],[5.4497771,43.2101345],[5.4498884,43.21011],[5.4499309,43.2101276],[5.4500411,43.2101087],[5.4500595,43.2101195],[5.4500567,43.2101318],[5.4500352,43.2101392],[5.4500597,43.2101711],[5.4500297,43.2102306],[5.4500881,43.2102695],[5.4501115,43.210273],[5.4501792,43.2102695],[5.4502039,43.2103055],[5.4502081,43.210341],[5.4503154,43.2103512],[5.4503341,43.2103749],[5.4503945,43.2103766],[5.4504465,43.2103754],[5.4504755,43.2103294],[5.4505217,43.2103265],[5.4505627,43.2103166],[5.4505669,43.2102215],[5.4505535,43.2101785],[5.4505771,43.2101511],[5.4505583,43.2101275],[5.450613,43.2100401],[5.4507246,43.2099876],[5.4508192,43.2100236],[5.4511047,43.2099713],[5.4513055,43.2099248],[5.4513866,43.2099306],[5.4514308,43.2099497],[5.4514855,43.2099723],[5.4516074,43.2099432],[5.4516395,43.2099499],[5.4516789,43.2099654],[5.4517266,43.2099363],[5.4517646,43.2099183],[5.4517798,43.2098835],[5.4518219,43.2098515],[5.4518793,43.2098528],[5.4519979,43.2098552],[5.4520023,43.209895],[5.452023,43.209901],[5.4520423,43.2099734],[5.4520109,43.2100067],[5.4520211,43.2100205],[5.4522037,43.2100301],[5.4522676,43.2100473],[5.45233,43.2100202],[5.4523789,43.2099789],[5.4524978,43.2099387],[5.4526019,43.2098746],[5.4526843,43.2098484],[5.4527948,43.2098294],[5.4528939,43.2098134],[5.45291,43.2098056],[5.4529313,43.2097996],[5.452969,43.2097653],[5.452992,43.2097551],[5.4530235,43.2097568],[5.453057,43.2097575],[5.4531055,43.2097677],[5.4531195,43.2098128],[5.4531671,43.2098278],[5.4531728,43.2098612],[5.4533127,43.2098008],[5.453356,43.209793],[5.4534937,43.209688],[5.4535426,43.2096569],[5.4535722,43.2096147],[5.4536948,43.2095252],[5.4537285,43.2094614],[5.4537591,43.2094241],[5.4537978,43.2094098],[5.4538501,43.2093696],[5.4538878,43.209354],[5.4539328,43.2093336],[5.4539668,43.2093193],[5.4539912,43.2093215],[5.4540179,43.2093198],[5.4540285,43.2093451],[5.4540306,43.2093781],[5.4540185,43.2093944],[5.4540208,43.2094052]]}},{"type":"Feature","properties":{},"geometry":{"type":"LineString","coordinates":[[5.3600476,43.3121163],[5.3593118,43.311793],[5.3593058,43.3117945],[5.3592743,43.3118323],[5.3593034,43.3118451],[5.359058,43.312124],[5.3587749,43.3124483],[5.3587473,43.3124365],[5.3582775,43.312924],[5.358218,43.3130497],[5.3582558,43.3130748],[5.3581209,43.3132331],[5.3580429,43.3132004],[5.3579647,43.3132509],[5.3579778,43.3132876],[5.3577448,43.3135762],[5.3578092,43.3136118],[5.3576434,43.3138073],[5.3575993,43.3138167],[5.3575184,43.3138996],[5.3575554,43.3139223],[5.3573606,43.3141451],[5.3573184,43.3141259],[5.3572518,43.3142009],[5.3572947,43.3142218],[5.3569841,43.314557],[5.3571529,43.3146245],[5.3572007,43.3146649],[5.357181,43.3146948],[5.3571627,43.3146955],[5.3571425,43.3146577],[5.3571102,43.3146358],[5.35708,43.3146335],[5.3570061,43.3146918],[5.3570425,43.3147206],[5.3569826,43.314795],[5.3569342,43.3147738],[5.3568945,43.3148435],[5.3569595,43.3149025],[5.3569797,43.3148766],[5.3570176,43.3148926],[5.3569881,43.3149291],[5.3574543,43.3151371],[5.357676,43.3148777],[5.3579546,43.315004],[5.3579578,43.315011],[5.3579575,43.3150157]]}},{"type":"Feature","properties":{},"geometry":{"type":"LineString","coordinates":[[5.3480275,43.3287795],[5.3480359,43.3287735],[5.3480489,43.3287755],[5.3498348,43.3295672],[5.3536033,43.3250258],[5.351843,43.3242507]]}},{"type":"Feature","properties":{},"geometry":{"type":"LineString","coordinates":[[5.3380079,43.2136019],[5.3379907,43.213627],[5.3379553,43.2136437],[5.3379248,43.213643],[5.3378493,43.2136339],[5.337792,43.2136172],[5.337728,43.2136075],[5.337665,43.2135796],[5.3376392,43.2135636],[5.3376029,43.2135713],[5.3375657,43.2135713],[5.3375475,43.2135922],[5.3375131,43.2135998],[5.337473,43.2136033],[5.3374549,43.2135984],[5.3374424,43.213611],[5.3374176,43.213613],[5.3373966,43.2135984],[5.3373976,43.2135775],[5.3374214,43.2135852],[5.3374167,43.2135713],[5.3373863,43.2135547]]}},{"type":"Feature","properties":{},"geometry":{"type":"LineString","coordinates":[[5.373053,43.2455385],[5.3727362,43.2451917],[5.372419,43.2450632],[5.3717679,43.2448419],[5.3710163,43.2447028],[5.3700231,43.2447274],[5.3693363,43.2448659],[5.3693345,43.2454346],[5.3695241,43.2455715],[5.369664,43.2456805],[5.3696333,43.2458077],[5.369584,43.2458182],[5.3695612,43.2457859],[5.3693672,43.2457316],[5.3691805,43.2458574],[5.3691888,43.2460349],[5.369287,43.2461333],[5.3694311,43.2460643],[5.3695208,43.2461205],[5.3695612,43.2461458],[5.3696004,43.2462415],[5.3695403,43.2463151],[5.3693904,43.2463489],[5.3691693,43.2462393],[5.3689697,43.2461922],[5.3685844,43.2459265],[5.3683215,43.245718],[5.3682074,43.2456709],[5.3680887,43.2455024],[5.3680907,43.245424],[5.3680546,43.2453479],[5.3681125,43.2452926],[5.3680932,43.2452473],[5.3678451,43.2450432],[5.3678019,43.2450077],[5.365838,43.2454812],[5.3658043,43.2454937],[5.365811,43.2455164],[5.3657936,43.24552],[5.3657735,43.2454784],[5.3657733,43.2454569],[5.3656809,43.2454795],[5.365705,43.2455409],[5.3656812,43.2455465],[5.3656549,43.2454868],[5.3655638,43.2455077],[5.3655884,43.2455683],[5.365563,43.2455738],[5.365541,43.2455137],[5.3654493,43.2455353],[5.3654915,43.2456395],[5.3654617,43.2456454],[5.3655685,43.2457016],[5.365574,43.2457508],[5.365543,43.2458065],[5.3654983,43.2458283],[5.3654464,43.245828],[5.3653669,43.2458052],[5.365107,43.2456564],[5.3650546,43.2456512],[5.3646091,43.245744]]}},{"type":"Feature","properties":{},"geometry":{"type":"LineString","coordinates":[[5.3382475,43.2136794],[5.3383193,43.2136426],[5.3384008,43.2136206],[5.3384706,43.2136059],[5.3385526,43.2136255],[5.3385781,43.213596],[5.3387104,43.2135885],[5.3387601,43.2135584],[5.3388861,43.2135316],[5.3389207,43.2135015],[5.3389612,43.2134935],[5.3389515,43.2135544],[5.33901,43.2135053],[5.3390356,43.2135137],[5.339021,43.2135618],[5.3390568,43.2135511],[5.3390658,43.2135227],[5.339126,43.2135048],[5.3391015,43.2134901],[5.3391145,43.2134717],[5.3391921,43.2134641],[5.3392286,43.213478],[5.3393056,43.2134706],[5.3393659,43.2134859],[5.339361,43.2135434],[5.3397083,43.2135678],[5.3398209,43.2135943],[5.3398708,43.2136628],[5.3398352,43.2137291],[5.3398658,43.2137979],[5.3399125,43.2138176],[5.3399479,43.2137821],[5.3399769,43.2137707],[5.3400082,43.2137918],[5.3400193,43.2137479],[5.3400639,43.2137173],[5.3400997,43.2137756],[5.3400974,43.2138325],[5.3401273,43.2138491],[5.3401682,43.2138417],[5.3401932,43.213814],[5.340247,43.2138348],[5.3403259,43.2138646],[5.3403559,43.2138922],[5.3405025,43.213891],[5.3405397,43.2139152],[5.3406026,43.2138904],[5.3406257,43.2138606],[5.3406961,43.2138578],[5.3407781,43.2138634],[5.3410364,43.2137498],[5.3410258,43.2136538],[5.341065,43.2135927],[5.3411871,43.2135688],[5.3412942,43.2134636],[5.3412358,43.2133173],[5.3412508,43.2132639],[5.3413439,43.2132457],[5.3412289,43.213096],[5.3413305,43.2130414],[5.3413966,43.2129104],[5.3415539,43.2128351],[5.3416055,43.2127708],[5.3418828,43.2128116],[5.3420404,43.2127741],[5.3420506,43.2126641],[5.3421754,43.2126466],[5.342353,43.2126268],[5.342575,43.2125926],[5.3431965,43.2126137],[5.3432829,43.2125901],[5.3433754,43.2126235],[5.3433507,43.2125352],[5.3437663,43.2124523],[5.3440359,43.2123934],[5.3441938,43.2123828],[5.3440621,43.212294],[5.3442286,43.2123196],[5.3443507,43.2123386],[5.344441,43.2123597],[5.3444927,43.2123246],[5.3444928,43.2122116],[5.3447024,43.2121446],[5.3450423,43.2122077],[5.3452387,43.212186],[5.3452239,43.2122889],[5.3452874,43.2123769],[5.3454127,43.2125162],[5.3455191,43.2126497],[5.3455622,43.2127587],[5.3455799,43.2128208],[5.345726,43.2128072],[5.3457343,43.2129158],[5.3458577,43.2128352],[5.345909,43.2127555],[5.3459916,43.2125968],[5.3461563,43.2125585],[5.3462636,43.2125683],[5.3465007,43.2127579],[5.3465627,43.2127231],[5.346795,43.2127771],[5.3471437,43.212995],[5.3472444,43.212928],[5.3472639,43.2128701],[5.3473233,43.212808],[5.3472873,43.2126998],[5.3473337,43.2126429],[5.3473981,43.2125953],[5.3474837,43.2125714],[5.3475248,43.2125186],[5.3476253,43.2125331],[5.3476442,43.2124812],[5.3475966,43.2124343],[5.3477939,43.2124328],[5.3478784,43.2124523],[5.3478084,43.212425],[5.3477099,43.2123516],[5.3476622,43.21229],[5.3477995,43.2122914],[5.3478962,43.2123293],[5.3478068,43.2122457],[5.3478764,43.2122254],[5.3478053,43.2120948],[5.3478692,43.2120205],[5.3479793,43.2119941],[5.3481412,43.212015],[5.3482245,43.2120428],[5.3482385,43.2119444],[5.3482997,43.2119114],[5.3483495,43.2118583],[5.3487771,43.2120029],[5.3489266,43.2121444],[5.3489599,43.2122195],[5.3492105,43.2123144],[5.3492887,43.2122521],[5.3494285,43.2122648]]}},{"type":"Feature","properties":{},"geometry":{"type":"LineString","coordinates":[[5.3373461,43.213546],[5.3373391,43.2135906],[5.3373685,43.2135926],[5.3373954,43.2136355],[5.3373722,43.2136502],[5.3373458,43.2136541],[5.3373129,43.2136804],[5.3372979,43.2137028],[5.3373305,43.2137753],[5.3374187,43.213878],[5.3375238,43.2139532],[5.3376272,43.2139992],[5.3377809,43.2138187],[5.3379129,43.2138645],[5.33805,43.2138717],[5.3381808,43.213901],[5.3381957,43.2137404],[5.3382475,43.2136794]]}},{"type":"Feature","properties":{},"geometry":{"type":"LineString","coordinates":[[5.3373863,43.2135547],[5.3373969,43.2135215],[5.337421,43.2135197],[5.3374325,43.2134846],[5.3374589,43.2134794],[5.3374743,43.2134548],[5.3375059,43.2134366],[5.3375948,43.2134316],[5.3376262,43.213449],[5.3376409,43.2134711],[5.337667,43.2134799],[5.3376593,43.2135168],[5.3376918,43.2135258],[5.3377385,43.2135322],[5.3377431,43.2135503],[5.3378262,43.2135586],[5.3378465,43.2135643],[5.3378999,43.2135574],[5.3379438,43.2135734],[5.337992,43.2135826],[5.3380079,43.2136019]]}},{"type":"Feature","properties":{},"geometry":{"type":"LineString","coordinates":[[4.8402821,43.3329145],[4.8443365,43.3341489],[4.8476389,43.3351544],[4.8488231,43.3348076],[4.8491258,43.3348018],[4.8491671,43.3349688],[4.8494672,43.3349844],[4.8500054,43.3351109],[4.8509212,43.3352119],[4.8517778,43.3353812],[4.8533353,43.3355404],[4.8550646,43.3355633],[4.8566082,43.3354695],[4.8587474,43.3351638],[4.8597612,43.3348974],[4.8605269,43.3345754],[4.8610556,43.3342326],[4.8617885,43.3335283],[4.8620212,43.3334028],[4.8623812,43.3336931],[4.8632401,43.3357328],[4.8643848,43.3385902],[4.865261,43.3398011],[4.8667884,43.3410807],[4.8679344,43.342212],[4.8684729,43.3425338],[4.8697916,43.3436552],[4.870067,43.343928],[4.8702357,43.3440682],[4.8703458,43.3441558],[4.870542,43.3442485],[4.8707245,43.3443436],[4.8708381,43.3444563],[4.8710343,43.344624],[4.8711858,43.3447441],[4.8713372,43.3448418],[4.8719087,43.3452248],[4.8721083,43.3453349],[4.8723562,43.3455027],[4.8725834,43.345723],[4.8730619,43.3460184],[4.8735679,43.3462687],[4.8737779,43.3463964],[4.873919,43.346494],[4.8741152,43.3466517],[4.8745317,43.3469621],[4.8751479,43.3473526],[4.8753889,43.3475279],[4.8756298,43.3476305],[4.8757125,43.3477256],[4.8758329,43.3479009],[4.8760705,43.348046],[4.8762942,43.3481036],[4.8765593,43.3482388],[4.8768312,43.3484165],[4.8769001,43.3485091],[4.8770412,43.3487269],[4.8771961,43.3488746],[4.8773441,43.3489798],[4.8777951,43.349185],[4.8780911,43.3493502],[4.8786488,43.3498759],[4.878962,43.3501137],[4.8791273,43.3502739],[4.8792237,43.3503765],[4.8793338,43.3504466],[4.8798536,43.3507971],[4.8803183,43.3511826],[4.8808209,43.3516231],[4.8809793,43.3517182],[4.8813751,43.3520511],[4.881888,43.3525167],[4.882487,43.3530323],[4.8828209,43.3533202],[4.8834818,43.3537983],[4.8839775,43.3542188],[4.8841015,43.3543139],[4.88416,43.3543865],[4.8842392,43.3544591],[4.8847004,43.3547194],[4.8851173,43.3550842],[4.885212,43.3551874],[4.8856423,43.3554815],[4.8857843,43.3555629],[4.8859392,43.3556724],[4.886008,43.35576],[4.88615,43.355882],[4.8862059,43.3559633],[4.8863049,43.3560197],[4.8865287,43.3561354],[4.8868471,43.3562856],[4.8869417,43.3563544],[4.8872085,43.3565953],[4.8874108,43.3566954],[4.8875097,43.356783],[4.8876431,43.3568894],[4.8878798,43.3570521],[4.8884176,43.357365],[4.8886457,43.3574901],[4.8893471,43.358241],[4.889459,43.3583317],[4.8895924,43.3584349],[4.8896999,43.358485],[4.8899237,43.3585351],[4.8901044,43.3586258],[4.8905734,43.3590294],[4.8907154,43.3591795],[4.8907972,43.359264],[4.8909693,43.3593297],[4.8911973,43.3593954],[4.8914899,43.3596081],[4.8921311,43.3600492],[4.8923204,43.3601963],[4.8924022,43.3602901],[4.8925356,43.3603809],[4.8927421,43.3604872],[4.8928497,43.3606124],[4.8929357,43.3606624],[4.8930347,43.3607719],[4.8931035,43.3608439],[4.8935209,43.3611974],[4.8936242,43.3613006],[4.8937232,43.3613507],[4.8939168,43.3614132],[4.8940115,43.3614696],[4.8941233,43.3615196],[4.8942524,43.3616322],[4.8943772,43.3617261],[4.8944762,43.3618356],[4.894601,43.3619701],[4.8947042,43.3620327],[4.8948376,43.3620921],[4.8949882,43.362186],[4.8952593,43.3623705],[4.8960554,43.3629149],[4.8961629,43.3630118],[4.8962404,43.3631119],[4.8962619,43.3632715],[4.8962447,43.3633528],[4.8962146,43.3634342],[4.8962103,43.3635186],[4.8962619,43.3635655],[4.8963609,43.3635687],[4.8964814,43.3635436],[4.8965674,43.3635436],[4.8967051,43.3635843],[4.8968815,43.3636375],[4.8970192,43.3637032],[4.8971139,43.3637845],[4.8971913,43.3638533],[4.8972946,43.3639284],[4.8974366,43.3640285],[4.8975012,43.3641036],[4.8976733,43.3642569],[4.8979314,43.364454],[4.8983187,43.3646948],[4.8985425,43.3648763],[4.8985898,43.3649169],[4.8985855,43.364992],[4.8986113,43.3650452],[4.8987146,43.3650765],[4.8988566,43.3651484],[4.8989857,43.3652423],[4.8991449,43.3653518],[4.8993471,43.3654487],[4.899687,43.365674],[4.8998376,43.3657741],[4.8999495,43.3658335],[4.9000313,43.3658961],[4.9003067,43.3661213],[4.9004315,43.3662183],[4.9004788,43.366284],[4.9004315,43.3663622],[4.9005347,43.3663934],[4.9007154,43.3664717],[4.9013179,43.3669065],[4.9014512,43.3669972],[4.9016277,43.3671067],[4.9017395,43.3672005],[4.9018858,43.3673131],[4.9021139,43.3674726],[4.9022129,43.3675759],[4.9022645,43.3676447],[4.9023377,43.367726],[4.9025055,43.3678136],[4.9028024,43.3679982],[4.9029616,43.3681045],[4.9030175,43.368189],[4.9031079,43.3682766],[4.9032499,43.3683548],[4.9035984,43.3686081],[4.9038953,43.3687927],[4.9039857,43.3688521],[4.9040373,43.3689147],[4.9041234,43.3689804],[4.9042525,43.3690367],[4.9044375,43.3691243],[4.9045752,43.369215],[4.9047387,43.3693557],[4.9048549,43.3694589],[4.9049065,43.3695309],[4.9049409,43.3696091],[4.9049883,43.3696748],[4.9050646,43.369737],[4.9051303,43.3697905],[4.9052249,43.3698562],[4.9053755,43.36995],[4.9058445,43.3702222],[4.905922,43.3702534],[4.905965,43.3703316],[4.9060081,43.3703786],[4.9060941,43.3704317],[4.906163,43.3705381],[4.9062318,43.3706319],[4.9063351,43.3707101],[4.9064427,43.3707915],[4.9065847,43.3708884],[4.9067783,43.3710167],[4.9070063,43.3711105],[4.9075227,43.3713795],[4.907626,43.3714327],[4.9077163,43.3715203],[4.9077723,43.3716235],[4.9078196,43.3717173],[4.9079315,43.3718174],[4.9080735,43.3718893],[4.9082843,43.3720019],[4.9085382,43.372102],[4.9086199,43.3721834],[4.908706,43.3722866],[4.9088093,43.3724117],[4.9089211,43.372518],[4.9095107,43.3728715],[4.9098678,43.3730498],[4.9100227,43.3731061],[4.9100786,43.3731811],[4.9101518,43.3732906],[4.9102292,43.3733907],[4.9103067,43.3734845],[4.9103712,43.3735815],[4.9104702,43.3736941],[4.9106165,43.3737785],[4.9107499,43.3738505],[4.9108273,43.3739412],[4.9109478,43.3740506],[4.9110855,43.3741601],[4.911249,43.3742633],[4.9114169,43.3743947],[4.9122344,43.3749014],[4.9124883,43.3750922],[4.9126217,43.3751735],[4.912712,43.3752423],[4.9127981,43.3753049],[4.9128971,43.3753518],[4.9130089,43.3754143],[4.9131036,43.3754769],[4.913194,43.3755238],[4.9133231,43.375577],[4.9133058,43.375627],[4.9133919,43.3756301],[4.9134823,43.3756739],[4.9136027,43.3757678],[4.9136974,43.3758522],[4.9138265,43.3759366],[4.9139599,43.3760274],[4.9140675,43.3761212],[4.9141621,43.3762088],[4.9142912,43.3763026],[4.9143773,43.3763558],[4.9145193,43.3764089],[4.9145494,43.3764527],[4.9145666,43.3764996],[4.9146656,43.3765559],[4.9147653,43.3766177],[4.9148159,43.3766801],[4.9149129,43.376757],[4.9149591,43.3767922],[4.9150429,43.3768371],[4.9150869,43.3768851],[4.915153,43.3769155],[4.9152543,43.3769476],[4.9154372,43.3770933],[4.9156729,43.3772935],[4.9157567,43.3773511],[4.9158756,43.3774039],[4.9159153,43.3774552],[4.9159593,43.3775176],[4.9160122,43.3776073],[4.9160827,43.3777018],[4.9161788,43.3778099],[4.9162945,43.3778819],[4.9163661,43.377946],[4.9164432,43.3780261],[4.916512,43.3780881],[4.9165892,43.3781462],[4.9166281,43.3781889],[4.9166335,43.3782906],[4.9166497,43.3783453],[4.916725,43.3785095],[4.9168487,43.3786619],[4.9169509,43.3787597],[4.9170423,43.3788144],[4.9171606,43.3788887],[4.9171499,43.3790255],[4.9172736,43.3794141],[4.9174044,43.3797444],[4.917456,43.3800515],[4.9175367,43.3816201],[4.9175703,43.3818839],[4.9176174,43.3820598],[4.9176913,43.3821722],[4.9177586,43.382485],[4.9177519,43.3826022],[4.9177989,43.3827488],[4.9178393,43.382915],[4.9177922,43.3830469],[4.9177519,43.3831593],[4.9177317,43.3832863],[4.9176913,43.3834622],[4.9176846,43.3837212],[4.917577,43.3839313],[4.9174896,43.3842489],[4.9173619,43.3846496],[4.9174619,43.3850259],[4.9174812,43.3854607],[4.9173372,43.3858661],[4.9173577,43.3867599],[4.916435,43.38832],[4.9148042,43.389537],[4.9127871,43.3899752],[4.9123296,43.3891774],[4.912052,43.3883355],[4.9118834,43.3868667],[4.9119166,43.3862836],[4.9123756,43.3850867],[4.9131987,43.3849108],[4.913772,43.383805],[4.9135167,43.3825708],[4.9133974,43.3815308],[4.9128469,43.3801054],[4.9119737,43.3786018],[4.9107489,43.3770921],[4.9098268,43.3761098],[4.9086215,43.3751782],[4.9081096,43.3745381],[4.908197,43.3737878],[4.9067104,43.3732668],[4.905518,43.3727583],[4.9047208,43.3721649],[4.9038167,43.3713945],[4.9033238,43.3707935],[4.9019088,43.3703427],[4.9012463,43.3701955],[4.8973493,43.3696844],[4.8949921,43.3691802],[4.8937413,43.3686971],[4.8930855,43.3681337],[4.8921957,43.3682046],[4.891653,43.3679678],[4.8910749,43.3664277],[4.8911251,43.3652028],[4.8909589,43.3645649],[4.8901639,43.3646372],[4.888415,43.3645649],[4.8862089,43.3637741],[4.8870039,43.3633512],[4.8864474,43.3631489],[4.8855184,43.3634266],[4.8847382,43.3641604],[4.8838061,43.364162],[4.8829824,43.363786],[4.8827507,43.3628744],[4.8830163,43.3613565],[4.8839609,43.3600765],[4.8855003,43.3582761],[4.8856229,43.357409],[4.8844503,43.3564841],[4.883556,43.3556026],[4.8829597,43.3552558],[4.8818468,43.3559928],[4.881012,43.356513],[4.8805947,43.3570766],[4.8798817,43.3566532],[4.879759,43.3564869],[4.879716,43.3563113],[4.8797694,43.3561453],[4.8798555,43.3560051],[4.8800111,43.355892],[4.8798233,43.3557204],[4.8796436,43.3558257],[4.8794585,43.3558959],[4.8792306,43.3558745],[4.8789623,43.355894],[4.8787209,43.3559759],[4.8785922,43.3559057],[4.8784018,43.3558745],[4.87817,43.3559061],[4.877919,43.3560598],[4.8776681,43.3561193],[4.8776339,43.3563287],[4.8778519,43.3563555],[4.8783132,43.3562353],[4.8787048,43.3562821],[4.8790213,43.3564244],[4.8792401,43.3566019],[4.8794076,43.3568554],[4.879385,43.3571648],[4.8795543,43.3577709],[4.8795041,43.3579554],[4.8797375,43.3584526],[4.8798448,43.358751],[4.8798461,43.3588944],[4.8798823,43.3589568],[4.879909,43.3590511],[4.8798072,43.3590796],[4.8797455,43.3590533],[4.8797187,43.3590036],[4.8795699,43.3589753],[4.8794223,43.3589938],[4.879315,43.3590923],[4.8791219,43.3591274],[4.8785694,43.3593283],[4.8784702,43.3593195],[4.8783924,43.3592805],[4.8782301,43.3594141],[4.8780625,43.359495],[4.8779109,43.3594979],[4.8779109,43.3594482],[4.8778237,43.3594345],[4.8777392,43.3595399],[4.8776212,43.3596101],[4.8775649,43.3595925],[4.8775314,43.3595399],[4.8774201,43.3595321],[4.8773101,43.3595954],[4.8771478,43.3595954],[4.8769963,43.3596536],[4.8768152,43.3596539],[4.8765859,43.3596481],[4.8763847,43.3599045],[4.8761138,43.3601376],[4.8756667,43.3603775],[4.874196,43.3607908],[4.8737481,43.3609254],[4.8734987,43.3610366],[4.8732576,43.3612505],[4.8728952,43.3618107],[4.8727182,43.3621042],[4.8726484,43.3622436],[4.8725639,43.3623489],[4.8726153,43.3625238],[4.8726296,43.3626882],[4.8727691,43.3629037],[4.8728067,43.3630588],[4.8727947,43.3631124],[4.8720624,43.3633201],[4.8715688,43.3634566],[4.8711719,43.3636155],[4.870833,43.3638209],[4.8706985,43.3639343],[4.8706408,43.3640737],[4.8705335,43.3641468],[4.870508,43.3642785],[4.8705161,43.3644003],[4.8704262,43.364569],[4.8703055,43.3647738],[4.8701473,43.3649151],[4.8700654,43.3651365],[4.8700645,43.3653273],[4.8699313,43.3656581],[4.8695964,43.3659342],[4.8694405,43.3659701],[4.8691991,43.3660831],[4.8689785,43.3662727],[4.8684561,43.3667793],[4.8680476,43.3673407],[4.8680256,43.3676323],[4.867862,43.3678536],[4.8678406,43.3679404],[4.8678821,43.3680379],[4.867994,43.3681154],[4.8680605,43.3682456],[4.8680028,43.3683606],[4.8678951,43.3684422],[4.8677333,43.3685244],[4.8672844,43.3686011],[4.8670104,43.368734],[4.8667663,43.3688325],[4.866659,43.3689183],[4.8666267,43.3690579],[4.8665678,43.3692088],[4.86645,43.3692986],[4.8662393,43.369394],[4.8659711,43.3695363],[4.8656398,43.369629],[4.8654051,43.3696416],[4.8652844,43.3696309],[4.865202,43.3695935],[4.865094,43.3694798],[4.8650645,43.3694379],[4.8649988,43.3694213],[4.8648888,43.3694389],[4.8647144,43.3693999],[4.8646447,43.3693267],[4.8646101,43.369237],[4.8647359,43.3689807],[4.8649988,43.3687067],[4.8651065,43.3685261],[4.8653461,43.36823],[4.8654789,43.3680818],[4.8655714,43.367918],[4.8659147,43.3676275],[4.8661521,43.3673935],[4.8662513,43.3672716],[4.8661847,43.3671428],[4.8660207,43.3669723],[4.8659402,43.3669128],[4.865841,43.3667442],[4.8657913,43.3666467],[4.8656894,43.3666057],[4.8655687,43.3666008],[4.8654842,43.3666701],[4.8654289,43.3666842],[4.8653314,43.3666379],[4.8651811,43.3665862],[4.8650758,43.3664951],[4.8650156,43.3662997],[4.865149,43.3660032],[4.8653126,43.3658258],[4.8655379,43.3656776],[4.8656693,43.3655255],[4.8657203,43.3653792],[4.8658276,43.3652934],[4.8659027,43.3652525],[4.8658852,43.3651382],[4.8657605,43.3650438],[4.8656157,43.3649327],[4.8654708,43.3649639],[4.8654298,43.3650246],[4.8650256,43.3652213],[4.8649532,43.3651998],[4.8648566,43.365075],[4.8647466,43.3650029],[4.8646286,43.3650107],[4.8646206,43.365075],[4.8645857,43.3654007],[4.8644087,43.3654826],[4.864314,43.3655857],[4.8639929,43.3659506],[4.8638213,43.3662157],[4.8637381,43.3663444],[4.8634514,43.3664107],[4.8631829,43.3664614],[4.8630707,43.3666006],[4.8628798,43.3672004],[4.8627135,43.3676255],[4.8625047,43.3678505],[4.8623365,43.3680712],[4.8621502,43.3685049],[4.8618848,43.3688462],[4.8614261,43.3692809],[4.8607314,43.3698113],[4.8605168,43.369901],[4.8603095,43.3698818],[4.8600769,43.3699107],[4.8599455,43.3698795],[4.8598829,43.3698064],[4.8599562,43.3695344],[4.8600072,43.3691737],[4.8600098,43.3690002],[4.8599579,43.3688387],[4.8600689,43.3685302],[4.860101,43.3684191],[4.8600152,43.3683645],[4.8600474,43.3681227],[4.8600125,43.3679745],[4.8599911,43.367762],[4.8600742,43.3676626],[4.8600045,43.3674832],[4.8598918,43.3673935],[4.8599187,43.367296],[4.8599024,43.3671477],[4.8594037,43.3670152],[4.8592497,43.3670301],[4.8583158,43.3673217],[4.8580062,43.3675709],[4.8576978,43.3678673],[4.8578035,43.3680542],[4.8575932,43.368462],[4.8575476,43.3686531],[4.8573893,43.3688266],[4.8573384,43.3689612],[4.8573625,43.3690625],[4.8573974,43.3693238],[4.8572552,43.3696046],[4.8571211,43.3697976],[4.8571299,43.3699753],[4.8570299,43.3702305],[4.8566812,43.3706029],[4.8564398,43.3707647],[4.8561955,43.3708408],[4.8555473,43.370998],[4.8553439,43.3710344],[4.8552784,43.3708778],[4.855155,43.37087],[4.8549566,43.3709382],[4.8548037,43.3710357],[4.8547929,43.3712034],[4.8548161,43.3713595],[4.8541704,43.3723985],[4.8538823,43.3729708],[4.8536852,43.373195],[4.8535345,43.3734433],[4.8533633,43.3736444],[4.8532306,43.3738345],[4.8528071,43.3744332],[4.8525077,43.3747499],[4.8523736,43.3749585],[4.8524594,43.3750579],[4.8524165,43.3751613],[4.8522475,43.3751632],[4.8520759,43.3753855],[4.851982,43.375715],[4.8518935,43.3758826],[4.851931,43.3759548],[4.8517594,43.3760776],[4.8516548,43.3762764],[4.8516816,43.3763778],[4.8516312,43.3764864],[4.8513319,43.3770014]]}},{"type":"Feature","properties":{},"geometry":{"type":"LineString","coordinates":[[5.6211021,43.1850828],[5.6210603,43.1851763],[5.62102,43.1853997],[5.6210691,43.1856453]]}},{"type":"Feature","properties":{},"geometry":{"type":"LineString","coordinates":[[5.6210691,43.1856453],[5.6211707,43.1858394],[5.6212322,43.1859204],[5.6213775,43.1860523],[5.6215078,43.1861382],[5.6217135,43.186251],[5.6220049,43.1863713],[5.6225172,43.186526],[5.6230143,43.1866784],[5.6232104,43.1867307],[5.6232724,43.1867462],[5.6240011,43.1869392],[5.6244754,43.1870463],[5.6245691,43.1870591],[5.6249261,43.1871078],[5.6253994,43.1871043],[5.625962,43.187091],[5.6263271,43.1870833],[5.6264477,43.1870755],[5.6264742,43.186989],[5.6264322,43.1869895],[5.6264141,43.1869782],[5.6264202,43.1869445],[5.6267653,43.1869631],[5.6267876,43.1869851],[5.6267635,43.1870066],[5.6267375,43.1870102],[5.6267385,43.1870301],[5.6267606,43.1870564],[5.6268182,43.1870659],[5.6269312,43.1870652],[5.6271084,43.1870498],[5.6272252,43.1870279],[5.6273091,43.1869904],[5.6274213,43.1868707],[5.6274416,43.1865357],[5.6273703,43.1864922],[5.627365,43.1864228],[5.6274602,43.1864091],[5.6276298,43.1863979],[5.6276593,43.186413],[5.627662,43.1864585],[5.6275441,43.1864732],[5.6275165,43.1870594],[5.6275478,43.1870715],[5.6282144,43.1869211],[5.6283969,43.1866741],[5.6284584,43.1866119],[5.6284414,43.1863756],[5.6280041,43.1864228],[5.627896,43.1863749],[5.6278726,43.1863021],[5.6279081,43.1862947],[5.6278879,43.1862296],[5.6276962,43.1862664],[5.6276175,43.1862616],[5.6274977,43.1862228],[5.6273033,43.1862111],[5.6272852,43.1861974],[5.6272836,43.1861659],[5.6273288,43.1861505],[5.6275044,43.1861476],[5.6275339,43.186127],[5.6278008,43.1860723],[5.6280449,43.1860322],[5.6280637,43.1860987],[5.6281993,43.1860761],[5.6281468,43.1859432],[5.6280945,43.1858757],[5.6280127,43.1858366],[5.6278024,43.1858036],[5.6277297,43.1857642],[5.6277244,43.1857153],[5.6277807,43.1856782],[5.6278589,43.1856549],[5.6279618,43.1856479],[5.6280637,43.1856645],[5.6281777,43.1857114],[5.628261,43.1857689],[5.6284346,43.1860241],[5.6284902,43.1860473],[5.629036,43.1860199],[5.6290676,43.1860478],[5.6290639,43.186062],[5.6289445,43.1860688],[5.6289526,43.1861104],[5.6289552,43.1861441],[5.6289673,43.1862673],[5.6290813,43.1862712],[5.6290813,43.1861647],[5.6290894,43.1861647],[5.6290937,43.1862745],[5.6291073,43.1862743],[5.6295724,43.1863715],[5.6296026,43.1863876],[5.6298212,43.1864385],[5.6299155,43.1865177],[5.6301032,43.1865392],[5.6304991,43.1866145],[5.6306788,43.1866379],[5.6311429,43.1867083],[5.6316086,43.1868819],[5.631848,43.1871117],[5.6319271,43.1870354],[5.6319422,43.1870428],[5.6318426,43.1871484],[5.6318708,43.1871655],[5.6318281,43.1872071],[5.6318502,43.1872215],[5.6318929,43.1872494],[5.6321165,43.1873449],[5.6324357,43.1874525],[5.632724,43.1875454],[5.632872,43.1876311],[5.6330808,43.187828],[5.6330875,43.1879111],[5.6331652,43.1879844],[5.633235,43.1879697],[5.6332904,43.1879498],[5.633416,43.1879561],[5.6336259,43.1879978],[5.6337164,43.1880587],[5.63375,43.1881614],[5.6337272,43.1883266],[5.6336898,43.1884016],[5.6337298,43.1884342],[5.6339189,43.1885662],[5.6341697,43.1886347],[5.6342422,43.1886972],[5.6346237,43.1887855],[5.6347096,43.1887853],[5.6352188,43.1888876],[5.6355129,43.1889154],[5.6357662,43.1889601],[5.6360769,43.1890046],[5.6366007,43.1890519],[5.6372131,43.1891208],[5.6380341,43.1892456],[5.6383802,43.1892787],[5.6389013,43.1893086],[5.6391901,43.1893196],[5.6397897,43.1893146],[5.640434,43.1893292],[5.6405672,43.1893405],[5.6406978,43.189344],[5.6412748,43.1893246],[5.642268,43.1892818],[5.6428765,43.1892427],[5.6432333,43.1891554],[5.6435119,43.1890091],[5.6435314,43.1889212],[5.6437615,43.188812],[5.6438616,43.1887644],[5.6437624,43.1886881],[5.6439957,43.1885316],[5.6440299,43.1885546],[5.6439997,43.1885761],[5.6440728,43.1886284],[5.644306,43.1885125],[5.6443543,43.1884304],[5.6444562,43.1883492],[5.6446104,43.188273],[5.6449905,43.1879519],[5.6450517,43.1878417],[5.6452904,43.1877919],[5.6457772,43.1877469],[5.6460226,43.1877273],[5.6461447,43.1877459],[5.6464102,43.1877048],[5.6465258,43.1876339],[5.6465926,43.1876168],[5.6467039,43.1876364],[5.6468233,43.1877048],[5.6470231,43.1877449],[5.6471089,43.1877616],[5.647239,43.1877694],[5.6473087,43.1877928],[5.6473117,43.1878517],[5.6472953,43.1879698],[5.6473222,43.1880383],[5.6474737,43.188102],[5.6475689,43.1882172],[5.6475998,43.1882426],[5.648096,43.1883248],[5.6483119,43.1883561],[5.6485399,43.1883453],[5.6486973,43.1883471],[5.64891,43.1883942],[5.6493204,43.1884617],[5.6496624,43.1884656],[5.65,43.18851518230791]]}},{"type":"Feature","properties":{},"geometry":{"type":"LineString","coordinates":[[5.1512102,43.3284841],[5.1523676,43.328651]]}},{"type":"Feature","properties":{},"geometry":{"type":"LineString","coordinates":[[5.1532756,43.3286228],[5.1528849,43.3281672],[5.1526824,43.3281379]]}},{"type":"Feature","properties":{},"geometry":{"type":"LineString","coordinates":[[5.1091261,43.3289687],[5.1098837,43.3295254],[5.1102953,43.3293102],[5.1105017,43.3292637],[5.1110869,43.3292271],[5.1114201,43.3291679],[5.1115421,43.3291704],[5.1117233,43.3291742],[5.1122996,43.3290717],[5.1123634,43.3291298],[5.1125848,43.3291142],[5.1127864,43.3290516],[5.1127757,43.3289436],[5.1129365,43.328599],[5.1130675,43.3285565],[5.1131498,43.3286495],[5.113042,43.3287551],[5.1131461,43.3287958],[5.1131107,43.3289189],[5.1132545,43.3290066],[5.1136335,43.3290239],[5.1137904,43.3289629],[5.1139621,43.3290103],[5.1141659,43.3289951],[5.1143054,43.328941],[5.1142119,43.3287662],[5.1141532,43.3286958],[5.1142064,43.3286426],[5.1143135,43.3286258],[5.1143841,43.3286972],[5.1144626,43.3290333],[5.1146346,43.3290473],[5.1149438,43.3290093],[5.1152569,43.3289493],[5.1154413,43.3288771],[5.1155641,43.3288106],[5.115405,43.3284783],[5.1153581,43.3284693],[5.1153753,43.3283821],[5.1155059,43.3283862],[5.115584,43.3284541],[5.1158188,43.328911],[5.1160704,43.3289],[5.1161356,43.3288041],[5.1162892,43.328763],[5.1166085,43.3287604],[5.1169951,43.3285434],[5.1174612,43.3284588],[5.1177402,43.3282749],[5.1178482,43.3283937],[5.1180632,43.3284079],[5.1181961,43.3283356],[5.1181512,43.3281876],[5.1190077,43.3277889],[5.1192834,43.3278983],[5.1189398,43.3281889],[5.1190319,43.3283757],[5.1191423,43.328412],[5.1192318,43.3283555],[5.1199063,43.3284895],[5.1201175,43.328377],[5.1202953,43.3284285],[5.1206807,43.3284774],[5.1209342,43.3286569],[5.1212398,43.3287708],[5.1215888,43.3287702],[5.1218407,43.3288096],[5.1222753,43.328716],[5.1224373,43.3287447],[5.1228271,43.3287643],[5.1230645,43.3289044],[5.1231594,43.3291935],[5.1230141,43.3295575],[5.1231727,43.3296999],[5.1233613,43.3297463],[5.1235216,43.3296622],[5.1237152,43.3296279],[5.1245227,43.3293538],[5.1245385,43.3292765],[5.1248901,43.3291599],[5.1251126,43.3289592],[5.1255228,43.3287701],[5.1259462,43.3286488],[5.1260435,43.328722],[5.1260465,43.3289909],[5.1259728,43.329449],[5.1261421,43.3296878],[5.1261242,43.3297638],[5.1264364,43.3298622],[5.1266772,43.3298245],[5.1270904,43.3296301],[5.127224,43.3294822],[5.1275388,43.3293094],[5.1280735,43.3291957],[5.1281829,43.3290805],[5.1284311,43.3289968],[5.128579,43.328824],[5.1287613,43.328701],[5.1288168,43.3285593],[5.1288821,43.3285559],[5.1291242,43.3286354],[5.1294761,43.3285963],[5.1297585,43.3283966],[5.1296208,43.3281549],[5.1298323,43.328033],[5.1299192,43.328107],[5.12986,43.328294],[5.1300797,43.3283493],[5.1303023,43.3282701],[5.1302065,43.3281762],[5.130249,43.3281077],[5.130481,43.3281285],[5.1304719,43.3283061],[5.1305413,43.3284942],[5.1308349,43.3286089],[5.1313066,43.328594],[5.132073,43.3284116],[5.1330315,43.3280657],[5.1332307,43.3280749],[5.1334176,43.3281188],[5.1333984,43.3282066],[5.1332936,43.3282502],[5.1333544,43.328445],[5.1333489,43.3285547],[5.1332832,43.3286204],[5.1333407,43.328767],[5.1335324,43.3289376],[5.1339383,43.3290722],[5.1342899,43.3286856],[5.1344155,43.3284914],[5.1344806,43.3286395],[5.1343454,43.3287925],[5.134189,43.3290855],[5.1342339,43.3292284],[5.134326,43.3293166],[5.1347314,43.3293851]]}},{"type":"Feature","properties":{},"geometry":{"type":"LineString","coordinates":[[4.9837024,43.4021767],[4.9837733,43.4022376],[4.9837636,43.4022961],[4.9836734,43.4023172],[4.9836219,43.4022938],[4.9826361,43.4023429],[4.982657,43.4025822],[4.9827746,43.4026238],[4.9826228,43.4036014],[4.9838184,43.4040024],[4.9838995,43.4040014],[4.9839628,43.4046102],[4.9843824,43.4045892],[4.9843298,43.4039773],[4.9845669,43.4039664],[4.9848341,43.4033602],[4.9854567,43.4033291],[4.9857881,43.4034211],[4.9862153,43.4033962],[4.9861991,43.4032136],[4.9859479,43.4028766],[4.9859801,43.4028625],[4.9856515,43.4023968],[4.9855645,43.4023172],[4.9853799,43.4021964],[4.9853457,43.4021863],[4.9845368,43.4022329],[4.9845078,43.4022516],[4.9844144,43.4022423],[4.9843725,43.4022048],[4.9843693,43.4021487],[4.9844337,43.4021065]]}},{"type":"Feature","properties":{},"geometry":{"type":"LineString","coordinates":[[4.9844337,43.4021065],[4.9853884,43.4020599],[4.9854389,43.4020698],[4.9857291,43.4022623],[4.9857795,43.4023202],[4.9859458,43.4025657],[4.986354,43.4031081],[4.9863887,43.4031991],[4.9864165,43.4034038],[4.9867255,43.4030302],[4.987071,43.4026124],[4.9871767,43.4025827],[4.9873009,43.4024506],[4.9873238,43.4023771],[4.9874137,43.4023429],[4.9875941,43.4023546],[4.9878196,43.4023453],[4.9879227,43.4022938],[4.9882384,43.4022633],[4.9882914,43.402274],[4.9883318,43.4022821],[4.9886571,43.4022732],[4.9888061,43.4047209],[4.9889347,43.4048464],[4.989041,43.404933],[4.9891906,43.4049641],[4.9908741,43.4050126],[4.9908867,43.4050354],[4.991134,43.4050395],[4.991137,43.404986],[4.9913198,43.4049896],[4.9913176,43.4050469],[4.9917141,43.4050513],[4.9917103,43.4049929],[4.9915829,43.4045364],[4.9915923,43.404497],[4.9916547,43.4044926],[4.9916708,43.4044989],[4.9918371,43.4050173],[4.9918668,43.4050519],[4.9921687,43.4050601],[4.9922093,43.4050348],[4.9922169,43.4050336],[4.9922564,43.4050274],[4.9925802,43.4049762],[4.9926218,43.4049696],[4.9929456,43.4049184],[4.9929849,43.4049122],[4.9933105,43.4048607],[4.9933484,43.4048547],[4.9936724,43.4048034],[4.9937169,43.4047964],[4.9940149,43.4047493],[4.9939936,43.4043416],[4.9939854,43.4041842],[4.9943557,43.404175],[4.9943523,43.4040848],[4.9939809,43.4040984],[4.9939731,43.4039483],[4.9916442,43.4039964],[4.9915616,43.4039488],[4.9915411,43.403861],[4.9916085,43.4038083],[4.991694,43.4038055],[4.9917164,43.4038617],[4.9917465,43.4038715],[4.9932781,43.4038539],[4.9937864,43.4038383],[4.9938789,43.4037955],[4.9939666,43.4038031],[4.9939925,43.4038357],[4.9942065,43.40383],[4.9946641,43.4038161],[4.9949267,43.4038065],[4.9953896,43.4037897],[4.9954367,43.403688],[4.9969747,43.4036446],[4.9973695,43.4037382],[4.9974728,43.4037898],[4.9975068,43.4038068],[4.9975583,43.4038379],[4.9977641,43.403819],[4.9983539,43.4037954],[4.9986567,43.4037833],[4.9993198,43.4037672],[4.9997884,43.4037573],[4.9998246,43.4037566],[5.0000818,43.4037506],[5.0001895,43.403755],[5.0001714,43.4037229],[5.0001439,43.4037185],[5.0000721,43.4036863],[5.0000681,43.4036508],[5.0000433,43.4036298],[4.9999769,43.4036269],[4.9999769,43.4035801],[5.0000331,43.4035811],[5.0000843,43.4035489],[5.000262,43.403545],[5.0004143,43.4035721],[5.0007427,43.4036134],[5.0009143,43.4035885],[5.0011289,43.4035573],[5.0014722,43.4035573],[5.0015924,43.4035573],[5.0017984,43.4035261],[5.0018585,43.4035573],[5.0020044,43.403601],[5.0020988,43.4036072],[5.0022447,43.4035823],[5.0027768,43.4035698],[5.0029485,43.4035324],[5.003103,43.4035573],[5.0032232,43.4035823],[5.0032938,43.4034828],[5.0038336,43.4035137],[5.0045075,43.4035018]]}},{"type":"Feature","properties":{},"geometry":{"type":"LineString","coordinates":[[5.1087242,43.3284762],[5.1085123,43.3284957],[5.1080354,43.3287601],[5.1075244,43.3293683],[5.1076002,43.3294452],[5.1077912,43.3293737],[5.1077506,43.3294529],[5.1078128,43.3295047],[5.1079909,43.3295579],[5.1081553,43.3293816],[5.1082623,43.3294365],[5.1079655,43.3297707],[5.108413,43.3301541],[5.1083649,43.3301799],[5.1082258,43.3300615],[5.108004,43.3301838],[5.1081277,43.3302815],[5.1080898,43.3303032],[5.1079787,43.3301994],[5.1079306,43.3302205],[5.1080529,43.3303332],[5.1080309,43.3303424],[5.1079029,43.3302359],[5.107565,43.330437],[5.1071886,43.3305331],[5.1071093,43.3305739],[5.1070261,43.3306457],[5.1068436,43.3310163],[5.1071262,43.3310967],[5.107321,43.3311521],[5.1076132,43.3306214],[5.107777,43.3305609],[5.1078546,43.3305838],[5.1077817,43.3307885],[5.1077716,43.3308988],[5.1081857,43.331066],[5.108489,43.3310152],[5.1080482,43.3307045],[5.1080769,43.3306868],[5.1085013,43.3309964],[5.1085981,43.3308766],[5.1087295,43.3308501],[5.108177,43.3304574],[5.1082004,43.3304461],[5.1087839,43.3308562],[5.1090218,43.3308499],[5.109135,43.330798],[5.1085028,43.3303562],[5.1085263,43.3303358],[5.1091471,43.3307812],[5.1093255,43.3306459],[5.1087114,43.3302018],[5.1087414,43.3301885],[5.109267,43.3305628],[5.1094802,43.3303937],[5.1095282,43.3303011],[5.1084849,43.329557],[5.1085058,43.32954],[5.1094054,43.3301778],[5.1095792,43.3300731],[5.1095368,43.3298638],[5.10877,43.3293167],[5.108785,43.3293011],[5.1095072,43.3298164],[5.1096995,43.3296656],[5.1088459,43.329055],[5.1086875,43.3290554],[5.1085506,43.3291238],[5.1084417,43.3291209],[5.1083945,43.3290437],[5.1084517,43.3289441],[5.1088171,43.3288813],[5.1091261,43.3289687]]}},{"type":"Feature","properties":{},"geometry":{"type":"LineString","coordinates":[[5.5461856,43.1455315],[5.5461983,43.1455276],[5.5462102,43.1455306],[5.5462284,43.1455307],[5.5462356,43.1455269],[5.5462449,43.1455276],[5.5462456,43.1455333],[5.5462393,43.1455363],[5.5462287,43.1455369],[5.5462124,43.1455365],[5.5461999,43.1455384],[5.5461876,43.1455362],[5.5461856,43.1455315]]}},{"type":"Feature","properties":{},"geometry":{"type":"LineString","coordinates":[[5.3608945,43.3111161],[5.3600777,43.3121043],[5.3600653,43.3121137],[5.3600476,43.3121163]]}},{"type":"Feature","properties":{},"geometry":{"type":"LineString","coordinates":[[5.3515579,43.3227543],[5.3512701,43.3230974],[5.3514527,43.3231769],[5.351278,43.3234022],[5.3510821,43.3233253],[5.3510502,43.3233639],[5.3501645,43.3229756],[5.3498179,43.3233876]]}},{"type":"Feature","properties":{},"geometry":{"type":"LineString","coordinates":[[5.3469337,43.3282842],[5.3464063,43.3289172],[5.3454208,43.3284687],[5.3451631,43.3287722]]}},{"type":"Feature","properties":{},"geometry":{"type":"LineString","coordinates":[[5.3427176,43.3351944],[5.3427324,43.3351896],[5.3468657,43.3349833],[5.3468525,43.3348417],[5.3468402,43.3347106],[5.3468818,43.3346794],[5.3474544,43.3346531],[5.3475,43.3346823],[5.347509,43.3348048],[5.3475201,43.3349564],[5.3511447,43.334781],[5.3512174,43.3346935],[5.3526056,43.333023],[5.3524152,43.332944],[5.3524219,43.3329343],[5.3523414,43.3329255],[5.3452222,43.3332686],[5.3452106,43.3332644],[5.3452033,43.3332582],[5.3451891,43.3330836]]}},{"type":"Feature","properties":{},"geometry":{"type":"LineString","coordinates":[[5.3451631,43.3287722],[5.3444023,43.3296911],[5.3405738,43.334235],[5.3405825,43.3342606],[5.3412581,43.334553],[5.3412258,43.3345905],[5.3411094,43.3345394],[5.3409155,43.3347781],[5.341053,43.3348414],[5.3412929,43.3346505],[5.3412949,43.3346425],[5.341322,43.334605],[5.3413296,43.3345945],[5.3413408,43.3345865],[5.3413697,43.3346009],[5.3413776,43.3346148],[5.3411011,43.3348428],[5.3407666,43.3351154]]}},{"type":"Feature","properties":{},"geometry":{"type":"LineString","coordinates":[[5.3400437,43.3356531],[5.3399841,43.3356708],[5.3398947,43.3356765],[5.3397875,43.3356708],[5.339718,43.335639],[5.3396922,43.3355942],[5.3396822,43.3355711],[5.3393943,43.3354166],[5.3393665,43.3353862],[5.3393663,43.3353361],[5.3393345,43.3353241],[5.339305,43.3353429],[5.3392514,43.3353501],[5.338909,43.335249],[5.335356,43.3370571]]}},{"type":"Feature","properties":{},"geometry":{"type":"LineString","coordinates":[[5.3218145,43.3523347],[5.3218383,43.3523391],[5.3221628,43.3526202],[5.3226056,43.3530039],[5.3226228,43.3529955],[5.3226069,43.3529805],[5.3226574,43.3529503],[5.3226443,43.3529373],[5.3226651,43.3529242],[5.3226788,43.3529361],[5.3227244,43.3529078],[5.322712,43.3528954],[5.3227338,43.3528825],[5.3227472,43.3528937],[5.3227742,43.3528763],[5.3226368,43.352757],[5.3226574,43.3527445],[5.3227669,43.3528359],[5.3227932,43.3528162],[5.3228428,43.3527847],[5.322878,43.3527496],[5.3228908,43.352723],[5.3229139,43.3526987],[5.3229236,43.352655],[5.3229279,43.3526231],[5.3229551,43.3525881],[5.3229668,43.3525142],[5.3230054,43.3524832],[5.3230332,43.3524966],[5.3230884,43.3524598],[5.3229841,43.3523651],[5.3229659,43.3523756],[5.3229495,43.3523594],[5.3230631,43.3522884]]}},{"type":"Feature","properties":{},"geometry":{"type":"LineString","coordinates":[[5.5967521,43.1659188],[5.5966931,43.165907],[5.5966931,43.1658581],[5.5966797,43.1657818],[5.5966126,43.1656312],[5.5965268,43.165418],[5.5965697,43.1654043],[5.5966287,43.1654238],[5.5966743,43.1654806],[5.5967146,43.1654493],[5.5967628,43.1654923],[5.5968567,43.1656664],[5.5969774,43.1659403],[5.5970284,43.1660557],[5.5969721,43.1661144],[5.5969184,43.166044],[5.5968862,43.1659775],[5.5968567,43.1659364],[5.596846,43.165907],[5.5967521,43.1659188]]}},{"type":"Feature","properties":{},"geometry":{"type":"LineString","coordinates":[[5.5976508,43.1645983],[5.5976009,43.1645249],[5.5975446,43.1644552],[5.5975394,43.1643958],[5.5975211,43.1643235],[5.5975383,43.1642716],[5.5975461,43.1641913],[5.5975648,43.1641345],[5.5975541,43.1641091],[5.597597,43.1641032],[5.5976265,43.1641326],[5.5976641,43.164158],[5.5976876,43.1641883],[5.5977513,43.1642187],[5.5977689,43.1642423],[5.597766,43.1642837],[5.5978143,43.1643243],[5.5978196,43.1643517],[5.5978485,43.164383],[5.5978733,43.1644006],[5.5978813,43.1644358],[5.5978626,43.1644847],[5.5978196,43.164516],[5.5977465,43.1645649],[5.5976883,43.1645904],[5.5976508,43.1645983]]}},{"type":"Feature","properties":{},"geometry":{"type":"LineString","coordinates":[[5.3603452,43.3064826],[5.360341,43.3064714],[5.3602937,43.3064788],[5.3602708,43.3064117],[5.3603161,43.3064028],[5.3602682,43.3062747],[5.3602255,43.3062749],[5.3601897,43.3062674],[5.3601601,43.3062559],[5.3601328,43.3062365],[5.3601135,43.3062088],[5.3599318,43.305729],[5.3599276,43.3056874],[5.3599387,43.3056588],[5.3599552,43.3056378],[5.3599754,43.3056232],[5.3600158,43.3056019],[5.3596648,43.3046937],[5.3596434,43.304697],[5.3592777,43.3037408],[5.3586246,43.3015208],[5.358584,43.3015194],[5.358546,43.3015098],[5.3585246,43.3014984],[5.3584951,43.3014772],[5.358478,43.301451],[5.3583353,43.3009698],[5.3583294,43.3009385],[5.3583338,43.3009118],[5.3583502,43.3008881],[5.3583735,43.3008681],[5.358407,43.3008505],[5.3584065,43.3008307],[5.3584256,43.3008264],[5.3580031,43.299426],[5.3579459,43.2994273],[5.3579209,43.2994247],[5.3578595,43.2994131],[5.3578013,43.2993948],[5.3575689,43.2992902]]}},{"type":"Feature","properties":{},"geometry":{"type":"LineString","coordinates":[[5.3615076,43.2960831],[5.3612343,43.2961235],[5.3611825,43.2961314],[5.3611711,43.2960986],[5.3610618,43.2958214],[5.3610378,43.2958123],[5.3609983,43.2957951],[5.3609639,43.2957708],[5.3609368,43.2957418],[5.3609186,43.2957094],[5.3609099,43.2956749],[5.3609067,43.2956622],[5.3609108,43.29564],[5.3609214,43.2956058],[5.3609281,43.2955883],[5.3609543,43.2955562],[5.3609841,43.2955318],[5.3610244,43.295512],[5.3610472,43.295505],[5.3610927,43.295494],[5.3612108,43.2953546]]}},{"type":"Feature","properties":{},"geometry":{"type":"LineString","coordinates":[[5.3528909,43.2885607],[5.3528389,43.288523],[5.3528255,43.2884858],[5.3528376,43.2884576],[5.3528517,43.2884415],[5.3528537,43.2884249],[5.3528398,43.2884081],[5.3527705,43.2884352],[5.3527364,43.2884279],[5.3526854,43.288422],[5.3526083,43.2883766],[5.3525372,43.2883131],[5.3525016,43.2883268],[5.3524674,43.2883009],[5.3524493,43.2882692],[5.3524646,43.2882444],[5.3524306,43.2881882],[5.3523944,43.2881491],[5.3523286,43.2881369],[5.3521778,43.2880549],[5.3520812,43.2879119],[5.352037,43.2878783],[5.3520491,43.2877655],[5.351992,43.2876639],[5.3519699,43.2875658],[5.3519609,43.2875107],[5.352006,43.2874976],[5.3519774,43.2874512],[5.351923,43.2874103],[5.3518623,43.2873524],[5.3518665,43.2873361],[5.3518351,43.2872816],[5.3518524,43.2872484],[5.3517939,43.2872168],[5.3517967,43.287171],[5.3517852,43.2871615],[5.3517602,43.2871639],[5.3517505,43.2872026],[5.3517151,43.2872119],[5.3515811,43.2871079],[5.3515129,43.2869776],[5.3513803,43.2868597],[5.3513808,43.2867835],[5.3513811,43.2867266],[5.3512878,43.2867242],[5.3512129,43.2867156],[5.3512011,43.2866941],[5.3511607,43.2866944],[5.3511501,43.2866627],[5.3512088,43.2865308],[5.3511461,43.2864797],[5.3511657,43.2864715],[5.3511738,43.2864645],[5.3511073,43.2864233],[5.3510986,43.2864173],[5.3510334,43.2864299],[5.3510186,43.286397],[5.3510383,43.2863757],[5.3509841,43.2863521],[5.350939,43.2863562],[5.3509132,43.2863349],[5.3509141,43.2862879],[5.3508227,43.2862951],[5.3508215,43.2862474],[5.3506633,43.2862679],[5.3506802,43.2864065],[5.3506417,43.286422],[5.3505892,43.2863947],[5.3505072,43.286414],[5.3505225,43.286371],[5.3505092,43.2863545],[5.3505134,43.2863185],[5.3505266,43.2862568],[5.3504152,43.2862292],[5.3503221,43.2861939],[5.3502384,43.2861791],[5.3501849,43.2862329],[5.3501223,43.2862181],[5.3500859,43.2861772],[5.3500891,43.2861352],[5.3501079,43.2861217],[5.3501022,43.2861148],[5.350071,43.2861237],[5.3500322,43.2860875],[5.3499895,43.2860714],[5.3499382,43.2860357],[5.3499002,43.2860437],[5.3498623,43.2860092],[5.3498402,43.2860041],[5.3498354,43.2859851],[5.349803,43.2859828],[5.3497734,43.2859679],[5.3497794,43.2858892],[5.3497378,43.2858603],[5.3496845,43.285881],[5.3496519,43.2858778],[5.3495613,43.285889],[5.3495075,43.2858464],[5.349472,43.285839],[5.3494601,43.2858177],[5.3494222,43.2858108],[5.3493969,43.2857918],[5.3493242,43.2857469],[5.3493045,43.2857027],[5.3493171,43.2856664],[5.3493511,43.2856653],[5.3494269,43.2857239],[5.3494562,43.2857354],[5.3494933,43.2857153],[5.3495997,43.2857317],[5.349648,43.2857141],[5.3496763,43.285735],[5.3497375,43.2857073],[5.3497375,43.2856963],[5.3500227,43.2856331],[5.3500249,43.2856158],[5.3500796,43.2856233],[5.3501302,43.2856135],[5.3501499,43.2856256],[5.350234,43.285605],[5.3502674,43.2855688],[5.3503095,43.2855767],[5.3503243,43.2855854],[5.3504818,43.2855525],[5.3506437,43.2855072],[5.3510621,43.2855286],[5.3512989,43.2855107],[5.3513608,43.2854254],[5.3513739,43.2854073],[5.3513572,43.2852585],[5.351216,43.285273],[5.3511742,43.285227],[5.3511723,43.2852179],[5.3509817,43.2852432],[5.3508197,43.2852577],[5.3504534,43.2852742],[5.3502984,43.2852678],[5.3502543,43.2852711],[5.3501719,43.2852512],[5.3501288,43.2852333],[5.3500634,43.285193],[5.3500014,43.285145],[5.349982,43.2851385],[5.3499202,43.2851561],[5.3498931,43.2851377],[5.3499721,43.2850624],[5.3498324,43.284959],[5.3496112,43.2848482],[5.3495757,43.284797],[5.3494799,43.284829],[5.3494999,43.2848617],[5.3494686,43.2848714],[5.349502,43.2849291],[5.3496018,43.2849893],[5.3497106,43.2850443],[5.3497936,43.2851858],[5.3498497,43.2851836],[5.3498514,43.2852057],[5.3498251,43.2852263],[5.3497537,43.2852486],[5.3496381,43.2852631],[5.3495522,43.2852283],[5.3494686,43.2852097],[5.3492101,43.285363],[5.3490171,43.2855078],[5.3489064,43.2856439],[5.3488363,43.2857491],[5.3487938,43.285768],[5.3487491,43.2857503],[5.3487474,43.2856998],[5.3487963,43.2855855],[5.3489021,43.285439],[5.3491015,43.2852877],[5.34938,43.2851167],[5.3493867,43.2850649],[5.3493902,43.285052],[5.3494217,43.2850443],[5.3494642,43.2850542],[5.3495204,43.2850539],[5.3495166,43.2850195],[5.3495471,43.2849992],[5.3495651,43.2849975],[5.3494789,43.284944],[5.3494583,43.2849733],[5.3494583,43.2849969],[5.3494295,43.2850156],[5.3493863,43.2850105],[5.3493885,43.2849882],[5.3494102,43.2849814],[5.3493949,43.284964],[5.3493361,43.2849399],[5.3493165,43.2848928],[5.3493195,43.2848361],[5.3493561,43.284803],[5.3493387,43.2847766],[5.3493268,43.2847373],[5.3493494,43.2847274],[5.3493588,43.2847532],[5.3494866,43.2847104],[5.3495097,43.2847001],[5.3494468,43.284618],[5.3494036,43.284591],[5.3493812,43.2845948],[5.3493064,43.2845427],[5.3493296,43.2845117],[5.349314,43.2844842],[5.349326,43.2844747],[5.349349,43.2844823],[5.3493631,43.284436],[5.3493485,43.2843968],[5.3493644,43.2843355],[5.349365,43.284245],[5.349385,43.284225],[5.3493759,43.2840913],[5.3493461,43.2840591],[5.3492635,43.2840193],[5.3492371,43.2839435],[5.3492648,43.283908],[5.3493318,43.2838774],[5.34937,43.2838621],[5.3493731,43.2838227],[5.3493968,43.2838113],[5.3493767,43.2837786],[5.3491946,43.2838231],[5.3490845,43.2837561],[5.3490232,43.283738],[5.3489328,43.2836753],[5.3488912,43.283634],[5.3489187,43.2836131],[5.3488472,43.2835685],[5.3488294,43.2835731],[5.3488013,43.2835476],[5.3487988,43.283465],[5.3487534,43.2834688],[5.3486942,43.2834613],[5.3486878,43.2834436],[5.3486434,43.2834396],[5.3486194,43.2834614],[5.3485891,43.2834463],[5.3485859,43.2834062],[5.3485532,43.2833877],[5.3485381,43.2834097],[5.3485174,43.2833941],[5.348503,43.2833447],[5.3484933,43.2833356],[5.3484472,43.2833488],[5.3484155,43.283322],[5.3483543,43.2832846],[5.3483259,43.2832242],[5.3483103,43.2831246],[5.3483327,43.2831105],[5.3483116,43.2830795],[5.3483005,43.2830457],[5.3482616,43.2830668],[5.3482457,43.2830584],[5.3482442,43.2830036],[5.3482953,43.2829702],[5.3483285,43.2829289],[5.348319,43.2828712],[5.3483016,43.2828056],[5.3483122,43.2827567],[5.3483487,43.2827054],[5.3483627,43.282697],[5.3483998,43.2826325],[5.3484254,43.2825597],[5.3484139,43.282557],[5.3484308,43.2825249],[5.3484411,43.2825276],[5.3485958,43.2823736],[5.3485406,43.2823302],[5.3485717,43.2823069],[5.3485093,43.2822574],[5.3482293,43.2824067],[5.348153,43.2824536],[5.3480857,43.2825394],[5.3481421,43.282786],[5.3480918,43.2828281],[5.3480652,43.2828858],[5.3480435,43.2828868],[5.3479844,43.2828277],[5.3478908,43.2827132],[5.3475839,43.2827393],[5.3476062,43.2829771],[5.3475707,43.282978],[5.3475501,43.2828058],[5.3475228,43.2828082],[5.3475242,43.2828356],[5.3470574,43.282889],[5.3471602,43.283096],[5.347145,43.2831319],[5.3470596,43.2831278],[5.3467314,43.2829648],[5.3466274,43.2828551],[5.3466011,43.2828273],[5.3465495,43.2827704],[5.3465945,43.2826279],[5.3465256,43.2825359],[5.3463331,43.2826226],[5.346223,43.2826722],[5.3461806,43.2826723],[5.3461648,43.282519],[5.3461125,43.2824307],[5.3460472,43.2824714],[5.3460513,43.2826325],[5.3460085,43.2826493],[5.3459635,43.2826351],[5.3458751,43.2824646],[5.3458282,43.2824767],[5.3457784,43.2825136],[5.3457082,43.2824809],[5.3457026,43.2824013],[5.3457896,43.2823819],[5.3458522,43.2824066],[5.3458468,43.2822967],[5.3457878,43.2821526]]}},{"type":"Feature","properties":{},"geometry":{"type":"LineString","coordinates":[[5.3548722,43.2781075],[5.3549824,43.2780154],[5.3549831,43.2779639],[5.3550076,43.2779408],[5.3550537,43.2779227],[5.3551391,43.2777852],[5.3553281,43.2776337],[5.3553845,43.2776181],[5.3554623,43.2775663],[5.3557343,43.2775442],[5.3559066,43.277419],[5.3559804,43.2774459],[5.3560347,43.2774831],[5.3562702,43.277392],[5.3561846,43.2773796],[5.3561568,43.2773529],[5.3562546,43.2772877],[5.3563323,43.2772824],[5.3564167,43.2772203],[5.3564646,43.277155],[5.3565115,43.2771365],[5.3566033,43.276962],[5.3565777,43.2769282],[5.356591,43.2768898],[5.3566228,43.276889],[5.356697,43.2769198],[5.3567134,43.276911],[5.3567173,43.2768958],[5.3567726,43.2769036],[5.3567607,43.2769325],[5.3567373,43.2769434],[5.3567375,43.2769567],[5.3567757,43.2769673],[5.356832,43.2769562],[5.3568813,43.2769304],[5.357079,43.2768926],[5.3571736,43.2768634],[5.3571634,43.2767796],[5.3571659,43.27672],[5.3571737,43.2766866],[5.3572323,43.2766478],[5.3572961,43.2766281],[5.3573515,43.2766219],[5.3575212,43.2765783],[5.3575317,43.2765525],[5.3575923,43.2765508],[5.3576042,43.2765557],[5.3576563,43.2765193],[5.3576546,43.2764991],[5.3576645,43.2764854],[5.3577567,43.2764035],[5.3580553,43.2763316],[5.3581338,43.2763531],[5.3582015,43.2763253],[5.3582576,43.2763125],[5.358318,43.2762839],[5.3583485,43.2762881],[5.3583708,43.2762815],[5.3584052,43.2762606],[5.3584103,43.2762391],[5.3583903,43.2762275],[5.3583914,43.2762084],[5.3584197,43.2761982],[5.358473,43.2761486],[5.3584918,43.2761374],[5.3585037,43.2761402],[5.358517,43.2761343],[5.358517,43.2761121],[5.3585243,43.2760981],[5.3585382,43.2760953],[5.3585491,43.276087],[5.3585584,43.2760714],[5.3585973,43.2760688],[5.3586034,43.2760611],[5.3586036,43.2760466],[5.3586222,43.276036],[5.3586374,43.2760328],[5.3586432,43.2760257],[5.3586474,43.2760153],[5.3586672,43.2760059],[5.3586857,43.276],[5.3586914,43.2759846],[5.3586836,43.2759641],[5.3586866,43.2759524],[5.3587093,43.2759368],[5.3587277,43.2759352],[5.3587427,43.2759293],[5.3587527,43.2759125],[5.3587674,43.2759017],[5.358771,43.2758873],[5.3588049,43.2758716],[5.3588107,43.2758366],[5.3588264,43.2758227],[5.3588449,43.2757926],[5.3588378,43.2757698],[5.358858,43.2757601],[5.3588685,43.2757413],[5.3588769,43.2757189],[5.3588996,43.2757092],[5.3589078,43.2756861],[5.3589234,43.2756727],[5.3589228,43.2756605],[5.358945,43.2756531],[5.3589431,43.2756362],[5.3589542,43.275611],[5.3589608,43.2755858],[5.3589505,43.2755631],[5.3589194,43.2755195],[5.3589094,43.2754877],[5.3588794,43.2754524],[5.3588928,43.2754154],[5.3589095,43.2754011],[5.3589078,43.2753892],[5.3589159,43.2753877],[5.3589213,43.2753897],[5.3589416,43.2753779],[5.3589927,43.275368],[5.3590611,43.2753666],[5.3590772,43.2753629],[5.3590807,43.2753566],[5.3590999,43.275355],[5.3591086,43.2753504],[5.3591192,43.2753514],[5.3591465,43.2753494],[5.3591589,43.2753514],[5.3591794,43.2753552],[5.359192,43.275362],[5.3592073,43.2753639],[5.3592141,43.2753739],[5.359249,43.2753892],[5.3592653,43.2753993],[5.3592825,43.275402],[5.3592858,43.2754065],[5.3592963,43.2754088],[5.3593139,43.2754164],[5.3593183,43.2754252],[5.3593266,43.2754266],[5.3593331,43.2754226],[5.3593489,43.2754203],[5.3593755,43.2754083],[5.3593893,43.2753981],[5.3594004,43.2753827],[5.3594122,43.2753749],[5.359442,43.2753689],[5.3594989,43.2753778],[5.3595339,43.275379],[5.359631,43.2753568],[5.3596509,43.2753539],[5.3597443,43.2753323],[5.3597633,43.2753235],[5.3598422,43.2753124]]}},{"type":"Feature","properties":{},"geometry":{"type":"LineString","coordinates":[[5.3650932,43.2925226],[5.3652025,43.2920984],[5.3653458,43.2921125],[5.3655497,43.291688],[5.3655652,43.2916527],[5.3655737,43.2916269],[5.3655787,43.2916012],[5.3655803,43.2915815],[5.3655786,43.2915679],[5.365567,43.2915177],[5.365559,43.2914948],[5.3655397,43.2914636],[5.3655095,43.2914258],[5.3654821,43.2913999],[5.3654525,43.2913792],[5.3653973,43.2913479],[5.3653252,43.2913135],[5.3652837,43.2912965],[5.3652023,43.2912683],[5.3651476,43.2912507],[5.3650943,43.2912364],[5.3650737,43.2912317],[5.3650061,43.2912186],[5.364971,43.2912117],[5.3649336,43.2912056],[5.3644569,43.2911601],[5.3644208,43.2911549],[5.3643848,43.2911539],[5.3643394,43.2911591],[5.3643002,43.2911685],[5.36426,43.2911847],[5.3642284,43.2912033],[5.3642029,43.2912252],[5.3641847,43.291252],[5.3641727,43.2912813],[5.364168,43.2913156],[5.3641716,43.2913437],[5.3641822,43.2913708],[5.3645046,43.2919781],[5.3645966,43.29203],[5.3648731,43.2920614],[5.3650797,43.2920848],[5.3650093,43.2923719]]}},{"type":"Feature","properties":{},"geometry":{"type":"LineString","coordinates":[[5.3733005,43.2594333],[5.3735004,43.2593642],[5.3736456,43.2593141],[5.3737207,43.2592882],[5.3737661,43.2592627],[5.3738045,43.2592626],[5.3738738,43.2592982],[5.3739387,43.259368],[5.3742604,43.2596345],[5.374371,43.2596871],[5.3745496,43.2596377],[5.3748387,43.2594808],[5.3751087,43.2592369],[5.3753307,43.2589389],[5.3754024,43.2588426],[5.3755425,43.2584708],[5.3756679,43.2580915],[5.3756797,43.2578616],[5.3756635,43.2576531],[5.3746101,43.257464],[5.3745186,43.2574586],[5.3744522,43.2574178],[5.3744433,43.2573469],[5.3744817,43.2573017],[5.3745451,43.2572931],[5.3746292,43.2573146],[5.3750128,43.2573963],[5.3751123,43.2572679],[5.3751668,43.2571413],[5.3752369,43.2569547],[5.3752362,43.2566328],[5.3751475,43.2562587],[5.3750904,43.2560937],[5.3749877,43.2559381],[5.3747605,43.255636],[5.374585,43.2554863],[5.3743933,43.2553533],[5.3742181,43.2552605],[5.3740169,43.2552655],[5.3730889,43.2554707],[5.37308,43.2555287],[5.3731302,43.2555878],[5.3732232,43.2556416],[5.3732689,43.2557286],[5.3732423,43.2558049],[5.3731671,43.2558522],[5.3730446,43.2558672],[5.3729207,43.2558296],[5.3728189,43.2557222],[5.3719809,43.2545251],[5.3718909,43.2543714],[5.3718717,43.2542522],[5.3719676,43.2541931],[5.3721018,43.254164],[5.3722184,43.2542135],[5.3722265,43.2542346],[5.3722538,43.2543059],[5.3722509,43.2544112],[5.3724574,43.2546691],[5.3726271,43.2549678],[5.3726861,43.2550119],[5.3730063,43.2549839],[5.373263,43.254913],[5.3734632,43.2548188],[5.3737159,43.2546637],[5.3739225,43.254451],[5.3740848,43.2542027],[5.3741986,43.2539631],[5.3742323,43.2538922],[5.3742722,43.2536139],[5.3742614,43.2533185],[5.3741468,43.2531013],[5.37398,43.252896],[5.3738345,43.2527734]]}},{"type":"Feature","properties":{},"geometry":{"type":"LineString","coordinates":[[5.3640567,43.2463505],[5.3639475,43.2464026],[5.3638289,43.2464111],[5.3637621,43.2463874],[5.3636837,43.2463261],[5.3636346,43.2462661],[5.3618049,43.2421999],[5.3618147,43.2420579],[5.3618707,43.2419207],[5.3619744,43.241786],[5.3621295,43.2416781],[5.3623852,43.2415884]]}},{"type":"Feature","properties":{},"geometry":{"type":"LineString","coordinates":[[5.373483,43.2476623],[5.3734985,43.2476218],[5.3735182,43.2476013],[5.3735683,43.247595],[5.3736078,43.2475989],[5.3736396,43.247591],[5.3737635,43.2472644],[5.3737698,43.2472014],[5.3734696,43.245987],[5.373053,43.2455385]]}},{"type":"Feature","properties":{},"geometry":{"type":"LineString","coordinates":[[5.3500994,43.2317921],[5.3500964,43.2316628],[5.3500098,43.2315897],[5.3498976,43.2315462],[5.3498141,43.2315579],[5.3497664,43.2315117],[5.3495664,43.2314696],[5.3495001,43.2314398],[5.3495632,43.2313868],[5.3496566,43.2312421],[5.3496205,43.2311634],[5.3493909,43.2311418],[5.3493483,43.2310838],[5.3493638,43.2310193],[5.3493234,43.2309714],[5.3492951,43.2307035],[5.3492233,43.2306283],[5.3488852,43.2305657],[5.3487772,43.2305603],[5.3488069,43.2303563],[5.3487343,43.2302844],[5.3487061,43.2301045],[5.3485666,43.2298816],[5.3484785,43.2298741],[5.3484133,43.2298237],[5.3482867,43.2298224],[5.3481683,43.2297928],[5.3480683,43.2297379],[5.3479962,43.2296631],[5.3479031,43.2295175],[5.3479326,43.2293471],[5.3480946,43.2291874],[5.3483063,43.2290403],[5.3483877,43.2290204],[5.3488182,43.2290345],[5.3488328,43.2289745],[5.3493015,43.2289882],[5.3493618,43.2289656],[5.3493908,43.228862],[5.3492952,43.2288237],[5.3492217,43.2287924],[5.3490576,43.2287713],[5.3490968,43.2287239],[5.3491848,43.2287186],[5.3491764,43.2286621],[5.3489717,43.2286411],[5.3488466,43.2285369],[5.3486681,43.2285329],[5.3485404,43.2285143],[5.3484509,43.2283946],[5.3483791,43.2280961],[5.3481065,43.227951],[5.348127,43.2278659],[5.3476433,43.2278816],[5.3475541,43.2278175],[5.3476678,43.2277236],[5.347704,43.227671],[5.3477689,43.2276449],[5.3478815,43.2276642],[5.3479541,43.2277238],[5.3480598,43.2277295],[5.3481166,43.2277641],[5.3483853,43.2277728],[5.3487697,43.2279189],[5.348964,43.2279017],[5.349086,43.2275528],[5.3487801,43.2273987],[5.3484686,43.2271806],[5.3475595,43.2269703],[5.3472301,43.2269462],[5.3467377,43.2269503],[5.3467029,43.226649],[5.3471466,43.2266662],[5.3470855,43.2264862],[5.3471715,43.2264545],[5.3473782,43.2264519],[5.3473828,43.2263104],[5.3470864,43.2263101],[5.3468522,43.2263527],[5.3466014,43.2262278],[5.3466147,43.2260662],[5.3466931,43.225973],[5.3467834,43.2258221],[5.3469234,43.2256608],[5.3469602,43.2255562],[5.3469037,43.2254993],[5.3469473,43.2254367]]}},{"type":"Feature","properties":{},"geometry":{"type":"LineString","coordinates":[[5.4243778,43.2103638],[5.4243353,43.2103279],[5.4242892,43.2101921],[5.4242958,43.210137],[5.4240415,43.2100134],[5.4240289,43.2099872],[5.4241035,43.20989],[5.4240509,43.2098676],[5.4240638,43.2098294],[5.4241065,43.2098162],[5.424127,43.2097772],[5.4243372,43.2096998],[5.4244756,43.209663],[5.4246647,43.2096665],[5.4246895,43.2096896],[5.4247694,43.2096866],[5.4248252,43.2096924],[5.4249345,43.2097376],[5.4249747,43.2097727],[5.4250024,43.209819],[5.4250107,43.2098735],[5.4249666,43.209993],[5.4249676,43.2100483],[5.4249934,43.2100853],[5.424979,43.2101046],[5.4249224,43.2101267],[5.4249142,43.2101508],[5.4249652,43.2101427],[5.42499,43.2101558],[5.4250327,43.2101206],[5.4250644,43.2101186],[5.4251278,43.2100875],[5.4251857,43.2100734],[5.4252464,43.2100835],[5.4252781,43.2100664],[5.425314,43.2100721],[5.4253438,43.2100629],[5.4253773,43.2100727],[5.4254292,43.2100132],[5.4255354,43.2099358],[5.4255091,43.2099159],[5.4255023,43.2098995],[5.4255179,43.2098754],[5.4256329,43.2098022],[5.4257367,43.2097519],[5.4257686,43.2097249],[5.4257915,43.209648],[5.4258761,43.209574],[5.4259508,43.2095402],[5.4260506,43.2095245],[5.4261849,43.2095494],[5.426246,43.2095387],[5.4263453,43.2094897],[5.4264366,43.209481],[5.4265081,43.2094442],[5.4265559,43.2094399],[5.4266249,43.2093978],[5.4266507,43.2093944],[5.4267021,43.2094072],[5.4267725,43.2094566],[5.4267838,43.2094958],[5.426734,43.2095549],[5.4267352,43.2095735],[5.4267757,43.2096179],[5.4268773,43.2097018],[5.4268954,43.2097463],[5.426901,43.2099248],[5.4268499,43.2100102],[5.4269003,43.2100435],[5.4270101,43.2100345],[5.4270793,43.2100345],[5.427138,43.2100195],[5.4272089,43.2100139],[5.4273728,43.2099695],[5.4274242,43.2099421],[5.4275332,43.2099722],[5.4277325,43.2099983],[5.4278091,43.2100207],[5.4278693,43.2100558],[5.427906,43.210118],[5.4279069,43.2103166],[5.4279552,43.2103629],[5.4279616,43.2104232],[5.427984,43.2104522],[5.4280212,43.2104469],[5.4280384,43.2104326],[5.4280608,43.2103517],[5.4280861,43.2103158],[5.4281757,43.2102748],[5.4284002,43.210026],[5.4285054,43.2099756],[5.4286185,43.2098759],[5.4286882,43.209854],[5.4287129,43.2097953],[5.4287153,43.2095655],[5.4287543,43.2095026],[5.4288141,43.2094488],[5.4288519,43.2094305],[5.4289116,43.2094186],[5.4288497,43.209337],[5.4288509,43.209314],[5.4288816,43.2092743],[5.4289647,43.2092221],[5.429007,43.2092177],[5.4290495,43.2092629],[5.4290757,43.2092634],[5.4291307,43.2092343],[5.4291721,43.2092354],[5.4292341,43.2092548],[5.4292918,43.2092872],[5.4293723,43.2093698],[5.4293964,43.209377],[5.4297493,43.2093768],[5.429777,43.2093708],[5.4298124,43.2093437],[5.4298141,43.209311],[5.4297334,43.2092043],[5.429636,43.2091634],[5.429605,43.209138],[5.4296051,43.2091112],[5.4296692,43.2089716],[5.42969,43.2089629],[5.4297628,43.2089875],[5.4298111,43.2089883],[5.4298835,43.2090242],[5.4299218,43.2090274],[5.4299786,43.2090175],[5.4300207,43.2090197],[5.4300598,43.209037],[5.4301804,43.2091306],[5.4302309,43.2091517],[5.4303463,43.2091788],[5.4304628,43.2091861],[5.4305777,43.2091712],[5.4306577,43.2091958],[5.4308229,43.2093106],[5.4309034,43.2093448],[5.4310812,43.2093961],[5.4312631,43.2094328],[5.4312443,43.2092303],[5.4312141,43.2091825],[5.4310903,43.2091004],[5.4310661,43.2090592],[5.4310951,43.2089882],[5.4310931,43.2089537],[5.4310445,43.2088313],[5.4309854,43.2087941],[5.430951,43.2087907],[5.430846,43.2086679],[5.4308366,43.2086442],[5.4308613,43.2085959],[5.4309188,43.2085437],[5.4309628,43.2085176],[5.4311463,43.208471],[5.4312016,43.2084758],[5.4313604,43.2085423],[5.4313993,43.2085484],[5.43154,43.2085236]]}},{"type":"Feature","properties":{},"geometry":{"type":"LineString","coordinates":[[5.4540208,43.2094052],[5.454022,43.2094147],[5.4540825,43.2093674],[5.454131,43.2093756],[5.4541414,43.2094392],[5.454142,43.2094974],[5.4541394,43.2095599],[5.4542385,43.2095747],[5.4543827,43.2095671],[5.4543987,43.2096337],[5.4543799,43.2096476],[5.4543973,43.2096668],[5.4543933,43.2097236],[5.4543773,43.2097416],[5.4543951,43.2098309],[5.4545467,43.2100301],[5.4545516,43.2101292],[5.4545289,43.2101928],[5.4545471,43.2102079],[5.4545351,43.210295],[5.4544936,43.2103212],[5.4544894,43.2103771],[5.4544271,43.2104033],[5.4543485,43.210533],[5.4544355,43.210523],[5.4544452,43.2105385],[5.4544032,43.2105598],[5.4543864,43.2106008],[5.4543568,43.2106057],[5.454331,43.2106516],[5.4543407,43.2106753],[5.4543336,43.2107462],[5.454313,43.2108299],[5.4542388,43.21098],[5.4542059,43.211115],[5.4541772,43.2111544],[5.4541662,43.211278],[5.4541941,43.2112721],[5.4541966,43.2113105],[5.4542132,43.2113371],[5.4542428,43.2113389],[5.4542447,43.2113179],[5.4542584,43.2112851],[5.4543011,43.2112757],[5.4543186,43.2112524],[5.4543732,43.2112523],[5.4544234,43.211262],[5.4544325,43.2112793],[5.4544617,43.2113036],[5.4545379,43.211304],[5.454595,43.2113147],[5.4546317,43.2113238],[5.4546434,43.2113535],[5.4546843,43.2113611],[5.4546877,43.2114335],[5.4546555,43.2114909],[5.4546611,43.2115013],[5.45465,43.2115186],[5.4546421,43.2115451],[5.4546279,43.2115502],[5.4545943,43.2115405],[5.4544761,43.2116225],[5.4544052,43.2116791],[5.4543657,43.2117331],[5.4543846,43.2117765],[5.4543242,43.2118239],[5.4542528,43.2118793],[5.4542251,43.2118896],[5.4541987,43.2119143],[5.4541531,43.2120063],[5.4541866,43.2120689],[5.4542332,43.2121048],[5.4543123,43.2120892],[5.454317,43.2121029],[5.4544116,43.2120713],[5.4544318,43.212066],[5.4544614,43.2120633],[5.4544888,43.2120658],[5.4545211,43.2120639],[5.4545275,43.2120449],[5.4545042,43.2120428],[5.4544946,43.2120256],[5.4545643,43.2120023],[5.4545703,43.2119926],[5.4546094,43.2119825],[5.4546397,43.2119791],[5.4546711,43.2119674],[5.4546945,43.2119552],[5.4547423,43.2119498],[5.4547308,43.21192],[5.454831,43.2118752],[5.454869,43.2118468],[5.454911,43.2118433],[5.4549246,43.2118345],[5.4549532,43.2118329],[5.4549831,43.2118229],[5.4550463,43.2118195],[5.4551148,43.2118239],[5.4551591,43.2118238],[5.4551914,43.2118228],[5.4552204,43.211828],[5.4552528,43.2118102],[5.4552802,43.2118085],[5.4552941,43.2117965],[5.4553518,43.2117868],[5.4553768,43.2118078],[5.4554054,43.2118229],[5.4554746,43.2117957],[5.455524,43.2117882],[5.455564,43.2117729],[5.4556023,43.2117519],[5.4556611,43.2117303],[5.455669,43.2117129],[5.4556707,43.2117018],[5.4556541,43.2116808],[5.4556143,43.2116383],[5.4555839,43.2116175],[5.4555612,43.2115939],[5.4555021,43.2116125],[5.4554477,43.2116295],[5.4553911,43.2116473],[5.45535,43.2116432],[5.4553237,43.2115949],[5.4553081,43.2114518],[5.4553489,43.2114357],[5.4553721,43.211428],[5.4554335,43.2113779],[5.4554647,43.2113671],[5.4554441,43.2113515],[5.4554369,43.2113178],[5.4554806,43.2112977],[5.455484,43.2112815],[5.4554516,43.2112483],[5.455766,43.2111359],[5.4558219,43.2111296],[5.4558471,43.2111375],[5.4558973,43.2111402],[5.4559406,43.2111039],[5.4560462,43.2110533],[5.4560812,43.2110558],[5.4560691,43.2111168],[5.4561004,43.2111509],[5.4562004,43.2111233],[5.4562993,43.2111245],[5.456343,43.2110921],[5.4564469,43.2109832],[5.4564688,43.2109612],[5.456506,43.2109311],[5.4565771,43.2108952],[5.4566118,43.2109268],[5.4566115,43.2109596],[5.4566835,43.2110436],[5.4566824,43.2110828],[5.4567426,43.2111157],[5.4568269,43.2110835],[5.4568888,43.211091],[5.4567914,43.2111574],[5.4568152,43.2112569],[5.4567769,43.2112877],[5.4568132,43.2113305],[5.4568605,43.2113813],[5.4569837,43.211452],[5.457037,43.2114696],[5.4570502,43.211474],[5.4572179,43.2115202],[5.4572999,43.2115292],[5.4574799,43.2115458],[5.4576714,43.2115505],[5.4578325,43.2115646],[5.4578874,43.2115663],[5.4579888,43.2115269],[5.458052,43.2115021],[5.4581172,43.2114938],[5.4581947,43.2114911],[5.4582688,43.2115032],[5.4584292,43.211533],[5.4585559,43.2115566],[5.4586466,43.2115498],[5.4588287,43.2114245],[5.4588627,43.2114032],[5.4588807,43.2113852],[5.4588485,43.2113506],[5.4588988,43.2112732],[5.4589311,43.2112451],[5.4589637,43.2112229],[5.4589535,43.2112025],[5.4589015,43.2111743],[5.4589302,43.2111561],[5.458967,43.2111416],[5.4590056,43.2111359],[5.4590313,43.2111108],[5.4589972,43.211094],[5.4590659,43.2110406],[5.4591216,43.2110599],[5.4592303,43.211037],[5.459242,43.211028],[5.4592187,43.2110148],[5.4592567,43.2109611],[5.4592978,43.2109524],[5.4593364,43.2109163],[5.4594165,43.2109106],[5.4594688,43.2108488],[5.4594525,43.2108091],[5.4594204,43.2107775],[5.4594498,43.2107768],[5.4594834,43.21078],[5.4595147,43.2107284],[5.4595604,43.2107333],[5.4595721,43.2107575],[5.4597003,43.2107195],[5.4597437,43.2107332],[5.4597708,43.2107092],[5.459743,43.2106843],[5.4597808,43.21066],[5.459748,43.2106412],[5.4598217,43.2106122],[5.4599005,43.2106085],[5.4599943,43.210579],[5.4600893,43.2105486],[5.4600748,43.2105179],[5.4600673,43.2105041],[5.4600862,43.2104626],[5.4600407,43.2104395],[5.4600381,43.2104085],[5.4600785,43.2103916],[5.4601124,43.210331],[5.4601518,43.2103302],[5.4601832,43.2102618],[5.4602619,43.2102454],[5.4602831,43.2101959],[5.4603551,43.2101783],[5.4603796,43.2100899],[5.4604935,43.2101529]]}},{"type":"Feature","properties":{},"geometry":{"type":"LineString","coordinates":[[5.3036471,43.3599644],[5.3043716,43.360079],[5.3049586,43.3601392],[5.3051911,43.3601563],[5.3053487,43.3601735],[5.3055418,43.3601793],[5.3057506,43.3601764],[5.3059318,43.3601621],[5.3061209,43.3601707],[5.3062396,43.3601747]]}},{"type":"Feature","properties":{},"geometry":{"type":"LineString","coordinates":[[5.3188419,43.3473199],[5.3184232,43.3475543],[5.3183343,43.3474739],[5.318426,43.3474226],[5.3185838,43.3473344],[5.3187592,43.3472364],[5.3203623,43.3463406],[5.3265369,43.3428808]]}},{"type":"Feature","properties":{},"geometry":{"type":"LineString","coordinates":[[5.3738345,43.2527734],[5.3737927,43.2527381],[5.3735891,43.252636],[5.3733235,43.2525661],[5.3731199,43.2525489],[5.3729133,43.2525919],[5.3727761,43.2526843],[5.3727481,43.2528154],[5.3728602,43.2528498],[5.3729502,43.2528896],[5.3729886,43.2529616],[5.3729827,43.2530271],[5.3729118,43.2530981],[5.3727673,43.2531443],[5.3726418,43.2531238],[5.3725489,43.2530432],[5.3725105,43.2529691],[5.3708241,43.2516968],[5.3707105,43.251657],[5.3706426,43.2516043],[5.3706471,43.2515302],[5.3706972,43.2514614],[5.3707858,43.2514152],[5.3709304,43.2514034],[5.3710381,43.251455],[5.3710823,43.2515356],[5.3710986,43.2516366],[5.3720738,43.2523802],[5.3721894,43.2524067],[5.3724169,43.2523293],[5.3726279,43.2521996],[5.3727776,43.2520568],[5.3729422,43.2518126],[5.3730919,43.2515488],[5.373261,43.2512109],[5.3733942,43.250909],[5.373457,43.2505874],[5.3734929,43.2501056],[5.3735049,43.2497568],[5.3734989,43.2495045],[5.37349,43.2491328],[5.3734546,43.2489299],[5.3733765,43.2488783],[5.3732704,43.2487677],[5.3731808,43.2485291],[5.3730436,43.2480893],[5.3729521,43.2479094],[5.3728716,43.2478028],[5.3727764,43.2478255],[5.3726821,43.2477921],[5.3726484,43.2477309],[5.3726593,43.2476722],[5.372727,43.2476229],[5.3728222,43.2476229],[5.3728844,43.2476509],[5.3729246,43.2476789],[5.373329,43.2477322],[5.373483,43.2476623]]}},{"type":"Feature","properties":{},"geometry":{"type":"LineString","coordinates":[[4.9392278,43.426364],[4.9391617,43.4263203],[4.9391322,43.4262694],[4.9391635,43.4262052],[4.9392335,43.4261677],[4.9393312,43.4261677],[4.9394238,43.426208],[4.9408465,43.4263585],[4.9415159,43.4262026],[4.9434214,43.426745],[4.9436546,43.4290009],[4.9438042,43.4290499],[4.9437958,43.4291457],[4.9490345,43.4294561],[4.965912,43.4266169],[4.9685119,43.4257749],[4.9692527,43.425403],[4.9698157,43.4250277],[4.9701268,43.4246614],[4.9711876,43.4235533],[4.9721792,43.4218653]]}},{"type":"Feature","properties":{},"geometry":{"type":"LineString","coordinates":[[5.3824977,43.1905291],[5.3825308,43.1905495],[5.3825652,43.1906019],[5.382558,43.1906513],[5.3824156,43.1906635],[5.3823933,43.1906057],[5.3824285,43.190535],[5.3824977,43.1905291]]}},{"type":"Feature","properties":{},"geometry":{"type":"LineString","coordinates":[[5.3794622,43.180192],[5.3794581,43.1802446],[5.379497,43.1802868],[5.3793842,43.1803116],[5.379303,43.1803716],[5.3793085,43.1804755],[5.3792076,43.1804845],[5.3789946,43.1805444],[5.3789419,43.1804133],[5.378822,43.1803458],[5.3789299,43.1802736],[5.3791714,43.180298],[5.3792952,43.1801785],[5.3793277,43.1801557],[5.3794622,43.180192]]}},{"type":"Feature","properties":{},"geometry":{"type":"LineString","coordinates":[[5.3735247,43.2958999],[5.3737241,43.2952615],[5.3736901,43.2952552],[5.3737518,43.295049]]}},{"type":"Feature","properties":{},"geometry":{"type":"LineString","coordinates":[[4.8562843,43.3776899],[4.8562574,43.3776197],[4.8564827,43.3775768],[4.8568904,43.3775807],[4.8572284,43.3775417],[4.8575127,43.3775261],[4.8578185,43.3775651],[4.8580813,43.377686],[4.8582852,43.3778264],[4.8583978,43.3779667],[4.8584086,43.3781032],[4.8583388,43.378189],[4.8581672,43.3782358],[4.8578829,43.3782475],[4.8575664,43.3781656],[4.8573303,43.3780369],[4.856987,43.3778926],[4.8565471,43.3777757],[4.8562843,43.3776899]]}},{"type":"Feature","properties":{},"geometry":{"type":"LineString","coordinates":[[5.3235136,43.3536855],[5.323256,43.3538728],[5.32321,43.3540064],[5.3232199,43.3541088],[5.3233665,43.3542068],[5.3235832,43.3542943],[5.3237598,43.3543342],[5.3238186,43.3543391],[5.3239297,43.3543897],[5.3239765,43.3544227],[5.3241633,43.3544617],[5.3242887,43.3545055],[5.3243707,43.3545152],[5.3244275,43.3545262],[5.324481,43.354542],[5.3245133,43.3545718],[5.3257585,43.3540338],[5.3272601,43.353398],[5.3269068,43.3529752],[5.3268541,43.3529985],[5.3268926,43.3530452],[5.3268615,43.3530585],[5.3269316,43.3531431],[5.3269627,43.3531291],[5.3269852,43.353156],[5.3269365,43.3531775],[5.3269146,43.3531506],[5.3269211,43.3531474],[5.326851,43.3530631],[5.3268445,43.3530663],[5.326799,43.3530113],[5.3268055,43.3530084],[5.3267344,43.3529224],[5.3267273,43.3529253],[5.3267054,43.3528981],[5.326754,43.352877],[5.326776,43.3529038],[5.3267449,43.3529178],[5.3268166,43.3530037],[5.3268472,43.3529901],[5.3268998,43.3529668],[5.3265968,43.3526002],[5.325831,43.3529301],[5.3258093,43.3529045],[5.3258778,43.3528717],[5.3258511,43.3528413],[5.3257708,43.3528255],[5.3255829,43.3529067],[5.3255238,43.3529521],[5.3252878,43.3530628],[5.3252155,43.3530767],[5.3251881,43.3530578],[5.3250879,43.3531156],[5.3250976,43.3531373],[5.3250882,43.3531578],[5.3250642,43.3531734],[5.3250343,43.3531752],[5.3250095,43.3531653],[5.3249966,43.353151],[5.3249949,43.3531329],[5.3250077,43.3531136],[5.325036,43.3531012],[5.3250634,43.3531018],[5.3250728,43.3531036],[5.3251701,43.3530454],[5.3251615,43.3530394],[5.3251448,43.3530244],[5.325141,43.3529833]]}},{"type":"Feature","properties":{},"geometry":{"type":"LineString","coordinates":[[5.3240499,43.351443],[5.3235847,43.3517328],[5.3240081,43.3521153],[5.32388,43.3521877],[5.3240973,43.3523749],[5.3240601,43.3523968],[5.3240313,43.3523729],[5.3238946,43.3524194],[5.3236806,43.3525424],[5.3236065,43.352624],[5.3235486,43.3529575],[5.3235439,43.3529947],[5.3236806,43.3530095],[5.3243605,43.3526001],[5.3243764,43.3526141],[5.323688,43.3530285],[5.3235414,43.3530125],[5.323485,43.3534198],[5.3235976,43.3534357],[5.3241739,43.3530779],[5.3241898,43.3530916],[5.3236045,43.353455],[5.3235055,43.3534407],[5.3234822,43.3534379],[5.3234801,43.3534517],[5.323547,43.3536133],[5.3235136,43.3536855]]}},{"type":"Feature","properties":{},"geometry":{"type":"LineString","coordinates":[[5.325298,43.3528682],[5.3253296,43.3529022],[5.3258063,43.3526779],[5.3257857,43.3526566],[5.3258287,43.3526367],[5.3258613,43.3526779],[5.3259145,43.3526566],[5.3259283,43.3526042],[5.3259764,43.3525917],[5.3260485,43.3525667],[5.3261052,43.3525343],[5.326483,43.3523969],[5.3264624,43.3523719],[5.3265054,43.3523544],[5.3265208,43.3523757],[5.3265466,43.3523507],[5.3265844,43.3523244],[5.3266668,43.352292],[5.3267372,43.3522707],[5.3267888,43.352242],[5.3268094,43.352217],[5.32683,43.3521359],[5.3268523,43.3520734],[5.3268437,43.3520385],[5.3268248,43.3519972],[5.3268025,43.3519673],[5.3267888,43.3519448],[5.3267973,43.3519161],[5.3267527,43.3518549],[5.326751,43.3518212],[5.3267613,43.3518024],[5.3267819,43.3517849],[5.3277694,43.3514115],[5.3277918,43.3514477],[5.3277471,43.3514652],[5.3278381,43.3515439],[5.3279103,43.3515976],[5.3279841,43.3516263],[5.3280546,43.3516338],[5.3280992,43.3516313],[5.328086,43.3515874],[5.3281392,43.351575],[5.328165,43.3516149],[5.3282319,43.3516099],[5.3282749,43.351595],[5.3283109,43.351575],[5.328359,43.3515525],[5.3283951,43.35154],[5.3284174,43.35153],[5.3283985,43.3515088],[5.3284518,43.3514863],[5.3284724,43.351515],[5.328505,43.351515],[5.3285153,43.3514888],[5.3285497,43.3514651],[5.3288674,43.3513277],[5.3289086,43.3513127],[5.3289671,43.3512936],[5.3288314,43.3511093],[5.3287755,43.3511313],[5.3287336,43.3510765],[5.3287325,43.3510744],[5.3286028,43.3511286],[5.3285859,43.3510999],[5.3286344,43.3510794],[5.3286474,43.3510992],[5.3287302,43.351067],[5.3287306,43.3510646],[5.3287315,43.3510618],[5.3287334,43.3510584],[5.3287369,43.3510552],[5.3287394,43.3510538],[5.3287434,43.3510517],[5.3288614,43.3510035],[5.3288649,43.3510024],[5.32887,43.3510013],[5.3288751,43.3510011],[5.3288802,43.3510021],[5.3288853,43.3510033],[5.3288895,43.3510053],[5.3289769,43.3509695],[5.3289679,43.3509568],[5.329018,43.3509359],[5.3290332,43.350956],[5.3288953,43.3510106],[5.3289372,43.3510654],[5.328894,43.3510837],[5.3290243,43.3512648],[5.3293995,43.3511089],[5.3295781,43.351025],[5.3296143,43.351002],[5.329475,43.3508071],[5.3294311,43.3508241],[5.3294104,43.3507932],[5.3313074,43.3500817],[5.331152,43.3498606],[5.331422,43.3497087],[5.3311318,43.3494354],[5.3309662,43.3492745],[5.330527,43.3488532],[5.3302106,43.3485421],[5.3301716,43.3485045],[5.3301697,43.3484938],[5.3301747,43.3484852],[5.3302273,43.3484557],[5.3302406,43.3484519],[5.330253,43.3484541]]}},{"type":"Feature","properties":{},"geometry":{"type":"LineString","coordinates":[[5.0801924,43.3243133],[5.0802192,43.3243279],[5.0802192,43.3243621],[5.0802729,43.3243738],[5.0803037,43.3243825],[5.0802661,43.3244518],[5.0803225,43.3244821],[5.0803386,43.3245162],[5.0803117,43.324525],[5.0802071,43.3244762],[5.0801857,43.3244899],[5.0802259,43.3245513],[5.0802836,43.3245572],[5.0803171,43.3245738],[5.0803319,43.324603],[5.0803131,43.3246167],[5.0802688,43.3246001],[5.0802581,43.3246138],[5.0803292,43.3246528],[5.0803372,43.3246918],[5.0803077,43.3247035],[5.0802863,43.3246626],[5.0802246,43.3246294],[5.0802085,43.3246665],[5.0802246,43.3247484],[5.0801897,43.3247601],[5.0801656,43.3247074],[5.0801092,43.3246977],[5.0800985,43.3246294],[5.0801012,43.3245923],[5.0801387,43.3245747],[5.0801495,43.3244947],[5.0801414,43.3244655],[5.0801817,43.3243894],[5.0801387,43.3243465],[5.0801414,43.324323],[5.0801924,43.3243133]]}},{"type":"Feature","properties":{},"geometry":{"type":"LineString","coordinates":[[5.0340616,43.3319861],[5.0357945,43.3300952],[5.0361877,43.3298869],[5.0366012,43.3297245],[5.0371791,43.3295883],[5.03765,43.3294158],[5.0381795,43.3291746],[5.0385647,43.3290178],[5.0387416,43.3289398],[5.0388368,43.3288922],[5.0389449,43.3288814],[5.0391331,43.3288381],[5.0393003,43.3287708],[5.0398559,43.3285303],[5.041335,43.3274618],[5.0415049,43.3274287],[5.0418147,43.327518],[5.0419214,43.3276377],[5.042005,43.3278866],[5.0420079,43.3281348],[5.0418635,43.3283957],[5.0418896,43.3284971],[5.0418234,43.3285527],[5.0417264,43.328594],[5.0417412,43.3287711],[5.0417094,43.3289612],[5.0416921,43.3289876],[5.0418515,43.3291625],[5.0420111,43.3293218],[5.0421464,43.3294907],[5.0425628,43.3295129],[5.0426725,43.3295655],[5.0427167,43.329662],[5.0426524,43.3297299],[5.0425097,43.3297561],[5.0423303,43.3296816],[5.0421556,43.3296838],[5.0420436,43.3297246],[5.0416506,43.3294324],[5.0416306,43.3294001],[5.0416224,43.3293259],[5.041508,43.3293289],[5.0413223,43.3293381],[5.0412668,43.3293408],[5.0412759,43.3293565],[5.041209,43.3293804],[5.0411907,43.3293688],[5.0411006,43.3294064],[5.0413589,43.3297201],[5.0413294,43.3297334],[5.041075,43.3294208],[5.0408494,43.3295231],[5.0411177,43.3298318],[5.0410875,43.3298428],[5.0408239,43.3295368],[5.0404649,43.3297017],[5.0404475,43.3297109],[5.0405072,43.3297736],[5.0397367,43.3301057],[5.0396956,43.3300339],[5.0394526,43.3301606],[5.039198,43.3302933],[5.0392,43.3303563],[5.0391443,43.3303761],[5.0392048,43.3305057],[5.0392805,43.3307613],[5.0394247,43.3309266],[5.0397292,43.331137],[5.0398801,43.3310606],[5.0399082,43.3309936],[5.0400319,43.3309474],[5.0403434,43.3308312],[5.0406722,43.3307084],[5.0407411,43.3306827],[5.0407784,43.3307269],[5.0411001,43.3306163],[5.041017,43.3304976],[5.0411783,43.3304242],[5.0411261,43.3303312],[5.0412481,43.3302789],[5.0412996,43.3303538],[5.041577,43.3302985],[5.0416068,43.3303093],[5.0416758,43.330418],[5.0417687,43.3304269],[5.0418469,43.3303753],[5.0419045,43.3302467],[5.0419547,43.3302243],[5.0420079,43.3302141],[5.0420671,43.3302454],[5.0420851,43.3302878],[5.0420497,43.3303676],[5.0420045,43.3304114],[5.0419826,43.3304561],[5.0421437,43.3306443],[5.0423992,43.3308073],[5.0425227,43.3310114],[5.0425686,43.3311691],[5.0425263,43.3312154],[5.0426442,43.3314263],[5.0427594,43.3314463],[5.0430071,43.3315646],[5.0430618,43.3316414],[5.0430879,43.3316357],[5.0434813,43.3315498],[5.0436287,43.3313906],[5.0437035,43.3310463],[5.0437314,43.3306885],[5.043642,43.3305594],[5.0436993,43.330219],[5.0437445,43.3300975],[5.0438107,43.3300663],[5.0439121,43.3301124],[5.0439484,43.3299851],[5.0441547,43.3298981],[5.0443095,43.3294915],[5.0443177,43.3294063],[5.0442559,43.3294024],[5.0442188,43.3293429],[5.0442438,43.329285],[5.0443192,43.3292705],[5.0442741,43.3291584],[5.0442692,43.3290788],[5.0443759,43.3289782],[5.0445264,43.3290158],[5.044575,43.3288516],[5.0446525,43.3288104],[5.0449407,43.3288026],[5.0451289,43.3286527],[5.0450327,43.3285635],[5.0449828,43.3284588],[5.045143,43.3284445],[5.0452305,43.3285471],[5.0453951,43.3285823],[5.0454393,43.3286997],[5.0453916,43.3288004],[5.0455498,43.3288613],[5.0456129,43.3289174],[5.0458805,43.328916],[5.0459215,43.3288446],[5.0460145,43.3288814],[5.0461379,43.328862],[5.046207,43.3288641],[5.0462804,43.3288962],[5.0462632,43.3289701],[5.0463195,43.3290408],[5.0465898,43.3290631],[5.0467347,43.3290739],[5.0468017,43.3290955],[5.0468537,43.3291449],[5.0470634,43.3296253],[5.047165,43.329727],[5.0472364,43.3298438],[5.0472353,43.3300846],[5.0473953,43.3301741],[5.0474094,43.3302438],[5.0474246,43.3303412],[5.0474099,43.3305023],[5.0474786,43.3305228],[5.0475414,43.3305638],[5.0476235,43.3307932],[5.0477269,43.3307731],[5.0478138,43.330791],[5.0478657,43.3309532],[5.047976,43.3310289],[5.0479176,43.3310765],[5.0480104,43.3311954],[5.0480789,43.3311677],[5.0481515,43.3312128],[5.0485121,43.3320764],[5.048936,43.3321439],[5.0495994,43.3321494],[5.0504084,43.3320094],[5.0514196,43.3315079],[5.051664,43.3312136]]}},{"type":"Feature","properties":{},"geometry":{"type":"LineString","coordinates":[[5.051664,43.3312136],[5.0517254,43.3310842],[5.0512079,43.3306612],[5.051135,43.330518],[5.0510371,43.330385],[5.0508558,43.3301237],[5.0503839,43.329095],[5.0503872,43.3289797],[5.0504147,43.3289078],[5.050426,43.3288416],[5.0497736,43.3283232],[5.0494303,43.3278799],[5.0493734,43.327741],[5.0492892,43.3276355],[5.0491101,43.3274573],[5.0484239,43.3267737],[5.0484864,43.3266583],[5.0484956,43.3265589],[5.0485719,43.3265185],[5.0487831,43.3263923],[5.0490138,43.3262762],[5.0492082,43.3262347],[5.0493718,43.3261369],[5.0495033,43.3261017],[5.0495981,43.3261338],[5.0496608,43.3260925],[5.049665,43.3260269],[5.0497633,43.3258295],[5.0499437,43.3256827],[5.0500921,43.3255237],[5.0501441,43.3254319],[5.0502124,43.3253483],[5.0503444,43.3252224],[5.0505096,43.3251383],[5.0506989,43.3250663],[5.0508048,43.3250606],[5.0508383,43.3250513],[5.0508906,43.3250674],[5.0509255,43.3250684],[5.0509496,43.325044],[5.0509898,43.3250177],[5.0511152,43.3249918],[5.0512118,43.3249557],[5.0512983,43.3249387],[5.0513875,43.3249313],[5.05147,43.3249352],[5.0515122,43.3249138],[5.0515598,43.3249084],[5.0515813,43.3249026],[5.0516309,43.3248908],[5.0516564,43.3248684],[5.0516993,43.324846],[5.0517221,43.3248294],[5.0517905,43.3248148],[5.0518294,43.3248196],[5.0518582,43.3248328],[5.051879,43.3248369],[5.0519004,43.3248352],[5.051942,43.3248182],[5.0519997,43.3248021],[5.0520238,43.3247791],[5.0520486,43.3247684],[5.0520716,43.3247683],[5.0520902,43.3247362],[5.0521103,43.3247201],[5.0521331,43.3247304],[5.05217,43.3246991],[5.0521653,43.3246767],[5.0521486,43.324663],[5.0521586,43.3246435],[5.0521821,43.3246343],[5.0521955,43.3246196],[5.0521854,43.3245938],[5.0522008,43.3245695],[5.0522733,43.3245572],[5.0523296,43.3245382],[5.0523893,43.324515],[5.0524677,43.324523],[5.0525093,43.3245396],[5.0525737,43.3245162],[5.0526139,43.3245279],[5.0526381,43.3245128],[5.0526649,43.3244908],[5.0527021,43.3244896],[5.0527447,43.3245016],[5.0527591,43.3244938],[5.0527722,43.3244847],[5.0528064,43.3245026],[5.0528396,43.3245074],[5.0528473,43.3245016],[5.0528795,43.3245001],[5.0528969,43.3244918],[5.0529364,43.3244762],[5.0529955,43.3244786],[5.0530471,43.3244713],[5.0531041,43.3244811],[5.0531557,43.3244845],[5.0531913,43.3244674],[5.0532791,43.3244524]]}},{"type":"Feature","properties":{},"geometry":{"type":"LineString","coordinates":[[5.0532791,43.3244524],[5.0533589,43.3244596],[5.0534729,43.3244484],[5.0535131,43.3244562],[5.0536036,43.3244484],[5.0536271,43.3244499],[5.0536694,43.3244396],[5.0537083,43.3244465],[5.0538005,43.3244478],[5.053839,43.3244626],[5.0538672,43.3244674],[5.0539041,43.3244791],[5.053954,43.3244861],[5.054008,43.3245177],[5.0540449,43.3245391],[5.0540999,43.3245645],[5.0541575,43.3245879],[5.0542112,43.3246211],[5.0542383,43.3246511],[5.0542299,43.3246674],[5.0542333,43.3246874],[5.0542501,43.3247669],[5.0542299,43.3248128],[5.0542172,43.3248313],[5.0542031,43.3248426],[5.0542051,43.3249001],[5.0542266,43.3249108],[5.0542407,43.324924],[5.0542541,43.324944],[5.0542836,43.3249504],[5.0543037,43.3250138],[5.0542943,43.3250382],[5.0543037,43.3250762],[5.0543359,43.325126],[5.0544054,43.3254413],[5.054123,43.3256091],[5.0540481,43.3257592],[5.0540417,43.3258963]]}},{"type":"Feature","properties":{},"geometry":{"type":"LineString","coordinates":[[4.8372023,43.3304661],[4.8382337,43.3312378],[4.8388355,43.3318094],[4.8395366,43.3323593],[4.8402821,43.3329145]]}},{"type":"Feature","properties":{},"geometry":{"type":"LineString","coordinates":[[5.34487,43.3363583],[5.3417952,43.3365083]]}},{"type":"Feature","properties":{},"geometry":{"type":"LineString","coordinates":[[5.3417952,43.3365083],[5.3417855,43.3363141],[5.3420804,43.3359688]]}},{"type":"Feature","properties":{},"geometry":{"type":"LineString","coordinates":[[5.330253,43.3484541],[5.3302946,43.3484924],[5.3305887,43.3487742],[5.3310521,43.3492197],[5.3312425,43.3494027],[5.3315191,43.3496685],[5.3320298,43.3501598]]}},{"type":"Feature","properties":{},"geometry":{"type":"LineString","coordinates":[[5.3297211,43.3459329],[5.3296361,43.3459811],[5.3296293,43.3459818],[5.329562,43.345927],[5.3295624,43.3459162],[5.3296542,43.3458629],[5.3295309,43.345748],[5.3294802,43.3456951],[5.3294075,43.3456298],[5.3293163,43.3456814],[5.3293078,43.3456797],[5.3292479,43.3456234],[5.3292482,43.3456141],[5.3293355,43.3455634],[5.3290957,43.3453287],[5.3290052,43.3453788],[5.3289944,43.3453791],[5.3289353,43.3453245],[5.3289341,43.3453164],[5.3290242,43.3452641],[5.3288374,43.3450891],[5.328814,43.3451076],[5.3287409,43.3450526],[5.3286798,43.3450804],[5.3286173,43.345016],[5.3286324,43.3450059],[5.3285985,43.3449749],[5.3286045,43.3449699],[5.3285945,43.3449599],[5.3285716,43.3449382],[5.3285467,43.3449202],[5.3285289,43.3449039],[5.3283891,43.3447731],[5.32843,43.3447518],[5.3284523,43.3447392]]}},{"type":"Feature","properties":{},"geometry":{"type":"LineString","coordinates":[[5.362932,43.2939299],[5.3629007,43.2939092],[5.3628702,43.2938862],[5.3625492,43.2938579],[5.3622134,43.2938495],[5.3620774,43.2938532],[5.3615971,43.2939048],[5.3615629,43.2939021],[5.3615234,43.2938908]]}},{"type":"Feature","properties":{},"geometry":{"type":"LineString","coordinates":[[5.3612108,43.2953546],[5.3614157,43.2951134],[5.3618709,43.2949147],[5.3618449,43.2948822],[5.361972,43.2947895],[5.3620303,43.2947804],[5.362028,43.2947576],[5.3621052,43.2947237],[5.3627173,43.2946496],[5.3627401,43.2946259],[5.3627719,43.2946131],[5.3628417,43.2945922],[5.3628418,43.294586]]}},{"type":"Feature","properties":{},"geometry":{"type":"LineString","coordinates":[[5.3211633,43.3517415],[5.3195339,43.3527491],[5.3182344,43.3535517],[5.3167753,43.3544469],[5.3172105,43.3548228],[5.3174059,43.3549913],[5.3174482,43.3550219],[5.318457,43.3543962],[5.3191638,43.3539671],[5.3205907,43.3530861],[5.3211687,43.3527326],[5.3218145,43.3523347]]}},{"type":"Feature","properties":{},"geometry":{"type":"LineString","coordinates":[[5.3165086,43.35371],[5.3168466,43.3539931],[5.3210851,43.3513908],[5.3211191,43.3514097],[5.3213397,43.3515994],[5.3213434,43.3516062],[5.3213558,43.35162],[5.3213548,43.3516262],[5.3213461,43.3516318],[5.3213314,43.351635],[5.321331,43.3516391],[5.3211633,43.3517415]]}},{"type":"Feature","properties":{},"geometry":{"type":"LineString","coordinates":[[5.351843,43.3242507],[5.3521452,43.323883],[5.3519573,43.3237973],[5.3521787,43.3235203],[5.3521907,43.3235134],[5.352378,43.3235949],[5.3526712,43.3232438]]}},{"type":"Feature","properties":{},"geometry":{"type":"LineString","coordinates":[[5.3498179,43.3233876],[5.3460397,43.3278774],[5.3469337,43.3282842]]}},{"type":"Feature","properties":{},"geometry":{"type":"LineString","coordinates":[[5.3472674,43.3297002],[5.3474869,43.329435],[5.3480275,43.3287795]]}},{"type":"Feature","properties":{},"geometry":{"type":"LineString","coordinates":[[5.3451891,43.3330836],[5.3460381,43.332054],[5.3497912,43.3318702],[5.3504388,43.3310999],[5.3472806,43.3297091],[5.3472674,43.3297002]]}},{"type":"Feature","properties":{},"geometry":{"type":"LineString","coordinates":[[5.3420804,43.3359688],[5.3427176,43.3351944]]}},{"type":"Feature","properties":{},"geometry":{"type":"LineString","coordinates":[[5.3407666,43.3351154],[5.3401196,43.3356306],[5.3400437,43.3356531]]}},{"type":"Feature","properties":{},"geometry":{"type":"LineString","coordinates":[[5.3284523,43.3447392],[5.3285017,43.3447154],[5.328476,43.3446871],[5.3304369,43.3436084],[5.3337932,43.3417588],[5.3366432,43.3401841],[5.3375692,43.3396724],[5.3377333,43.3395847]]}},{"type":"Feature","properties":{},"geometry":{"type":"LineString","coordinates":[[5.335356,43.3370571],[5.3337895,43.3378543],[5.3329578,43.3385075],[5.3329704,43.3385166],[5.3328759,43.3385911],[5.3328225,43.3386206],[5.3327329,43.3386897],[5.3326934,43.3386702],[5.3307933,43.3401821],[5.3287228,43.341834],[5.3281773,43.3421949],[5.3276289,43.3424778],[5.3266656,43.3429335],[5.3266172,43.3429592]]}},{"type":"Feature","properties":{},"geometry":{"type":"LineString","coordinates":[[5.325141,43.3529833],[5.3251798,43.3529531],[5.3252787,43.3529152],[5.3252567,43.3528862],[5.325298,43.3528682]]}},{"type":"Feature","properties":{},"geometry":{"type":"LineString","coordinates":[[5.3233111,43.3518605],[5.3235714,43.3517041],[5.3235361,43.3516822],[5.3238443,43.3514899],[5.3238597,43.3515048],[5.3240148,43.3514053],[5.3240499,43.351443]]}},{"type":"Feature","properties":{},"geometry":{"type":"LineString","coordinates":[[5.3590844,43.3155243],[5.3591404,43.3154582],[5.3591507,43.3154581],[5.3609741,43.3162665],[5.3617805,43.3152798],[5.360517,43.3147231],[5.360504,43.3146986],[5.360499,43.3146773],[5.3605031,43.3146513],[5.3605192,43.3146301],[5.3610722,43.3139592],[5.3610979,43.3139392],[5.3611292,43.3139346],[5.3611719,43.3139399],[5.3634069,43.3149346],[5.3635477,43.3147756],[5.3638562,43.3149151],[5.3637274,43.3150742],[5.3640171,43.315203],[5.3640722,43.3151373],[5.36463,43.3144624],[5.3643819,43.314356],[5.3643738,43.3143433],[5.3643779,43.3143297],[5.3644919,43.3141901],[5.3631186,43.3135841],[5.3629322,43.3138213],[5.3625298,43.3136495],[5.3627039,43.3134403],[5.3627376,43.3134554],[5.3627581,43.3134285],[5.3605379,43.3124458],[5.36053,43.3124397]]}},{"type":"Feature","properties":{},"geometry":{"type":"LineString","coordinates":[[5.3266172,43.3429592],[5.3265714,43.3429826],[5.3253249,43.3436777],[5.325344,43.3436967],[5.3253662,43.3437287],[5.3253787,43.3437633],[5.3253821,43.343799],[5.3253754,43.3438345],[5.3253593,43.3438683],[5.325334,43.3438991],[5.3253008,43.3439255],[5.3252614,43.3439468],[5.3252166,43.3439617],[5.325169,43.3439699],[5.32512,43.3439709],[5.3250714,43.3439649],[5.325026,43.3439519],[5.3249844,43.3439325],[5.3249876,43.3438685],[5.3226782,43.3451674],[5.3204089,43.3464393],[5.3188419,43.3473199]]}},{"type":"Feature","properties":{},"geometry":{"type":"LineString","coordinates":[[5.3210991,43.349552],[5.3211225,43.3495997],[5.3211339,43.3496597],[5.3211158,43.3497202],[5.3210963,43.3497616],[5.3210341,43.3498603],[5.320926,43.3500147],[5.3207851,43.3501944],[5.3206603,43.3502705]]}},{"type":"Feature","properties":{},"geometry":{"type":"LineString","coordinates":[[5.3206603,43.3502705],[5.3160275,43.3530939],[5.3163255,43.3534077],[5.31649,43.3535866],[5.3165168,43.3536625],[5.3165086,43.35371]]}},{"type":"Feature","properties":{},"geometry":{"type":"LineString","coordinates":[[5.3230631,43.3522884],[5.3232301,43.3521856],[5.3231955,43.3521492],[5.323163,43.352105],[5.3231455,43.3520789],[5.323168,43.3520436],[5.3231348,43.3520151],[5.3230764,43.3520541],[5.3230449,43.3520282],[5.3233111,43.3518605]]}},{"type":"Feature","properties":{},"geometry":{"type":"LineString","coordinates":[[5.36053,43.3124397],[5.3605278,43.3124294],[5.3609749,43.3118881],[5.3610021,43.3118549],[5.3610433,43.3118089],[5.361426,43.3113481]]}},{"type":"Feature","properties":{},"geometry":{"type":"LineString","coordinates":[[5.361426,43.3113481],[5.3615005,43.311268],[5.3640627,43.3123841],[5.3641653,43.3122587],[5.3642699,43.3121358],[5.3642867,43.3121324],[5.36449,43.3121007],[5.3646622,43.3120738],[5.3638689,43.3094195],[5.3636765,43.3094495],[5.363486,43.3094791],[5.3633727,43.3091077],[5.3635801,43.3090745],[5.363759,43.3090458],[5.3627731,43.3057405]]}},{"type":"Feature","properties":{},"geometry":{"type":"LineString","coordinates":[[5.3627731,43.3057405],[5.3626499,43.3053276],[5.3624426,43.3053539],[5.3622388,43.3053944],[5.3622267,43.3053915],[5.3621718,43.3052192],[5.3621791,43.3051831],[5.362222,43.3051636],[5.3642739,43.3048391],[5.3642328,43.3046992],[5.3641774,43.3045107],[5.3641935,43.3044761],[5.3642537,43.3044032],[5.3643189,43.3043243],[5.3616065,43.3031078],[5.3615984,43.3031088],[5.3615522,43.3030892],[5.3615431,43.3030567],[5.3615723,43.3030224],[5.3615897,43.303019],[5.3617198,43.302866],[5.3617151,43.3028509],[5.361752,43.3028079],[5.3617661,43.3028069],[5.3619035,43.3026459],[5.3619009,43.3026352],[5.361927,43.3026],[5.3619713,43.3025912],[5.3620175,43.3026103],[5.3620229,43.3026298],[5.3630669,43.3031012],[5.363073,43.3030924],[5.3631434,43.3031158],[5.3631367,43.3031305],[5.363187,43.3031544],[5.3633225,43.3029723],[5.3635925,43.3026692],[5.3636973,43.3025468],[5.3613517,43.3014918],[5.3613222,43.3014737],[5.36117,43.3009687],[5.3624997,43.2993856],[5.3623247,43.2993065],[5.3621456,43.2992255],[5.3621376,43.2992167],[5.3621402,43.299204],[5.362438,43.2988487],[5.362438,43.2988409],[5.3610049,43.2981862],[5.3596263,43.2975779],[5.3595123,43.2977073],[5.3594922,43.2976994],[5.3594553,43.2977414],[5.3594661,43.2977458],[5.3594265,43.2977936],[5.3594138,43.2977888],[5.3593152,43.2979044],[5.3593273,43.2979103],[5.3593045,43.2979361],[5.3592917,43.2979317],[5.3592562,43.2979727],[5.3592582,43.297983],[5.359216,43.2980406],[5.3592086,43.2980411],[5.3591737,43.2980289],[5.3591838,43.2980123],[5.3590993,43.2979815],[5.3589772,43.297983],[5.3589437,43.2980269],[5.3589947,43.2980591],[5.3589886,43.2980674],[5.3589719,43.2980645],[5.3589544,43.2980503],[5.3589276,43.2980494],[5.3588606,43.2980113],[5.3587607,43.2981289],[5.3587452,43.2981289],[5.3586312,43.2980786],[5.3586286,43.2980703]]}},{"type":"Feature","properties":{},"geometry":{"type":"LineString","coordinates":[[5.3578533,43.2989789],[5.3582161,43.2991452],[5.3582604,43.2991701],[5.3583042,43.2992041],[5.3583294,43.2992311],[5.3583524,43.2992692],[5.3584051,43.2994391],[5.358385,43.2994501],[5.3583217,43.2994748],[5.3593755,43.3029929],[5.3595234,43.3034831],[5.3595565,43.3034777],[5.3603748,43.3056056],[5.3607031,43.3064227]]}},{"type":"Feature","properties":{},"geometry":{"type":"LineString","coordinates":[[5.3607031,43.3064227],[5.3615343,43.3085656],[5.3615745,43.3087305],[5.3615875,43.3089953],[5.3615328,43.3091274],[5.3614873,43.3092258],[5.361456,43.3092865],[5.3613703,43.3093957],[5.3613275,43.3094052],[5.3613296,43.3094125],[5.3611298,43.3096305],[5.3610192,43.3097626],[5.3609372,43.3098754],[5.3609254,43.3098782],[5.3609059,43.3098702],[5.3608161,43.309988],[5.3608285,43.3099932],[5.3607433,43.3101],[5.3607551,43.3101053],[5.3606689,43.310208],[5.3606503,43.3102016],[5.3605894,43.3102798],[5.3605969,43.3102861],[5.3605436,43.3103448],[5.3604745,43.3104287],[5.3604319,43.3104901],[5.3604167,43.3104917],[5.3604006,43.310484],[5.3603177,43.310594],[5.3603328,43.3106057],[5.360243,43.3107182],[5.3602075,43.3107193],[5.3601528,43.3107869],[5.3608945,43.3111161]]}},{"type":"Feature","properties":{},"geometry":{"type":"LineString","coordinates":[[5.3603921,43.2959701],[5.3605168,43.2960347],[5.3600631,43.296564],[5.3604399,43.2967315],[5.3608593,43.2962343],[5.3616994,43.2966131],[5.3619392,43.296722],[5.361518,43.2972199],[5.3616123,43.2972638],[5.3618503,43.2969798],[5.362006,43.2967961],[5.3624344,43.2969906],[5.3624671,43.2969547],[5.3623181,43.2964528],[5.3615076,43.2960831]]}},{"type":"Feature","properties":{},"geometry":{"type":"LineString","coordinates":[[5.3615234,43.2938908],[5.3615113,43.293867],[5.3615087,43.2938386],[5.3615405,43.293812],[5.3621518,43.293741],[5.3619996,43.2933711],[5.3619719,43.293302],[5.3615524,43.2932363],[5.3615601,43.2932105],[5.3619606,43.2932759],[5.3620467,43.2931955],[5.3618385,43.293103],[5.361893,43.2930337],[5.3618447,43.2930127],[5.3618785,43.292971],[5.3618429,43.2929565],[5.3618389,43.2929607],[5.3617779,43.2929368],[5.3618298,43.2928722],[5.3614349,43.2927656],[5.3613881,43.2928584],[5.3613526,43.2929272],[5.3613131,43.2930038],[5.3612864,43.2930276],[5.3611748,43.2931182],[5.3610888,43.293188],[5.3608994,43.2933504],[5.3606201,43.2935757],[5.3603703,43.2937774],[5.3603102,43.2938259],[5.3602713,43.2937985],[5.3602334,43.2938241],[5.3602695,43.2938587],[5.3602531,43.293872],[5.3602762,43.2940807],[5.3612501,43.2940395],[5.3612507,43.2940669],[5.3612789,43.2940677]]}},{"type":"Feature","properties":{},"geometry":{"type":"LineString","coordinates":[[5.3710631,43.2934435],[5.3709861,43.2934275],[5.3709391,43.293417],[5.3703561,43.2932786],[5.3699553,43.2931807],[5.3698781,43.2931619],[5.3698093,43.2931451],[5.3697331,43.2931323],[5.3695754,43.2931057],[5.3695398,43.2930995],[5.3692735,43.2930548],[5.3685503,43.2929328],[5.3685121,43.2929263],[5.3684725,43.2929199],[5.3680137,43.2928409],[5.3675261,43.2927589],[5.366674,43.2926141],[5.3665865,43.2926023],[5.3661412,43.2925328],[5.3660721,43.2925204],[5.3660441,43.292553],[5.3659721,43.2926369],[5.3656728,43.2926003],[5.3652327,43.2925413],[5.3650932,43.2925226]]}},{"type":"Feature","properties":{},"geometry":{"type":"LineString","coordinates":[[5.3650093,43.2923719],[5.364958,43.2925711],[5.3649258,43.2926418],[5.3648792,43.2927071],[5.3647958,43.2927771],[5.3646975,43.292844],[5.3645951,43.2928835],[5.3645277,43.2928989],[5.3644612,43.2929099],[5.3643775,43.2929123],[5.3642545,43.2929099],[5.3640005,43.2928966],[5.363998,43.2929244],[5.363974,43.2929252],[5.363956,43.2932512],[5.3639541,43.2933213],[5.3639167,43.2934971],[5.3638134,43.2934893],[5.3637122,43.293483],[5.3636294,43.2934778],[5.3635559,43.2934736],[5.3635593,43.2933256],[5.3634965,43.2933245],[5.3634939,43.2932873],[5.3634293,43.2932879],[5.3633052,43.2934201],[5.3633006,43.2935181],[5.3632317,43.293587],[5.3632475,43.2936622],[5.363243,43.2936627],[5.3630521,43.2936837],[5.3630123,43.2939038],[5.3629826,43.2939235],[5.362932,43.2939299]]}},{"type":"Feature","properties":{},"geometry":{"type":"LineString","coordinates":[[5.3377333,43.3395847],[5.337883,43.3395047],[5.3379688,43.3394559],[5.3380466,43.3394286],[5.3381351,43.3394052],[5.3382478,43.3393876],[5.3430127,43.3391511],[5.3430021,43.3390101],[5.3429926,43.3388829],[5.3429993,43.3388724],[5.3430087,43.3388614],[5.3432649,43.3387483],[5.343287,43.3387495],[5.3433118,43.3387541],[5.3434742,43.3388248],[5.3436122,43.3388848],[5.3452966,43.3368683],[5.3450765,43.3367722],[5.3449144,43.3367015],[5.3448956,43.3366849],[5.3448812,43.3365015],[5.34487,43.3363583]]}},{"type":"Feature","properties":{},"geometry":{"type":"LineString","coordinates":[[5.3526712,43.3232438],[5.3555218,43.3245034],[5.3556864,43.3243092],[5.3560112,43.3244507],[5.3572339,43.3229731],[5.3545506,43.3217953],[5.354523,43.3217694],[5.3545211,43.321747],[5.3545234,43.3217242],[5.35513,43.3209919],[5.3551525,43.3209793],[5.3551781,43.3209699],[5.3552047,43.3209711],[5.3552361,43.3209782],[5.3577147,43.3220649],[5.3579245,43.3218125],[5.3579372,43.3218044],[5.357951,43.321803],[5.3587103,43.322144],[5.3587663,43.3221681],[5.3588014,43.3221833],[5.3588663,43.3222113],[5.3588738,43.3222186],[5.3588759,43.322232],[5.358619,43.3225571],[5.3589078,43.3229897],[5.3589077,43.3230147],[5.3584588,43.3235967],[5.3586434,43.3236778],[5.3586536,43.3236868],[5.3586537,43.3236981],[5.358641,43.3237145],[5.358619,43.3237129],[5.3586118,43.32372],[5.3586201,43.3237282],[5.3586285,43.3237287],[5.3588506,43.3238279],[5.358858,43.3238349],[5.3588669,43.3238364],[5.3588745,43.3238272],[5.3588627,43.3238163],[5.3588745,43.3238029],[5.3588932,43.3237935],[5.3589201,43.3238009],[5.3590623,43.3238636],[5.3590751,43.323876],[5.3590858,43.3238707],[5.3592911,43.3239608],[5.3593204,43.3239749],[5.3595139,43.3240647],[5.3595223,43.3240736],[5.3595201,43.3240851],[5.3595014,43.3241071],[5.3594837,43.3241062],[5.3594789,43.3241112],[5.3594835,43.324117],[5.3594954,43.3241166],[5.3597786,43.3242415],[5.3597813,43.32425],[5.359789,43.3242511],[5.3597957,43.3242452],[5.3597849,43.3242337],[5.3598034,43.3242148],[5.3598263,43.3242062],[5.3598443,43.3242092],[5.3599524,43.3242579],[5.3605635,43.3235309],[5.3607992,43.3236389],[5.3621092,43.3220543],[5.3618498,43.3219383],[5.3618431,43.3219456],[5.3617978,43.321926],[5.361793,43.3219189],[5.3618088,43.3219033],[5.3618227,43.3219039],[5.3618303,43.3219],[5.3618221,43.3218917],[5.3618155,43.3218934],[5.3616453,43.3218198],[5.3616404,43.3218117],[5.3616332,43.3218105],[5.3616264,43.321816],[5.3616374,43.3218277],[5.3616285,43.3218391],[5.3616196,43.3218418],[5.3616061,43.3218418],[5.3615255,43.3218059],[5.3615184,43.3217986],[5.3615175,43.3217922],[5.3615281,43.321777],[5.3615414,43.3217761],[5.3615459,43.3217697],[5.3615357,43.3217643],[5.3615531,43.3217461],[5.3613786,43.3216676],[5.3613645,43.3216874],[5.3613573,43.3216848],[5.3613511,43.3216908],[5.3613547,43.3216974],[5.3613413,43.3217111],[5.3613314,43.3217145],[5.3613173,43.3217144],[5.3612822,43.3216975],[5.3612876,43.3216912],[5.3609684,43.3215511],[5.3609549,43.3215364],[5.3609656,43.3215165],[5.360975,43.3215162],[5.3609801,43.3215113],[5.3609751,43.3215068],[5.3609904,43.3214813],[5.3608221,43.3214088],[5.3608033,43.3214311],[5.3607964,43.3214294],[5.3607911,43.3214347],[5.3607956,43.3214395],[5.3607877,43.321453],[5.3607763,43.3214588],[5.3607609,43.3214596],[5.3606751,43.3214208],[5.3606682,43.3214079],[5.3606795,43.3213948],[5.3606946,43.3213948],[5.3607,43.3213909],[5.3606952,43.3213835],[5.3606828,43.3213855],[5.3605183,43.3213127],[5.3605154,43.3213046],[5.3605061,43.3213041],[5.3604998,43.321309],[5.3605095,43.3213201],[5.360497,43.3213315],[5.3604687,43.3213313],[5.3603298,43.32127],[5.3598081,43.3218962],[5.3597698,43.3219181],[5.3596188,43.3219436],[5.3595753,43.3219445],[5.3595435,43.3219344],[5.3591543,43.3217624],[5.359117,43.3217465],[5.3590718,43.3217273],[5.3589958,43.3216899],[5.3586183,43.3215244],[5.3586105,43.3214977],[5.3591735,43.3208245],[5.3593814,43.3205758],[5.3593882,43.3205677],[5.3589581,43.3203747],[5.3591077,43.3201797],[5.3566925,43.3191199],[5.3574463,43.3181975],[5.360494,43.3183683],[5.3605262,43.3180092],[5.3607864,43.3177048],[5.3582099,43.3165455],[5.3586478,43.3160382],[5.3585177,43.3159793],[5.3585064,43.3159696],[5.3585043,43.3159568],[5.358582,43.3158631],[5.3585922,43.3158544],[5.3586106,43.3158517],[5.3586376,43.315863],[5.3586764,43.3158197],[5.3586549,43.3158094],[5.3586636,43.3158004],[5.3586692,43.3157969],[5.3586865,43.3157854],[5.3586996,43.3157915],[5.3587209,43.3157667],[5.3587285,43.3157627],[5.3587368,43.3157634],[5.3588418,43.3158103],[5.3590844,43.3155243]]}},{"type":"Feature","properties":{},"geometry":{"type":"LineString","coordinates":[[5.3204741,43.3492052],[5.3204808,43.3491428],[5.3205518,43.3490912],[5.3206269,43.3490919]]}},{"type":"Feature","properties":{},"geometry":{"type":"LineString","coordinates":[[5.3047363,43.3611658],[5.3055008,43.361286]]}},{"type":"Feature","properties":{},"geometry":{"type":"LineString","coordinates":[[5.4900805,43.2020388],[5.4900953,43.202041],[5.4900986,43.2020452],[5.4901063,43.2020452],[5.4901345,43.2020493],[5.490154,43.2020613],[5.4901808,43.2020694],[5.4901794,43.202076],[5.4901969,43.2020896],[5.4902187,43.2021009],[5.4902227,43.2021131],[5.4902659,43.2021349],[5.4902864,43.2021375],[5.4902924,43.2021434],[5.4903296,43.202149],[5.4903461,43.2021625],[5.4903534,43.2021784],[5.4903414,43.2021818],[5.4903447,43.2021842],[5.4903719,43.2021891],[5.4903759,43.2022033],[5.490391,43.2022126],[5.4903759,43.2022312],[5.4903588,43.202239],[5.4903511,43.2022495],[5.4903259,43.2022607],[5.4902931,43.202271],[5.4902579,43.2022668],[5.4902418,43.2022666],[5.490216,43.2022568],[5.4902056,43.2022446],[5.4901409,43.2022136],[5.4900748,43.2021444],[5.4900721,43.2021344],[5.4900638,43.2021239],[5.4900349,43.2020997],[5.4900289,43.202085],[5.4900339,43.2020645],[5.490055,43.2020523],[5.4900678,43.2020505],[5.4900805,43.2020388]]}},{"type":"Feature","properties":{},"geometry":{"type":"LineString","coordinates":[[5.4855201,43.2045328],[5.4854661,43.2045201],[5.4854554,43.2045228],[5.4854333,43.2045162],[5.4854085,43.2045143],[5.4854091,43.2044871],[5.4854014,43.20448],[5.4854071,43.2044744],[5.4853937,43.2044595],[5.4854111,43.2044483],[5.4854782,43.2044673],[5.4854953,43.2044793],[5.485498,43.2044959],[5.4854712,43.2044888],[5.4854514,43.2044915],[5.4854782,43.2045067],[5.4855121,43.2045121],[5.4855191,43.2045223],[5.4855278,43.2045262],[5.4855201,43.2045328]]}},{"type":"Feature","properties":{},"geometry":{"type":"LineString","coordinates":[[5.4858695,43.2044224],[5.4858899,43.2044287],[5.4858668,43.2044312],[5.4858514,43.2044299],[5.4858182,43.2044282],[5.4858041,43.2044348],[5.4857682,43.2044326],[5.4857048,43.204419],[5.4856851,43.2044102],[5.4856153,43.2043891],[5.4855982,43.2043752],[5.4856163,43.2043444],[5.4856338,43.2043378],[5.4856854,43.2043456],[5.4856978,43.204339],[5.4857437,43.2043515],[5.4857994,43.2043884],[5.4858695,43.2044224]]}},{"type":"Feature","properties":{},"geometry":{"type":"LineString","coordinates":[[5.3436168,43.2772163],[5.3435833,43.2772432],[5.3435588,43.2772417],[5.3435669,43.2772209],[5.3435628,43.2772087],[5.34359,43.277198],[5.3436014,43.2771875],[5.3436175,43.2771909],[5.3436195,43.2772034],[5.3436212,43.2772109],[5.3436168,43.2772163]]}},{"type":"Feature","properties":{},"geometry":{"type":"LineString","coordinates":[[5.3446069,43.2786838],[5.3446039,43.2786909],[5.3445918,43.2786921],[5.3445717,43.2786823],[5.34457,43.278667],[5.3445764,43.2786618],[5.3445925,43.2786655],[5.3445989,43.2786726],[5.3446123,43.278676],[5.3446069,43.2786838]]}},{"type":"Feature","properties":{},"geometry":{"type":"LineString","coordinates":[[5.3450884,43.2793365],[5.3450843,43.2793394],[5.3450615,43.2793421],[5.3450488,43.2793387],[5.3450314,43.2793438],[5.3450183,43.2793404],[5.3450106,43.2793218],[5.3450119,43.2793138],[5.3450076,43.2793028],[5.3450136,43.2792882],[5.3450431,43.2792728],[5.3450803,43.2792669],[5.345084,43.2792721],[5.3450746,43.2792877],[5.3450776,43.2793028],[5.3450863,43.2793035],[5.3451011,43.2793192],[5.3450884,43.2793365]]}},{"type":"Feature","properties":{},"geometry":{"type":"LineString","coordinates":[[5.3890511,43.1850003],[5.389027,43.1850073],[5.3890152,43.1850039],[5.3890149,43.1849996],[5.3890253,43.1849963],[5.3890199,43.1849921],[5.3890136,43.1849942],[5.3890084,43.1849859],[5.3890117,43.1849854],[5.3890151,43.1849869],[5.3890171,43.1849832],[5.3890275,43.1849829],[5.3890377,43.1849853],[5.3890509,43.1849974],[5.3890511,43.1850003]]}},{"type":"Feature","properties":{},"geometry":{"type":"LineString","coordinates":[[5.3892583,43.184633],[5.3892325,43.1846514],[5.3892218,43.1846496],[5.3892271,43.1846333],[5.3892409,43.1846262],[5.3892606,43.1846289],[5.3892583,43.184633]]}},{"type":"Feature","properties":{},"geometry":{"type":"LineString","coordinates":[[5.3022511,43.270353],[5.3020781,43.2702949],[5.3020846,43.2700177],[5.3019696,43.2699881],[5.3018101,43.2700392],[5.301723,43.2700308],[5.3014807,43.2698824],[5.3013723,43.2698317],[5.301338,43.2697897],[5.3012188,43.2697335],[5.301215,43.2695685],[5.3009965,43.2694993],[5.3008204,43.2694843],[5.3007717,43.2694625],[5.3005739,43.2694532],[5.3004966,43.2693744],[5.3004511,43.269308],[5.3004495,43.2692394],[5.3004201,43.269229],[5.3003976,43.2692874],[5.3003065,43.2692668],[5.3002514,43.2693275],[5.3001194,43.2693275],[5.2999691,43.2692939],[5.2999497,43.269276],[5.2998742,43.2692977],[5.2998507,43.2693389],[5.2998549,43.2693603],[5.2998679,43.2694259],[5.2998349,43.2694556],[5.2998507,43.2695724],[5.2998695,43.2695826],[5.2999167,43.2695779],[5.2999166,43.2696012],[5.2998915,43.2696136],[5.2998617,43.2695976],[5.2998334,43.2695964],[5.2998067,43.2696285],[5.2997241,43.2696594],[5.2996628,43.269651],[5.2996416,43.2696745],[5.2995165,43.2695905],[5.2994553,43.2696007],[5.2994805,43.2696745],[5.2994828,43.2697403],[5.2994577,43.2698879],[5.2994593,43.2699011],[5.2994621,43.269917],[5.299466,43.269935],[5.2994836,43.2699606],[5.2994561,43.2700018],[5.2995225,43.2700967],[5.2995418,43.2701242],[5.2995889,43.2701145],[5.2996196,43.2701231],[5.2996494,43.2700979],[5.2997044,43.2701271],[5.2997359,43.2701529],[5.2997485,43.2701855],[5.2998679,43.2701958],[5.2998923,43.2702158],[5.3000709,43.2701825],[5.3000722,43.2702055],[5.3001209,43.2701889],[5.3002349,43.2701797],[5.3002765,43.2702187],[5.3002742,43.2702661],[5.300297,43.2702862],[5.3002679,43.2703228],[5.3002742,43.2703485],[5.3003158,43.2703394],[5.3003481,43.2703033],[5.3003528,43.2702787],[5.3003732,43.2702553],[5.3004298,43.2702461],[5.3004298,43.270273],[5.3004502,43.270273],[5.3004754,43.2702181],[5.3005111,43.2702149],[5.300585,43.2703215],[5.300605,43.2703583],[5.3006027,43.2703949],[5.3005822,43.2703869],[5.3005705,43.2704418],[5.3005555,43.2704653],[5.3006137,43.2705019],[5.3005793,43.2705488],[5.3006365,43.2706129],[5.3007577,43.2706747],[5.3007559,43.2707199],[5.3007127,43.2707188],[5.300698,43.2707485],[5.3006341,43.2707754],[5.300565,43.2707361],[5.3005138,43.2708409],[5.300539,43.2708687],[5.3005987,43.2708807],[5.3006638,43.2709125],[5.3006915,43.27097],[5.3007292,43.2709906]]}},{"type":"Feature","properties":{},"geometry":{"type":"LineString","coordinates":[[5.3007292,43.2709906],[5.3007166,43.271018],[5.3006993,43.2710169],[5.3007025,43.2710586],[5.3007323,43.2710855],[5.3007323,43.2711302],[5.3007072,43.2711342],[5.3006962,43.2711073],[5.3006852,43.2711485],[5.3006616,43.2711594],[5.3006813,43.2712114],[5.3007094,43.2712218],[5.3007245,43.2712274],[5.3007881,43.2712206],[5.3007847,43.2711951],[5.3008699,43.2712034],[5.3010082,43.2712137],[5.3011457,43.2712143],[5.3012196,43.2712023],[5.3012226,43.2711678],[5.301251,43.2711874],[5.3013351,43.2711988],[5.3013917,43.271196],[5.3014416,43.2711763],[5.3014875,43.2711983],[5.3014813,43.2712252],[5.3014961,43.2712556],[5.3014294,43.2712732],[5.3013539,43.2712589],[5.3012864,43.2712658],[5.3012101,43.2713465],[5.3011334,43.2713715],[5.3010899,43.2714357],[5.3011151,43.271545],[5.3011598,43.2715959],[5.3011975,43.2715944],[5.3012321,43.2715931],[5.3012417,43.2715485],[5.3013618,43.2715839],[5.3014448,43.2716313],[5.3014956,43.2716893],[5.3014671,43.2717161],[5.3014522,43.2717607],[5.3015033,43.2717956],[5.3014962,43.2718277],[5.3015575,43.2718649],[5.3016871,43.2720489],[5.3016526,43.2720886],[5.3015834,43.2720812],[5.3015504,43.2721063],[5.3015025,43.2721012],[5.3014262,43.2721035],[5.3014133,43.2721148],[5.3013917,43.2721338],[5.3014207,43.2721498],[5.3014978,43.2721784],[5.3015866,43.2722122],[5.3016125,43.2721887],[5.3016518,43.2721967],[5.3016872,43.2722436],[5.3017209,43.2722442],[5.3017516,43.2722808],[5.3017697,43.27233],[5.3017712,43.2722974],[5.3018192,43.2722831],[5.301757,43.2722155],[5.3017846,43.2722059],[5.3018585,43.2722116],[5.3018695,43.2721927],[5.30193,43.2721864],[5.3019413,43.2721401],[5.3020204,43.2721275],[5.3021209,43.2721813],[5.3020982,43.272215],[5.3020997,43.2722494],[5.3021608,43.2723025],[5.302198,43.2722923],[5.3022372,43.2722974],[5.3022357,43.2722288],[5.3024031,43.2721744],[5.3024361,43.2721344],[5.3024367,43.2720861],[5.3025139,43.2720565],[5.3025249,43.2720205],[5.3025807,43.2719993],[5.3025846,43.2720159],[5.3026066,43.2720228],[5.30262,43.2720136],[5.3027135,43.2720142],[5.3027457,43.2719804],[5.3028062,43.2719541],[5.3028007,43.2719215],[5.3028101,43.2718792],[5.3027713,43.2718395],[5.3027999,43.2718317],[5.3028298,43.2718431],[5.3028911,43.2718162],[5.3029296,43.2717722],[5.3029382,43.2717184],[5.3028777,43.2716251],[5.3029139,43.2716223],[5.3029563,43.27164],[5.3029712,43.2716783],[5.3030184,43.2716921],[5.3030231,43.2717293],[5.3030797,43.2717355],[5.3031481,43.2717001],[5.3032337,43.2716881],[5.3032761,43.2717024],[5.3032761,43.27168],[5.3033075,43.2716732],[5.3033367,43.2717006],[5.3033406,43.2717293],[5.3032942,43.2717304],[5.3032565,43.2717527],[5.3032589,43.2717951],[5.3032864,43.2718042],[5.3032816,43.271826],[5.303251,43.2718151],[5.3032298,43.2718408],[5.30324,43.2719587],[5.3032031,43.2719415],[5.3031866,43.2719982],[5.3032133,43.2720188],[5.3032274,43.2720646],[5.3033406,43.2721572],[5.3033241,43.2721785],[5.3032659,43.2721796],[5.3032345,43.2721991],[5.3032455,43.272238],[5.3032077,43.2722643],[5.3031622,43.2723318],[5.3031622,43.2723833],[5.3032028,43.2724983],[5.3031103,43.2725447],[5.303016,43.2725389],[5.3029893,43.2725687],[5.3030521,43.2726156],[5.3031244,43.272627],[5.3032093,43.272603],[5.3032423,43.2725561],[5.303276,43.2725658],[5.3033382,43.2726064],[5.3033948,43.2725858],[5.3034419,43.2725973],[5.3035727,43.2725579],[5.3036761,43.2725847],[5.3037158,43.2726478],[5.3036019,43.2728124],[5.3036054,43.272904],[5.3035784,43.2729318],[5.3035897,43.2729646],[5.303651,43.272944],[5.3037987,43.2729463],[5.3038998,43.2730245],[5.3038649,43.2730802],[5.3038616,43.2731157],[5.3039072,43.2731454],[5.3039895,43.2731614],[5.3041131,43.2731328],[5.3041002,43.2730963],[5.3041523,43.2730493],[5.3042017,43.2729707],[5.3043623,43.2729992],[5.304418,43.2730299],[5.3044903,43.2730516],[5.30455,43.2730104],[5.3044855,43.2729669],[5.3044739,43.272914],[5.3045532,43.2728903],[5.3045484,43.2728056],[5.3046113,43.2727667],[5.3045971,43.2726328],[5.3046598,43.2726229],[5.3047307,43.2723959],[5.3047653,43.2724142],[5.3048408,43.2722952],[5.3048863,43.2722952],[5.3049343,43.2722373],[5.3050578,43.2722362],[5.3052267,43.2722821],[5.3052431,43.2723432],[5.3051661,43.2723753],[5.305174,43.2724176],[5.305222,43.2724381],[5.3052148,43.272476],[5.3051724,43.2724806],[5.3050639,43.2725835],[5.3050152,43.27269],[5.3050558,43.2727383],[5.3051079,43.272888],[5.3052368,43.2729715],[5.3052698,43.2730699],[5.305353,43.2731431],[5.3054411,43.2731168],[5.3055544,43.2731412],[5.3056628,43.2731958],[5.305658,43.2731271],[5.305744,43.273061],[5.3058278,43.2730356],[5.3058891,43.2730585],[5.3059739,43.2730413],[5.3059576,43.2729874],[5.3060305,43.2729887],[5.306073,43.2729623],[5.3060242,43.2729429],[5.3060698,43.2728971],[5.3060934,43.2729097],[5.3061233,43.2728536],[5.3061123,43.2728319],[5.3061931,43.2727899],[5.3062569,43.2728491],[5.30626,43.2728696],[5.3062018,43.2728891],[5.3062557,43.2729221],[5.3062804,43.2728994],[5.3062804,43.272936],[5.3064062,43.2730127],[5.3064306,43.2731482],[5.306451,43.2731322],[5.3064998,43.2731997],[5.306498,43.2732334],[5.306517,43.2732032],[5.3066113,43.2731986],[5.3067277,43.2732192],[5.3068408,43.2732753],[5.3068707,43.273305],[5.3068518,43.2733748],[5.306877,43.2733828],[5.3069163,43.2733119],[5.3070011,43.2733279],[5.3070326,43.2733542],[5.307075,43.2735442],[5.3070954,43.2735499],[5.3071112,43.2734641],[5.3071567,43.273416],[5.3071976,43.2734538],[5.3073029,43.2734412],[5.3074166,43.2733746],[5.307776,43.2733702],[5.3078168,43.2733325],[5.3078994,43.2733092],[5.3079787,43.2731894],[5.3080479,43.2731688],[5.3080495,43.2731116],[5.3081359,43.2730281],[5.3082236,43.2728895],[5.3082601,43.2729251],[5.3083638,43.27294],[5.3084125,43.2728999],[5.3084993,43.2729282],[5.3086153,43.2731563],[5.308565,43.2731631],[5.3085335,43.2732249],[5.3085493,43.2732684],[5.3086278,43.2732592],[5.3087332,43.2732959],[5.308672,43.2734101],[5.3087111,43.2734607],[5.3089312,43.2734813],[5.3090381,43.2734481],[5.3091088,43.273432],[5.3091387,43.2733291],[5.3091104,43.273265],[5.3091276,43.2732467],[5.3092015,43.2732901],[5.3093012,43.273327],[5.3092817,43.2733565],[5.3091811,43.2733794],[5.3091355,43.2734343],[5.3092251,43.2735259],[5.3091763,43.2735992],[5.309299,43.2737044],[5.3094697,43.2737436],[5.3095379,43.273844],[5.3096385,43.273812],[5.3097439,43.273858],[5.3097768,43.2738474],[5.3096746,43.2737742],[5.3096966,43.2737353],[5.3097988,43.2737353],[5.3098747,43.2736979],[5.3099764,43.2738131],[5.3101237,43.2738942],[5.3100707,43.2738978],[5.3100361,43.2739287],[5.310099,43.2740157],[5.3100204,43.2740317],[5.310032,43.2740761],[5.3100832,43.2741438],[5.3101744,43.274169],[5.3102954,43.2741713],[5.3103456,43.2741561],[5.3105453,43.2741759],[5.3106208,43.2742171],[5.3107638,43.2742766],[5.3107906,43.2742618],[5.3108958,43.2743189],[5.3110703,43.2744917],[5.3112149,43.2746073],[5.3112227,43.2745913],[5.311259,43.2746282],[5.3112306,43.2746794],[5.3112557,43.2747309],[5.3112117,43.2747274],[5.3111772,43.2747652],[5.3111504,43.2748281],[5.3111269,43.2748213],[5.3111614,43.2749654],[5.3112316,43.2751173],[5.3112259,43.2752252],[5.3111363,43.2752653],[5.311196,43.2753545],[5.3111109,43.2756342],[5.3112542,43.275501],[5.3112825,43.2755319],[5.3113626,43.2755307],[5.3114781,43.2754674],[5.3116219,43.2755056],[5.3117542,43.2755267],[5.3118153,43.2755788],[5.3119237,43.2756898],[5.3119723,43.2758],[5.3119693,43.2758305],[5.3119253,43.2758374],[5.3118828,43.2758866]]}},{"type":"Feature","properties":{},"geometry":{"type":"LineString","coordinates":[[5.5098769,43.1976561],[5.5098326,43.1976737],[5.5098078,43.1976722],[5.5097689,43.1976928],[5.5097609,43.1977084],[5.5097341,43.1977226],[5.5097153,43.1977417],[5.5097019,43.1977509],[5.509678,43.1977575],[5.5096487,43.1977648],[5.5096322,43.197749],[5.5096194,43.1977314],[5.5096402,43.1977123],[5.5096496,43.1976835],[5.509661,43.1976683],[5.5097052,43.1976546],[5.5097287,43.1976571],[5.5097421,43.1976415],[5.5098152,43.1976478],[5.5098514,43.1976253],[5.5098736,43.1976346],[5.5098769,43.1976561]]}},{"type":"Feature","properties":{},"geometry":{"type":"LineString","coordinates":[[5.3929222,43.1727136],[5.3929118,43.1727121],[5.3928776,43.1726965],[5.3928783,43.1726908],[5.3928924,43.1726916],[5.3929061,43.1726867],[5.3929172,43.1726891],[5.3929192,43.1727001],[5.3929309,43.172704],[5.3929292,43.1727107],[5.3929222,43.1727136]]}},{"type":"Feature","properties":{},"geometry":{"type":"LineString","coordinates":[[5.3678189,43.2642787],[5.3678789,43.2639011],[5.3680121,43.263494],[5.3680983,43.2630632],[5.3681499,43.263001],[5.3682243,43.2629734],[5.3683014,43.262972],[5.3684037,43.2630143],[5.368471,43.2630694],[5.3684586,43.2631371],[5.3684157,43.2631884],[5.3683433,43.2632245],[5.3683136,43.2632755],[5.3682218,43.2635603],[5.3682656,43.2636118],[5.3682476,43.2637669],[5.3684433,43.2638552],[5.3686596,43.2638841],[5.3687643,43.2638889],[5.3689647,43.2638921],[5.3690091,43.2638882],[5.3691373,43.263854],[5.369006,43.2636538],[5.3690851,43.2636266],[5.3693078,43.2639523],[5.3695074,43.2641456],[5.3699018,43.2640317],[5.3700251,43.263977],[5.370163,43.2639089],[5.3702487,43.2638597],[5.3703291,43.2638071],[5.3704841,43.2636953],[5.3706314,43.2635744],[5.3707166,43.2634847],[5.3707988,43.2633815],[5.3708582,43.2632886],[5.3708975,43.2632182],[5.3709226,43.2631464],[5.370936,43.2630864],[5.3709449,43.2629787],[5.370943,43.2628694],[5.3709001,43.2627033],[5.3708185,43.2625307],[5.3704971,43.2624553],[5.3704163,43.2624527],[5.3704558,43.2617487],[5.3705345,43.2617509],[5.3705134,43.2621489],[5.3708103,43.2621347],[5.3712809,43.2620359],[5.3717617,43.2618696],[5.3721364,43.2616628],[5.3722966,43.2615081],[5.3723908,43.2613603],[5.3724424,43.2612024],[5.3724484,43.2611788]]}},{"type":"Feature","properties":{},"geometry":{"type":"LineString","coordinates":[[5.3681913,43.2680633],[5.3675531,43.2667719],[5.3675709,43.2663931]]}},{"type":"Feature","properties":{},"geometry":{"type":"LineString","coordinates":[[5.3204393,43.2829626],[5.3205175,43.2830069],[5.3205932,43.2830817],[5.3206539,43.2831515],[5.3207148,43.2831961],[5.3207742,43.2832326],[5.3208252,43.2833062],[5.320818,43.2833389],[5.3207898,43.2833754],[5.3207903,43.28339],[5.3207919,43.2834275],[5.3208465,43.2834993],[5.3208466,43.2835623],[5.3208567,43.2835998],[5.3209662,43.2837199],[5.3210375,43.2837453],[5.321072,43.2837779],[5.3210797,43.2838155],[5.3210799,43.2838515],[5.3210656,43.2838941],[5.3210614,43.2839725],[5.3210919,43.2839953],[5.3211242,43.2840036],[5.3211736,43.2839764],[5.3212152,43.2839619],[5.3212495,43.28395],[5.3213346,43.2839658],[5.3212754,43.283841],[5.3212546,43.2837783],[5.3213128,43.2837619],[5.3213584,43.2837619],[5.3214174,43.2837579],[5.3215135,43.2837585],[5.3216323,43.2837713],[5.3217298,43.2837851],[5.3217814,43.283805],[5.3218408,43.2838424],[5.3218783,43.2838866],[5.3218871,43.2839512],[5.3218817,43.2840017],[5.3218753,43.2840261],[5.3218315,43.2840694],[5.3217798,43.2840741],[5.3217518,43.2840766],[5.3216337,43.2840835],[5.3215379,43.2840856],[5.321518,43.284086],[5.3215008,43.2840789],[5.3213715,43.2840262],[5.321428,43.2841088],[5.3214282,43.2841806],[5.3214166,43.2841943],[5.321353,43.2842695],[5.3212187,43.2843231],[5.3211399,43.2843317],[5.3211191,43.2843217],[5.3211029,43.2843138],[5.3210042,43.2842662],[5.3209419,43.2841875],[5.3208953,43.2841003],[5.3208893,43.2840406],[5.3208851,43.2839988],[5.320821,43.284029],[5.3208093,43.2840444],[5.32078,43.284083],[5.3207337,43.2841253],[5.3207124,43.2841456],[5.3206787,43.2841967],[5.3206394,43.2842481],[5.3205638,43.2842729],[5.3205263,43.2842831],[5.3204916,43.2842925],[5.3205252,43.2843305],[5.3205368,43.28438],[5.3204619,43.2844426],[5.320498,43.284448],[5.3205301,43.2844528],[5.3206121,43.2845005],[5.3206657,43.2845774],[5.3206011,43.284625],[5.3205238,43.2846023],[5.3204999,43.2845958],[5.3204879,43.2845926],[5.3204528,43.2845832],[5.3204496,43.2846046],[5.320447,43.284622],[5.3204675,43.2846513],[5.3204953,43.2846911],[5.3205239,43.2847355],[5.3205419,43.2847634],[5.3205623,43.284795],[5.3206196,43.28481],[5.320634,43.2848214],[5.3206921,43.2848678],[5.3207188,43.2848831],[5.3207829,43.2849198],[5.3208845,43.2849645],[5.3210631,43.2850254],[5.3210982,43.2850706],[5.3211403,43.2850769],[5.3212186,43.2850617],[5.3213061,43.2850625],[5.3213773,43.2851186],[5.3214953,43.2851115],[5.3215446,43.2850511],[5.3215682,43.2850394],[5.321634,43.2850069],[5.3216589,43.2849944],[5.3216907,43.2849786],[5.3217451,43.2849838],[5.3218847,43.2850816],[5.3219566,43.2851277],[5.3219953,43.2851698],[5.3220069,43.2851824],[5.3221362,43.285187],[5.3222128,43.285187],[5.3222823,43.2851684],[5.3223531,43.2851237],[5.322373,43.2851189],[5.3224312,43.2851049],[5.3225089,43.2851059],[5.3225387,43.2851056],[5.3225901,43.2851051],[5.3226835,43.2850977],[5.3228301,43.285099],[5.3228579,43.2851164],[5.3228993,43.2851336],[5.3229782,43.2851364],[5.3230629,43.2851579],[5.3231183,43.2852292],[5.3231551,43.2852765],[5.3232083,43.2852779],[5.323308,43.2852805],[5.3234192,43.2853492],[5.3235519,43.2854318],[5.3236723,43.2855174],[5.3237857,43.2856104],[5.3238463,43.2856732],[5.3238684,43.2857031],[5.3238858,43.2857684],[5.3239504,43.2858714],[5.3239382,43.2858973],[5.3238788,43.2858778],[5.3238819,43.2859168],[5.3237531,43.2859456],[5.3238195,43.2860041],[5.3238497,43.2860541],[5.3238964,43.2860261],[5.3239401,43.2860706],[5.3239852,43.286166],[5.3239881,43.2862348],[5.324019,43.2862835],[5.3240059,43.286328],[5.3239593,43.2863591]]}},{"type":"Feature","properties":{},"geometry":{"type":"LineString","coordinates":[[5.3176625,43.2830377],[5.3176718,43.2830031],[5.3176948,43.2829325],[5.3177151,43.2829166],[5.3177748,43.2828697],[5.317794,43.2828547],[5.3178892,43.2828347],[5.3179886,43.2828254],[5.3180516,43.2827988],[5.3181122,43.2827473],[5.3181947,43.2827417],[5.3182944,43.2827368],[5.3183561,43.2827122],[5.3184484,43.2826787],[5.3184983,43.2826335],[5.3185686,43.282605],[5.3186486,43.2826042],[5.3187155,43.2826433],[5.3188653,43.2826932],[5.3188583,43.2826411],[5.3188862,43.2826009],[5.3189547,43.2825886],[5.3190547,43.2825946],[5.3191029,43.2826097],[5.319162,43.2826283],[5.3192479,43.2826507],[5.3193241,43.2826158],[5.319402,43.2826222],[5.319481,43.2826277],[5.3195605,43.2826737],[5.3196661,43.2827124],[5.3197404,43.2827059],[5.3198187,43.2826925],[5.3198858,43.2827063],[5.3199619,43.2827623],[5.3200141,43.2827729],[5.3200868,43.2828046],[5.3201378,43.2828467],[5.3201477,43.2828639],[5.3201548,43.2828762],[5.3201722,43.2829063],[5.320231,43.2829284],[5.3203522,43.2829402],[5.3204393,43.2829626]]}},{"type":"Feature","properties":{},"geometry":{"type":"LineString","coordinates":[[5.3118828,43.2758866],[5.3117933,43.2758958],[5.3116932,43.2759341],[5.3116314,43.2759415],[5.3115716,43.2759072],[5.3114755,43.2759151],[5.3111747,43.2760244],[5.311108,43.2760949],[5.3110766,43.2760708],[5.3110514,43.2761441],[5.310987,43.2761509],[5.3109618,43.2762047],[5.3109068,43.2762654],[5.3108691,43.2762642],[5.3108483,43.2763418],[5.3107606,43.2763615],[5.3107151,43.276389]]}},{"type":"Feature","properties":{},"geometry":{"type":"LineString","coordinates":[[5.3165573,43.2825195],[5.3165324,43.2825414],[5.316516,43.2825557],[5.3165038,43.2825665],[5.3165044,43.2826124],[5.3165322,43.2826622],[5.3163575,43.2828207],[5.3162569,43.282831],[5.3161441,43.2828442],[5.3161085,43.282908],[5.316073,43.2830059],[5.3160323,43.2830959],[5.3159792,43.2831861],[5.3159213,43.2832468],[5.3158505,43.2832785],[5.3158217,43.28334],[5.3158102,43.2833645],[5.3157967,43.2833952],[5.3157468,43.2835025],[5.3157097,43.2836509],[5.3157154,43.2836861],[5.3157195,43.283711],[5.3156664,43.2838012],[5.3156165,43.2838309],[5.3155894,43.2838469],[5.3155307,43.2838869],[5.3155023,43.2839487],[5.3154881,43.2839879],[5.3154779,43.2840158],[5.315506,43.2840685],[5.315518,43.284091],[5.3155707,43.2841266],[5.3156056,43.284148],[5.3156469,43.2841733],[5.315767,43.2842202],[5.3158462,43.2842426],[5.3159203,43.2842637],[5.3160934,43.2842798],[5.3161631,43.2842341],[5.3161765,43.2842024],[5.316192,43.2841659],[5.3162025,43.2841412],[5.3162413,43.284104],[5.3162724,43.2840753],[5.3163417,43.2840207],[5.3164173,43.2840632],[5.3165001,43.2841307],[5.3165206,43.2841756],[5.3165311,43.2841984],[5.316579,43.2842293],[5.3166095,43.2842489],[5.3166558,43.2842561],[5.3166963,43.2842624],[5.31672,43.2842564],[5.3167644,43.2842453],[5.3167827,43.2842121],[5.3167963,43.2841765],[5.3168402,43.2841036],[5.316869,43.2840572],[5.3168923,43.2840197],[5.3169386,43.2839458],[5.3169798,43.2838865],[5.3170094,43.2838676],[5.3170406,43.2838482],[5.3170774,43.2838141],[5.3171739,43.2838247],[5.3171896,43.2837754],[5.3171854,43.2837609],[5.3171741,43.2837327],[5.3171601,43.2836968],[5.317155,43.2836289],[5.3171833,43.2835689],[5.3172592,43.2835556],[5.3173517,43.2835581],[5.3173729,43.2835213],[5.3173746,43.2834935],[5.3173729,43.2834636],[5.3173754,43.2834347],[5.3173899,43.2834259],[5.3174218,43.2834067],[5.317452,43.2833885],[5.3175225,43.2833587],[5.3175297,43.2833218],[5.3175339,43.2832815],[5.3175482,43.2832543],[5.3175717,43.2832096],[5.3175932,43.2831826],[5.3176391,43.2831254],[5.3176625,43.2830377]]}},{"type":"Feature","properties":{},"geometry":{"type":"LineString","coordinates":[[5.3143663,43.2809063],[5.3143639,43.2808738],[5.314374,43.2808195],[5.3144024,43.2807815],[5.3144624,43.2808122],[5.3144773,43.2807723],[5.3144882,43.2807171],[5.3145225,43.2806822],[5.3145614,43.2806697],[5.3145727,43.2806433],[5.3146041,43.2806283],[5.3146423,43.2806598],[5.3147112,43.2807196],[5.314763,43.2807703],[5.3147934,43.2808039],[5.3148196,43.2809026],[5.3148724,43.2809658],[5.3148972,43.2809955],[5.3150009,43.2810931],[5.3150551,43.2810661],[5.3151399,43.2810569],[5.3152034,43.2810735],[5.3152475,43.2811589],[5.3152895,43.2812075],[5.3153262,43.2812499],[5.3154052,43.281253],[5.3154484,43.2812578],[5.3154862,43.2813068],[5.3154991,43.2813515],[5.3155357,43.2813436],[5.3155455,43.2813109],[5.3155899,43.2813118],[5.3156485,43.28136],[5.3157201,43.2814251],[5.3157598,43.2815259],[5.3157585,43.2815513],[5.3157543,43.281634],[5.3156902,43.2817254],[5.3156207,43.2817737],[5.3155855,43.2818474],[5.3156137,43.2819043],[5.3156883,43.2818919],[5.3157418,43.2818755],[5.3157627,43.2818653],[5.3158077,43.2818432],[5.3158663,43.2818143],[5.3159503,43.2817909],[5.3160222,43.2818011],[5.3160629,43.2818326],[5.3161064,43.2818251],[5.3161644,43.2818142],[5.3162361,43.2818829],[5.3162843,43.2819791],[5.3162549,43.2820445],[5.3163136,43.2820963],[5.3163318,43.2821796],[5.3163483,43.282254],[5.3163962,43.2822799],[5.3164787,43.28228],[5.3165483,43.2822965],[5.3165729,43.2823266],[5.316577,43.2823661],[5.3165958,43.2823794],[5.3166163,43.282394],[5.3166037,43.2824483],[5.3165573,43.2825195]]}},{"type":"Feature","properties":{},"geometry":{"type":"LineString","coordinates":[[5.3106829,43.2771688],[5.3107245,43.2771953],[5.3107584,43.2772393],[5.3111647,43.2778651],[5.3112883,43.2779974],[5.3113214,43.2779991],[5.3113494,43.2780128],[5.3134707,43.280324],[5.3134947,43.2803745],[5.3135551,43.2804387]]}},{"type":"Feature","properties":{},"geometry":{"type":"LineString","coordinates":[[5.3107151,43.276389],[5.3105705,43.2763603],[5.3105548,43.2763821],[5.3103216,43.2763522],[5.3101618,43.276397],[5.3100785,43.2764771],[5.3099279,43.2765305],[5.3098443,43.2765881],[5.3097972,43.2766705],[5.3097601,43.276717],[5.3095206,43.2767723],[5.3093587,43.276802],[5.3092981,43.2767938],[5.309299,43.2767734],[5.3093817,43.2767282],[5.3093681,43.2766636],[5.3094106,43.2766453],[5.3094032,43.2766143]]}},{"type":"Feature","properties":{},"geometry":{"type":"LineString","coordinates":[[5.2988795,43.2668668],[5.2989062,43.2669574],[5.2989662,43.2669914],[5.2990167,43.2670528],[5.2990529,43.2671549],[5.299204,43.2671112],[5.2992574,43.2671193],[5.2992107,43.2671371],[5.2991773,43.2672407],[5.2990773,43.2672407],[5.2990151,43.2672099],[5.2989638,43.2672509],[5.2989787,43.2672782],[5.2989195,43.2673653],[5.2989595,43.2674689],[5.2990476,43.2675073],[5.2990462,43.2675935],[5.2990045,43.2676361],[5.2988708,43.2676148],[5.2986305,43.2676855],[5.2986205,43.2677831],[5.2987591,43.2678224],[5.2987899,43.2679767],[5.2987061,43.2680839],[5.2986519,43.2682069],[5.2986639,43.2682506],[5.2987928,43.2682328],[5.2989384,43.2682417],[5.2989817,43.268181],[5.299084,43.2681956],[5.2991462,43.2681404],[5.2992196,43.2681276],[5.2993418,43.2680353],[5.2994041,43.268058],[5.2994843,43.2679654],[5.2994525,43.2678869],[5.2995508,43.2678638],[5.2996086,43.2677958],[5.299681,43.2677588],[5.2996935,43.2676868],[5.2998872,43.2677982],[5.2999648,43.2679318],[5.2999285,43.2680637],[5.2998697,43.2681797],[5.2998908,43.2682247],[5.2999709,43.2682522],[5.3001909,43.2685079],[5.3003932,43.2686827],[5.3004979,43.2687072],[5.3005177,43.268762],[5.300491,43.2688527],[5.3005999,43.2689385],[5.3007888,43.2689983],[5.3008733,43.2690712],[5.3011033,43.2691621],[5.3011422,43.2692152],[5.3011111,43.2692443],[5.3010778,43.2692913],[5.3010289,43.2692913],[5.301031,43.2693778],[5.3010221,43.2694667],[5.30126,43.2695456],[5.3012685,43.2697199],[5.3013723,43.2697671],[5.3014397,43.2697349],[5.3014711,43.2697452],[5.3015701,43.2696891],[5.3015804,43.2695865],[5.3016691,43.2695792],[5.3017702,43.2696773],[5.3017599,43.2697606],[5.3018703,43.2698138],[5.3019143,43.2697932],[5.3019466,43.2698247],[5.3019866,43.2698379],[5.3021375,43.2698276],[5.3023067,43.2698058],[5.3024379,43.2697073],[5.3024093,43.2695733],[5.3024891,43.2695753],[5.3025373,43.2696231],[5.302543,43.2696674],[5.3026216,43.269712],[5.3027096,43.2697131],[5.3028448,43.269728],[5.3029202,43.2697452],[5.3029658,43.2697326],[5.3030396,43.2697543],[5.3031624,43.26977],[5.3032974,43.2698917],[5.3033729,43.2699878],[5.3033924,43.2699341],[5.303431,43.2699649],[5.3034483,43.2700256],[5.3034184,43.2700713],[5.3033724,43.2700224],[5.3033666,43.2700874],[5.3033006,43.2700748],[5.3031351,43.2699765],[5.3029698,43.270006],[5.3028722,43.2699511],[5.3028353,43.2699363],[5.302785,43.2699729],[5.3026923,43.2699855],[5.3026489,43.2700305],[5.3025398,43.2701297],[5.3025553,43.2701823],[5.3025226,43.2702464],[5.3024896,43.2702144],[5.3024377,43.2702316],[5.3024534,43.2703037],[5.302433,43.2703447],[5.3022511,43.270353]]}},{"type":"Feature","properties":{},"geometry":{"type":"LineString","coordinates":[[5.6065227,43.1652797],[5.6064811,43.1652019],[5.6064891,43.1651662],[5.6065294,43.1651467],[5.6065602,43.1651594],[5.606583,43.1651838],[5.6065817,43.1652494],[5.6065723,43.1652729],[5.6065481,43.1652875],[5.6065227,43.1652797]]}},{"type":"Feature","properties":{},"geometry":{"type":"LineString","coordinates":[[5.6061257,43.1660065],[5.6061096,43.1659967],[5.6061042,43.1659576],[5.6061284,43.1659097],[5.6061753,43.1658764],[5.606229,43.1658559],[5.6062518,43.1658588],[5.6062343,43.1658989],[5.606229,43.1659537],[5.6061995,43.1659781],[5.6061512,43.1659957],[5.6061257,43.1660065]]}},{"type":"Feature","properties":{},"geometry":{"type":"LineString","coordinates":[[5.3842338,43.210984],[5.3842312,43.2109329],[5.3842489,43.2109279],[5.3842338,43.2109099],[5.3842463,43.2108907],[5.3842779,43.2108834],[5.384332,43.2109162],[5.3843272,43.2109332],[5.3842965,43.2109493],[5.3842736,43.2109496],[5.3842714,43.2109686],[5.3842338,43.210984]]}},{"type":"Feature","properties":{},"geometry":{"type":"LineString","coordinates":[[4.8513319,43.3770014],[4.850549,43.3783481],[4.8501431,43.3787677],[4.8497191,43.379313],[4.8495346,43.3796742],[4.8491757,43.3804965],[4.848853,43.3811772],[4.8487892,43.3815221],[4.8485897,43.3817145],[4.8485705,43.3818677],[4.8486445,43.3819633],[4.8487845,43.3820154],[4.8486022,43.3823853],[4.848472,43.3829603],[4.8489947,43.3835439],[4.8497262,43.3845286],[4.8500827,43.3849326],[4.8507079,43.3856097],[4.8514282,43.3862169],[4.8520164,43.3866557],[4.8527987,43.387199],[4.8534649,43.3875786],[4.8544293,43.3875448],[4.8551934,43.3874426],[4.855442,43.3874591],[4.85586,43.387831],[4.8557903,43.3878778],[4.8552002,43.3878137],[4.8550348,43.3879089],[4.8543327,43.3880372],[4.8542123,43.3883509],[4.854335,43.3886044],[4.8711377,43.3900403],[4.8715747,43.3900158],[4.8717913,43.390089],[4.8717863,43.390261],[4.8715798,43.3903561],[4.8711617,43.3902436],[4.854124,43.3886954]]}},{"type":"Feature","properties":{},"geometry":{"type":"LineString","coordinates":[[5.3971399,43.2123782],[5.3971583,43.2124044],[5.3971214,43.2124245],[5.3970975,43.2124106],[5.3970541,43.2123978],[5.3970629,43.2123571],[5.3971399,43.2123782]]}},{"type":"Feature","properties":{},"geometry":{"type":"LineString","coordinates":[[4.8544248,43.4499738],[4.8544013,43.449965],[4.8543819,43.4499509],[4.8543752,43.4499353],[4.8543739,43.4499227],[4.8543806,43.4499086],[4.854349,43.4498857],[4.8543334,43.4498805],[4.8543097,43.4498728],[4.8542914,43.4498667],[4.85428,43.4498545],[4.8542793,43.4498409],[4.8542813,43.4498224],[4.8542907,43.4498083],[4.8543135,43.4497981],[4.8543356,43.4497995],[4.8543529,43.4498046],[4.8543724,43.4498104],[4.8543933,43.4498166],[4.8544295,43.449817],[4.8544456,43.4498005],[4.8544731,43.4497898],[4.8544979,43.4497898],[4.8545207,43.4497932],[4.8545368,43.4498039],[4.8545522,43.4498161],[4.8545502,43.4498263],[4.8545663,43.4498317],[4.8545288,43.4499032],[4.8544885,43.4499728],[4.8544711,43.4499675],[4.8544476,43.4499743],[4.8544248,43.4499738]]}},{"type":"Feature","properties":{},"geometry":{"type":"LineString","coordinates":[[4.8544369,43.4495844],[4.854462,43.4495745],[4.8544905,43.4495736],[4.8545105,43.4495797],[4.8545168,43.4495817],[4.8545356,43.4495973],[4.8545432,43.4496173],[4.8545381,43.4496377],[4.8545214,43.4496545],[4.8544962,43.4496643],[4.8544677,43.4496652],[4.8544601,43.4496629],[4.8544415,43.4496571],[4.8544227,43.4496415],[4.854415,43.4496215],[4.8544201,43.4496011],[4.8544369,43.4495844]]}},{"type":"Feature","properties":{},"geometry":{"type":"LineString","coordinates":[[4.8545764,43.4493551],[4.8546027,43.4493472],[4.8546244,43.4493481],[4.8546311,43.4493484],[4.8546444,43.4493538],[4.854656,43.4493585],[4.8546724,43.4493754],[4.8546771,43.4493958],[4.8546692,43.4494156],[4.8546501,43.449431],[4.8546238,43.4494389],[4.8545953,43.4494376],[4.8545744,43.4494292],[4.8545705,43.4494276],[4.854554,43.4494107],[4.8545494,43.4493903],[4.8545573,43.4493704],[4.8545764,43.4493551]]}},{"type":"Feature","properties":{},"geometry":{"type":"LineString","coordinates":[[4.8547105,43.4491268],[4.8547372,43.4491196],[4.8547593,43.4491212],[4.8547655,43.4491216],[4.8547793,43.4491277],[4.8547899,43.4491324],[4.8548054,43.4491497],[4.854809,43.4491702],[4.8548,43.4491898],[4.8547802,43.4492046],[4.8547535,43.4492118],[4.8547291,43.4492101],[4.8547251,43.4492098],[4.8547085,43.4492025],[4.8547008,43.449199],[4.8546853,43.4491817],[4.8546817,43.4491612],[4.8546907,43.4491416],[4.8547105,43.4491268]]}},{"type":"Feature","properties":{},"geometry":{"type":"LineString","coordinates":[[4.8548573,43.448895],[4.8548848,43.4488908],[4.8549121,43.4488957],[4.8549338,43.4489086],[4.8549456,43.4489272],[4.8549452,43.4489476],[4.8549326,43.4489658],[4.8549103,43.4489783],[4.8548828,43.4489825],[4.8548555,43.4489776],[4.8548457,43.4489718],[4.8548338,43.4489647],[4.854822,43.4489461],[4.8548225,43.4489257],[4.8548351,43.4489075],[4.8548573,43.448895]]}},{"type":"Feature","properties":{},"geometry":{"type":"LineString","coordinates":[[5.3587365,43.2979474],[5.3589471,43.2976911],[5.3592908,43.2972768]]}},{"type":"Feature","properties":{},"geometry":{"type":"LineString","coordinates":[[5.3724484,43.2611788],[5.3724622,43.2611246],[5.3724442,43.2610267],[5.3724161,43.2609562],[5.3723947,43.2609422],[5.3723711,43.2609387],[5.3723018,43.2609039],[5.3720864,43.2608434],[5.3720081,43.2608709],[5.3719552,43.2609362],[5.3718733,43.2609664],[5.3717865,43.2609495],[5.3717295,43.260906],[5.3714834,43.2599928],[5.3715171,43.2599337],[5.3715934,43.2599172],[5.3717568,43.2599634],[5.3718183,43.2599314],[5.3722169,43.2596218],[5.3726574,43.2592406],[5.3725953,43.2592027],[5.372639,43.259163],[5.3725226,43.2590886],[5.3726089,43.2590152],[5.3727295,43.2590835],[5.3727743,43.2590396],[5.3728565,43.2590898],[5.3729913,43.25908],[5.3730786,43.2591225],[5.3733005,43.2594333]]}},{"type":"Feature","properties":{},"geometry":{"type":"LineString","coordinates":[[4.8,43.34410037039256],[4.8006423,43.3439647],[4.801498,43.3436955],[4.8030442,43.3431752],[4.8035297,43.3430505],[4.8042618,43.3428107],[4.805179,43.3425108],[4.8063394,43.3421954],[4.8074796,43.3418374],[4.8083272,43.3415621],[4.8095383,43.3411798],[4.8105482,43.3407994],[4.8115302,43.3404491],[4.8126114,43.3401217],[4.8132204,43.3399018],[4.8138608,43.339665],[4.8145964,43.3393597],[4.8152388,43.3391972],[4.8158662,43.3389425],[4.8168028,43.3385869],[4.8178418,43.3382016],[4.8184263,43.3379744],[4.8192324,43.3375981],[4.8196552,43.3374863],[4.8201059,43.3373587],[4.8208221,43.3370956]]}},{"type":"Feature","properties":{},"geometry":{"type":"LineString","coordinates":[[4.8208221,43.3370956],[4.8220094,43.336814],[4.8231659,43.3365316],[4.8240353,43.3361923],[4.8251505,43.3355488],[4.8256341,43.3353709],[4.8270713,43.33466],[4.8278424,43.3342334],[4.828663,43.3336751],[4.8295352,43.3330437],[4.8303481,43.3325439],[4.8314719,43.3319117],[4.8321887,43.3315838],[4.8334606,43.3308721],[4.8339647,43.330718],[4.835714,43.3303797],[4.8364014,43.3303334],[4.8372023,43.3304661]]}},{"type":"Feature","properties":{},"geometry":{"type":"LineString","coordinates":[[5.510947,43.2038456],[5.5110262,43.203788],[5.5110699,43.2037447],[5.5111111,43.2036798],[5.511142,43.203517],[5.5110861,43.2034884],[5.5110504,43.2033965],[5.5110232,43.2032759],[5.5110664,43.2031891],[5.5110549,43.2031196],[5.5110832,43.2030277],[5.5110534,43.2029751],[5.5110472,43.2029067],[5.5110218,43.202899],[5.5110486,43.20283],[5.511012,43.2028561],[5.5109854,43.2028608],[5.5109443,43.2027603],[5.5108872,43.202738],[5.5108046,43.2026698],[5.5107973,43.2026414],[5.5107539,43.2026385],[5.5107165,43.202609],[5.5106926,43.2025688],[5.5106401,43.2025281],[5.5105257,43.2025216],[5.510393,43.2025407],[5.5103903,43.2024542],[5.5102897,43.2024591],[5.5102942,43.2023251],[5.5102263,43.202327],[5.5101951,43.202289],[5.5100883,43.2022412],[5.5100528,43.2022502],[5.5099418,43.2021318],[5.5099116,43.2020435],[5.509877,43.2018601],[5.5098292,43.2018177],[5.5097808,43.2018142],[5.5097949,43.2017679],[5.5096142,43.2017228],[5.5095477,43.2016986],[5.5095565,43.2016473],[5.5096261,43.2015815],[5.5095641,43.2014611],[5.5095905,43.2013833],[5.5095259,43.2013565],[5.509516,43.2012989],[5.5094878,43.2013016],[5.5094819,43.2012475],[5.5094416,43.2012514],[5.5093962,43.2012146],[5.5093615,43.2011864],[5.5094073,43.2010587],[5.5093975,43.2010224],[5.5094179,43.2009628],[5.5093256,43.2008425],[5.5093383,43.2008189],[5.5093087,43.2007283],[5.5092834,43.2007162],[5.5092929,43.2006785],[5.5092634,43.2006797],[5.5092713,43.2006486],[5.5092403,43.2006174],[5.5092359,43.2005951],[5.5092523,43.200573],[5.5092335,43.2005307],[5.5092402,43.2004722],[5.5091843,43.2003994],[5.5091853,43.2002953],[5.5091299,43.2002723],[5.5091049,43.2001481],[5.5091464,43.2001236],[5.5090957,43.200093],[5.5091146,43.2000336],[5.5091548,43.2000098],[5.5091635,43.1999321],[5.5091206,43.1999313],[5.5091174,43.199903],[5.5091705,43.1998483],[5.5091679,43.1998105],[5.5091105,43.1998085],[5.5091001,43.1997909],[5.509113,43.1997646],[5.5090924,43.1997617],[5.5091107,43.1997446],[5.5090982,43.1997325],[5.5091078,43.1996916],[5.5091264,43.1996703],[5.5091518,43.1996367],[5.5091616,43.1996188],[5.5092078,43.1995912],[5.5092059,43.1995826],[5.5091489,43.1995818],[5.5090957,43.1995647],[5.5090667,43.1995231],[5.5090619,43.1994815],[5.5090425,43.1994839],[5.5090098,43.1994452],[5.5090498,43.1993785],[5.5090802,43.1993749],[5.509121,43.1994407],[5.5091408,43.1994836],[5.5091689,43.199499],[5.5091488,43.1994373],[5.5092668,43.1992802],[5.5093172,43.199204],[5.5093161,43.1990641],[5.5092289,43.1990039],[5.5092392,43.1989281],[5.5093764,43.1987659],[5.5094074,43.1987404],[5.5094551,43.1986366],[5.5094346,43.198604],[5.5094778,43.1984146],[5.5095125,43.1983647],[5.5095063,43.198327],[5.5095534,43.1982466],[5.5095325,43.1981837],[5.5096961,43.1980603],[5.5096868,43.1980077],[5.5097751,43.1979501],[5.5096589,43.1979739],[5.5096447,43.1979405],[5.5096784,43.1978861],[5.5098469,43.1977727]]}},{"type":"Feature","properties":{},"geometry":{"type":"LineString","coordinates":[[5.2671623,43.3437362],[5.2671633,43.3437147],[5.2671908,43.3437103],[5.2672162,43.3437229],[5.2672152,43.3437377],[5.267203,43.3437495],[5.2671847,43.3437502],[5.2671623,43.3437362]]}},{"type":"Feature","properties":{},"geometry":{"type":"LineString","coordinates":[[5.267182,43.3436926],[5.267176,43.3437067],[5.2671592,43.3437048],[5.2671525,43.343694],[5.2671666,43.3436819],[5.267182,43.3436926]]}},{"type":"Feature","properties":{},"geometry":{"type":"LineString","coordinates":[[5.2683518,43.3439927],[5.2682955,43.3439615],[5.2682633,43.3439376],[5.2682586,43.343921],[5.2682653,43.3438966],[5.2682653,43.3438815],[5.2682781,43.3438742],[5.2683619,43.3438874],[5.2684068,43.3438776],[5.2684497,43.3438835],[5.2685067,43.3438991],[5.2685288,43.3439166],[5.2685382,43.3439191],[5.2685463,43.3439337],[5.2685302,43.3439381],[5.2685275,43.3439556],[5.2684926,43.3439795],[5.268441,43.3439878],[5.2684262,43.3439922],[5.2683974,43.3439927],[5.2683713,43.3439898],[5.2683518,43.3439927]]}},{"type":"Feature","properties":{},"geometry":{"type":"LineString","coordinates":[[5.268875,43.3440451],[5.2688324,43.3440377],[5.2688222,43.3440318],[5.2688151,43.3440119],[5.2688537,43.3439949],[5.2688791,43.3440067],[5.2688923,43.3440229],[5.2688883,43.3440444],[5.268875,43.3440451]]}},{"type":"Feature","properties":{},"geometry":{"type":"LineString","coordinates":[[5.2689309,43.3440481],[5.2689228,43.3440355],[5.2689279,43.3440215],[5.2689574,43.3439993],[5.268999,43.343986],[5.2690112,43.3440015],[5.2690123,43.3440414],[5.2689909,43.3440606],[5.2689645,43.3440621],[5.2689381,43.3440555],[5.2689309,43.3440481]]}},{"type":"Feature","properties":{},"geometry":{"type":"LineString","coordinates":[[5.2690803,43.343952],[5.2690763,43.3439342],[5.2690956,43.3439135],[5.269123,43.3439062],[5.2691535,43.3439202],[5.2691515,43.3439372],[5.2691261,43.3439512],[5.2690803,43.343952]]}},{"type":"Feature","properties":{},"geometry":{"type":"LineString","coordinates":[[5.2688151,43.3438655],[5.2688069,43.3438367],[5.2688283,43.3437982],[5.2688374,43.3437642],[5.2688527,43.343762],[5.2688832,43.3437886],[5.2688872,43.3438049],[5.2688862,43.3438293],[5.2688913,43.3438522],[5.2688659,43.3438544],[5.2688151,43.3438655]]}},{"type":"Feature","properties":{},"geometry":{"type":"LineString","coordinates":[[5.2678507,43.3436687],[5.2677808,43.3436783],[5.267733,43.3436616],[5.2677286,43.3436333],[5.2677481,43.3436024],[5.2677675,43.3435683],[5.2678038,43.3435773],[5.2678241,43.3435734],[5.2678321,43.3435631],[5.2678587,43.3435747],[5.2678587,43.3436088],[5.2678706,43.3436268],[5.2678702,43.3436461],[5.2678507,43.3436687]]}},{"type":"Feature","properties":{},"geometry":{"type":"LineString","coordinates":[[5.2664759,43.3434755],[5.2665039,43.3434365],[5.2665203,43.3434127],[5.2665506,43.3434203],[5.2665833,43.3434186],[5.2665973,43.3434585],[5.2665903,43.3434832],[5.2665658,43.3435069],[5.2665331,43.3435061],[5.2664876,43.3434925],[5.2664759,43.3434755]]}},{"type":"Feature","properties":{},"geometry":{"type":"LineString","coordinates":[[5.2659667,43.3433118],[5.265955,43.3433262],[5.265927,43.3433305],[5.2659083,43.3433228],[5.2659118,43.3433016],[5.2659399,43.3432982],[5.2659667,43.3433118]]}},{"type":"Feature","properties":{},"geometry":{"type":"LineString","coordinates":[[5.2680353,43.3439964],[5.2680109,43.3439587],[5.2679875,43.3439424],[5.2679987,43.343921],[5.2680139,43.3439129],[5.2680383,43.3439432],[5.2680526,43.3439698],[5.2680475,43.3439949],[5.2680353,43.3439964]]}}]}
